occurrence_id,species,countryCode,location,source,longitude,latitude,tas_mean_c,prec_mean_annual
1,Vespa crabro,NL,NA,gbif,4.65,51.75,0.9967260360717773,816
2,Vespa crabro,DE,NA,gbif,11.59,49.92,0.7830145835876465,810
3,Vespa crabro,IT,NA,gbif,10.32,45.98,0.7545312404632568,654
4,Vespa crabro,NL,NA,gbif,5.1,52.65,0.969604206085205,809
5,Vespa crabro,DE,NA,gbif,13.79,52.46,0.9002145767211914,560
6,Vespa crabro,NA,"Hoofdweg, Loenen, Gelderland, NL",inat,6.03,52.13,0.9595292091369629,817
7,Vespa crabro,NA,"64-730 Kałądek, Polska",inat,16.21,52.91,0.852718734741211,551
8,Vespa crabro,NA,"07 Hainspitz, Deutschland",inat,11.83,50.96,0.8699322700500488,641
9,Vespa crabro,NA,"Camarines, 74960 Annecy, France",inat,6.1,45.9,0.9617656707763672,1054
10,Vespa crabro,NA,"Roecklplatz, 80469 München, Deutschland",inat,11.57,48.12,0.8841385841369629,1006
11,Vespa crabro,NA,"Timișoara, Romania",inat,21.26,45.78,1.0678229331970215,589
12,Vespa crabro,NA,"25620 Mamirolle, France",inat,6.16,47.2,0.9826781272888183,1156
13,Vespa crabro,NL,NA,gbif,3.8,51.2,1.0463364601135254,769
14,Vespa crabro,NL,NA,gbif,4.7,52,0.9664947509765625,818
15,Vespa crabro,NL,NA,gbif,4.95,52.1,0.9539072990417481,799
16,Vespa crabro,NA,"Bergivaux, 57130 Ancy-Dornot, France",inat,6.05,49.05,0.989382266998291,773
17,Vespa crabro,NA,"Zeddam, Netherlands",inat,6.24,51.9,0.9738615036010743,761
18,Vespa crabro,NA,"Avenue de Nîmes, Tournon-sur-Rhône, Auvergne-Rhône-Alpes, FR",inat,4.83,45.05,1.1310145378112793,895
19,Vespa crabro,GB,NA,gbif,-1.33,50.92,1.0439030647277832,782
20,Vespa crabro,NA,"25845 Nordstrand, Deutschland",inat,8.84,54.46,0.8610695838928223,839
21,Vespa crabro,NA,"Kórnik/Szkoła nr 1, 62-035 Kórnik, Polska",inat,17.09,52.25,0.8466291427612305,503
22,Vespa crabro,IT,NA,gbif,10.19,45.35,1.2578739166259765,874
23,Vespa crabro,AT,NA,gbif,15.47,47.02,0.8947572708129883,862
24,Vespa crabro,NL,NA,gbif,5.65,51.2,0.9874073028564453,732
25,Vespa crabro,NA,"15040 Bozzole AL, Italia",inat,8.61,45.07,1.2511219024658202,782
26,Vespa crabro,NL,NA,gbif,5.9,52.2,0.9391374588012695,876
27,Vespa crabro,NA,"Kaisersbach, Deutschland",inat,9.61,48.91,0.8363228797912597,1081
28,Vespa crabro,DE,NA,gbif,11.04,50.96,0.827299976348877,584
29,Vespa crabro,NL,NA,gbif,5.15,51.9,0.9610124588012695,776
30,Vespa crabro,DE,NA,gbif,12.34,51.36,0.933927059173584,548
31,Vespa crabro,FR,NA,gbif,-0.61,43.17,1.3609167098999024,1260
32,Vespa crabro,NA,"Breitenlee, Wien, Österreich",inat,16.5,48.26,1.0173728942871094,582
33,Vespa crabro,NL,NA,gbif,5.95,52.3,0.9391374588012695,876
34,Vespa crabro,CZ,NA,gbif,14.27,50,0.8207864761352539,525
35,Vespa crabro,NL,NA,gbif,4,51.3,1.0351354598999023,797
36,Vespa crabro,NA,"Grüner Weg, Marl, North Rhine-Westphalia, DE",inat,7.08,51.67,0.9781885147094727,837
37,Vespa crabro,NA,"23018 Talamona SO, Italia",inat,9.63,46.14,0.6013031005859375,1022
38,Vespa crabro,NA,"Eure, Haute-Normandie, FR",inat,0.97,48.91,1.0121155738830567,679
39,Vespa crabro,NA,"Bad Wilsnacker Straße, Bad Wilsnack, Brandenburg, DE",inat,11.86,52.96,0.9347749710083008,573
40,Vespa crabro,NL,NA,gbif,6.2,52.65,0.9588500022888183,798
41,Vespa crabro,NA,Hünxe,inat,6.74,51.66,1.0405062675476073,802
42,Vespa crabro,NA,"77300 Fontainebleau, France",inat,2.63,48.41,1.0599989891052246,633
43,Vespa crabro,BE,NA,gbif,5.29,50.21,0.913337516784668,878
44,Vespa crabro,DE,NA,gbif,7.82,48.03,1.061832332611084,969
45,Vespa crabro,NA,"88240 Gruey-lès-Surance, Frankrijk",inat,6.16,48.05,0.9346917152404786,939
46,Vespa crabro,DE,NA,gbif,7.83,48.13,1.061832332611084,969
47,Vespa crabro,GB,NA,gbif,-2.35,53.05,0.93016357421875,685
48,Vespa crabro,DE,NA,gbif,6.1,50.78,0.9450010299682617,907
49,Vespa crabro,NL,NA,gbif,4.65,51.8,0.9967260360717773,816
50,Vespa crabro,NL,NA,gbif,5.05,52.1,0.9803396224975586,797
51,Vespa crabro,GB,NA,gbif,-3.28,51.17,1.018526840209961,981
52,Vespa crabro,DE,NA,gbif,6.23,50.79,0.9189249992370605,871
53,Vespa crabro,DK,NA,gbif,10.05,55.82,0.805958366394043,596
54,Vespa crabro,CZ,NA,gbif,15.6,49.39,0.7117864608764648,576
55,Vespa crabro,NA,"99 Erfurt-Löbervorstadt, Deutschland",inat,11.01,50.94,0.827299976348877,584
56,Vespa crabro,NL,NA,gbif,5.95,51.95,0.9808792114257813,791
57,Vespa crabro,NL,NA,gbif,5.35,51.6,0.9877718925476074,767
58,Vespa crabro,NL,NA,gbif,4.7,52,0.9664947509765625,818
59,Vespa crabro,NL,NA,gbif,5.95,52,0.9808792114257813,791
60,Vespa crabro,NA,"Dej, Romania",inat,23.8,47.16,0.8321478843688965,646
61,Vespa crabro,DE,NA,gbif,8.9,50.1,1.0042031288146973,698
62,Vespa crabro,NA,"León, ES-CL, ES",inat,-5.89,42.57,1.0527999877929688,863
63,Vespa crabro,SE,NA,gbif,14.26,55.65,0.7684202194213867,663
64,Vespa crabro,NL,NA,gbif,5.1,51.6,0.9860114097595215,794
65,Vespa crabro,DE,NA,gbif,8.45,49.51,1.063585376739502,617
66,Vespa crabro,NL,NA,gbif,5.65,51.95,0.967956256866455,791
67,Vespa crabro,NA,"Rodi Garganico - Corso Madonna della Libera 45, 71012 Rodi Garganico FG, Italia",inat,15.88,41.93,1.5532076835632325,266
68,Vespa crabro,NA,"04 Leipzig-Schönau, Germany",inat,12.29,51.33,0.9379374504089355,525
69,Vespa crabro,NL,NA,gbif,3.95,51.25,1.0390030860900878,773
70,Vespa crabro,NA,"Nauen-Brieselang-Krämer, Falkensee, Brandenburg, DE",inat,13.12,52.57,0.9248781204223633,544
71,Vespa crabro,NL,NA,gbif,5.65,50.8,0.9857937812805175,820
72,Vespa crabro,DE,NA,gbif,13.38,52.48,0.9307083129882813,555
73,Vespa crabro,NL,NA,gbif,4.6,51.55,1.0070833206176757,804
74,Vespa crabro,FR,NA,gbif,2.41,48.83,1.1437250137329102,632
75,Vespa crabro,DE,NA,gbif,7.96,47.97,0.7210000038146973,1480
76,Vespa crabro,NL,NA,gbif,6.1,52.05,0.9595292091369629,817
77,Vespa crabro,DE,NA,gbif,8.03,52.23,0.9224573135375976,855
78,Vespa crabro,NA,"Leipzig 2, DE-SN, DE",inat,12.35,51.29,0.9444021224975586,567
79,Vespa crabro,NA,"81190 Montirat, Frankrijk",inat,2.08,44.18,1.148871898651123,785
80,Vespa crabro,NA,"Royston, England, GB",inat,-0.03,52.15,0.963223934173584,596
81,Vespa crabro,NA,"Schlosspark Neuhardenberg, Neuhardenberg, Brandenburg, DE",inat,14.24,52.59,0.907563591003418,511
82,Vespa crabro,NA,Slovakia,inat,17.8,48.45,0.966391658782959,580
83,Vespa crabro,NL,NA,gbif,4.5,51.55,1.0070833206176757,804
84,Vespa crabro,NA,"Broxbourne EN10 7QZ, UK",inat,-0.06,51.74,0.9853885650634766,626
85,Vespa crabro,GB,NA,gbif,-2.94,51.29,1.037787914276123,889
86,Vespa crabro,NA,Germany,inat,13.51,52.53,0.9087145805358887,590
87,Vespa crabro,NA,"19020 Debeduse SP, Italia",inat,9.82,44.25,1.1552770614624024,1367
88,Vespa crabro,NL,NA,gbif,4.7,51.6,1.0014093399047852,815
89,Vespa crabro,NL,NA,gbif,4.25,52.05,0.9714204788208007,837
90,Vespa crabro,NA,"24558 Henstedt-Ulzburg-Rhen, Deutschland",inat,9.99,53.76,0.8610062599182129,802
91,Vespa crabro,NA,"09119 Chemnitz-Kappel, Deutschland",inat,12.89,50.82,0.7934614658355713,751
92,Vespa crabro,NA,"Mandula köz, Erdőkertes, Pest vármegye, HU",inat,19.33,47.67,1.0170323371887207,542
93,Vespa crabro,NA,"Kaaks, Deutschland",inat,9.46,53.99,0.8652760505676269,821
94,Vespa crabro,NA,"Schinveld, Nederland",inat,6.03,50.98,0.990902042388916,782
95,Vespa crabro,FR,NA,gbif,0.99,46.77,1.156583309173584,704
96,Vespa crabro,DE,NA,gbif,9.5,51.14,0.8322301864624023,722
97,Vespa crabro,NA,"Heresbachstraße, Düsseldorf, Nordrhein-Westfalen, DE",inat,6.78,51.21,1.0587124824523926,788
98,Vespa crabro,NA,"29170 Saint-Évarzec, France",inat,-4,47.94,1.1710904121398926,1035
99,Vespa crabro,DE,NA,gbif,14.01,52.27,0.9087135314941406,544
100,Vespa crabro,NA,Warwick,inat,-1.55,52.28,0.9547062873840332,617
101,Vespa crabro,NA,"Mystras, Peloponnese, GR",inat,22.37,37.07,1.4826229095458985,712
102,Vespa crabro,NA,"Innere Stadt, 8010 Graz, Österreich",inat,15.44,47.08,0.8947572708129883,862
103,Vespa crabro,NA,"68300 Saint-Louis, France",inat,7.54,47.61,1.0200145721435547,805
104,Vespa crabro,NL,NA,gbif,4.65,52.65,0.952672290802002,829
105,Vespa crabro,DE,NA,gbif,8.86,52.91,0.8864218711853027,694
106,Vespa crabro,NL,NA,gbif,5.65,51.95,0.967956256866455,791
107,Vespa crabro,NL,NA,gbif,4,51.3,1.0351354598999023,797
108,Vespa crabro,NL,NA,gbif,4.4,51.75,0.9891593933105469,812
109,Vespa crabro,DE,NA,gbif,6.93,51.48,1.0297656059265137,883
110,Vespa crabro,NL,NA,gbif,5.25,51.7,0.9796489715576172,776
111,Vespa crabro,AT,NA,gbif,16.33,48.29,0.9368698120117187,598
112,Vespa crabro,NA,"Miłkowice 23, 62-730, Polska",inat,18.66,51.83,0.8322083473205566,531
113,Vespa crabro,NA,"Malko Tarnovo Municipality, Bulgarije",inat,27.73,42.01,1.2465864181518556,585
114,Vespa crabro,DE,NA,gbif,6.93,50.89,1.0670458793640136,745
115,Vespa crabro,NL,NA,gbif,4.6,51.85,0.9911375045776367,858
116,Vespa crabro,FR,NA,gbif,0.27,46.33,1.1586885452270508,824
117,Vespa crabro,NA,"Ramsey Road, Upwood, Huntingdon PE26 2QE, UK",inat,-0.15,52.43,0.9901614189147949,542
118,Vespa crabro,NA,"2025 Alcanede, Portugal",inat,-8.84,39.43,1.5276603698730469,755
119,Vespa crabro,NL,NA,gbif,3.8,51.45,1.0380054473876954,782
120,Vespa crabro,DE,NA,gbif,7.2,51.41,0.9566719055175781,1007
121,Vespa crabro,DE,NA,gbif,11.19,48.17,0.8284781455993653,908
122,Vespa crabro,DE,NA,gbif,6.41,51.33,1.0271656036376953,737
123,Vespa crabro,NL,NA,gbif,5.9,51.95,0.9808792114257813,791
124,Vespa crabro,DE,NA,gbif,8.89,49.98,0.9666322708129883,787
125,Vespa crabro,NA,"Kornbakke Allé, Aarhus N, Region Midtjylland, DK",inat,10.2,56.18,0.7734972953796386,648
126,Vespa crabro,DE,NA,gbif,6.9,51.15,1.057521915435791,811
127,Vespa crabro,NL,NA,gbif,4.75,51.55,1.0014093399047852,815
128,Vespa crabro,NA,"Kapucijnenvoer, Leuven, Flemish Brabant, BE",inat,4.69,50.88,1.0381396293640137,765
129,Vespa crabro,DE,NA,gbif,8.67,52.16,0.9393166542053223,834
130,Vespa crabro,NA,"Montejo De La Sierra-Pza.Fuente, 28190 Montejo de la Sierra, Madrid, España",inat,-3.53,41.06,0.9428291320800781,607
131,Vespa crabro,AT,NA,gbif,16.32,48.25,0.9368698120117187,598
132,Vespa crabro,NA,"14624 Dallgow-Döberitz, Deutschland",inat,13.09,52.52,0.9248781204223633,544
133,Vespa crabro,NA,"Cité internationale, 69006 Lyon, France",inat,4.85,45.78,1.1894624710083008,844
134,Vespa crabro,NA,"Audun-le-Tiche, Grand Est, FR",inat,5.97,49.48,0.8908905982971191,934
135,Vespa crabro,NL,NA,gbif,5.45,51.65,0.9877718925476074,767
136,Vespa crabro,AT,NA,gbif,16.48,48.26,1.0255562782287597,572
137,Vespa crabro,NA,"Vámosszabadi, Szabadi u. 18, 9061 Magyarország",inat,17.65,47.75,1.0249979019165039,538
138,Vespa crabro,NL,NA,gbif,4.3,52.05,0.9714204788208007,837
139,Vespa crabro,DE,NA,gbif,8.96,49.73,0.9009937286376953,946
140,Vespa crabro,NL,NA,gbif,5.15,52.05,0.9803396224975586,797
141,Vespa crabro,NA,"38049 Altopiano della Vigolana TN, Italia",inat,11.2,46.02,0.8804041862487793,638
142,Vespa crabro,NA,"Vienna, Vienna, AT",inat,16.43,48.25,1.0255562782287597,572
143,Vespa crabro,DE,NA,gbif,7.56,52.29,0.9547270774841309,754
144,Vespa crabro,DE,NA,gbif,7.7,51.93,0.956306266784668,753
145,Vespa crabro,NA,"Brunnenwasen, Sulzheim, Bayern, DE",inat,10.34,49.95,0.8599041938781739,685
146,Vespa crabro,NL,NA,gbif,5.7,51.6,0.9794114112854004,751
147,Vespa crabro,NA,"Sultanbeyli, Istanbul, TR",inat,29.26,40.95,1.3970595359802247,749
148,Vespa crabro,DE,NA,gbif,6.51,51.2,1.0501531600952148,751
149,Vespa crabro,NA,"Steyr Land, AT-OO, AT",inat,14.41,48,0.7522833347320557,922
150,Vespa crabro,BE,NA,gbif,4.53,51.18,1.0279624938964844,800
151,Vespa crabro,NA,"12349 Berlin-Bezirk Neukölln, Deutschland",inat,13.43,52.43,0.9307083129882813,555
152,Vespa crabro,NA,"272 01 Kladno 1, Česko",inat,14.1,50.14,0.7910781383514405,538
153,Vespa crabro,IT,NA,gbif,12.6,42.22,1.4798155784606934,520
154,Vespa crabro,NA,"Groesbeek, Nederland",inat,5.92,51.79,0.9752073287963867,758
155,Vespa crabro,NA,"2049 Ochusha, Bulgaria",inat,23.73,42.39,0.9139552116394043,613
156,Vespa crabro,NA,"Hitchin, England, GB",inat,-0.34,51.92,0.9622093200683594,683
157,Vespa crabro,DE,NA,gbif,6.92,49.8,0.7989666938781739,973
158,Vespa crabro,DE,NA,gbif,7.23,51.22,0.8812573432922364,1153
159,Vespa crabro,GB,NA,gbif,-0.89,51.54,0.9717156410217285,726
160,Vespa crabro,DE,NA,gbif,8.66,52.16,0.942315673828125,833
161,Vespa crabro,IT,NA,gbif,12.19,45.56,1.3110916137695312,835
162,Vespa crabro,DE,NA,gbif,6.38,51.51,1.006418800354004,737
163,Vespa crabro,NL,NA,gbif,6.65,52.25,0.9446489334106445,791
164,Vespa crabro,NA,"Kisoroszi, 2024 Magyarország",inat,18.99,47.81,0.9698937416076661,586
165,Vespa crabro,NA,"Veneto, IT",inat,12.22,45.76,1.2987531661987304,921
166,Vespa crabro,NL,NA,gbif,4.2,51.85,0.9849073410034179,832
167,Vespa crabro,NL,NA,gbif,5.55,51.95,0.967956256866455,791
168,Vespa crabro,NA,"Zichyújfalu, 8112 Magyarország",inat,18.67,47.15,1.0808395385742187,527
169,Vespa crabro,NL,NA,gbif,6.45,51.85,0.9709635734558105,742
170,Vespa crabro,NL,NA,gbif,5.1,52.1,0.9803396224975586,797
171,Vespa crabro,NO,NA,gbif,5.97,62.49,0.5529462814331054,1951
172,Vespa crabro,NA,"Brno-Jehnice, Brno, Jihomoravský kraj, CZ",inat,16.6,49.27,0.8612343788146972,515
173,Vespa crabro,NA,Frangy,inat,5.93,46.02,0.938729190826416,1100
174,Vespa crabro,AT,NA,gbif,9.57,47.22,0.8715250015258789,1247
175,Vespa crabro,NA,"Usedomer Straße, Henstedt-Ulzburg, Schleswig-Holstein, DE",inat,9.97,53.79,0.8610062599182129,802
176,Vespa crabro,NA,"Via San Bernardino da Siena, Florence, Tuscany, IT",inat,11.27,43.76,1.4581802368164063,880
177,Vespa crabro,NL,NA,gbif,5.45,51.35,0.9980051994323731,773
178,Vespa crabro,NL,NA,gbif,3.8,51.7,1.0230436325073242,754
179,Vespa crabro,NL,NA,gbif,4.5,51.7,0.9967260360717773,816
180,Vespa crabro,DE,NA,gbif,7.09,50.72,1.0298375129699706,717
181,Vespa crabro,NL,NA,gbif,5.1,52.05,0.9803396224975586,797
182,Vespa crabro,NA,"Baciu, Rumänien",inat,23.5,46.77,0.7858510494232178,617
183,Vespa crabro,GB,NA,gbif,-1.5,51.83,0.9933551788330078,646
184,Vespa crabro,HU,NA,gbif,18.85,47.64,1.0026854515075683,572
185,Vespa crabro,PL,NA,gbif,14.64,52.32,0.9103958129882812,544
186,Vespa crabro,NA,"Esplanade, Berlin, Berlin, DE",inat,13.4,52.56,0.9484271049499512,572
187,Vespa crabro,GB,NA,gbif,-2.55,51.98,0.9746603965759277,770
188,Vespa crabro,NA,"87035 Lago CS, Italia",inat,16.15,39.17,1.3459273338317872,956
189,Vespa crabro,AT,NA,gbif,13.31,46.88,0.2589197874069214,1463
190,Vespa crabro,NA,"Mayfield TN20 6RJ, UK",inat,0.29,51.02,0.9762770652770996,794
191,Vespa crabro,NA,"Plav, Montenegro",inat,19.9,42.63,0.585503101348877,1051
192,Vespa crabro,NL,NA,gbif,5.15,51.35,0.9912364959716797,790
193,Vespa crabro,NA,"Didcot OX11 9GF, UK",inat,-1.22,51.62,0.9953374862670898,682
194,Vespa crabro,CZ,NA,gbif,17.68,49.23,0.7856906414031982,691
195,Vespa crabro,NL,NA,gbif,6.5,52.8,0.9194552421569824,821
196,Vespa crabro,NL,NA,gbif,5.2,52.25,0.9507135391235352,827
197,Vespa crabro,NA,"Helpston, England, UK",inat,-0.35,52.63,0.9580864906311035,606
198,Vespa crabro,NA,"Katowice Chorzowska, 40-121 Katowice, Polska",inat,19.02,50.27,0.8402271270751953,708
199,Vespa crabro,NA,"Salamanca, Spain",inat,-5.73,41.03,1.1993114471435546,631
200,Vespa crabro,NL,NA,gbif,6,52.1,0.9595292091369629,817
201,Vespa crabro,GB,NA,gbif,-0.5,51.37,1.0744176864624024,608
202,Vespa crabro,DE,NA,gbif,8.67,49.45,0.9509333610534668,953
203,Vespa crabro,GB,NA,gbif,-0.35,51.77,0.9865010261535645,686
204,Vespa crabro,NA,"54 Trier, Germany",inat,6.7,49.73,0.8938666343688965,873
205,Vespa crabro,NA,"Regierungsviertel, 3100 St. Pölten, Österreich",inat,15.63,48.2,0.8747239112854004,643
206,Vespa crabro,NA,"97, 8341 Axbach, Österreich",inat,15.73,46.96,0.8964437484741211,869
207,Vespa crabro,FR,NA,gbif,-2.98,47.67,1.1876500129699707,912
208,Vespa crabro,NA,"48 Münster-Nord, Deutschland",inat,7.66,52,0.9600957870483399,768
209,Vespa crabro,NA,"Great Bookham, UK",inat,-0.39,51.3,0.9951166152954102,714
210,Vespa crabro,DE,NA,gbif,9.77,52.38,0.950290584564209,654
211,Vespa crabro,NL,NA,gbif,4.9,51.8,0.9797177314758301,794
212,Vespa crabro,NL,NA,gbif,5.92,51.98,0.9808792114257813,791
213,Vespa crabro,FR,NA,gbif,0.28,45.78,1.2387812614440918,835
214,Vespa crabro,DE,NA,gbif,8.67,49.88,0.9712344169616699,753
215,Vespa crabro,NA,"Clapiers, France",inat,3.87,43.65,1.4818106651306153,645
216,Vespa crabro,NL,NA,gbif,5.15,52,0.9610124588012695,776
217,Vespa crabro,DE,NA,gbif,7.12,50.71,1.0298375129699706,717
218,Vespa crabro,NA,"Turnov 124, 511 01 Turnov, Česko",inat,15.15,50.57,0.8060552597045898,586
219,Vespa crabro,DE,NA,gbif,7.27,51.84,0.9387312889099121,819
220,Vespa crabro,NL,NA,gbif,3.55,51.45,1.040852928161621,757
221,Vespa crabro,NL,NA,gbif,5.5,51.3,0.9874073028564453,732
222,Vespa crabro,DE,NA,gbif,8.44,49.72,1.0541364669799804,590
223,Vespa crabro,NL,NA,gbif,5.92,51.79,0.9752073287963867,758
224,Vespa crabro,NA,"Bayreuth 2, Bayern, Germany",inat,11.58,49.92,0.7830145835876465,810
225,Vespa crabro,NL,NA,gbif,4.95,51.8,0.9797177314758301,794
226,Vespa crabro,NA,"Ratingen Eckampstraße, 40880 Ratingen, Deutschland",inat,6.83,51.29,1.0587124824523926,788
227,Vespa crabro,NA,Botanischer Volkspark Blankenfelde (Pankow),inat,13.4,52.61,0.9484271049499512,572
228,Vespa crabro,NL,NA,gbif,4.45,52.05,0.971110725402832,849
229,Vespa crabro,NA,"39 Magdeburg-Stadtfeld Ost, Deutschland",inat,11.62,52.13,0.9160634994506835,506
230,Vespa crabro,NA,"Silvón, Boal, Asturias, España",inat,-6.82,43.37,1.20181245803833,1158
231,Vespa crabro,IT,NA,gbif,8.61,45.44,1.1822479248046875,903
232,Vespa crabro,NL,NA,gbif,5,52,0.9610124588012695,776
233,Vespa crabro,NA,"Naturpark Elm Lappwald, Königslutter am Elm, Niedersachsen, DE",inat,10.83,52.26,0.8484833717346192,658
234,Vespa crabro,NA,"Montlouet, 28320 Gallardon, France",inat,1.71,48.52,1.0336885452270508,618
235,Vespa crabro,NL,NA,gbif,5.5,51.95,0.967956256866455,791
236,Vespa crabro,FR,NA,gbif,1.64,49.07,1.0553458213806153,635
237,Vespa crabro,NL,NA,gbif,4.95,51.8,0.9797177314758301,794
238,Vespa crabro,NL,NA,gbif,5.4,52.45,0.9534229278564453,781
239,Vespa crabro,NA,"81540 Sorèze, France",inat,2.13,43.43,1.1860177040100097,844
240,Vespa crabro,NA,"Corso Giuseppe Garibaldi, Siderno, Calabria, IT",inat,16.29,38.27,1.748553466796875,862
241,Vespa crabro,SE,NA,gbif,12.83,56.67,0.7363234519958496,827
242,Vespa crabro,NL,NA,gbif,6.4,53.1,0.8974020957946778,835
243,Vespa crabro,NA,Séris,inat,1.53,47.75,1.121596908569336,643
244,Vespa crabro,NA,"Waldstraßenviertel, 04 Leipzig, Germany",inat,12.36,51.35,0.933927059173584,548
245,Vespa crabro,NA,"8141 Unterpremstätten, Österreich",inat,15.4,46.97,0.8970624923706054,899
246,Vespa crabro,DE,NA,gbif,7.44,49.48,0.8872937202453614,853
247,Vespa crabro,NA,"00167 Palanga, Lietuva",inat,21.1,56,0.7181868553161621,739
248,Vespa crabro,NA,"Autobuska Okretnica, Sremska Kamenica, Serbia",inat,19.82,45.18,1.1062989234924316,613
249,Vespa crabro,NA,"Brusebergstr., 13407 Berlin, Deutschland",inat,13.35,52.57,0.9484271049499512,572
250,Vespa crabro,PT,NA,gbif,-8.62,39.42,1.6346406936645508,717
251,Vespa crabro,NL,NA,gbif,5.65,52,0.967956256866455,791
252,Vespa crabro,NL,NA,gbif,5.85,51.7,0.9752073287963867,758
253,Vespa crabro,NA,"Trento, Trentino-Alto Adige, IT",inat,11.01,45.93,0.9446865081787109,650
254,Vespa crabro,DE,NA,gbif,6.78,51.9,0.9625093460083007,799
255,Vespa crabro,NA,"St Sauveur, 37000 Tours, France",inat,0.68,47.38,1.1457645416259765,676
256,Vespa crabro,DE,NA,gbif,7.14,50.66,0.9436041831970214,730
257,Vespa crabro,NA,"Rottenmann, Österreich",inat,14.36,47.51,0.5184541702270508,1141
258,Vespa crabro,DE,NA,gbif,7.73,53.59,0.8906844139099122,795
259,Vespa crabro,NA,"45290 Nogent-sur-Vernisson, France",inat,2.75,47.84,1.0796625137329101,658
260,Vespa crabro,FR,NA,gbif,0.08,46.48,1.138630199432373,831
261,Vespa crabro,NA,"Кам'янець-Подільський район, Хмельницька область, Україна",inat,26.79,48.63,0.8455635070800781,581
262,Vespa crabro,NA,"Аккуавива, Сан-Марино",inat,12.41,43.95,1.2847437858581543,896
263,Vespa crabro,DE,NA,gbif,9.69,52.61,0.919127082824707,668
264,Vespa crabro,NA,"63322 Rödermark, Deutschland",inat,8.81,49.99,0.9712344169616699,753
265,Vespa crabro,CH,NA,gbif,8.01,47.53,0.8482301712036133,1286
266,Vespa crabro,NA,"Laundry Cottage, Whitchurch RG28 7NT, UK",inat,-1.3,51.24,0.9641156196594238,771
267,Vespa crabro,NA,"Botanical garden, Zagreb, Zagreb, HR",inat,15.97,45.8,1.1014406204223632,906
268,Vespa crabro,NA,"69530 Orliénas, France",inat,4.72,45.66,1.136661434173584,838
269,Vespa crabro,NA,"Provincia di Frosinone, Italia",inat,13.01,41.78,1.3984364509582519,1012
270,Vespa crabro,AT,NA,gbif,15.44,47.07,0.8947572708129883,862
271,Vespa crabro,NA,"Sonnenberg, 70 Stuttgart-Möhringen, Germany",inat,9.14,48.74,0.8853989601135254,740
272,Vespa crabro,NA,"Steinberg, Ligist, Styria, AT",inat,15.23,46.98,0.8623719215393066,984
273,Vespa crabro,NL,NA,gbif,5,52.25,0.9512177467346191,822
274,Vespa crabro,HR,NA,gbif,13.88,45.12,1.2602229118347168,956
275,Vespa crabro,DE,NA,gbif,8.94,47.72,0.8871864318847656,866
276,Vespa crabro,GB,NA,gbif,-1.7,52.38,0.9318979263305665,715
277,Vespa crabro,NL,NA,gbif,4.05,51.25,1.0351354598999023,797
278,Vespa crabro,NA,"Centro Direzionale, 20124 Milano MI, Italy",inat,9.19,45.49,1.2738364219665528,924
279,Vespa crabro,FR,NA,gbif,4.6,44.96,1.0208624839782714,952
280,Vespa crabro,NA,"Зайдниц, 01 Дрезден-Блазевиц, Германия",inat,13.81,51.03,0.9604218482971192,653
281,Vespa crabro,NL,NA,gbif,4.8,51.8,0.9918021202087403,806
282,Vespa crabro,PL,NA,gbif,16.93,52.42,0.859751033782959,507
283,Vespa crabro,NA,"Trg Mladosti, Velenje, Velenje, SI",inat,15.12,46.36,0.86721773147583,1261
284,Vespa crabro,IT,NA,gbif,9.92,44.07,1.3604509353637695,1072
285,Vespa crabro,NA,"41029 Sestola MO, Italia",inat,10.77,44.23,0.9265104293823242,1182
286,Vespa crabro,DE,NA,gbif,6.98,51.55,1.0271708488464355,841
287,Vespa crabro,NA,"83110 Sanary-sur-Mer, France",inat,5.8,43.13,1.5043931961059571,638
288,Vespa crabro,NA,"Via Ticineto, Valmacca, Piemonte, IT",inat,8.58,45.1,1.2511219024658202,782
289,Vespa crabro,GB,NA,gbif,-2.64,50.9,1.0118947982788087,798
290,Vespa crabro,NA,"Wolverhampton Road, Dudley DY3 3RS, UK",inat,-2.13,52.56,0.9133010864257812,969
291,Vespa crabro,SK,NA,gbif,21.24,48.99,0.8139843940734863,661
292,Vespa crabro,DE,NA,gbif,7.87,48.44,1.0097469329833983,969
293,Vespa crabro,DE,NA,gbif,7.65,48.05,1.0584343910217284,952
294,Vespa crabro,NL,NA,gbif,5.7,51.85,0.9700655937194824,799
295,Vespa crabro,NA,"71120 Vaudebarrier, France",inat,4.31,46.42,1.0548978805541993,782
296,Vespa crabro,NA,"Hans-Resel-Gasse, Graz, Steiermark, AT",inat,15.42,47.07,0.8947572708129883,862
297,Vespa crabro,NA,"Nantes, Pays de la Loire, France",inat,-1.58,47.27,1.191419792175293,794
298,Vespa crabro,NA,"Sekłak 20, 07-120, Polska",inat,21.75,52.48,0.7667541980743409,497
299,Vespa crabro,NA,"Shinfield Road, Reading, England, GB",inat,-0.95,51.44,1.0206354141235352,701
300,Vespa crabro,NL,NA,gbif,5.25,52.05,0.9599833488464355,815
301,Vespa crabro,IT,NA,gbif,12.22,42.25,1.377066707611084,217
302,Vespa crabro,NA,"Las Casiñas, s/n, 10514, Cáceres, España",inat,-7.29,39.34,1.5354687690734863,690
303,Vespa crabro,NA,"Corso Bruno Peirolo, Bussoleno, Piemonte, IT",inat,7.14,45.14,0.6286448001861572,1080
304,Vespa crabro,NA,"3405 Lagos da Beira, פורטוגל",inat,-7.83,40.37,1.3613958358764648,1452
305,Vespa crabro,DE,NA,gbif,9.99,51.51,0.8735249519348145,714
306,Vespa crabro,NA,"1-ва, Prilep, Dobrich, BG",inat,27.91,43.4,1.075864601135254,513
307,Vespa crabro,NA,"Hörersdorf Wirtshausgasse, 2132 Mistelbach, Austria",inat,16.52,48.63,0.97879791259765625,592
308,Vespa crabro,NA,"Tulln, Österreich",inat,16.18,48.33,0.9368698120117187,598
309,Vespa crabro,NA,"Pulborough, England, GB",inat,-0.6,50.92,0.9978958129882812,798
310,Vespa crabro,NA,"Mook, Netherlands",inat,5.89,51.77,0.9752073287963867,758
311,Vespa crabro,NA,"3Q6Q+5R Lago Verde, 12110 Alcora, Castellón, España",inat,-0.21,40.06,1.4591510772705079,434
312,Vespa crabro,NL,NA,gbif,5.9,50.85,0.9916646003723144,781
313,Vespa crabro,BE,NA,gbif,4.52,51.22,1.0279624938964844,800
314,Vespa crabro,DK,NA,gbif,10.05,56.21,0.7584583282470703,653
315,Vespa crabro,NL,NA,gbif,5.6,51.85,0.967956256866455,791
316,Vespa crabro,NL,NA,gbif,5.65,51.95,0.967956256866455,791
317,Vespa crabro,NA,"Gelderland, NL",inat,5.77,51.99,0.9700655937194824,799
318,Vespa crabro,NA,"Mendip Road, Bristol, England, GB",inat,-2.83,51.39,1.012955093383789,926
319,Vespa crabro,DE,NA,gbif,11.33,48.16,0.8233562469482422,994
320,Vespa crabro,NA,"Górowo Iławeckie, Polska",inat,20.35,54.39,0.7138968944549561,761
321,Vespa crabro,NA,Netherlands,inat,5.83,51.83,0.9782135009765625,760
322,Vespa crabro,NL,NA,gbif,7,52.25,0.9381510734558105,775
323,Vespa crabro,NA,"Páka, 8956 Magyarország",inat,16.65,46.59,1.005786418914795,778
324,Vespa crabro,NL,NA,gbif,3.85,51.5,1.0314996719360352,800
325,Vespa crabro,NA,"73642 Welzheim, Deutschland",inat,9.63,48.87,0.8363228797912597,1081
326,Vespa crabro,GB,NA,gbif,0.03,51.57,1.0349489212036134,611
327,Vespa crabro,DE,NA,gbif,8.96,48.77,0.8704999923706055,789
328,Vespa crabro,NL,NA,gbif,5,52.3,0.9512177467346191,822
329,Vespa crabro,NA,"Provincia di Ancona, Italia",inat,13.2,43.57,1.3672566413879395,751
330,Vespa crabro,DE,NA,gbif,7.83,47.97,0.9775771141052246,969
331,Vespa crabro,FR,NA,gbif,4.42,44.04,1.3320708274841309,831
332,Vespa crabro,NA,"67100 Bazzano, Province of L'Aquila, Italy",inat,13.45,42.34,0.8746354103088378,867
333,Vespa crabro,NL,NA,gbif,3.9,51.45,1.0314996719360352,800
334,Vespa crabro,NA,"Crooke Road, Wigan, England, GB",inat,-2.68,53.56,0.9337458610534668,967
335,Vespa crabro,NL,NA,gbif,5.8,51.85,0.9700655937194824,799
336,Vespa crabro,GB,NA,gbif,0.07,51.46,1.0168333053588867,665
337,Vespa crabro,FR,NA,gbif,1.95,48.98,1.0736177444458008,629
338,Vespa crabro,NA,"Berliner Innenstadt, Berlin, Deutschland",inat,13.44,52.52,0.9484271049499512,572
339,Vespa crabro,NL,NA,gbif,5.1,51.85,0.9610124588012695,776
340,Vespa crabro,NA,"04350 Malijai, France",inat,6.03,44.05,1.1305479049682616,807
341,Vespa crabro,NL,NA,gbif,5.05,52,0.9610124588012695,776
342,Vespa crabro,NA,"Rocca Canterano, Lazio, IT",inat,13.01,41.95,1.1239343643188477,829
343,Vespa crabro,NA,"Páka, 8956 Magyarország",inat,16.65,46.59,1.005786418914795,778
344,Vespa crabro,NA,"Kings Comp School, Wolverhampton WV6 8XG, UK",inat,-2.18,52.6,0.8992489814758301,887
345,Vespa crabro,NL,NA,gbif,5.8,51,1.0079051971435546,754
346,Vespa crabro,NA,"01 Dresden-Altstadt, Deutschland",inat,13.77,51.03,0.9604218482971192,653
347,Vespa crabro,NL,NA,gbif,6.25,52.15,0.9676468849182129,789
348,Vespa crabro,IT,NA,gbif,11.35,46.5,0.7397343635559082,643
349,Vespa crabro,NL,NA,gbif,3.5,51.55,1.0425701141357422,767
350,Vespa crabro,NA,"Mairie, 62670 Mazingarbe, France",inat,2.72,50.47,1.0122187614440918,703
351,Vespa crabro,NA,"Southampton SO16, Vereinigtes Königreich",inat,-1.41,50.93,1.0662878036499024,758
352,Vespa crabro,NA,"31199 Diekholzen, Deutschland",inat,9.98,52.11,0.8856114387512207,758
353,Vespa crabro,NA,"06 Leuna-Kreypau, Germany",inat,12.07,51.33,0.9390791893005371,517
354,Vespa crabro,DE,NA,gbif,8.56,50,1.020603084564209,638
355,Vespa crabro,NA,"Pinhanços, 6270, Portugal",inat,-7.67,40.46,1.3613958358764648,1452
356,Vespa crabro,NL,NA,gbif,5.05,51.65,0.9860114097595215,794
357,Vespa crabro,NA,"Sremski Karlovci, Serbia",inat,19.91,45.16,1.0858187675476074,646
358,Vespa crabro,DE,NA,gbif,9.29,52.49,0.9405718803405761,718
359,Vespa crabro,DE,NA,gbif,8.19,49.1,1.0336833000183105,748
360,Vespa crabro,NL,NA,gbif,4.35,52.05,0.971110725402832,849
361,Vespa crabro,FR,NA,gbif,-1.59,46.43,1.262642765045166,754
362,Vespa crabro,NL,NA,gbif,6.15,51.5,1.005424976348877,735
363,Vespa crabro,NA,"Spacerowa 02, 00-747 Warszawa, Polska",inat,21.03,52.21,0.8199728965759278,496
364,Vespa crabro,NA,"35 Gießen, Deutschland",inat,8.72,50.57,0.9095281600952149,681
365,Vespa crabro,NL,NA,gbif,4.7,51.8,0.9918021202087403,806
366,Vespa crabro,NA,Troisdorf,inat,7.14,50.82,1.0298375129699706,717
367,Vespa crabro,NA,"Mayenne, Pays de la Loire, France",inat,-0.79,48.05,1.1442572593688964,747
368,Vespa crabro,NL,NA,gbif,5.25,52.2,0.9507135391235352,827
369,Vespa crabro,DE,NA,gbif,10.81,53.26,0.8747270584106446,659
370,Vespa crabro,NA,"San Lorenzo de El Escorial, Madrid, España",inat,-4.15,40.58,1.2152562141418457,431
371,Vespa crabro,NA,"Rożnowice 32, 64-610, Polska",inat,16.86,52.7,0.8334333419799804,516
372,Vespa crabro,DE,NA,gbif,7.09,51.39,0.9963427543640136,967
373,Vespa crabro,AT,NA,gbif,16.25,48.12,0.9499468803405762,609
374,Vespa crabro,DE,NA,gbif,9.65,52.42,0.9319552421569824,666
375,Vespa crabro,NA,"66440 Blieskastel, Deutschland",inat,7.28,49.28,0.9124896049499511,919
376,Vespa crabro,NA,"Schule, Heuweiler, 79194 Heuweiler, Deutschland",inat,7.91,48.05,0.9761979103088378,1033
377,Vespa crabro,NA,"4280 Kranjska Gora, Slovenija",inat,13.8,46.49,0.3532656192779541,1852
378,Vespa crabro,FR,NA,gbif,2.63,48.44,1.0599989891052246,633
379,Vespa crabro,NA,"Várasfenes, Románia",inat,22.29,46.62,0.7971958160400391,709
380,Vespa crabro,NA,"Thrimley Lane, Bishop's Stortford, England, GB",inat,0.14,51.9,0.95281982421875,623
381,Vespa crabro,NA,"Aspern, 1220 Vienna, Austria",inat,16.48,48.19,1.0255562782287597,572
382,Vespa crabro,CH,NA,gbif,8.76,47.68,0.8677364349365234,866
383,Vespa crabro,NA,"North Yorkshire, UK",inat,-1.19,54.13,0.9106926918029785,623
384,Vespa crabro,NA,"71 Sindelfingen, Deutschland",inat,9.01,48.71,0.8853989601135254,740
385,Vespa crabro,SK,NA,gbif,17.1,48.17,0.9145364761352539,702
386,Vespa crabro,NL,NA,gbif,5.85,51.85,0.9808792114257813,791
387,Vespa crabro,NA,德国明斯特邮政编码: 48,inat,7.59,51.94,0.9600957870483399,768
388,Vespa crabro,NL,NA,gbif,5.85,51.1,1.0099031448364257,731
389,Vespa crabro,NL,NA,gbif,5.7,51.8,0.9782135009765625,760
390,Vespa crabro,NA,"Elst, Netherlands",inat,5.53,51.99,0.967956256866455,791
391,Vespa crabro,DE,NA,gbif,9.88,52.45,0.9333937644958497,665
392,Vespa crabro,AT,NA,gbif,15.88,46.83,0.9356552124023437,853
393,Vespa crabro,NL,NA,gbif,5.05,52,0.9610124588012695,776
394,Vespa crabro,NL,NA,gbif,6.3,52.9,0.9209405899047851,848
395,Vespa crabro,NL,NA,gbif,5.8,51.15,1.0033124923706054,720
396,Vespa crabro,NA,"Llandough, UK",inat,-3.2,51.45,1.021825408935547,1019
397,Vespa crabro,FR,NA,gbif,0.72,49.52,1.0478968620300293,764
398,Vespa crabro,NL,NA,gbif,6.1,53.1,0.9211447715759278,829
399,Vespa crabro,NA,"Blaisdon, UK",inat,-2.45,51.84,0.9912302017211914,756
400,Vespa crabro,CH,NA,gbif,8.37,47.33,0.9247801780700684,1218
401,Vespa crabro,NA,"Innsbruck, Österreich",inat,11.33,47.27,0.5379750251770019,1098
402,Vespa crabro,NL,NA,gbif,4.85,51.5,0.9976905822753906,802
403,Vespa crabro,DE,NA,gbif,9.19,49.08,0.9608406066894531,783
404,Vespa crabro,NL,NA,gbif,5.6,51.75,0.9760427474975586,755
405,Vespa crabro,NA,"Broicher Waldweg, Mülheim an der Ruhr, Nordrhein-Westfalen, DE",inat,6.83,51.38,1.0796989440917968,819
406,Vespa crabro,NL,NA,gbif,6.65,51.95,0.9658645629882813,771
407,Vespa crabro,NA,"Gommecourt, France",inat,1.6,49.07,1.0553458213806153,635
408,Vespa crabro,DE,NA,gbif,10.62,52.33,0.9060322761535644,611
409,Vespa crabro,NL,NA,gbif,4.6,51.85,0.9911375045776367,858
410,Vespa crabro,NA,"6274+VF NA JÁMÁCH, 503 46 Jeníkovice-Třebechovice pod Orebem, Czechia",inat,16,50.21,0.7997406005859375,520
411,Vespa crabro,DE,NA,gbif,9.93,52.18,0.9321844100952148,671
412,Vespa crabro,DE,NA,gbif,7.05,51.81,0.9781885147094727,837
413,Vespa crabro,NA,"11420 Saint-Sernin, France",inat,1.82,43.21,1.2587156295776367,780
414,Vespa crabro,NL,NA,gbif,5.8,51.85,0.9700655937194824,799
415,Vespa crabro,NL,NA,gbif,4,51.3,1.0351354598999023,797
416,Vespa crabro,SE,NA,gbif,15.21,62.4,0.2689281225204468,563
417,Vespa crabro,NA,"Τοπική Κοινότητα Αρχαίας Φενεού, Φενεός 200 14, Grèce",inat,22.28,37.93,1.0133853912353517,878
418,Vespa crabro,NL,NA,gbif,6.1,51.9,0.9773374557495117,766
419,Vespa crabro,NL,NA,gbif,5.65,52,0.967956256866455,791
420,Vespa crabro,DE,NA,gbif,7.94,49.8,0.9289312362670898,564
421,Vespa crabro,DE,NA,gbif,8.83,48.87,0.9109313011169433,896
422,Vespa crabro,NA,"Ávila, España",inat,-5.03,40.23,1.1363759994506837,584
423,Vespa crabro,FR,NA,gbif,5.13,45.62,1.105828094482422,930
424,Vespa crabro,NL,NA,gbif,6,51.85,0.9773374557495117,766
425,Vespa crabro,NL,NA,gbif,5.85,51.85,0.9808792114257813,791
426,Vespa crabro,NL,NA,gbif,4.9,51.75,0.9797177314758301,794
427,Vespa crabro,NA,Troisdorf,inat,7.14,50.82,1.0298375129699706,717
428,Vespa crabro,NA,"Fen End Road West, Solihull, England, GB",inat,-1.7,52.38,0.9318979263305665,715
429,Vespa crabro,GB,NA,gbif,0.13,51.49,1.0168333053588867,665
430,Vespa crabro,NA,"ул. „Въстаническа“, 7863 Медовина, България",inat,26.17,43.32,1.1008447647094726,598
431,Vespa crabro,DE,NA,gbif,11.62,48.15,0.8841385841369629,1006
432,Vespa crabro,DE,NA,gbif,13.8,51.19,0.9227531433105469,640
433,Vespa crabro,NL,NA,gbif,4.6,51.85,0.9911375045776367,858
434,Vespa crabro,DE,NA,gbif,7,51.54,1.0221354484558105,872
435,Vespa crabro,NL,NA,gbif,5.1,52.05,0.9803396224975586,797
436,Vespa crabro,NA,"B2209, Dorking, England, GB",inat,-0.32,51.26,0.9929760932922364,713
437,Vespa crabro,NO,NA,gbif,10.74,59.7,0.5936834335327148,740
438,Vespa crabro,NL,NA,gbif,4.5,52.25,0.9717395782470704,824
439,Vespa crabro,NA,"33161 Hövelhof-Klausheide, Deutschland",inat,8.68,51.8,0.927272891998291,934
440,Vespa crabro,NA,"18 Sehlen, Deutschland",inat,13.39,54.38,0.8154932022094726,590
441,Vespa crabro,NA,"Rue de Besançon, Novillars, Bourgogne-Franche-Comté, FR",inat,6.14,47.29,0.9826781272888183,1156
442,Vespa crabro,NA,"Schuby Dorf, 24850 Schuby, Deutschland",inat,9.48,54.52,0.8306427001953125,851
443,Vespa crabro,NA,"Bremen-Ost, 28 Bremen-Oberneuland, Deutschland",inat,8.88,53.09,0.8958739280700684,689
444,Vespa crabro,NA,Burok-völgy,inat,18.11,47.25,0.9683562278747558,587
445,Vespa crabro,NL,NA,gbif,5.05,51.65,0.9860114097595215,794
446,Vespa crabro,NA,"Landsberger Straße, Mulheim an der Ruhr, North Rhine-Westphalia, DE",inat,6.88,51.4,1.0297656059265137,883
447,Vespa crabro,NA,"Ober-Olm, Rhineland-Palatinate, DE",inat,8.17,49.96,1.0134291648864746,587
448,Vespa crabro,NL,NA,gbif,4,51.8,0.9995707511901856,787
449,Vespa crabro,DE,NA,gbif,7.2,50.97,0.937600040435791,967
450,Vespa crabro,NL,NA,gbif,5.1,52.2,0.9512177467346191,822
451,Vespa crabro,NL,NA,gbif,5.6,51.5,0.9889156341552734,757
452,Vespa crabro,DE,NA,gbif,7.56,50.77,0.8859739303588867,1034
453,Vespa crabro,NA,"Sevilla la Nueva, 28609, Madrid, España",inat,-4.04,40.37,1.4200010299682617,363
454,Vespa crabro,DE,NA,gbif,11.19,48.02,0.8233562469482422,994
455,Vespa crabro,NL,NA,gbif,5.2,51.8,0.9796489715576172,776
456,Vespa crabro,IT,NA,gbif,12.59,41.89,1.5642478942871094,760
457,Vespa crabro,IT,NA,gbif,9.13,45.58,1.2410552024841308,1087
458,Vespa crabro,FR,NA,gbif,4.14,49.1,1.0098270416259765,632
459,Vespa crabro,NA,"30 Hannover-Südstadt-Bult, Deutschland",inat,9.77,52.36,0.950290584564209,654
460,Vespa crabro,DE,NA,gbif,6.49,51.53,1.006418800354004,737
461,Vespa crabro,NA,"73663 Berglen-Streich, Deutschland",inat,9.5,48.85,0.8363228797912597,1081
462,Vespa crabro,FR,NA,gbif,2.4,51,1.0317396163940429,682
463,Vespa crabro,NL,NA,gbif,5.45,52.45,0.9534229278564453,781
464,Vespa crabro,DE,NA,gbif,8.43,53.03,0.89059476852417,722
465,Vespa crabro,NA,"Parc Duquesne, 69006, France",inat,4.86,45.78,1.1894624710083008,844
466,Vespa crabro,NL,NA,gbif,5.8,51.6,0.9794114112854004,751
467,Vespa crabro,DE,NA,gbif,8.17,49.46,1.0166802406311035,624
468,Vespa crabro,DE,NA,gbif,6.47,51.46,1.0225020408630372,743
469,Vespa crabro,NA,"Alterlaa, 1230 Wien, Österreich",inat,16.31,48.15,0.9499468803405762,609
470,Vespa crabro,NA,"51301, Golik, Kroatien",inat,14.87,45.47,0.7983927249908447,1488
471,Vespa crabro,NA,"Oxford Road, Abingdon, England, GB",inat,-1.36,51.67,0.9933551788330078,646
472,Vespa crabro,NL,NA,gbif,4.15,51.6,1.0141395568847655,791
473,Vespa crabro,NL,NA,gbif,6.1,52.5,0.9653812408447265,821
474,Vespa crabro,SE,NA,gbif,16.32,57.99,0.6471968650817871,612
475,Vespa crabro,FR,NA,gbif,6.85,49.19,0.9382645606994628,919
476,Vespa crabro,NA,"14 Nauen, Deutschland",inat,12.87,52.61,0.9083447456359863,536
477,Vespa crabro,NA,"20250 Corte, France",inat,9.15,42.31,0.8865530967712403,919
478,Vespa crabro,NA,"07029 Tempio Pausania SS, Italia",inat,9.13,40.91,1.3895166397094727,722
479,Vespa crabro,NO,NA,gbif,11.41,59.97,0.46149168014526365,813
480,Vespa crabro,NL,NA,gbif,5.6,51.45,0.9889156341552734,757
481,Vespa crabro,NL,NA,gbif,4.65,51.45,1.0171833038330078,811
482,Vespa crabro,NA,"Schnufenhofen, 92358 Seubersdorf in der Oberpfalz, Deutschland",inat,11.6,49.15,0.7952593803405762,803
483,Vespa crabro,NA,"Västra Götaland, SE",inat,11.7,57.66,0.7542543888092041,656
484,Vespa crabro,NL,NA,gbif,5.5,51.4,0.9889156341552734,757
485,Vespa crabro,NL,NA,gbif,4.5,52.25,0.9717395782470704,824
486,Vespa crabro,NL,NA,gbif,4.75,51.65,1.0014093399047852,815
487,Vespa crabro,NA,"68300 Saint-Louis, France",inat,7.57,47.59,1.0200145721435547,805
488,Vespa crabro,DE,NA,gbif,13.64,51.09,0.9254405975341797,663
489,Vespa crabro,DE,NA,gbif,11.01,49.6,0.8589104652404785,745
490,Vespa crabro,NA,"Wageningen, NL-GE, NL",inat,5.67,51.99,0.9700655937194824,799
491,Vespa crabro,NL,NA,gbif,5.35,52.15,0.953948974609375,836
492,Vespa crabro,ES,NA,gbif,-2.05,42.68,1.0451187133789062,810
493,Vespa crabro,FR,NA,gbif,7.77,48.56,1.061342716217041,735
494,Vespa crabro,DE,NA,gbif,13.09,52.59,0.9248781204223633,544
495,Vespa crabro,DE,NA,gbif,6.69,49.74,0.8938666343688965,873
496,Vespa crabro,NL,NA,gbif,5.85,52.4,0.9568479537963868,801
497,Vespa crabro,NA,"Ávila, España",inat,-5.02,40.29,1.1363759994506837,584
498,Vespa crabro,NL,NA,gbif,6.65,52.3,0.9446489334106445,791
499,Vespa crabro,NL,NA,gbif,4.7,52.6,0.9629875183105469,823
500,Vespa crabro,NA,"Chránená Krajinná Oblasť Dunajské luhy, Bratislava V, Bratislavský kraj, SK",inat,17.18,48.05,1.005454158782959,606
501,Vespa crabro,NA,"Via della Torre, Pavullo nel Frignano, Emilia–Romagna, IT",inat,10.88,44.4,1.1924572944641114,843
502,Vespa crabro,NL,NA,gbif,5.65,52,0.967956256866455,791
503,Vespa crabro,NA,"Rives Dervoises, Grand Est, FR",inat,4.77,48.53,1.071943759918213,781
504,Vespa crabro,NA,"Trauttmansdorff, 39012 Merano BZ, Italia",inat,11.19,46.66,0.7907280921936035,676
505,Vespa crabro,NA,"Königsdorf, Österreich",inat,16.17,47.03,0.9342499732971191,735
506,Vespa crabro,NL,NA,gbif,4.55,52.3,0.9717395782470704,824
507,Vespa crabro,NL,NA,gbif,4.45,51.85,0.997988510131836,863
508,Vespa crabro,NL,NA,gbif,5.7,50.9,1.0079051971435546,754
509,Vespa crabro,NL,NA,gbif,4.65,51.55,1.0070833206176757,804
510,Vespa crabro,NL,NA,gbif,6.4,53,0.9113020896911621,855
511,Vespa crabro,NL,NA,gbif,5.9,50.75,0.9454999923706054,888
512,Vespa crabro,NL,NA,gbif,4.9,52.3,0.9645885467529297,826
513,Vespa crabro,NA,"Beaumont-sur-Oise, France",inat,2.28,49.14,1.074205207824707,645
514,Vespa crabro,NA,"Kent Business School, Canterbury CT2 7PE, UK",inat,1.06,51.3,0.9907583236694336,658
515,Vespa crabro,AT,NA,gbif,16.41,48.17,1.0255562782287597,572
516,Vespa crabro,NL,NA,gbif,6.05,53.05,0.9211447715759278,829
517,Vespa crabro,NA,"Midshires Way, Matlock, England, GB",inat,-1.58,53.09,0.84500732421875,878
518,Vespa crabro,FR,NA,gbif,0.8,45.63,1.1582124710083008,958
519,Vespa crabro,NA,"Lymm, UK",inat,-2.47,53.39,0.9737885475158692,814
520,Vespa crabro,NA,"Кам'янець-Подільський, Хмельницька область, Україна",inat,26.58,48.68,0.8226676940917969,590
521,Vespa crabro,NL,NA,gbif,5.65,51.95,0.967956256866455,791
522,Vespa crabro,CZ,NA,gbif,16.66,49.19,0.8612343788146972,515
523,Vespa crabro,NA,"15140 Saint-Martin-Valmeroux, France",inat,2.43,45.12,0.9152447700500488,853
524,Vespa crabro,GB,NA,gbif,-0.69,50.99,0.9997750282287597,882
525,Vespa crabro,NA,"Powiat olsztyński, Polska",inat,21.03,53.91,0.7132312297821045,555
526,Vespa crabro,NL,NA,gbif,6.35,53.35,0.8999107360839844,809
527,Vespa crabro,NA,"91014 Castellammare del Golfo TP, Italia",inat,12.84,38.06,1.731064796447754,490
528,Vespa crabro,NA,"St Marys Lodge, York, England, GB",inat,-1.09,53.96,0.9251280784606933,595
529,Vespa crabro,NA,"Calle Loredo, Ribamontán al Mar, Cantabria, ES",inat,-3.72,43.47,1.4061168670654296,1168
530,Vespa crabro,NL,NA,gbif,5.05,52,0.9610124588012695,776
531,Vespa crabro,NL,NA,gbif,5.95,53.3,0.9081333160400391,814
532,Vespa crabro,NA,"Forêt de Rambouillet, Rambouillet, Île-de-France, FR",inat,1.81,48.67,1.0272135734558105,626
533,Vespa crabro,NA,"Westcott, Dorking RH4 3JU, UK",inat,-0.35,51.23,0.9951166152954102,714
534,Vespa crabro,NL,NA,gbif,5.6,51.9,0.967956256866455,791
535,Vespa crabro,NA,"Rożnowice 32, 64-610, Polska",inat,16.86,52.7,0.8334333419799804,516
536,Vespa crabro,IT,NA,gbif,9.08,45.7,1.1673916816711425,1263
537,Vespa crabro,NA,"Dulwich, London, UK",inat,-0.06,51.45,1.0485145568847656,661
538,Vespa crabro,DE,NA,gbif,7.07,50.73,1.0298375129699706,717
539,Vespa crabro,NL,NA,gbif,5.75,51.95,0.9700655937194824,799
540,Vespa crabro,NL,NA,gbif,5.15,52.3,0.9512177467346191,822
541,Vespa crabro,NA,"Tierp, Sverige",inat,17.69,60.22,0.5373104095458985,613
542,Vespa crabro,FR,NA,gbif,4.12,46.74,1.0340457916259767,797
543,Vespa crabro,AT,NA,gbif,15.87,46.81,0.9356552124023437,853
544,Vespa crabro,NA,"Poznań, PL-WP, PL",inat,17.02,52.31,0.8466291427612305,503
545,Vespa crabro,NL,NA,gbif,5.45,51.5,0.9980051994323731,773
546,Vespa crabro,NA,"Lisbon, Portugal",inat,-9.15,38.77,1.6865142822265624,703
547,Vespa crabro,NL,NA,gbif,3.95,51.3,1.0390030860900878,773
548,Vespa crabro,NA,"Giardini Biennale ""A"", 30132 Venezia VE, Italie",inat,12.36,45.43,1.3089293479919433,757
549,Vespa crabro,NA,"Pest, HU",inat,19.28,47.36,1.0550156593322755,522
550,Vespa crabro,PL,NA,gbif,20.98,52.22,0.8092989921569824,508
551,Vespa crabro,DE,NA,gbif,11.95,51.49,0.9405635833740235,516
552,Vespa crabro,NA,"Steinfort, Luxemburg",inat,5.91,49.67,0.8880406379699707,893
553,Vespa crabro,IT,NA,gbif,8.13,44.05,1.35385103225708,805
554,Vespa crabro,FR,NA,gbif,-0.46,47.24,1.1593009948730468,729
555,Vespa crabro,NA,"41200 Romorantin-Lanthenay, France",inat,1.76,47.35,1.1346593856811524,675
556,Vespa crabro,NL,NA,gbif,4.3,51.4,1.0319975852966308,791
557,Vespa crabro,NA,"Province of L'Aquila, Italy",inat,13.34,42.14,0.960084342956543,868
558,Vespa crabro,NA,"Cáceres, España",inat,-5.28,39.6,1.3524749755859375,536
559,Vespa crabro,DE,NA,gbif,9.37,48.95,0.8998364448547364,916
560,Vespa crabro,NL,NA,gbif,5.5,52.1,0.9649312019348144,817
561,Vespa crabro,NL,NA,gbif,4.05,51.25,1.0351354598999023,797
562,Vespa crabro,NA,"Wittstocker Allee, Neuruppin, Brandenburg, DE",inat,12.81,52.94,0.8880208015441895,541
563,Vespa crabro,NA,"06886 Wittenberg, Deutschland",inat,12.64,51.87,0.8787937164306641,576
564,Vespa crabro,NL,NA,gbif,5.85,51.95,0.9808792114257813,791
565,Vespa crabro,AT,NA,gbif,13.09,47.82,0.8130990028381347,1307
566,Vespa crabro,NA,"Doctors Hill, Bromsgrove, England, GB",inat,-2.08,52.36,0.8957937240600586,1073
567,Vespa crabro,NL,NA,gbif,5.95,50.75,0.9454999923706054,888
568,Vespa crabro,AT,NA,gbif,16.39,48.2,1.0255562782287597,572
569,Vespa crabro,NL,NA,gbif,6.05,51.95,0.9773374557495117,766
570,Vespa crabro,NA,"Somerset, UK",inat,-3.1,51.14,1.025291633605957,954
571,Vespa crabro,DE,NA,gbif,9.39,54.79,0.8220789909362793,875
572,Vespa crabro,DE,NA,gbif,6.13,50.97,0.990902042388916,782
573,Vespa crabro,FR,NA,gbif,2.08,48.87,1.1072250366210938,626
574,Vespa crabro,NA,"38364 Schöningen-Esbeck, Deutschland",inat,10.96,52.16,0.8689833641052246,582
575,Vespa crabro,DE,NA,gbif,7.39,50.07,0.8375947952270508,758
576,Vespa crabro,NA,"Città metropolitana di Roma Capitale, Italia",inat,12,42.05,1.4577115058898926,255
577,Vespa crabro,NA,"15 Zossen-Wünsdorf, Deutschland",inat,13.46,52.17,0.8966843605041503,545
578,Vespa crabro,NA,"Warwickshire, UK",inat,-1.43,52.38,0.9469947814941406,637
579,Vespa crabro,NL,NA,gbif,6.65,52.9,0.9060968399047852,829
580,Vespa crabro,FR,NA,gbif,0.4,47.05,1.1421468734741211,678
581,Vespa crabro,DE,NA,gbif,11.17,50.36,0.6715218544006347,971
582,Vespa crabro,DK,NA,gbif,12.35,55.75,0.8220802307128906,613
583,Vespa crabro,FR,NA,gbif,2.06,48.94,1.1072250366210938,626
584,Vespa crabro,NA,"Castellón, España",inat,0.06,40.64,1.1697906494140624,517
585,Vespa crabro,GB,NA,gbif,0.4,51.57,0.9966202735900879,587
586,Vespa crabro,AT,NA,gbif,15.41,47.11,0.8947572708129883,862
587,Vespa crabro,NA,"Broadmeads, Ware, England, GB",inat,-0.03,51.81,0.9853885650634766,626
588,Vespa crabro,NA,"Sołtysowice, Wrocław, Polska",inat,17.08,51.16,0.8825676918029786,560
589,Vespa crabro,NA,"Temple Farm, Solihull, England, GB",inat,-1.7,52.38,0.9318979263305665,715
590,Vespa crabro,NL,NA,gbif,5.95,50.75,0.9454999923706054,888
591,Vespa crabro,NL,NA,gbif,5.65,51.95,0.967956256866455,791
592,Vespa crabro,NL,NA,gbif,6.2,51.95,0.9738615036010743,761
593,Vespa crabro,GB,NA,gbif,0.83,51.07,1.006264591217041,701
594,Vespa crabro,NA,"Chardonne, Switzerland",inat,6.83,46.48,0.8990625381469727,1306
595,Vespa crabro,NA,NA,inat,20.56,44.79,1.130035400390625,666
596,Vespa crabro,NL,NA,gbif,6.35,52,0.9709635734558105,742
597,Vespa crabro,NL,NA,gbif,5.72,51.99,0.9700655937194824,799
598,Vespa crabro,JE,NA,gbif,-2.05,49.02,1.1854166984558105,800
599,Vespa crabro,NA,"Rue George Sand, Saint-Firmin-des-Prés, Centre-Val de Loire, FR",inat,1.11,47.84,1.0640239715576172,681
600,Vespa crabro,NA,"Granada, España",inat,-3.49,36.92,1.2916072845458983,544
601,Vespa crabro,NA,"Mayenne, Pays de la Loire, France",inat,-0.79,48.05,1.1442572593688964,747
602,Vespa crabro,NA,"88021 Borgia CZ, Italia",inat,16.59,38.81,1.6938373565673828,910
603,Vespa crabro,NA,"Castellón, España",inat,0.23,40.52,1.466893768310547,516
604,Vespa crabro,NL,NA,gbif,6.8,53.2,0.913628101348877,801
605,Vespa crabro,NA,"06 Sandersdorf-Brehna, Germany",inat,12.3,51.58,0.9271124839782715,521
606,Vespa crabro,NA,"39600 Les Planches-près-Arbois, France",inat,5.81,46.88,1.026941680908203,1147
607,Vespa crabro,NA,"U Lomu, Prague 15, Prague, CZ",inat,14.58,50.06,0.9254937171936035,498
608,Vespa crabro,NL,NA,gbif,4.7,52,0.9664947509765625,818
609,Vespa crabro,NA,"Gárdony, Gárdony, vasútállomás, 2483 Magyarország",inat,18.63,47.21,1.063756275177002,534
610,Vespa crabro,NL,NA,gbif,6.2,53,0.9209405899047851,848
611,Vespa crabro,DE,NA,gbif,8.48,50.13,0.9793051719665528,641
612,Vespa crabro,NA,"Wimborne, England, GB",inat,-2.03,50.81,1.0281149864196777,791
613,Vespa crabro,NL,NA,gbif,5.35,52.1,0.953948974609375,836
614,Vespa crabro,NA,"The Mews, Ottery St Mary, England, GB",inat,-3.3,50.77,1.012636661529541,987
615,Vespa crabro,NA,"69150 Décines-Charpieu, France",inat,4.96,45.79,1.1894624710083008,844
616,Vespa crabro,AT,NA,gbif,16.55,48.21,1.0173728942871094,582
617,Vespa crabro,NL,NA,gbif,4.3,52.1,0.9714204788208007,837
618,Vespa crabro,HU,NA,gbif,19.29,47.62,1.0304552078247071,540
619,Vespa crabro,FR,NA,gbif,4.99,45.77,1.1894624710083008,844
620,Vespa crabro,NA,"Kaivokorvenkatu, Lappeenranta, Etelä-Karjala, FI",inat,28.09,61.05,0.3916801929473877,635
621,Vespa crabro,NA,"Place de la République, Droué, Centre-Val de Loire, FR",inat,1.08,48.04,1.043891716003418,665
622,Vespa crabro,NA,"Le Château-d'Olonne, 85180 Les Sables-d'Olonne, France",inat,-1.73,46.51,1.253140926361084,754
623,Vespa crabro,NA,"Matyldów 19, 09-520, Polska",inat,19.68,52.45,0.8127968788146973,520
624,Vespa crabro,DE,NA,gbif,7.54,51.71,0.9568103790283203,802
625,Vespa crabro,NL,NA,gbif,5.1,52,0.9610124588012695,776
626,Vespa crabro,DE,NA,gbif,10.28,52.19,0.9242062568664551,654
627,Vespa crabro,NL,NA,gbif,4.95,51.8,0.9797177314758301,794
628,Vespa crabro,NA,"Ócsa, 2364 Hungary",inat,19.21,47.3,1.0521187782287598,510
629,Vespa crabro,IT,NA,gbif,9.82,44.1,1.255716323852539,1166
630,Vespa crabro,DE,NA,gbif,8.65,50.09,1.0215635299682617,620
631,Vespa crabro,GB,NA,gbif,1.66,52.44,0.971108341217041,577
632,Vespa crabro,NL,NA,gbif,5.25,51.65,0.9838749885559082,773
633,Vespa crabro,NA,"Woluwe-Saint-Pierre, Belgium",inat,4.43,50.84,1.0497979164123534,783
634,Vespa crabro,NA,"Chemin des Sablons de la Montagne, Marly-le-Roi, Île-de-France, FR",inat,2.08,48.87,1.1072250366210938,626
635,Vespa crabro,NA,"4260 Bled, Slovenia",inat,14.09,46.36,0.6098395824432373,1779
636,Vespa crabro,NA,"13260 Cassis, France",inat,5.53,43.21,1.4447969436645507,647
637,Vespa crabro,NA,Pont-du-Château,inat,3.25,45.8,1.086703109741211,612
638,Vespa crabro,NA,"Cádiz, España",inat,-5.5,36.08,1.7524999618530273,792
639,Vespa crabro,NL,NA,gbif,3.45,51.35,1.031646156311035,772
640,Vespa crabro,NL,NA,gbif,5.95,52.25,0.9391374588012695,876
641,Vespa crabro,AT,NA,gbif,11.75,47.37,0.6445718765258789,1223
642,Vespa crabro,NA,"5310 St. Lorenz, Österreich",inat,13.33,47.84,0.773898983001709,1266
643,Vespa crabro,NL,NA,gbif,5.05,51.55,0.9860114097595215,794
644,Vespa crabro,NA,"Esposende, 4740, Portugal",inat,-8.75,41.61,1.404978370666504,1497
645,Vespa crabro,GB,NA,gbif,-0.27,51.44,1.0673229217529296,633
646,Vespa crabro,DE,NA,gbif,8.49,49.44,1.051504135131836,669
647,Vespa crabro,FR,NA,gbif,7.77,48.62,1.061342716217041,735
648,Vespa crabro,NA,"Poueyferré - Mairie, 65100 Poueyferré, France",inat,-0.08,43.12,1.1778489112854005,1049
649,Vespa crabro,NL,NA,gbif,5.95,50.75,0.9454999923706054,888
650,Vespa crabro,NA,"Calle de la Cañada, Rionegro del Puente, Zamora, ES",inat,-6.23,42,1.0972323417663574,813
651,Vespa crabro,AT,NA,gbif,10.9,47.2,0.5111124992370606,1085
652,Vespa crabro,NL,NA,gbif,5.15,52,0.9610124588012695,776
653,Vespa crabro,NA,"Antibes, France",inat,7.12,43.61,1.4755531311035157,854
654,Vespa crabro,NA,"City Centre, Oxford, UK",inat,-1.25,51.75,1.0110572814941405,646
655,Vespa crabro,AT,NA,gbif,16.31,48.12,0.9499468803405762,609
656,Vespa crabro,NA,"Maurica, Stroud, England, GB",inat,-2.12,51.79,0.925447940826416,883
657,Vespa crabro,FR,NA,gbif,2.11,50.22,0.9973041534423828,723
658,Vespa crabro,NA,"Stålværksvej (Strandvejen), 3300 Frederiksværk, Denmark",inat,12.02,55.96,0.7934613704681397,581
659,Vespa crabro,NA,"Bátonyterenye, Kisterenye, 3078 Magyarország",inat,19.8,48.01,0.8922207832336426,556
660,Vespa crabro,DE,NA,gbif,8.83,48.87,0.9109313011169433,896
661,Vespa crabro,NA,"Veresegyház, Viczián Utca, 2112 Magyarország",inat,19.28,47.67,1.0170323371887207,542
662,Vespa crabro,NA,"Six-Fours-les-Plages, Provence-Alpes-Côte d'Azur, FR",inat,5.83,43.07,1.5043931961059571,638
663,Vespa crabro,DE,NA,gbif,8.06,52.63,0.9364489555358887,781
664,Vespa crabro,GB,NA,gbif,-1.38,51.67,0.9933551788330078,646
665,Vespa crabro,NA,Roosdaal,inat,4.08,50.84,1.040187454223633,782
666,Vespa crabro,NA,"Tribulaunstraße, 81 München, Deutschland",inat,11.65,48.09,0.8841385841369629,1006
667,Vespa crabro,NA,"Egger Seepromenade, Villach, Carinthia, AT",inat,13.93,46.59,0.7058145999908447,1373
668,Vespa crabro,NA,"O Verdeal, 27438 Pantón, Lugo, Spain",inat,-7.61,42.52,1.2676395416259765,1643
669,Vespa crabro,NA,"Silkeborg, Danmark",inat,9.63,56.14,0.7427760601043701,735
670,Vespa crabro,NA,"Fyn, Årslev, Region Syddanmark, DK",inat,10.38,55.3,0.8398958206176758,637
671,Vespa crabro,NA,"Île-de-France, FR",inat,2.19,48.83,1.1138312339782714,643
672,Vespa crabro,CH,NA,gbif,7.68,47.31,0.8970728874206543,1172
673,Vespa crabro,NA,"Nußallee, Bonn, North Rhine-Westphalia, DE",inat,7.09,50.73,1.0298375129699706,717
674,Vespa crabro,NA,"Gatterholzgasse, 1120 Wien, Österreich",inat,16.32,48.18,0.9368698120117187,598
675,Vespa crabro,NA,"Rhenen, Netherlands",inat,5.6,51.95,0.967956256866455,791
676,Vespa crabro,DE,NA,gbif,8.53,49.05,1.0160676956176757,824
677,Vespa crabro,DE,NA,gbif,7.22,50.12,0.8874073028564453,746
678,Vespa crabro,NA,"Merchtem, 1785 Merchtem, België",inat,4.26,50.96,1.029301071166992,790
679,Vespa crabro,NA,"Strada Grande Torino, Sanremo, IT",inat,7.75,43.8,1.4734963417053222,813
680,Vespa crabro,DE,NA,gbif,9.8,52.41,0.950290584564209,654
681,Vespa crabro,NA,"Birdworld, Farnham GU10 4LE, UK",inat,-0.84,51.18,1.0008916854858398,798
682,Vespa crabro,DE,NA,gbif,9.11,49.93,0.9606249809265137,805
683,Vespa crabro,NA,"Purleigh, Chelmsford, England, GB",inat,0.64,51.7,0.9842833518981934,563
684,Vespa crabro,NL,NA,gbif,5.7,50.75,0.9797103881835938,819
685,Vespa crabro,DE,NA,gbif,7.22,50.9,0.937600040435791,967
686,Vespa crabro,NL,NA,gbif,5.6,51.45,0.9889156341552734,757
687,Vespa crabro,NA,"55800 Revigny-sur-Ornain, France",inat,4.96,48.82,1.055275058746338,803
688,Vespa crabro,NL,NA,gbif,5.75,51.7,0.9782135009765625,760
689,Vespa crabro,NA,"49320 Blaison-Saint-Sulpice, France",inat,-0.37,47.4,1.1772989273071288,714
690,Vespa crabro,DE,NA,gbif,9.94,51.52,0.8735249519348145,714
691,Vespa crabro,NA,"Schlosspark Laxenburg, Österreich",inat,16.37,48.06,1.019963550567627,571
692,Vespa crabro,DE,NA,gbif,6.91,49.84,0.9555583000183105,783
693,Vespa crabro,NA,"8820 Torhout, België",inat,3.07,51.09,1.0103198051452638,773
694,Vespa crabro,NA,"Imst, Österreich",inat,10.76,47.22,0.5254760265350342,1069
695,Vespa crabro,NA,"Bad zur Sonne/Stadtbibliothek, 8020 Graz, Österreich",inat,15.43,47.07,0.8947572708129883,862
696,Vespa crabro,NA,Portugal,inat,-9.09,39.17,1.555065631866455,705
697,Vespa crabro,NL,NA,gbif,4.65,52.55,0.952672290802002,829
698,Vespa crabro,NL,NA,gbif,6.55,51.9,0.9658645629882813,771
699,Vespa crabro,ES,NA,gbif,-0.69,40.82,0.9889135360717773,491
700,Vespa crabro,ES,NA,gbif,-5.74,40.11,1.3364906311035156,632
701,Vespa crabro,NA,"56500 Radenac, France",inat,-2.73,47.96,1.1595989227294923,912
702,Vespa crabro,DE,NA,gbif,9.19,48.91,0.9495219230651856,735
703,Vespa crabro,NA,"Pte. de Lima, 4990, Portugal",inat,-8.59,41.77,1.3829906463623047,1527
704,Vespa crabro,NL,NA,gbif,3.55,51.5,1.040852928161621,757
705,Vespa crabro,NL,NA,gbif,7,53.05,0.9178801536560058,763
706,Vespa crabro,IT,NA,gbif,10.25,45.52,1.1451041221618652,856
707,Vespa crabro,NL,NA,gbif,5.7,50.9,1.0079051971435546,754
708,Vespa crabro,AT,NA,gbif,15.4,47.04,0.8947572708129883,862
709,Vespa crabro,PT,NA,gbif,-9.17,38.74,1.6334726333618164,722
710,Vespa crabro,NA,"Drežnik Grad, Croazia",inat,15.67,44.94,1.0213375091552734,1293
711,Vespa crabro,NA,"Castellón, España",inat,-0.1,40.44,1.154587459564209,496
712,Vespa crabro,NA,"Pola De Lena/La Pola, Pola de Lena, 33630 Lena, Asturias, España",inat,-5.83,43.16,0.9599843978881836,1009
713,Vespa crabro,NA,"8163 Fladnitz an der Teichalm, Österreich",inat,15.48,47.28,0.7291510581970215,1001
714,Vespa crabro,DE,NA,gbif,6.17,50.75,0.9189249992370605,871
715,Vespa crabro,AT,NA,gbif,15.64,47.22,0.7613895893096924,979
716,Vespa crabro,NL,NA,gbif,5.05,52.25,0.9512177467346191,822
717,Vespa crabro,NA,"Piata Spaniei, București, România",inat,26.11,44.45,1.0631781578063966,579
718,Vespa crabro,DE,NA,gbif,9.17,48.87,0.9495219230651856,735
719,Vespa crabro,DE,NA,gbif,8.69,49.38,0.9509333610534668,953
720,Vespa crabro,NA,"Ham Link, Bristol, England, GB",inat,-2.75,51.33,0.9927770614624023,932
721,Vespa crabro,NL,NA,gbif,4.6,52.4,0.9709492683410644,828
722,Vespa crabro,DE,NA,gbif,7.48,51.62,0.9850656509399414,857
723,Vespa crabro,NA,"38 Braunschweig-Wabe-Schunter-Beberbach, Deutschland",inat,10.59,52.27,0.9060322761535644,611
724,Vespa crabro,NL,NA,gbif,6.2,52.2,0.9648281097412109,788
725,Vespa crabro,NL,NA,gbif,5.25,52.05,0.9599833488464355,815
726,Vespa crabro,NL,NA,gbif,5.4,51.4,0.9980051994323731,773
727,Vespa crabro,NA,"J98W+V4, 3810 Oliveirinha, Portugal",inat,-8.6,40.62,1.4932135581970214,978
728,Vespa crabro,NL,NA,gbif,3.95,51.3,1.0390030860900878,773
729,Vespa crabro,GB,NA,gbif,-4.11,50.41,1.0294598579406737,1057
730,Vespa crabro,NL,NA,gbif,4.85,51.8,0.9797177314758301,794
731,Vespa crabro,PL,NA,gbif,18.66,50.04,0.8474156379699707,703
732,Vespa crabro,NA,"694G+F3, 56254 Moselkern, Tyskland",inat,7.38,50.21,0.9308843612670898,667
733,Vespa crabro,NA,"Радомишльський район, Житомирська область, Україна",inat,29.46,50.39,0.7001760482788086,620
734,Vespa crabro,NA,"Vojens, Danmark",inat,9.23,55.26,0.7846447944641113,849
735,Vespa crabro,NA,"Бандхолм, Дания",inat,11.51,54.83,0.8744621276855469,595
736,Vespa crabro,NA,"Penzing, 1140 Wien, Österreich",inat,16.26,48.2,0.9368698120117187,598
737,Vespa crabro,NL,NA,gbif,4.7,52.7,0.9533771514892578,814
738,Vespa crabro,PT,NA,gbif,-9.31,38.79,1.6334726333618164,722
739,Vespa crabro,DE,NA,gbif,8.69,50.54,0.9095281600952149,681
740,Vespa crabro,DE,NA,gbif,8.48,49.99,1.0403801918029785,579
741,Vespa crabro,FR,NA,gbif,-1.42,43.36,1.3987072944641112,1242
742,Vespa crabro,AT,NA,gbif,16.3,48.2,0.9368698120117187,598
743,Vespa crabro,NL,NA,gbif,3.55,51.45,1.040852928161621,757
744,Vespa crabro,NL,NA,gbif,5.9,51.75,0.9752073287963867,758
745,Vespa crabro,NA,"Ailsworth, England, UK",inat,-0.35,52.6,0.9580864906311035,606
746,Vespa crabro,NL,NA,gbif,5.85,51.25,1.0021281242370605,732
747,Vespa crabro,NL,NA,gbif,5.35,51.65,0.9877718925476074,767
748,Vespa crabro,FR,NA,gbif,7.56,47.63,1.0200145721435547,805
749,Vespa crabro,NA,"23 Lübeck-St. Lorenz Süd, Deutschland",inat,10.66,53.85,0.84296875,725
750,Vespa crabro,NA,"Ballrechten WG, Ballrechten-Dottingen, 79282 Ballrechten-Dottingen, Deutschland",inat,7.7,47.86,0.9775771141052246,969
751,Vespa crabro,NA,"Osburg, Rhineland-Palatinate, DE",inat,6.78,49.7,0.8938666343688965,873
752,Vespa crabro,NL,NA,gbif,5.15,52,0.9610124588012695,776
753,Vespa crabro,NA,"Ardon, Centre-Val de Loire, FR",inat,1.92,47.81,1.0978083610534668,652
754,Vespa crabro,NL,NA,gbif,5.35,52.1,0.953948974609375,836
755,Vespa crabro,NL,NA,gbif,4.85,51.9,0.9609541893005371,800
756,Vespa crabro,NA,"Schönbrunn, 1130 Wien, Österreich",inat,16.3,48.18,0.9368698120117187,598
757,Vespa crabro,GB,NA,gbif,-1.42,51.82,0.9933551788330078,646
758,Vespa crabro,NA,"Botanischer Garten Frankfurt, Siesmayerstraße 72, 60323 Frankfurt am Main, Deutschland",inat,8.66,50.13,1.0215635299682617,620
759,Vespa crabro,NA,"Eger, Eger, Gárdonyi-ház, 3300 Magyarország",inat,20.38,47.9,0.9499364852905273,537
760,Vespa crabro,NA,"Breda West, Breda, Nederland",inat,4.75,51.59,1.0014093399047852,815
761,Vespa crabro,DE,NA,gbif,8.71,50.79,0.8750062942504883,702
762,Vespa crabro,DE,NA,gbif,11.11,48.64,0.8120979309082031,792
763,Vespa crabro,DE,NA,gbif,13.54,52.45,0.9125864982604981,547
764,Vespa crabro,NL,NA,gbif,5.55,52.3,0.9519353866577148,819
765,Vespa crabro,NA,"Cochem-Zell, Rheinland-Pfalz, Germany",inat,7.16,50.15,0.8878832817077636,778
766,Vespa crabro,NA,"Érd, Magyarország",inat,18.95,47.35,1.0841916084289551,535
767,Vespa crabro,NA,"Bor, Česko",inat,12.78,49.73,0.7184083461761475,654
768,Vespa crabro,NL,NA,gbif,5.7,51.9,0.9700655937194824,799
769,Vespa crabro,NA,"Ashpole Road, Braintree, England, GB",inat,0.57,51.91,0.9627947807312012,581
770,Vespa crabro,NL,NA,gbif,5.6,51.95,0.967956256866455,791
771,Vespa crabro,NA,"Student Health Centre, Exeter EX4 4QP, UK",inat,-3.54,50.74,1.0325854301452637,949
772,Vespa crabro,DE,NA,gbif,13.53,52.75,0.8786260604858398,611
773,Vespa crabro,FR,NA,gbif,0.77,44.31,1.2434145927429199,923
774,Vespa crabro,AT,NA,gbif,9.83,47.15,0.3286812543869019,1525
775,Vespa crabro,IT,NA,gbif,8.64,45.87,1.0934072494506837,1199
776,Vespa crabro,NA,"62, 8345 Ziegel, Österreich",inat,15.91,46.81,0.9356552124023437,853
777,Vespa crabro,NA,"Chalfont St Giles, England, GB",inat,-0.54,51.64,1.025422954559326,655
778,Vespa crabro,NL,NA,gbif,3.55,51.55,1.0425701141357422,767
779,Vespa crabro,DE,NA,gbif,6.93,51.68,0.9867343902587891,822
780,Vespa crabro,AT,NA,gbif,15.92,46.86,0.9042864799499511,829
781,Vespa crabro,NA,"68300 Saint-Louis, France",inat,7.55,47.62,1.0200145721435547,805
782,Vespa crabro,DE,NA,gbif,8.19,53.14,0.9053750038146973,742
783,Vespa crabro,NA,"Vuurkruisersstraat, Zwevegem, West-Vlaanderen, BE",inat,3.36,50.75,1.0314833641052246,767
784,Vespa crabro,DE,NA,gbif,8.24,49.99,1.0134291648864746,587
785,Vespa crabro,DE,NA,gbif,11.16,49.53,0.8589104652404785,745
786,Vespa crabro,NA,"Utrecht, NL-UT, NL",inat,5.15,52.07,0.9803396224975586,797
787,Vespa crabro,NL,NA,gbif,4.8,52,0.9664947509765625,818
788,Vespa crabro,NA,"91 Wiesenthau, Deutschland",inat,11.16,49.71,0.8481552124023437,747
789,Vespa crabro,NA,"Žitenice 604, 411 41 Žitenice, Česko",inat,14.16,50.55,0.8654885292053223,627
790,Vespa crabro,NA,"35017 Piombino Dese PD, Italia",inat,12.03,45.64,1.3012083053588868,881
791,Vespa crabro,NL,NA,gbif,4.65,51.9,0.9911375045776367,858
792,Vespa crabro,NL,NA,gbif,5.1,52.2,0.9512177467346191,822
793,Vespa crabro,NA,"Gebze/Kocaeli, Türkiye",inat,29.53,41.01,1.3350114822387695,830
794,Vespa crabro,NA,"Am Ried, 78315 Radolfzell am Bodensee, Deutschland",inat,9,47.77,0.8956812858581543,876
795,Vespa crabro,DE,NA,gbif,7.62,52.35,0.9470125198364258,764
796,Vespa crabro,NL,NA,gbif,5.9,51.95,0.9808792114257813,791
797,Vespa crabro,IT,NA,gbif,10.25,45.52,1.1451041221618652,856
798,Vespa crabro,NL,NA,gbif,4.95,51.95,0.9609541893005371,800
799,Vespa crabro,NA,"10373 Cabañas del Castillo, Cáceres, Spanje",inat,-5.51,39.55,1.4498969078063966,529
800,Vespa crabro,AT,NA,gbif,16.48,48.18,1.0255562782287597,572
801,Vespa crabro,NA,"Vascões, Paredes de Coura, Portugal",inat,-8.49,41.91,1.3074697494506835,1490
802,Vespa crabro,NA,"53721 Siegburg, Deutschland",inat,7.24,50.8,0.9682728767395019,827
803,Vespa crabro,NA,"Ormesson-sur-Marne, France",inat,2.54,48.79,1.082697868347168,638
804,Vespa crabro,NL,NA,gbif,4.1,51.75,0.9995707511901856,787
805,Vespa crabro,DK,NA,gbif,10.23,56.18,0.7734972953796386,648
806,Vespa crabro,NA,"Rue de la Montagne, Junglinster, District Grevenmacher, LU",inat,6.26,49.71,0.8899781227111816,817
807,Vespa crabro,NL,NA,gbif,4.6,52.55,0.952672290802002,829
808,Vespa crabro,NL,NA,gbif,5.85,51.1,1.0099031448364257,731
809,Vespa crabro,PT,NA,gbif,-8.56,41.1,1.4505515098571777,1231
810,Vespa crabro,NL,NA,gbif,6.5,53.2,0.8977239608764649,804
811,Vespa crabro,NL,NA,gbif,6.5,53.2,0.8977239608764649,804
812,Vespa crabro,DE,NA,gbif,11.7,48.28,0.8517885208129883,882
813,Vespa crabro,NA,"83454 Anger, Germany",inat,12.84,47.8,0.7479114532470703,1468
814,Vespa crabro,GB,NA,gbif,-0.07,51.43,1.0485145568847656,661
815,Vespa crabro,DE,NA,gbif,10.14,53.67,0.8562197685241699,812
816,Vespa crabro,NL,NA,gbif,5.05,52.05,0.9803396224975586,797
817,Vespa crabro,NA,"Cáceres, España",inat,-6.08,39.81,1.5837270736694335,530
818,Vespa crabro,NL,NA,gbif,4.65,51.75,0.9967260360717773,816
819,Vespa crabro,FR,NA,gbif,1.54,43.54,1.281265640258789,705
820,Vespa crabro,NA,"Allée des Lavandes, Saint-Zacharie, Provence-Alpes-Côte d'Azur, FR",inat,5.7,43.38,1.292286491394043,731
821,Vespa crabro,IT,NA,gbif,10.49,44.58,1.1519885063171387,1049
822,Vespa crabro,NL,NA,gbif,6.2,52.25,0.9648281097412109,788
823,Vespa crabro,NL,NA,gbif,5.4,52,0.9671229362487793,780
824,Vespa crabro,NL,NA,gbif,3.85,51.2,1.0390030860900878,773
825,Vespa crabro,NL,NA,gbif,5.85,51,0.9916646003723144,781
826,Vespa crabro,CZ,NA,gbif,12.71,49.95,0.6609593868255615,660
827,Vespa crabro,NA,"Via Roma, Revine Lago, Veneto, IT",inat,12.26,46,1.2267666816711427,975
828,Vespa crabro,NA,"Baden, Österreich",inat,16.04,48.03,0.8605771064758301,680
829,Vespa crabro,NA,"Rua da Rainha, Gatão, Norte, PT",inat,-8.07,41.28,1.3693145751953124,1309
830,Vespa crabro,NL,NA,gbif,6.1,52.35,0.9653812408447265,821
831,Vespa crabro,DE,NA,gbif,7.18,51.26,0.8812573432922364,1153
832,Vespa crabro,NL,NA,gbif,6,51.85,0.9773374557495117,766
833,Vespa crabro,NA,"Fontenay-lès-Briis, France",inat,2.17,48.6,1.0837947845458984,625
834,Vespa crabro,DE,NA,gbif,9.22,50.36,0.7808437347412109,1057
835,Vespa crabro,NL,NA,gbif,5.4,51.4,0.9980051994323731,773
836,Vespa crabro,DE,NA,gbif,6.64,51.36,1.06216459274292,770
837,Vespa crabro,NA,"Leer, DE-NI, DE",inat,7.55,53.2,0.8992708206176758,786
838,Vespa crabro,NA,"Pappelteich, 1230 Wien, Österreich",inat,16.25,48.15,0.9499468803405762,609
839,Vespa crabro,NA,"Provincia di Grosseto, Italia",inat,11.37,42.4,1.5038017272949218,530
840,Vespa crabro,FR,NA,gbif,-3.54,48.62,1.0818365097045899,1058
841,Vespa crabro,NL,NA,gbif,5.85,51.9,0.9808792114257813,791
842,Vespa crabro,NA,"23010 Buglio In Monte SO, Italia",inat,9.68,46.18,0.15217812061309816,931
843,Vespa crabro,FR,NA,gbif,5.16,45,1.1264177322387696,974
844,Vespa crabro,NL,NA,gbif,3.95,51.2,1.0390030860900878,773
845,Vespa crabro,DE,NA,gbif,8.81,50.81,0.8750062942504883,702
846,Vespa crabro,NA,"00166 Roma RM, Italia",inat,12.29,41.88,1.545767116546631,536
847,Vespa crabro,DE,NA,gbif,7.03,50.71,1.0298375129699706,717
848,Vespa crabro,RO,NA,gbif,24.14,45.78,0.8117541313171387,649
849,Vespa crabro,NA,"Parc de l'Étang, la Bruyère, Lieu-dit, 42600 Savigneux, France",inat,4.09,45.61,1.057913589477539,732
850,Vespa crabro,NA,"Eure, Haute-Normandie, FR",inat,0.86,48.96,1.0121155738830567,679
851,Vespa crabro,NA,"Nettuno, Lazio, IT",inat,12.72,41.48,1.6113626480102539,885
852,Vespa crabro,DE,NA,gbif,8.65,49.68,1.022700023651123,684
853,Vespa crabro,NL,NA,gbif,5.85,51.25,1.0021281242370605,732
854,Vespa crabro,FR,NA,gbif,0.26,48,1.1344947814941406,678
855,Vespa crabro,NA,"Κεντρική Μακεδονία, Ελλάδα",inat,23.11,40.6,1.3503520965576172,467
856,Vespa crabro,NA,"Schönholzer Straße, Berlin, DE",inat,13.4,52.57,0.9484271049499512,572
857,Vespa crabro,DE,NA,gbif,7.13,52.51,0.9370916366577149,756
858,Vespa crabro,NA,"Bear Road Flyover (Stop B), Feltham TW13 6QH, UK",inat,-0.4,51.43,1.0744176864624024,608
859,Vespa crabro,DE,NA,gbif,6.92,51.36,1.0297656059265137,883
860,Vespa crabro,NL,NA,gbif,5.05,51.55,0.9860114097595215,794
861,Vespa crabro,NA,"85408 Gammelsdorf-Katharinazell, Deutschland",inat,11.91,48.58,0.818736457824707,819
862,Vespa crabro,NA,"Soimi 164 A, Bihor, Romania, Șoimi 417555, Románia",inat,22.12,46.68,1.007827091217041,599
863,Vespa crabro,NA,"Weyer, Österreich",inat,14.67,47.86,0.7437749862670898,880
864,Vespa crabro,NL,NA,gbif,6.5,52.35,0.9418802261352539,780
865,Vespa crabro,NA,"Trnovec, Hrvatska",inat,16.4,46.29,1.0263176918029786,853
866,Vespa crabro,NL,NA,gbif,5.4,52.45,0.9534229278564453,781
867,Vespa crabro,NL,NA,gbif,4.3,51.65,1.013334369659424,790
868,Vespa crabro,NA,"Ávila, ES-CL, ES",inat,-4.49,40.59,1.0322646141052245,504
869,Vespa crabro,NA,"Saint-Vaast-du-Val, Normandie, FR",inat,1,49.68,1.0224937438964843,773
870,Vespa crabro,NA,"67310 Romanswiller, France",inat,7.38,48.63,0.9522030830383301,778
871,Vespa crabro,NL,NA,gbif,5.85,52.8,0.9702646255493164,821
872,Vespa crabro,GB,NA,gbif,-1.47,51.01,0.9987729072570801,749
873,Vespa crabro,NA,"Dabas, 2370 Dabas, Kossuth utca 5/a, 2370 Hungary",inat,19.31,47.19,1.0521187782287598,510
874,Vespa crabro,NL,NA,gbif,5.9,51.2,1.0021281242370605,732
875,Vespa crabro,IT,NA,gbif,12.53,41.95,1.5642478942871094,760
876,Vespa crabro,NL,NA,gbif,6.05,53.25,0.907870864868164,828
877,Vespa crabro,NA,"Młociny, Warszawa, Polska",inat,20.9,52.31,0.8092989921569824,508
878,Vespa crabro,DE,NA,gbif,13.62,52.33,0.8976739883422852,549
879,Vespa crabro,DE,NA,gbif,6.19,50.91,0.9941916465759277,748
880,Vespa crabro,NA,"22240 Plurien, France",inat,-2.4,48.63,1.1539353370666503,833
881,Vespa crabro,NA,"73800 Coise-Saint-Jean-Pied-Gauthier, France",inat,6.12,45.53,0.8544395446777344,1180
882,Vespa crabro,DE,NA,gbif,12.5,52.49,0.9320864677429199,555
883,Vespa crabro,NA,"8323 Tirschenberg, Österreich",inat,15.72,47.02,0.8973989486694336,828
884,Vespa crabro,NL,NA,gbif,5.8,51.95,0.9700655937194824,799
885,Vespa crabro,NA,"04 Markkleeberg, Germany",inat,12.37,51.25,0.9444021224975586,567
886,Vespa crabro,NL,NA,gbif,4,51.3,1.0351354598999023,797
887,Vespa crabro,NL,NA,gbif,4.75,52.35,0.9732146263122559,830
888,Vespa crabro,NA,"Av.Constitucion-Alfonso Xiii, 28280 El Escorial, Madrid, España",inat,-4.12,40.58,1.2152562141418457,431
889,Vespa crabro,NA,"Rue Aloyse Hoffmann, Roodt-sur-Syre, Grevenmacher, LU",inat,6.31,49.67,0.8899781227111816,817
890,Vespa crabro,NA,via lungo gavine,inat,11.18,43.82,1.4581802368164063,880
891,Vespa crabro,NL,NA,gbif,5.9,51.95,0.9808792114257813,791
892,Vespa crabro,NL,NA,gbif,5.85,52,0.9808792114257813,791
893,Vespa crabro,NL,NA,gbif,3.9,51.6,1.0235614776611328,779
894,Vespa crabro,NL,NA,gbif,5.05,52,0.9610124588012695,776
895,Vespa crabro,NA,"Idstein Busbahnhof, 65510 Idstein, Deutschland",inat,8.27,50.22,0.8777406692504883,729
896,Vespa crabro,NL,NA,gbif,5.75,51.7,0.9782135009765625,760
897,Vespa crabro,NA,Netherlands,inat,6.2,50.92,0.9941916465759277,748
898,Vespa crabro,BE,NA,gbif,3.37,51.03,1.0276729583740234,812
899,Vespa crabro,NL,NA,gbif,5.9,50.95,0.9916646003723144,781
900,Vespa crabro,NA,"Laube, Heuweiler, 79211 Denzlingen, Deutschland",inat,7.91,48.05,0.9761979103088378,1033
901,Vespa crabro,DE,NA,gbif,9.12,48.72,0.8853989601135254,740
902,Vespa crabro,IT,NA,gbif,7.97,45.14,1.2054041862487792,731
903,Vespa crabro,NL,NA,gbif,5.2,51.9,0.9631781578063965,761
904,Vespa crabro,NA,"Seujet, Genève, Suisse",inat,6.13,46.2,0.9738552093505859,1039
905,Vespa crabro,NA,"TIVOLI | Piazza Garibaldi (Villa d'Este) # f11836, 00019 Tivoli RM, Италия",inat,12.8,41.96,1.5321395874023438,843
906,Vespa crabro,NA,"Negrești, România",inat,27.46,46.83,0.9083312034606934,552
907,Vespa crabro,NA,"37290 Preuilly-sur-Claise, France",inat,0.93,46.86,1.135896873474121,703
908,Vespa crabro,NA,"Leicestershire, UK",inat,-1.33,52.81,0.9275406837463379,660
909,Vespa crabro,DE,NA,gbif,7.7,47.73,0.7811521053314209,1405
910,Vespa crabro,NA,"Caravate, XXV Aprile 53, 21032 Caravate VA, Italia",inat,8.64,45.87,1.0934072494506837,1199
911,Vespa crabro,NL,NA,gbif,4.65,51.55,1.0070833206176757,804
912,Vespa crabro,NO,NA,gbif,9.38,59.28,0.6673364639282227,913
913,Vespa crabro,NA,"Czaplinek, Polska",inat,16.23,53.56,0.7979875087738038,666
914,Vespa crabro,DE,NA,gbif,10.92,48.89,0.7976916790008545,767
915,Vespa crabro,NA,"Wachau, Krems an der Donau, Lower Austria, AT",inat,15.56,48.43,0.8586822509765625,594
916,Vespa crabro,NL,NA,gbif,4.9,52.3,0.9645885467529297,826
917,Vespa crabro,NA,Советск,inat,21.9,55.08,0.7101375102996826,735
918,Vespa crabro,NL,NA,gbif,5.9,51.9,0.9808792114257813,791
919,Vespa crabro,NL,NA,gbif,5.95,51.45,0.9843155860900878,737
920,Vespa crabro,NL,NA,gbif,6.45,53.1,0.8974020957946778,835
921,Vespa crabro,DE,NA,gbif,8.48,47.95,0.6829677104949952,1019
922,Vespa crabro,NA,"Glesingerstraße, 8053 Graz, Österreich",inat,15.4,47.04,0.8947572708129883,862
923,Vespa crabro,HR,NA,gbif,16.56,46.22,1.031236457824707,812
924,Vespa crabro,NA,"Ranica Europa 4, 24020 Ranica BG, Italia",inat,9.71,45.73,1.0968093872070312,1017
925,Vespa crabro,NA,"Horsted Keynes, Haywards Heath RH17, UK",inat,-0.03,51.03,0.9736645698547364,782
926,Vespa crabro,DE,NA,gbif,7.2,51.51,0.9944573402404785,888
927,Vespa crabro,NL,NA,gbif,3.55,51.45,1.040852928161621,757
928,Vespa crabro,NL,NA,gbif,4.5,52.05,0.96343231201171875,842
929,Vespa crabro,AT,NA,gbif,11.47,47.09,0.42374372482299805,1009
930,Vespa crabro,NA,"Turkey Road, Bexhill-On-Sea, England, GB",inat,0.46,50.86,1.022257137298584,790
931,Vespa crabro,NL,NA,gbif,5.65,51.65,0.9889708518981933,754
932,Vespa crabro,NA,"Dillenburg Mittelfeld, 35683 Dillenburg, Deutschland",inat,8.29,50.73,0.8186979293823242,893
933,Vespa crabro,NL,NA,gbif,5.7,51.95,0.9700655937194824,799
934,Vespa crabro,NL,NA,gbif,5.5,51.95,0.967956256866455,791
935,Vespa crabro,NA,"Derbyshire, UK",inat,-1.65,53.19,0.8316635131835938,988
936,Vespa crabro,NA,"Aspenweg, Waldbröl, North Rhine-Westphalia, DE",inat,7.66,50.89,0.8634385108947754,1143
937,Vespa crabro,NL,NA,gbif,5.35,51.8,0.9804583549499511,776
938,Vespa crabro,NL,NA,gbif,4.5,52.25,0.9717395782470704,824
939,Vespa crabro,CZ,NA,gbif,14.9,50.43,0.879339599609375,552
940,Vespa crabro,NA,"Sicó/Alvaiazere, Pussos, Centro, PT",inat,-8.39,39.78,1.5509208679199218,853
941,Vespa crabro,NA,"6135 GE Sittard, Nederland",inat,5.85,51,0.9916646003723144,781
942,Vespa crabro,FR,NA,gbif,2.29,48.86,1.160487461090088,632
943,Vespa crabro,NA,"Hangenbieten, France",inat,7.61,48.56,1.0174448013305664,684
944,Vespa crabro,NL,NA,gbif,4.8,51.65,1.0014093399047852,815
945,Vespa crabro,AT,NA,gbif,16.78,47.95,1.0081208229064942,586
946,Vespa crabro,NA,"Heinzelstraße, Görlitz, Saxony, DE",inat,14.98,51.14,0.8464781761169433,676
947,Vespa crabro,NA,"Grafham, Huntingdon PE28 0BE, UK",inat,-0.32,52.3,0.9747572898864746,582
948,Vespa crabro,NA,"Rue Rham, Junglinster, Distrikt Grevenmacher, LU",inat,6.25,49.71,0.8899781227111816,817
949,Vespa crabro,NA,"Приозерский р-н, Ленинградская обл., Россия",inat,29.86,61.11,0.41256041526794435,615
950,Vespa crabro,DE,NA,gbif,9.36,50.3,0.8309926986694336,962
951,Vespa crabro,NA,"Lugo, España",inat,-7.11,42.61,0.9595104217529297,1344
952,Vespa crabro,IT,NA,gbif,9.33,45.52,1.2678531646728515,1068
953,Vespa crabro,NA,"Thames Meadow, Shepperton, England, GB",inat,-0.44,51.39,1.0744176864624024,608
954,Vespa crabro,DE,NA,gbif,7.11,50.73,1.0298375129699706,717
955,Vespa crabro,NA,"Innsbruck, Österreich",inat,11.33,47.27,0.5379750251770019,1098
956,Vespa crabro,NA,"Chulmleigh EX18, UK",inat,-3.87,50.91,0.9922687530517578,1121
957,Vespa crabro,NA,"Southwest Finland, FI-LS, FI",inat,22.71,60.17,0.5199013233184815,677
958,Vespa crabro,NA,"3601 Dürnstein, Österreich",inat,15.52,48.39,0.8586822509765625,594
959,Vespa crabro,NA,"7C59+2FJ, 6215-151 Cortes do Meio, Portugal",inat,-7.58,40.26,1.2362229347229003,1315
960,Vespa crabro,FR,NA,gbif,-0.12,48.42,1.037557315826416,771
961,Vespa crabro,NA,"Dieweg, Uccle, Brussels-Capital Region, BE",inat,4.34,50.79,1.0074718475341797,805
962,Vespa crabro,NL,NA,gbif,5.45,52.05,0.953948974609375,836
963,Vespa crabro,NA,"Latteridge, Bristol BS37, UK",inat,-2.49,51.56,0.9950249671936036,797
964,Vespa crabro,NL,NA,gbif,4,51.4,1.028324794769287,799
965,Vespa crabro,DE,NA,gbif,11.58,48.18,0.8684281349182129,889
966,Vespa crabro,NA,"Bratislava V, Bratislava, SK",inat,17.17,48.04,1.005454158782959,606
967,Vespa crabro,NL,NA,gbif,5.25,52.05,0.9599833488464355,815
968,Vespa crabro,DE,NA,gbif,10,54.1,0.8427531242370605,817
969,Vespa crabro,NL,NA,gbif,4.6,52.4,0.9709492683410644,828
970,Vespa crabro,NA,"Praha - západ, Středočeský, Czechia",inat,14.32,49.99,0.8207864761352539,525
971,Vespa crabro,NL,NA,gbif,5.15,51.35,0.9912364959716797,790
972,Vespa crabro,NA,"Hessen, DE",inat,9.45,51.2,0.848146915435791,707
973,Vespa crabro,NA,"99947 Weberstedt, Deutschland",inat,10.5,51.11,0.840106201171875,646
974,Vespa crabro,NA,"86 Kaufering, Germany",inat,10.86,48.09,0.7819083213806153,969
975,Vespa crabro,NL,NA,gbif,5.85,50.75,0.9454999923706054,888
976,Vespa crabro,DE,NA,gbif,9.78,54.51,0.8322978973388672,878
977,Vespa crabro,NA,"81360 Montredon-Labessonnié, France",inat,2.34,43.73,1.1199937820434571,818
978,Vespa crabro,NA,"Montreux, Schweiz",inat,6.91,46.43,0.839759349822998,1314
979,Vespa crabro,NA,"9353 Bettendorf, Luxemburg",inat,6.23,49.87,0.8926301956176758,842
980,Vespa crabro,DE,NA,gbif,11.62,48.22,0.8684281349182129,889
981,Vespa crabro,NA,"Poppendorf, Österreich",inat,15.86,46.87,0.9042864799499511,829
982,Vespa crabro,NA,"Dunapataj, Szeliditópart, 6328 Magyarország",inat,19.05,46.63,1.0842145919799804,522
983,Vespa crabro,NA,"Oltre il Colle - via roma, 60, 24013 Oltre Il Colle BG, Italia",inat,9.77,45.89,0.6378854274749756,908
984,Vespa crabro,NA,"Ávila, España",inat,-5.13,40.21,1.1363759994506837,584
985,Vespa crabro,NL,NA,gbif,4.65,51.8,0.9967260360717773,816
986,Vespa crabro,NL,NA,gbif,6.05,52.75,0.9534812927246094,811
987,Vespa crabro,NA,"Bannau Brycheiniog National Park, Crickhowell, Wales, GB",inat,-3.17,51.86,0.8880072593688965,1247
988,Vespa crabro,NA,"Zeebrugge, Bruges, Belgium",inat,3.21,51.28,1.0298015594482421,783
989,Vespa crabro,DE,NA,gbif,8.6,53.59,0.920223331451416,726
990,Vespa crabro,NL,NA,gbif,5.45,51.85,0.9671229362487793,780
991,Vespa crabro,PT,NA,gbif,-8.37,39.61,1.607213592529297,768
992,Vespa crabro,NA,"Lošonec 442, 919 04 Lošonec, Slovakia",inat,17.4,48.49,0.9187958717346192,709
993,Vespa crabro,HU,NA,gbif,20.44,48.04,0.79508957862854,594
994,Vespa crabro,NA,"Mossingen, Baden-Württemberg, DE",inat,9.05,48.38,0.7882729053497315,832
995,Vespa crabro,DE,NA,gbif,10.64,51.12,0.840106201171875,646
996,Vespa crabro,DE,NA,gbif,8.53,49.17,1.0643312454223632,750
997,Vespa crabro,DE,NA,gbif,9,50.73,0.8309228897094727,775
998,Vespa crabro,NA,"Saint-Gingolph, France",inat,6.78,46.39,0.8990625381469727,1306
999,Vespa crabro,NL,NA,gbif,5.75,53.2,0.9075902938842774,811
1000,Vespa crabro,NA,"Route les Sables, Azay-sur-Cher, Centre-Val de Loire, FR",inat,0.86,47.31,1.1361239433288575,678
1001,Vespa crabro,NA,"77165 Saint-Soupplets, France",inat,2.79,49.02,1.0260062217712402,643
1002,Vespa crabro,NA,"Route de St-Sauveur, Saint-Andiol, Provence-Alpes-Côte d'Azur, FR",inat,4.95,43.84,1.4526844024658203,747
1003,Vespa crabro,NA,"38440 Moidieu-Détourbe, France",inat,5.01,45.52,1.105828094482422,930
1004,Vespa crabro,DE,NA,gbif,6.99,50.83,1.0050749778747559,678
1005,Vespa crabro,NA,"Sady Żoliborskie 05, Warszawa, Polska",inat,20.97,52.27,0.8092989921569824,508
1006,Vespa crabro,NL,NA,gbif,4.6,51.9,0.9911375045776367,858
1007,Vespa crabro,NL,NA,gbif,4.6,52.5,0.9709492683410644,828
1008,Vespa crabro,GB,NA,gbif,-1.44,54.06,0.9084968566894531,643
1009,Vespa crabro,NA,"Ávila, España",inat,-5.02,40.25,1.1363759994506837,584
1010,Vespa crabro,DE,NA,gbif,11.5,48.16,0.8841385841369629,1006
1011,Vespa crabro,NA,"Hundeauslaufzone, A22, 39051, 39051 Pfatten, Autonome Provinz Bozen - Südtirol, Italien",inat,11.26,46.45,0.9285968780517578,685
1012,Vespa crabro,NL,NA,gbif,6.3,52.1,0.9676468849182129,789
1013,Vespa crabro,NL,NA,gbif,6.15,52.1,0.9595292091369629,817
1014,Vespa crabro,NA,"Kenilworth Road, Solihull, England, GB",inat,-1.7,52.38,0.9318979263305665,715
1015,Vespa crabro,DE,NA,gbif,10.69,53.86,0.8582394599914551,674
1016,Vespa crabro,DE,NA,gbif,7.19,50.7,0.9682728767395019,827
1017,Vespa crabro,NA,"Sjælland, Karlslunde, Region Sjælland, DK",inat,12.23,55.57,0.8342547416687012,615
1018,Vespa crabro,NA,"Gävle, Sverige",inat,17.19,60.65,0.5325221061706543,625
1019,Vespa crabro,NL,NA,gbif,6.6,53.4,0.9070029258728027,829
1020,Vespa crabro,NA,"Malemort-du-Comtat, Frankreich",inat,5.16,44.02,1.369518756866455,800
1021,Vespa crabro,NA,"33010 Bordano UD, Italia",inat,13.11,46.31,1.1376708030700684,1603
1022,Vespa crabro,NA,"41200 Romorantin-Lanthenay, France",inat,1.76,47.35,1.1346593856811524,675
1023,Vespa crabro,NA,"Θεσσαλία, Ελλάδα",inat,21.59,39.72,1.378056240081787,715
1024,Vespa crabro,NL,NA,gbif,5.4,51.45,0.9980051994323731,773
1025,Vespa crabro,NL,NA,gbif,4.7,51.75,0.9918021202087403,806
1026,Vespa crabro,NL,NA,gbif,5.65,50.85,0.9943770408630371,774
1027,Vespa crabro,NA,"Der Breite Waldweg, Koblenz, Rheinland-Pfalz, DE",inat,7.65,50.33,0.9187614440917968,729
1028,Vespa crabro,NA,"Unterfeld, Kraubath an der Mur, Steiermark, AT",inat,14.94,47.3,0.6277937412261962,1042
1029,Vespa crabro,NL,NA,gbif,4.6,51.55,1.0070833206176757,804
1030,Vespa crabro,NA,"83340 Le Cannet-des-Maures, France",inat,6.34,43.38,1.4457780838012695,769
1031,Vespa crabro,DE,NA,gbif,13.96,53.19,0.858131217956543,494
1032,Vespa crabro,NA,"Verona, VR, Italy",inat,11,45.41,1.312080192565918,824
1033,Vespa crabro,NA,"Mougás, Oia, Pontevedra, España",inat,-8.88,42.05,1.3191458702087402,1641
1034,Vespa crabro,NA,"00060 Canale Monterano RM, Italia",inat,12.07,42.14,1.4577115058898926,255
1035,Vespa crabro,NA,Casa Vilajuïga,inat,3.09,42.32,1.5146594047546387,546
1036,Vespa crabro,DE,NA,gbif,8.77,48.88,0.9109313011169433,896
1037,Vespa crabro,NA,"Weyer, Österreich",inat,14.67,47.86,0.7437749862670898,880
1038,Vespa crabro,NA,"Fenn Street, Rochester, England, GB",inat,0.59,51.45,1.0258443832397461,590
1039,Vespa crabro,DE,NA,gbif,10.25,50.19,0.8346135139465332,675
1040,Vespa crabro,NL,NA,gbif,4.45,51.55,1.0125802040100098,791
1041,Vespa crabro,NA,"Riedgraben, Bad Kissingen, 97688 Bad Kissingen, Deutschland",inat,10.06,50.19,0.848783302307129,736
1042,Vespa crabro,NA,"Parco Nord Milano - Bresso - MI, Italia",inat,9.2,45.53,1.2678531646728515,1068
1043,Vespa crabro,NA,Furmany,inat,21.8,50.61,0.8176572799682618,550
1044,Vespa crabro,NL,NA,gbif,5.6,51.95,0.967956256866455,791
1045,Vespa crabro,NA,"Leipheimer Moos, Schwarzfelder Weg 3, 89340 Leipheim, Deutschland",inat,10.22,48.48,0.8334229469299317,822
1046,Vespa crabro,NA,"1,Jennersdorf, Österreich",inat,16.16,46.96,0.9148364067077637,779
1047,Vespa crabro,FR,NA,gbif,-1.5,48.08,1.1285624504089355,751
1048,Vespa crabro,NA,"13520 Maussane-les-Alpilles, Frankreich",inat,4.8,43.72,1.4690479278564452,730
1049,Vespa crabro,NL,NA,gbif,6.2,51.85,0.9738615036010743,761
1050,Vespa crabro,NA,"557195 Racoviţa, România",inat,24.34,45.68,0.8293770790100098,628
1051,Vespa crabro,ES,NA,gbif,-6.31,43.27,1.0618687629699708,1106
1052,Vespa crabro,DE,NA,gbif,7.24,50.7,0.9682728767395019,827
1053,Vespa crabro,NA,"Municipality of Debarca, North Macedonia",inat,20.82,41.32,0.9744791984558105,874
1054,Vespa crabro,DE,NA,gbif,11.89,54.11,0.852837085723877,609
1055,Vespa crabro,NL,NA,gbif,3.9,51.65,1.0235614776611328,779
1056,Vespa crabro,DE,NA,gbif,8.51,48.35,0.7874000072479248,1076
1057,Vespa crabro,NA,"88693 Deggenhausertal, Germany",inat,9.37,47.8,0.8688416481018066,972
1058,Vespa crabro,NA,"Steinen, Baden-Württemberg, DE",inat,7.74,47.64,0.9520146369934082,1067
1059,Vespa crabro,NA,"Soimi 164 A, Bihor, Romania, Șoimi 417555, Románia",inat,22.12,46.68,1.007827091217041,599
1060,Vespa crabro,NA,"Wiesbaden, Hessen, Germany",inat,8.29,50.11,0.9595843315124511,653
1061,Vespa crabro,NL,NA,gbif,4.45,51.9,0.997988510131836,863
1062,Vespa crabro,BE,NA,gbif,3.73,51.05,1.0652593612670898,792
1063,Vespa crabro,NA,"Soimi, Románia",inat,22.13,46.68,1.007827091217041,599
1064,Vespa crabro,NA,"Újudvar, 8778 Magyarország",inat,17.02,46.57,1.0071072578430176,698
1065,Vespa crabro,DE,NA,gbif,8.23,49.1,1.0336833000183105,748
1066,Vespa crabro,NL,NA,gbif,5.5,51.55,0.9889708518981933,754
1067,Vespa crabro,NA,"Brumovice, Brumovice, South Moravian Region, CZ",inat,16.9,48.97,0.93973541259765625,589
1068,Vespa crabro,NL,NA,gbif,5.85,51,0.9916646003723144,781
1069,Vespa crabro,DK,NA,gbif,10.78,54.92,0.8663847923278809,575
1070,Vespa crabro,FR,NA,gbif,3.04,50.64,1.039511489868164,716
1071,Vespa crabro,DE,NA,gbif,7.45,53.08,0.9136083602905274,780
1072,Vespa crabro,NL,NA,gbif,5.15,51.95,0.9610124588012695,776
1073,Vespa crabro,NL,NA,gbif,4.5,52.15,0.96343231201171875,842
1074,Vespa crabro,DE,NA,gbif,8.48,49.76,1.0541364669799804,590
1075,Vespa crabro,IT,NA,gbif,11.8,45.67,1.2566499710083008,984
1076,Vespa crabro,NA,"Rue de Bâle, Geispolsheim, Grand Est, FR",inat,7.68,48.52,1.061342716217041,735
1077,Vespa crabro,FR,NA,gbif,-0.78,46.5,1.2296541213989258,772
1078,Vespa crabro,FR,NA,gbif,-0.12,49.04,1.1221447944641114,715
1079,Vespa crabro,DE,NA,gbif,8.58,50.01,1.0215635299682617,620
1080,Vespa crabro,DE,NA,gbif,14,51.53,0.9201781272888183,608
1081,Vespa crabro,NL,NA,gbif,6.2,52.15,0.9676468849182129,789
1082,Vespa crabro,FR,NA,gbif,1.9,47.9,1.1175864219665528,641
1083,Vespa crabro,NA,"Hohenzollerndamm, Berlin, Berlin, DE",inat,13.32,52.49,0.919979190826416,558
1084,Vespa crabro,NA,"High Road, Willowfield, Basildon SS15 6DQ, UK",inat,0.42,51.58,0.9966202735900879,587
1085,Vespa crabro,GB,NA,gbif,-0.15,51.43,1.0485145568847656,661
1086,Vespa crabro,NL,NA,gbif,5.35,51.7,0.9804583549499511,776
1087,Vespa crabro,NL,NA,gbif,4.85,51.9,0.9609541893005371,800
1088,Vespa crabro,NL,NA,gbif,4.9,52.3,0.9645885467529297,826
1089,Vespa crabro,GB,NA,gbif,-1.93,53.04,0.8015041351318359,1022
1090,Vespa crabro,GB,NA,gbif,1.38,52.34,0.9651749610900879,594
1091,Vespa crabro,NA,"39122 Magdeburg-Salbke, Deutschland",inat,11.67,52.08,0.9357135772705079,508
1092,Vespa crabro,NL,NA,gbif,6.15,52.1,0.9595292091369629,817
1093,Vespa crabro,NL,NA,gbif,5.5,51.35,0.9889156341552734,757
1094,Vespa crabro,CZ,NA,gbif,13.51,49.17,0.7175687313079834,898
1095,Vespa crabro,DE,NA,gbif,7.17,51.02,0.8803229331970215,1126
1096,Vespa crabro,NA,Belgium,inat,4.51,50.63,0.9876062393188476,797
1097,Vespa crabro,NL,NA,gbif,5.65,51.95,0.967956256866455,791
1098,Vespa crabro,PL,NA,gbif,16.66,52.26,0.8341562271118164,514
1099,Vespa crabro,DE,NA,gbif,9.12,49.92,0.9606249809265137,805
1100,Vespa crabro,NL,NA,gbif,6.25,52.3,0.9648281097412109,788
1101,Vespa crabro,NL,NA,gbif,4.95,51.9,0.9609541893005371,800
1102,Vespa crabro,NA,"Innsbruck, Tirol, Austria",inat,11.33,47.27,0.5379750251770019,1098
1103,Vespa crabro,NA,Portugal,inat,-7.83,40.04,1.3918135643005372,1167
1104,Vespa crabro,NA,"Cataluña, ES",inat,2.63,41.85,1.2681073188781737,806
1105,Vespa crabro,GB,NA,gbif,-1.04,53.26,0.9197822570800781,632
1106,Vespa crabro,NL,NA,gbif,6.1,52.2,0.9708478927612305,835
1107,Vespa crabro,NL,NA,gbif,4.6,52.35,0.9709492683410644,828
1108,Vespa crabro,DE,NA,gbif,8.27,48.97,1.0350760459899901,871
1109,Vespa crabro,NA,"Chemin du Ramierou, Montauban, Occitanie, FR",inat,1.39,44.02,1.2861332893371582,741
1110,Vespa crabro,IT,NA,gbif,7.69,45.06,1.237971878051758,800
1111,Vespa crabro,NL,NA,gbif,4.55,51.85,0.9911375045776367,858
1112,Vespa crabro,NL,NA,gbif,6.35,53.15,0.8974020957946778,835
1113,Vespa crabro,NA,"Fulbrook, Burford OX18 4DB, UK",inat,-1.6,51.82,0.9750781059265137,663
1114,Vespa crabro,DE,NA,gbif,6.93,50.93,1.0670458793640136,745
1115,Vespa crabro,NL,NA,gbif,5.85,51.05,1.0099031448364257,731
1116,Vespa crabro,NA,"Pickersdane, Ashford, England, GB",inat,0.97,51.17,0.9861823081970215,684
1117,Vespa crabro,NL,NA,gbif,5.7,52.6,0.9825124740600586,794
1118,Vespa crabro,NL,NA,gbif,6.45,52.35,0.9452625274658203,791
1119,Vespa crabro,NA,"Düsseldorf, Nordrhein-Westfalen, Germany",inat,6.86,51.2,1.0064468383789062,905
1120,Vespa crabro,DE,NA,gbif,7.07,51.6,1.0221354484558105,872
1121,Vespa crabro,NA,"2495 Fátima, Portugal",inat,-8.68,39.63,1.4585562705993653,862
1122,Vespa crabro,NA,"Forlì-Cesena, Italië",inat,11.99,44.03,1.244136428833008,884
1123,Vespa crabro,FR,NA,gbif,7.26,48.14,0.9235551834106446,841
1124,Vespa crabro,FR,NA,gbif,7.7,48.57,1.061342716217041,735
1125,Vespa crabro,NA,"78125 Gazeran, France",inat,1.78,48.67,1.0272135734558105,626
1126,Vespa crabro,NA,"Hely: 47,614650, 19,422400",inat,19.42,47.61,0.9852531433105469,535
1127,Vespa crabro,NA,"Lgt Armi/Monte Grappa, 00195 Roma RM, Italy",inat,12.47,41.92,1.5392760276794433,601
1128,Vespa crabro,NA,"Koburger Straße, Leipzig, Saxony, DE",inat,12.37,51.3,0.9444021224975586,567
1129,Vespa crabro,DE,NA,gbif,6.77,51.25,1.0587124824523926,788
1130,Vespa crabro,NA,"Rijssen, Netherlands",inat,6.47,52.31,0.9475176811218262,793
1131,Vespa crabro,NL,NA,gbif,6.05,51.2,1.0026583671569824,734
1132,Vespa crabro,CZ,NA,gbif,14.31,50.07,0.8207219123840332,504
1133,Vespa crabro,HR,NA,gbif,16.47,46.23,1.0263176918029786,853
1134,Vespa crabro,NA,"Mågevej (Faaborg Midtfyn), 5772 Kværndrup, Danmark",inat,10.52,55.18,0.8323729515075684,621
1135,Vespa crabro,NL,NA,gbif,4.4,52.1,0.971110725402832,849
1136,Vespa crabro,NA,"Plaisance-du-Touch, Occitanie, FR",inat,1.27,43.56,1.2634156227111817,739
1137,Vespa crabro,NA,"Pragrande, Pula, Hrvatska",inat,13.86,44.86,1.3711278915405274,824
1138,Vespa crabro,NA,"Colico - Villatico (chiesa), 23823 Colico LC, Italia",inat,9.37,46.13,0.7759593963623047,1164
1139,Vespa crabro,NA,"Strandbad, 68199 Mannheim, Deutschland",inat,8.45,49.45,1.051504135131836,669
1140,Vespa crabro,NL,NA,gbif,3.9,51.25,1.0390030860900878,773
1141,Vespa crabro,NL,NA,gbif,4.05,51.55,1.0141395568847655,791
1142,Vespa crabro,NA,"39044 Neumarkt, Autonome Provinz Bozen - Südtirol, Italien",inat,11.28,46.31,0.8883832931518555,638
1143,Vespa crabro,NL,NA,gbif,4.9,51.4,0.9976905822753906,802
1144,Vespa crabro,NL,NA,gbif,5.85,51,0.9916646003723144,781
1145,Vespa crabro,FR,NA,gbif,4.8,45.24,1.1537489891052246,861
1146,Vespa crabro,GB,NA,gbif,-1.98,51.51,0.9666000366210937,681
1147,Vespa crabro,NA,"Cern, 1217 Meyrin, Switzerland",inat,6.06,46.23,0.9738552093505859,1039
1148,Vespa crabro,DE,NA,gbif,11.33,50.24,0.8166146278381348,749
1149,Vespa crabro,GB,NA,gbif,-2.07,52.29,0.9326791763305664,805
1150,Vespa crabro,NA,"Comuna Șimian, România",inat,22.69,44.61,1.1620854377746581,619
1151,Vespa crabro,NA,"Schmölzingerweg, Villach, Carinthia, AT",inat,13.82,46.6,0.6615333080291748,1499
1152,Vespa crabro,NL,NA,gbif,6,51.25,1.0026583671569824,734
1153,Vespa crabro,NA,"Novara, Italia",inat,8.61,45.45,1.1822479248046875,903
1154,Vespa crabro,NA,"83050 Senerchia AV, Italia",inat,15.2,40.74,1.2076229095458983,764
1155,Vespa crabro,ES,NA,gbif,-4.15,40.57,1.2152562141418457,431
1156,Vespa crabro,FR,NA,gbif,5.91,45.31,0.8785896301269531,1134
1157,Vespa crabro,NA,"Park Lane, Tamworth, England, GB",inat,-1.71,52.62,0.937080192565918,696
1158,Vespa crabro,NA,"708 00 Ostrava-Poruba, Česko",inat,18.17,49.83,0.85047607421875,701
1159,Vespa crabro,NA,"Kwiatkowskiej 01, 81-578 Gdynia, Polska",inat,18.43,54.49,0.7288093566894531,674
1160,Vespa crabro,NA,"Evangelischer Friedhof Simmering, Wien, Wien, AT",inat,16.43,48.16,1.019963550567627,571
1161,Vespa crabro,DE,NA,gbif,9.49,51.3,0.848146915435791,707
1162,Vespa crabro,NL,NA,gbif,6.55,52.2,0.9446489334106445,791
1163,Vespa crabro,NA,"Central Macedonia, Greece",inat,23.28,40.52,1.3323895454406738,471
1164,Vespa crabro,NA,"49320 Blaison-Saint-Sulpice, France",inat,-0.37,47.4,1.1772989273071288,714
1165,Vespa crabro,NA,"Bielsko-Biała, Polska",inat,19.05,49.77,0.7171854019165039,933
1166,Vespa crabro,NA,"Brzeźnica 342, 39-207, Polska",inat,21.49,50.1,0.8256843566894532,642
1167,Vespa crabro,NA,"Vogelschutzgebiet 'Rieselfelder Münster', Coermühle 181, 48157 Münster, Germany",inat,7.65,52.03,0.9567812919616699,747
1168,Vespa crabro,NA,"Cotterstock, Peterborough PE8, UK",inat,-0.47,52.5,0.9524499893188476,614
1169,Vespa crabro,NA,"Erdőtelek, 3358 Magyarország",inat,20.35,47.7,1.0430989265441895,504
1170,Vespa crabro,NA,"Schinveld, Nederland",inat,6.03,50.98,0.990902042388916,782
1171,Vespa crabro,AT,NA,gbif,15.75,47.01,0.8973989486694336,828
1172,Vespa crabro,NL,NA,gbif,4.55,52.35,0.9709492683410644,828
1173,Vespa crabro,NA,"66399 Mandelbachtal, Deutschland",inat,7.2,49.2,0.9124896049499511,919
1174,Vespa crabro,SK,NA,gbif,18.58,48.78,0.8208874702453614,717
1175,Vespa crabro,NA,"Granada, España",inat,-3.55,37.26,1.4439489364624023,456
1176,Vespa crabro,NA,"55 Ingelheim am Rhein, Deutschland",inat,8.05,49.99,0.9874885559082032,573
1177,Vespa crabro,PT,NA,gbif,-7.77,39.73,1.5760812759399414,838
1178,Vespa crabro,AT,NA,gbif,13.97,46.68,0.4478426933288574,1541
1179,Vespa crabro,NA,"00060 Canale Monterano RM, Italia",inat,12.05,42.13,1.4577115058898926,255
1180,Vespa crabro,NA,"Steinberg, 64285 Darmstadt-Bessungen, Germany",inat,8.66,49.86,1.020603084564209,638
1181,Vespa crabro,NA,"Kiskunlacháza, 2340 Magyarország",inat,19,47.17,1.0827614784240722,513
1182,Vespa crabro,HR,NA,gbif,15.61,43.89,1.4212200164794921,798
1183,Vespa crabro,NA,"Obernau Am Obstkeller, Aschaffenburg, 63743 Aschaffenburg, Deutschland",inat,9.14,49.93,0.9606249809265137,805
1184,Vespa crabro,NA,"68 Schwetzingen, Deutschland",inat,8.5,49.4,1.0747780799865723,726
1185,Vespa crabro,NA,"An der Liesing, 1230 Wien, Österreich",inat,16.26,48.14,0.9499468803405762,609
1186,Vespa crabro,NA,"20093 Cologno Monzese MI, Italia",inat,9.26,45.53,1.2678531646728515,1068
1187,Vespa crabro,NL,NA,gbif,4.65,51.75,0.9967260360717773,816
1188,Vespa crabro,BE,NA,gbif,4.56,51.09,1.0294468879699707,777
1189,Vespa crabro,NA,"45025 Fratta Polesine RO, Italia",inat,11.64,45.03,1.3635489463806152,703
1190,Vespa crabro,NA,"Hou, 9370 Hals, Danmark",inat,10.38,57.05,0.7761559963226319,622
1191,Vespa crabro,NA,"North Jutlandic Island, Snedsted, Region Nordjütland, DK",inat,8.45,56.9,0.7968364238739014,806
1192,Vespa crabro,NA,"Cité du Rail, 68300 Saint-Louis, France",inat,7.55,47.6,1.0200145721435547,805
1193,Vespa crabro,NL,NA,gbif,5.95,51.15,1.0099031448364257,731
1194,Vespa crabro,NA,"Provincia di Frosinone, Italia",inat,13.01,41.78,1.3984364509582519,1012
1195,Vespa crabro,NA,"Shenstone, UK",inat,-1.84,52.65,0.919502067565918,853
1196,Vespa crabro,DE,NA,gbif,13.81,51.19,0.9227531433105469,640
1197,Vespa crabro,NL,NA,gbif,5.35,51.65,0.9877718925476074,767
1198,Vespa crabro,NA,"3865 Salreu, Portugal",inat,-8.59,40.73,1.46934814453125,1032
1199,Vespa crabro,DK,NA,gbif,9.23,55.48,0.7808541774749755,835
1200,Vespa crabro,NA,"83580 Gassin, France",inat,6.56,43.23,1.4828852653503417,802
1201,Vespa crabro,NL,NA,gbif,5.65,51.55,0.9889708518981933,754
1202,Vespa crabro,NA,"West Macedonia Region, Greece",inat,21.13,40.8,0.9502374649047851,784
1203,Vespa crabro,NA,"04 Regis-Breitingen, Germany",inat,12.44,51.08,0.931485366821289,610
1204,Vespa crabro,NA,"68300 Saint-Louis, France",inat,7.55,47.62,1.0200145721435547,805
1205,Vespa crabro,NA,"5220 Zatolmin, Slovenia",inat,13.74,46.2,0.5684999942779541,2127
1206,Vespa crabro,NL,NA,gbif,4.8,51.55,1.0014093399047852,815
1207,Vespa crabro,NL,NA,gbif,5.75,52.05,0.9482698440551758,841
1208,Vespa crabro,NA,"Regensburg, Bayern, Germany",inat,11.96,49.01,0.8111478805541992,721
1209,Vespa crabro,NL,NA,gbif,5.25,51.55,0.9838749885559082,773
1210,Vespa crabro,NL,NA,gbif,5.35,51.35,0.9980051994323731,773
1211,Vespa crabro,NA,"Dąbrówka Szlachecka, Warszawa, Polska",inat,20.95,52.35,0.7938687324523925,464
1212,Vespa crabro,NL,NA,gbif,6.05,53.35,0.9052278518676757,818
1213,Vespa crabro,NA,"Hofhaymer-Allee, Salzburg, Salzburg, AT",inat,13.06,47.79,0.8130990028381347,1307
1214,Vespa crabro,GB,NA,gbif,-2.24,52.34,0.9134166717529297,938
1215,Vespa crabro,FR,NA,gbif,2.47,44.45,1.094112491607666,746
1216,Vespa crabro,NL,NA,gbif,5.3,51.85,0.9631781578063965,761
1217,Vespa crabro,NA,"8953 Dietikon, Schweiz",inat,8.39,47.41,0.9073719024658203,1137
1218,Vespa crabro,GB,NA,gbif,-1.99,53.89,0.8448989868164063,1125
1219,Vespa crabro,NA,"87600 Kaufbeuren-Oberbeuren, Deutschland",inat,10.6,47.87,0.7414958477020264,1168
1220,Vespa crabro,NL,NA,gbif,5.9,51.95,0.9808792114257813,791
1221,Vespa crabro,NA,"Mayenne, Pays de la Loire, France",inat,-1.04,48.23,1.0951427459716796,775
1222,Vespa crabro,FR,NA,gbif,4.93,43.71,1.4275875091552734,734
1223,Vespa crabro,NA,"76380 Canteleu, France",inat,1.01,49.43,1.0838677406311035,724
1224,Vespa crabro,DE,NA,gbif,6.74,49.73,0.8938666343688965,873
1225,Vespa crabro,MD,NA,gbif,28.86,47.05,0.982420825958252,545
1226,Vespa crabro,NA,"Ashcott, UK",inat,-2.79,51.15,1.0318676948547363,799
1227,Vespa crabro,DE,NA,gbif,6.63,51.79,0.9929187774658204,748
1228,Vespa crabro,DE,NA,gbif,7.79,51.98,0.956306266784668,753
1229,Vespa crabro,NA,"89100 Soucy, France",inat,3.36,48.25,1.0345698356628419,654
1230,Vespa crabro,NA,"66680 Canohès, France",inat,2.83,42.65,1.4064322471618653,619
1231,Vespa crabro,NA,"Mamers, Pays de la Loire, France",inat,-0.2,48.16,1.1265104293823243,757
1232,Vespa crabro,BE,NA,gbif,3.71,50.77,1.012112522125244,792
1233,Vespa crabro,CH,NA,gbif,6.01,46.16,0.8976312637329101,1098
1234,Vespa crabro,FR,NA,gbif,-3.96,47.93,1.1710904121398926,1035
1235,Vespa crabro,SE,NA,gbif,18.37,59.32,0.6472183704376221,585
1236,Vespa crabro,NL,NA,gbif,5.4,52,0.9671229362487793,780
1237,Vespa crabro,NA,"07-306 Brok, Polska",inat,21.85,52.7,0.7604343891143799,496
1238,Vespa crabro,NL,NA,gbif,4.05,51.25,1.0351354598999023,797
1239,Vespa crabro,NL,NA,gbif,5.75,51.4,0.9874812126159668,737
1240,Vespa crabro,DE,NA,gbif,9.12,49.93,0.9606249809265137,805
1241,Vespa crabro,NA,"Зеленоградск, Калининградская обл., Россия",inat,20.48,54.96,0.7614500045776367,784
1242,Vespa crabro,IT,NA,gbif,9.5,45.62,1.258298969268799,1021
1243,Vespa crabro,NA,"Bad Wilsnacker Straße, Bad Wilsnack, Brandenburg, DE",inat,11.86,52.96,0.9347749710083008,573
1244,Vespa crabro,NA,"Amstetten, AT-NO, AT",inat,14.86,48.23,0.7639562606811523,771
1245,Vespa crabro,GB,NA,gbif,-0.57,53.24,0.9665260314941406,569
1246,Vespa crabro,GB,NA,gbif,0.31,51.16,0.9762770652770996,794
1247,Vespa crabro,NL,NA,gbif,3.75,51.3,1.0463364601135254,769
1248,Vespa crabro,NL,NA,gbif,6,51.85,0.9773374557495117,766
1249,Vespa crabro,GB,NA,gbif,-1.14,53.99,0.9251280784606933,595
1250,Vespa crabro,NA,"G4W6+J3, 45889 Gelsenkirchen, Deutschland",inat,7.11,51.55,1.0221354484558105,872
1251,Vespa crabro,FR,NA,gbif,0.64,48.3,1.0586853981018067,675
1252,Vespa crabro,NL,NA,gbif,6.35,51.95,0.9709635734558105,742
1253,Vespa crabro,NL,NA,gbif,5.85,51.85,0.9808792114257813,791
1254,Vespa crabro,NA,"Asturias, España",inat,-5.52,43.53,1.3469687461853028,959
1255,Vespa crabro,FR,NA,gbif,1.58,47.7,1.121596908569336,643
1256,Vespa crabro,FR,NA,gbif,-0.82,45.15,1.2793657302856445,918
1257,Vespa crabro,NL,NA,gbif,6.5,51.9,0.9658645629882813,771
1258,Vespa crabro,ES,NA,gbif,-4.03,40.88,1.0492083549499511,522
1259,Vespa crabro,NL,NA,gbif,5.65,52.5,0.9651364326477051,800
1260,Vespa crabro,NA,"The Avenue, Bedford, England, GB",inat,-0.51,52.21,0.9523354530334472,616
1261,Vespa crabro,DE,NA,gbif,10.27,48.36,0.8334229469299317,822
1262,Vespa crabro,NA,"85077 Manching-Pichl, Deutschland",inat,11.47,48.71,0.8617218971252442,743
1263,Vespa crabro,NA,"Bogenhausen, München, Bayern, Deutschland",inat,11.63,48.14,0.8841385841369629,1006
1264,Vespa crabro,NA,"Ingelheimer Straße, Darmstadt, Hessen, DE",inat,8.64,49.86,1.020603084564209,638
1265,Vespa crabro,NA,"Modena, Emilia-Romagna, Italy",inat,10.94,44.26,1.0933635711669922,1102
1266,Vespa crabro,NL,NA,gbif,6,52.1,0.9595292091369629,817
1267,Vespa crabro,NA,"Schlosshof Garath, Düsseldorf, Nordrhein-Westfalen, DE",inat,6.91,51.14,1.057521915435791,811
1268,Vespa crabro,DE,NA,gbif,6.25,50.76,0.9189249992370605,871
1269,Vespa crabro,DE,NA,gbif,8.48,49.99,1.0403801918029785,579
1270,Vespa crabro,NA,"Odemira, Portugal",inat,-8.62,37.58,1.623336410522461,561
1271,Vespa crabro,NA,"Am Silberberg, Raaba-Grambach, Steiermark, AT",inat,15.5,47.04,0.8786749839782715,858
1272,Vespa crabro,NA,"68128 Rosenau, France",inat,7.55,47.62,1.0200145721435547,805
1273,Vespa crabro,NA,"Montigny-sur-Loing, France",inat,2.75,48.34,1.0644302368164062,633
1274,Vespa crabro,GB,NA,gbif,0.03,51.57,1.0349489212036134,611
1275,Vespa crabro,ES,NA,gbif,-4.21,43.23,1.2260156631469727,904
1276,Vespa crabro,AT,NA,gbif,16.28,48.15,0.9499468803405762,609
1277,Vespa crabro,NA,"Kainalonpohjantie, Klamila, Kymenlaakso, FI",inat,27.46,60.49,0.4605208396911621,662
1278,Vespa crabro,NA,"Auf der Wies, Linz, Oberösterreich, AT",inat,14.29,48.33,0.89486665725708,812
1279,Vespa crabro,GB,NA,gbif,-1.53,51.51,0.9578093528747559,702
1280,Vespa crabro,NA,"Ésery, Reignier-Ésery, France",inat,6.24,46.14,0.8610094070434571,1135
1281,Vespa crabro,NA,"Scherpenzeel, Netherlands",inat,5.52,52.08,0.9649312019348144,817
1282,Vespa crabro,DE,NA,gbif,7.89,50.45,0.8701239585876465,842
1283,Vespa crabro,DE,NA,gbif,8.67,49.18,1.0041417121887206,850
1284,Vespa crabro,NL,NA,gbif,4.9,52.35,0.9731207847595215,848
1285,Vespa crabro,DE,NA,gbif,7.15,51.43,0.9963427543640136,967
1286,Vespa crabro,SE,NA,gbif,14.39,56.91,0.6058823108673096,712
1287,Vespa crabro,NA,"Prádena del Rincón, 28191, Madrid, España",inat,-3.54,41.03,0.9428291320800781,607
1288,Vespa crabro,NA,"Mayenne, Pays de la Loire, France",inat,-0.51,48.19,1.1200708389282226,762
1289,Vespa crabro,DE,NA,gbif,13.48,51.36,0.9392823219299317,571
1290,Vespa crabro,NA,"Saint-Coulomb, France",inat,-1.89,48.69,1.1884604454040528,745
1291,Vespa crabro,DE,NA,gbif,10.12,53.71,0.8562197685241699,812
1292,Vespa crabro,DE,NA,gbif,8.38,50,1.0403801918029785,579
1293,Vespa crabro,NL,NA,gbif,5.55,51.35,0.9889156341552734,757
1294,Vespa crabro,DE,NA,gbif,13.14,52.52,0.9248781204223633,544
1295,Vespa crabro,NA,Belgium,inat,4.48,50.78,1.0074718475341797,805
1296,Vespa crabro,DE,NA,gbif,8.79,52.18,0.9378176689147949,774
1297,Vespa crabro,IT,NA,gbif,10.26,45.08,1.2663844108581543,754
1298,Vespa crabro,NA,"The Abbey House, West Acre, King's Lynn PE32 1WB, UK",inat,0.63,52.7,0.9502896308898926,672
1299,Vespa crabro,DE,NA,gbif,8.57,52.06,0.942315673828125,833
1300,Vespa crabro,NA,"Chrzanów, PL-MA, PL",inat,19.54,50.03,0.8204020500183106,702
1301,Vespa crabro,NL,NA,gbif,5.45,52.55,0.9985572814941406,803
1302,Vespa crabro,NL,NA,gbif,5.6,51.5,0.9889156341552734,757
1303,Vespa crabro,FR,NA,gbif,-2.69,48.48,1.098409366607666,947
1304,Vespa crabro,AT,NA,gbif,16.29,48.15,0.9499468803405762,609
1305,Vespa crabro,NA,"Getestraat, Tienen, Flemish Brabant, BE",inat,4.94,50.8,1.0242583274841308,751
1306,Vespa crabro,NA,"Kvilavegen, Ottestad, Innlandet, NO",inat,11.12,60.77,0.44202604293823244,549
1307,Vespa crabro,DE,NA,gbif,11.09,49.47,0.8993906021118164,700
1308,Vespa crabro,NA,"Königsheideweg, Berlin, Berlin, DE",inat,13.48,52.45,0.9307083129882813,555
1309,Vespa crabro,NA,"14400 Maisons, France",inat,-0.73,49.31,1.0929145812988281,791
1310,Vespa crabro,NA,"Przy Rondzie, Kraków, Lesser Poland, PL",inat,19.96,50.07,0.8696708679199219,687
1311,Vespa crabro,NA,"Gamlitz, 8462, Österreich",inat,15.52,46.7,0.9184562683105468,971
1312,Vespa crabro,GB,NA,gbif,-3.15,52.7,0.9085874557495117,827
1313,Vespa crabro,DE,NA,gbif,7.92,50.97,0.8298406600952148,1059
1314,Vespa crabro,NL,NA,gbif,4.3,52.05,0.9714204788208007,837
1315,Vespa crabro,NL,NA,gbif,6.05,51.25,1.0026583671569824,734
1316,Vespa crabro,NA,"pl.Piłsudskiego 01, 83-110 Tczew, Polska",inat,18.79,54.09,0.788685417175293,616
1317,Vespa crabro,NA,"Campus Bizzozero, 21100 Varese VA, Italia",inat,8.85,45.8,1.1496260643005372,1275
1318,Vespa crabro,GB,NA,gbif,1.24,52.62,0.9736385345458984,624
1319,Vespa crabro,NA,"Auersbach, Österreich",inat,15.87,47.01,0.9075989723205566,796
1320,Vespa crabro,FR,NA,gbif,5.98,43.83,1.2667854309082032,734
1321,Vespa crabro,NL,NA,gbif,4.1,51.8,0.9995707511901856,787
1322,Vespa crabro,DE,NA,gbif,13.35,50.92,0.7980249881744385,804
1323,Vespa crabro,NA,"Sangiano, Besozzi/Carlo Alberto, 21038 Sangiano VA, Italia",inat,8.63,45.87,1.0934072494506837,1199
1324,Vespa crabro,DE,NA,gbif,7.37,51.96,0.9437146186828613,795
1325,Vespa crabro,GR,NA,gbif,21.63,37.64,1.6321418762207032,762
1326,Vespa crabro,NL,NA,gbif,6.3,53.1,0.9074552536010743,854
1327,Vespa crabro,NA,"Parma, Emilia-Romagna, IT",inat,10.1,44.75,1.2217364311218262,870
1328,Vespa crabro,NA,"Via ai Monti, Grandola Ed Uniti, Lombardy, IT",inat,9.2,46.05,0.9370478630065918,1310
1329,Vespa crabro,AT,NA,gbif,15.9,46.75,0.9356552124023437,853
1330,Vespa crabro,NL,NA,gbif,5.2,52.15,0.9599833488464355,815
1331,Vespa crabro,DE,NA,gbif,8.56,52.05,0.942315673828125,833
1332,Vespa crabro,FR,NA,gbif,-1.05,46,1.293558120727539,791
1333,Vespa crabro,DE,NA,gbif,11.01,49.6,0.8589104652404785,745
1334,Vespa crabro,NA,"Budapest, Forrásliget lakópark, 1038 Magyarország",inat,19.04,47.58,1.1065521240234375,528
1335,Vespa crabro,NL,NA,gbif,4.75,51.75,0.9918021202087403,806
1336,Vespa crabro,NA,"GX4H+5C, 72108 Rottenburg am Neckar, Deutschland",inat,8.98,48.5,0.8368145942687988,792
1337,Vespa crabro,NL,NA,gbif,4.7,51.8,0.9918021202087403,806
1338,Vespa crabro,NA,"Liège, Wallonie, BE",inat,5.29,50.55,0.9732250213623047,830
1339,Vespa crabro,DE,NA,gbif,9.91,53.13,0.8724531173706055,785
1340,Vespa crabro,NA,"49320 Blaison-Saint-Sulpice, France",inat,-0.37,47.4,1.1772989273071288,714
1341,Vespa crabro,DE,NA,gbif,8.4,49.45,1.051504135131836,669
1342,Vespa crabro,IT,NA,gbif,10.25,45.52,1.1451041221618652,856
1343,Vespa crabro,NL,NA,gbif,5.65,51.9,0.967956256866455,791
1344,Vespa crabro,NA,"Sychem Place, Tonbridge, England, GB",inat,0.35,51.18,1.0039145469665527,668
1345,Vespa crabro,NL,NA,gbif,6.55,52.1,0.9498937606811524,776
1346,Vespa crabro,NA,"13159 Berlin, Deutschland",inat,13.42,52.63,0.9484271049499512,572
1347,Vespa crabro,NA,"Impasse de la Grave, Béraut, Occitanie, FR",inat,0.39,43.93,1.2741948127746583,1011
1348,Vespa crabro,NL,NA,gbif,5.75,51.75,0.9782135009765625,760
1349,Vespa crabro,NL,NA,gbif,6.55,53.2,0.8977239608764649,804
1350,Vespa crabro,NA,"16 Wandlitz-Stolzenhagen, Deutschland",inat,13.43,52.76,0.8852864265441894,579
1351,Vespa crabro,AT,NA,gbif,15.47,47.03,0.8947572708129883,862
1352,Vespa crabro,PT,NA,gbif,-8.71,41.64,1.404978370666504,1497
1353,Vespa crabro,NL,NA,gbif,5.4,52.45,0.9534229278564453,781
1354,Vespa crabro,NA,"79 Müllheim im Markgräflerland, Deutschland",inat,7.6,47.84,1.0544635772705078,783
1355,Vespa crabro,NA,"Innsbruck Klammgründe, 6020 Innsbruck, Österreich",inat,11.33,47.27,0.5379750251770019,1098
1356,Vespa crabro,NL,NA,gbif,5.8,51.15,1.0033124923706054,720
1357,Vespa crabro,DE,NA,gbif,10.11,53.63,0.9138802528381348,761
1358,Vespa crabro,NL,NA,gbif,4.05,51.85,0.9975513458251953,810
1359,Vespa crabro,NA,"Tököl, Pest County, HU",inat,18.95,47.32,1.0911396026611329,518
1360,Vespa crabro,DE,NA,gbif,11.86,48.16,0.8378749847412109,1047
1361,Vespa crabro,NA,"Soimi, Románia",inat,22.14,46.67,1.007827091217041,599
1362,Vespa crabro,DE,NA,gbif,12.35,51.24,0.9444021224975586,567
1363,Vespa crabro,NA,"Scharnhorst, Dortmund, North Rhine-Westphalia, DE",inat,7.54,51.58,0.9763291358947754,826
1364,Vespa crabro,NA,"Bevtoft, Danmark",inat,9.17,55.22,0.7846447944641113,849
1365,Vespa crabro,NL,NA,gbif,4.6,52.4,0.9709492683410644,828
1366,Vespa crabro,DE,NA,gbif,8.47,48.98,0.9595218658447265,1036
1367,Vespa crabro,PL,NA,gbif,23.85,52.71,0.6428593635559082,596
1368,Vespa crabro,NA,"Buckinghamshire, England, GB",inat,-0.74,51.65,1.0078937530517578,681
1369,Vespa crabro,NA,"Florence, Toscana, IT",inat,11.4,43.73,1.3681958198547364,1004
1370,Vespa crabro,GR,NA,gbif,19.91,39.73,1.515049362182617,1207
1371,Vespa crabro,AT,NA,gbif,14.2,46.77,0.6737427234649658,1163
1372,Vespa crabro,NL,NA,gbif,5.15,52.05,0.9803396224975586,797
1373,Vespa crabro,NA,"47822 Santarcangelo di Romagna RN, Italia",inat,12.48,44.02,1.3714278221130372,833
1374,Vespa crabro,NA,"Gounod, 83240 Cavalaire-sur-Mer, France",inat,6.52,43.17,1.4828852653503417,802
1375,Vespa crabro,DE,NA,gbif,11.47,53.62,0.875852108001709,628
1376,Vespa crabro,GB,NA,gbif,-2.24,52.62,0.8992489814758301,887
1377,Vespa crabro,NL,NA,gbif,4.55,51.85,0.9911375045776367,858
1378,Vespa crabro,NA,"Via Orto Botanico, 15, 35123 Padova PD, Itália",inat,11.88,45.4,1.32218017578125,829
1379,Vespa crabro,NA,Kielce,inat,20.61,50.88,0.758384370803833,625
1380,Vespa crabro,NL,NA,gbif,5.7,50.75,0.9797103881835938,819
1381,Vespa crabro,NA,"West Fishleigh, Okehampton, England, GB",inat,-4.08,50.83,0.9606791496276855,1177
1382,Vespa crabro,AT,NA,gbif,13.48,48.11,0.765540599822998,1191
1383,Vespa crabro,NA,"Niederösterreich, AT",inat,16.31,48.08,0.9499468803405762,609
1384,Vespa crabro,NA,"Sielmanns Naturlandschaft Döberitzer Heide, Dallgow-Döberitz, Brandenburg, DE",inat,13.06,52.5,0.9229239463806153,546
1385,Vespa crabro,NA,"Seine-et-Marne, Île-de-France, France",inat,2.93,48.51,1.0407530784606933,633
1386,Vespa crabro,RO,NA,gbif,21.27,45.8,1.0678229331970215,589
1387,Vespa crabro,NL,NA,gbif,5.5,51.6,0.9889708518981933,754
1388,Vespa crabro,NA,"Babadag, Romania",inat,28.69,44.87,1.093010425567627,426
1389,Vespa crabro,NA,"Gebze, TR-KC, TR",inat,29.53,40.93,1.3071739196777343,776
1390,Vespa crabro,NA,"Magyarhertelend, 7394 Magyarország",inat,18.15,46.19,1.062598991394043,620
1391,Vespa crabro,NL,NA,gbif,5.05,52.1,0.9803396224975586,797
1392,Vespa crabro,NA,"40230 Saubrigues, France",inat,-1.34,43.59,1.4052215576171876,1249
1393,Vespa crabro,DE,NA,gbif,8.14,49.31,0.9409354209899903,767
1394,Vespa crabro,NA,"Friedensstr., 69121 Heidelberg, Deutschland",inat,8.68,49.43,0.9509333610534668,953
1395,Vespa crabro,FR,NA,gbif,-1.49,47.3,1.1883874893188477,775
1396,Vespa crabro,NA,"Western Greece, Greece",inat,22.23,38.08,1.1566645622253418,811
1397,Vespa crabro,NL,NA,gbif,5.8,51.8,0.9782135009765625,760
1398,Vespa crabro,NA,"36300 Le Blanc, France",inat,1.1,46.64,1.1675010681152345,742
1399,Vespa crabro,NL,NA,gbif,5.15,52.2,0.9512177467346191,822
1400,Vespa crabro,NL,NA,gbif,5.6,51.65,0.9889708518981933,754
1401,Vespa crabro,NL,NA,gbif,5.35,51.55,0.9877718925476074,767
1402,Vespa crabro,NA,"Rue de Cournoue, Barbuise, Grand Est, FR",inat,3.57,48.55,1.0388802528381347,624
1403,Vespa crabro,NA,"42800 Saint-Martin-la-Plaine, France",inat,4.6,45.55,1.026913547515869,886
1404,Vespa crabro,FR,NA,gbif,1.45,46.48,1.1271249771118164,863
1405,Vespa crabro,NL,NA,gbif,6,52,0.9773374557495117,766
1406,Vespa crabro,NA,"8820 Torhout, België",inat,3.07,51.09,1.0103198051452638,773
1407,Vespa crabro,DE,NA,gbif,9.65,54.6,0.8237709045410156,872
1408,Vespa crabro,NA,"21020 Pacit VA, Italia",inat,8.69,45.8,1.1357104301452636,1211
1409,Vespa crabro,NL,NA,gbif,5.15,52,0.9610124588012695,776
1410,Vespa crabro,AT,NA,gbif,16.46,48.45,0.971961498260498,579
1411,Vespa crabro,DE,NA,gbif,7.07,50.73,1.0298375129699706,717
1412,Vespa crabro,NL,NA,gbif,5.55,51.75,0.9760427474975586,755
1413,Vespa crabro,NA,"Technologická, 779 00 Olomouc-Olomouc 9, Česko",inat,17.28,49.58,0.8660093307495117,572
1414,Vespa crabro,DK,NA,gbif,11.91,55.64,0.8226364135742188,625
1415,Vespa crabro,NA,"Moorburg, Hamburg, Hamburg, DE",inat,9.9,53.49,0.8900676727294922,746
1416,Vespa crabro,FR,NA,gbif,-2.15,48.08,1.1370062828063965,813
1417,Vespa crabro,NA,"39 Magdeburg-Stadtfeld Ost, Deutschland",inat,11.62,52.13,0.9160634994506835,506
1418,Vespa crabro,CZ,NA,gbif,17.17,49.57,0.8660093307495117,572
1419,Vespa crabro,DE,NA,gbif,10.28,48.62,0.8256197929382324,807
1420,Vespa crabro,NA,"Pyrénées-Orientales, Languedoc-Roussillon, FR",inat,2.3,42.48,0.41934895515441895,1320
1421,Vespa crabro,GB,NA,gbif,0.03,51.57,1.0349489212036134,611
1422,Vespa crabro,NL,NA,gbif,6.1,52.1,0.9595292091369629,817
1423,Vespa crabro,NA,"Cottenham, Cambridge, England, GB",inat,0.16,52.29,0.9961083412170411,551
1424,Vespa crabro,NA,"Manteigas, Portugal",inat,-7.51,40.42,1.0276437759399415,1509
1425,Vespa crabro,NA,"Nordrhein-Westfalen, DE",inat,6.87,50.96,1.0670458793640136,745
1426,Vespa crabro,NA,"Höffenklinge, Winterbach, Baden-Württemberg, DE",inat,9.49,48.81,0.9031718254089356,865
1427,Vespa crabro,NL,NA,gbif,5.1,52.05,0.9803396224975586,797
1428,Vespa crabro,PT,NA,gbif,-7.94,39.76,1.4898104667663574,946
1429,Vespa crabro,NL,NA,gbif,6.75,52.65,0.9254510879516602,767
1430,Vespa crabro,NL,NA,gbif,6,51.1,1.0012770652770997,719
1431,Vespa crabro,GB,NA,gbif,-2.18,51.42,0.9780625343322754,774
1432,Vespa crabro,NA,"Mainz, Rhineland-Palatinate, DE",inat,8.16,50,0.9874885559082032,573
1433,Vespa crabro,NL,NA,gbif,4.75,51.7,0.9918021202087403,806
1434,Vespa crabro,DE,NA,gbif,7.44,51.6,0.9850656509399414,857
1435,Vespa crabro,DE,NA,gbif,7.77,50.09,0.8776531219482422,677
1436,Vespa crabro,NA,"17 Brüssow, Deutschland",inat,14.11,53.43,0.8384864807128907,498
1437,Vespa crabro,NL,NA,gbif,6.6,52.65,0.9325135231018067,785
1438,Vespa crabro,NA,"Golik, Kroatien",inat,14.88,45.47,0.7983927249908447,1488
1439,Vespa crabro,NL,NA,gbif,5.7,51.95,0.9700655937194824,799
1440,Vespa crabro,BE,NA,gbif,5.08,50.59,0.9758322715759278,801
1441,Vespa crabro,ES,NA,gbif,-0.57,39.91,1.338686466217041,409
1442,Vespa crabro,NA,Kœnigsmacker,inat,6.28,49.39,0.9871552467346192,796
1443,Vespa crabro,NA,"Bunscha, 30-392 Kraków, Poland",inat,19.88,50.01,0.8696708679199219,687
1444,Vespa crabro,NL,NA,gbif,6.25,52.15,0.9676468849182129,789
1445,Vespa crabro,NA,"England, GB",inat,-1.95,51.71,0.9461447715759277,775
1446,Vespa crabro,DE,NA,gbif,13.81,51.19,0.9227531433105469,640
1447,Vespa crabro,DK,NA,gbif,9.81,56.6,0.7540173530578613,683
1448,Vespa crabro,NL,NA,gbif,4.6,52.4,0.9709492683410644,828
1449,Vespa crabro,DE,NA,gbif,7.07,49.27,0.928123950958252,927
1450,Vespa crabro,NL,NA,gbif,5.9,51.4,0.9843155860900878,737
1451,Vespa crabro,NA,"Castellón, España",inat,-0.14,40.39,1.154587459564209,496
1452,Vespa crabro,DE,NA,gbif,7.56,49.56,0.8823333740234375,713
1453,Vespa crabro,FR,NA,gbif,1,47.32,1.1323437690734863,686
1454,Vespa crabro,AT,NA,gbif,16.32,47.98,0.9801198005676269,599
1455,Vespa crabro,NL,NA,gbif,4.55,51.95,0.9911375045776367,858
1456,Vespa crabro,NA,"Province of Lecco, Italy",inat,9.45,45.7,1.1564322471618653,1143
1457,Vespa crabro,NL,NA,gbif,6.05,51.15,1.0012770652770997,719
1458,Vespa crabro,NA,"Naturpark Frankenhöhe, 羅滕堡, 巴伐利亞, DE",inat,10.18,49.37,0.8332094192504883,713
1459,Vespa crabro,NL,NA,gbif,5.35,51.7,0.9804583549499511,776
1460,Vespa crabro,NL,NA,gbif,4.5,51.65,1.0070833206176757,804
1461,Vespa crabro,NL,NA,gbif,6.55,52.1,0.9498937606811524,776
1462,Vespa crabro,LU,NA,gbif,6,49.51,0.9220864295959472,866
1463,Vespa crabro,IT,NA,gbif,11.12,46.06,0.955135440826416,651
1464,Vespa crabro,NA,"28212 Navalagamella, Madrid, España",inat,-4.12,40.47,1.4200010299682617,363
1465,Vespa crabro,NA,"N302 6-8, 3898 LK Zeewolde, Nederland",inat,5.6,52.37,0.9651364326477051,800
1466,Vespa crabro,NA,"Bratislava I, Bratislavský, Slovakia",inat,17.12,48.14,1.0115791320800782,599
1467,Vespa crabro,DE,NA,gbif,9.94,51.36,0.8481562614440918,736
1468,Vespa crabro,DE,NA,gbif,7.96,49.73,0.9289312362670898,564
1469,Vespa crabro,NL,NA,gbif,5.85,50.85,0.9916646003723144,781
1470,Vespa crabro,NA,"Baden, Österreich",inat,16.49,47.99,0.9917416572570801,590
1471,Vespa crabro,NA,Aarhus N,inat,10.21,56.17,0.7734972953796386,648
1472,Vespa crabro,NL,NA,gbif,5.9,50.8,0.9454999923706054,888
1473,Vespa crabro,NL,NA,gbif,5.85,51.8,0.9752073287963867,758
1474,Vespa crabro,NA,"Hosszúhetény, 7694 Magyarország",inat,18.33,46.17,1.0351916313171388,612
1475,Vespa crabro,NA,"Scholßstraße, Groß St. Florian, Styria, AT",inat,15.35,46.83,0.9012478828430176,1025
1476,Vespa crabro,NA,"Via Europa Via Della Brina (Usmate-Velate), 20865 Usmate Velate MB, Italia",inat,9.35,45.65,1.2513771057128906,1037
1477,Vespa crabro,NA,"Zalesie, Wrocław, Polska",inat,17.08,51.11,0.8825676918029786,560
1478,Vespa crabro,NA,"Komló, Komló, Jó szerencsét utca 18., 7300 Magyarország",inat,18.26,46.18,1.0351916313171388,612
1479,Vespa crabro,NL,NA,gbif,4.25,51.5,1.0319975852966308,791
1480,Vespa crabro,NA,"Baños de Montemayor, 10750, Cáceres, Spain",inat,-5.86,40.31,1.231612491607666,787
1481,Vespa crabro,NA,"11310 Saissac, France",inat,2.17,43.41,1.071065616607666,910
1482,Vespa crabro,DE,NA,gbif,6.71,51.82,0.9871582984924316,792
1483,Vespa crabro,NA,"Murgleiter Etappe 2, Kobern-Gondorf, Rhineland-Palatinate, DE",inat,7.47,50.33,0.9308843612670898,667
1484,Vespa crabro,DE,NA,gbif,13.8,51.19,0.9227531433105469,640
1485,Vespa crabro,NL,NA,gbif,6.3,52.1,0.9676468849182129,789
1486,Vespa crabro,NA,"Ottobrunn, Karl-Stieler-Str., 85521 Ottobrunn, Deutschland",inat,11.68,48.06,0.8620791435241699,1044
1487,Vespa crabro,DE,NA,gbif,13.42,52.51,0.9484271049499512,572
1488,Vespa crabro,NA,"1,Jennersdorf, Österreich",inat,16.16,46.96,0.9148364067077637,779
1489,Vespa crabro,GB,NA,gbif,-2.26,51.62,0.9536770820617676,825
1490,Vespa crabro,NA,"Nevers, Bourgogne-Franche-Comté, France",inat,3.49,47.13,1.0048989295959472,802
1491,Vespa crabro,NA,"Penarth CF64, UK",inat,-3.2,51.45,1.021825408935547,1019
1492,Vespa crabro,NA,"Haute-Savoie, Rhône-Alpes, FR",inat,6.27,46.12,0.8610094070434571,1135
1493,Vespa crabro,IT,NA,gbif,12.19,42.1,1.4831978797912597,227
1494,Vespa crabro,NL,NA,gbif,5.75,50.85,1.0079051971435546,754
1495,Vespa crabro,NA,"Drover Heide, Vettweiß, Nordrhein-Westfalen, DE",inat,6.54,50.74,0.97992706298828125,695
1496,Vespa crabro,NA,"Raesfeld, Brökerstegge, 46348 Raesfeld, Deutschland",inat,6.84,51.77,0.9867343902587891,822
1497,Vespa crabro,NL,NA,gbif,5.35,52.05,0.953948974609375,836
1498,Vespa crabro,NL,NA,gbif,3.65,51.55,1.0425701141357422,767
1499,Vespa crabro,NA,"68128 Rosenau, France",inat,7.55,47.62,1.0200145721435547,805
1500,Vespa crabro,NA,"Mortimer House, Cambridge, England, GB",inat,0.27,52.09,0.9698458671569824,593
1501,Vespa crabro,NL,NA,gbif,4.6,51.55,1.0070833206176757,804
1502,Vespa crabro,SI,NA,gbif,14.08,46.36,0.6098395824432373,1779
1503,Vespa crabro,NA,"5760 Saalfelden am Steinernen Meer, Österreich",inat,12.85,47.43,0.4057166576385498,1352
1504,Vespa crabro,DE,NA,gbif,6.68,49.6,0.8014615058898926,1016
1505,Vespa crabro,DE,NA,gbif,8.61,49.66,1.0386229515075684,691
1506,Vespa crabro,NA,"England, GB",inat,-1.56,52.35,0.9304718971252441,673
1507,Vespa crabro,NL,NA,gbif,5.15,52.2,0.9512177467346191,822
1508,Vespa crabro,NA,"Orne, Basse-Normandie, FR",inat,0.14,48.84,1.0580281257629394,747
1509,Vespa crabro,NL,NA,gbif,4.8,52.3,0.9654999732971191,833
1510,Vespa crabro,NA,"Cáceres, España",inat,-5.3,39.59,1.3524749755859375,536
1511,Vespa crabro,CH,NA,gbif,8.01,47.53,0.8482301712036133,1286
1512,Vespa crabro,NL,NA,gbif,4.7,52.65,0.9629875183105469,823
1513,Vespa crabro,NL,NA,gbif,5.2,52.4,0.9625198364257812,797
1514,Vespa crabro,NL,NA,gbif,4.65,51.75,0.9967260360717773,816
1515,Vespa crabro,NL,NA,gbif,6.4,51.95,0.9709635734558105,742
1516,Vespa crabro,NA,"Vasevej, Randers NV, Central Denmark Region, DK",inat,9.84,56.48,0.7551395893096924,662
1517,Vespa crabro,AT,NA,gbif,15.89,46.76,0.9356552124023437,853
1518,Vespa crabro,NA,"77760 Larchant, France",inat,2.61,48.29,1.0686291694641112,643
1519,Vespa crabro,NA,"Günzburg, Bavaria, DE",inat,10.3,48.42,0.8334229469299317,822
1520,Vespa crabro,NA,"Wendover, UK",inat,-0.76,51.77,0.9744885444641114,712
1521,Vespa crabro,IT,NA,gbif,12.34,45.44,1.3089293479919433,757
1522,Vespa crabro,DK,NA,gbif,9.37,55.33,0.7873229026794434,791
1523,Vespa crabro,NL,NA,gbif,6.2,52.2,0.9648281097412109,788
1524,Vespa crabro,NA,"85190 Beaulieu-sous-la-Roche, France",inat,-1.62,46.68,1.2077500343322753,759
1525,Vespa crabro,NA,"79360 Villiers-en-Bois, France",inat,-0.42,46.15,1.2242239952087401,853
1526,Vespa crabro,NL,NA,gbif,3.55,51.55,1.0425701141357422,767
1527,Vespa crabro,NL,NA,gbif,4.5,51.9,0.9911375045776367,858
1528,Vespa crabro,NL,NA,gbif,5.25,52.2,0.9507135391235352,827
1529,Vespa crabro,NA,"02 Olbersdorf, Deutschland",inat,14.77,50.89,0.8024666786193848,751
1530,Vespa crabro,NA,"Lobau, Wien, Österreich",inat,16.49,48.19,1.0255562782287597,572
1531,Vespa crabro,DE,NA,gbif,7.23,50.11,0.8874073028564453,746
1532,Vespa crabro,NL,NA,gbif,3.9,51.25,1.0390030860900878,773
1533,Vespa crabro,NA,"Istarska, HR",inat,13.88,45.15,1.2602229118347168,956
1534,Vespa crabro,NL,NA,gbif,4.7,51.8,0.9918021202087403,806
1535,Vespa crabro,NA,"Poljica, Hrvatska",inat,15.26,44.21,1.4084877967834473,908
1536,Vespa crabro,NA,"Sefaalan, 59600 Saray/Tekirdağ, Türkiye",inat,28.09,41.44,1.2546375274658204,629
1537,Vespa crabro,NL,NA,gbif,6.2,52,0.9738615036010743,761
1538,Vespa crabro,NA,Muiden,inat,5.07,52.36,0.9483625411987304,826
1539,Vespa crabro,NA,"Bularga, Iași, Romania",inat,27.61,47.14,0.9365583419799804,573
1540,Vespa crabro,GB,NA,gbif,-0.12,51.94,0.9489051818847656,647
1541,Vespa crabro,IT,NA,gbif,9.18,45.74,1.1813281059265137,1209
1542,Vespa crabro,DE,NA,gbif,8.13,48.66,0.9607260704040528,1162
1543,Vespa crabro,NA,"Čačinci, HR-VP, HR",inat,17.73,45.54,1.0459249496459961,790
1544,Vespa crabro,DE,NA,gbif,8.24,49.91,1.0134291648864746,587
1545,Vespa crabro,NA,"29510 Langolen, France",inat,-3.91,48.06,1.1160573005676269,1089
1546,Vespa crabro,NL,NA,gbif,5.45,51.6,0.9877718925476074,767
1547,Vespa crabro,DE,NA,gbif,9.82,53.56,0.8971062660217285,748
1548,Vespa crabro,DE,NA,gbif,13.64,51.06,0.9254405975341797,663
1549,Vespa crabro,NA,"V.Le Piave, 20129 Milano MI, Italia",inat,9.21,45.47,1.2738364219665528,924
1550,Vespa crabro,NA,"Dolmer Vænge, Grenaa, DK-82, DK",inat,10.86,56.43,0.802644920349121,557
1551,Vespa crabro,DE,NA,gbif,10.07,52.18,0.9239437103271484,664
1552,Vespa crabro,BE,NA,gbif,4.28,50.81,1.0301885604858398,788
1553,Vespa crabro,FR,NA,gbif,-0.98,45.58,1.2880656242370605,852
1554,Vespa crabro,GB,NA,gbif,-2.83,52.99,0.9150124549865722,701
1555,Vespa crabro,BE,NA,gbif,5.86,50.49,0.8368291854858398,1103
1556,Vespa crabro,DK,NA,gbif,11.91,54.74,0.879460334777832,597
1557,Vespa crabro,DE,NA,gbif,11.64,48.07,0.8841385841369629,1006
1558,Vespa crabro,NL,NA,gbif,5.75,51.25,0.9927103996276856,722
1559,Vespa crabro,NL,NA,gbif,5.6,52.3,0.9519353866577148,819
1560,Vespa crabro,NL,NA,gbif,5.6,51.8,0.9760427474975586,755
1561,Vespa crabro,DE,NA,gbif,7.05,51.26,0.9381072998046875,1087
1562,Vespa crabro,NA,"Parkdreef, Budel-Dorplein, Brabant, NL",inat,5.59,51.24,0.9874073028564453,732
1563,Vespa crabro,NL,NA,gbif,6.1,52.2,0.9708478927612305,835
1564,Vespa crabro,NA,"Laren, North Holland, NL",inat,5.21,52.24,0.9507135391235352,827
1565,Vespa crabro,NL,NA,gbif,4.55,51.8,0.9967260360717773,816
1566,Vespa crabro,NA,"Breg-Turnišče, 2250 Ptuj, Eslovenia",inat,15.88,46.41,0.9759801864624024,985
1567,Vespa crabro,NA,"Charente-Maritime, Poitou-Charentes, FR",inat,-0.62,45.83,1.2610896110534668,850
1568,Vespa crabro,GB,NA,gbif,0.15,52.21,0.9961083412170411,551
1569,Vespa crabro,GB,NA,gbif,0.31,51.61,1.0054885864257812,609
1570,Vespa crabro,NA,"Burford OX18, UK",inat,-1.63,51.81,0.9750781059265137,663
1571,Vespa crabro,FR,NA,gbif,-1.03,44.65,1.294166660308838,944
1572,Vespa crabro,DE,NA,gbif,8.2,50.4,0.9087791442871094,694
1573,Vespa crabro,DE,NA,gbif,6.88,51.38,1.0297656059265137,883
1574,Vespa crabro,NL,NA,gbif,6.15,52.3,0.9708478927612305,835
1575,Vespa crabro,NA,"Haunstetten, Offenbach Karree, 86179 Augsburg, Deutschland",inat,10.9,48.3,0.8093718528747559,902
1576,Vespa crabro,DE,NA,gbif,12.26,48.19,0.827763557434082,924
1577,Vespa crabro,NL,NA,gbif,6.55,52,0.9658645629882813,771
1578,Vespa crabro,NL,NA,gbif,5.4,51.85,0.9671229362487793,780
1579,Vespa crabro,NA,"77694 Kehl-Auenheim, Deutschland",inat,7.83,48.6,1.061342716217041,735
1580,Vespa crabro,NA,"Riserva Naturale dell'Insugherata, Roma, Lazio, IT",inat,12.42,41.95,1.5392760276794433,601
1581,Vespa crabro,NA,"Fränkisch-Crumbach, Hesse, DE",inat,8.86,49.76,0.9009937286376953,946
1582,Vespa crabro,NL,NA,gbif,4.6,52.45,0.9709492683410644,828
1583,Vespa crabro,DE,NA,gbif,9.98,53.56,0.9212406158447266,757
1584,Vespa crabro,NL,NA,gbif,5.65,51.55,0.9889708518981933,754
1585,Vespa crabro,NA,"Main-Kinzig-Kreis, DE-HE, DE",inat,9.27,50.33,0.8734979629516602,914
1586,Vespa crabro,NL,NA,gbif,5.6,51.65,0.9889708518981933,754
1587,Vespa crabro,SE,NA,gbif,13.55,58.52,0.6475395679473877,599
1588,Vespa crabro,RS,NA,gbif,20.4,44.8,1.166087532043457,675
1589,Vespa crabro,NA,"Herrenhäuser Gärten, Hannover, Niedersachsen, DE",inat,9.7,52.39,0.950290584564209,654
1590,Vespa crabro,NA,"Csopak, 8229 Magyarország",inat,17.92,46.98,1.0576739311218262,572
1591,Vespa crabro,FR,NA,gbif,4.66,49.55,0.9754583358764648,827
1592,Vespa crabro,NL,NA,gbif,5.95,51.25,1.0021281242370605,732
1593,Vespa crabro,NL,NA,gbif,5.5,52.15,0.9649312019348144,817
1594,Vespa crabro,NL,NA,gbif,5.7,51.35,0.9874812126159668,737
1595,Vespa crabro,NA,"Baden-Württemberg, DE",inat,8.86,48.3,0.7030823230743408,942
1596,Vespa crabro,NL,NA,gbif,5.75,53.2,0.9075902938842774,811
1597,Vespa crabro,GB,NA,gbif,-2.24,52.62,0.8992489814758301,887
1598,Vespa crabro,FR,NA,gbif,4.13,46.74,1.0340457916259767,797
1599,Vespa crabro,NL,NA,gbif,5.75,51.8,0.9782135009765625,760
1600,Vespa crabro,NA,"Trnovec, Hrvatska",inat,16.4,46.3,1.0263176918029786,853
1601,Vespa crabro,NA,"Via Vincenzo Monti, Nerviano, Lombardy, IT",inat,8.98,45.54,1.2022541999816894,1090
1602,Vespa crabro,NA,"Palazzolo Milanese, Paderno Dugnano MI, Italia",inat,9.17,45.59,1.2678531646728515,1068
1603,Vespa crabro,DE,NA,gbif,10.11,54.36,0.8416337013244629,781
1604,Vespa crabro,NA,"Úri, 2244 Hungary",inat,19.52,47.4,1.0120052337646483,517
1605,Vespa crabro,NA,"Wuppertal Diemeltreppe, 42107 Wuppertal, Deutschland",inat,7.16,51.26,0.9381072998046875,1087
1606,Vespa crabro,GB,NA,gbif,-2.49,51.54,0.9950249671936036,797
1607,Vespa crabro,NA,"QWGJ+7Q Nagymaros, Magyarország",inat,18.93,47.78,0.9698937416076661,586
1608,Vespa crabro,NL,NA,gbif,6.05,51.9,0.9773374557495117,766
1609,Vespa crabro,NL,NA,gbif,4.45,52.15,0.971110725402832,849
1610,Vespa crabro,NA,"Tisoi, 32100 Tisoi BL, Italia",inat,12.17,46.16,0.9562447547912598,987
1611,Vespa crabro,NA,"Säuerhäuser, Auerbach, Saxony, DE",inat,12.42,50.51,0.7565093994140625,799
1612,Vespa crabro,NA,"Merriott, UK",inat,-2.8,50.91,1.021023941040039,826
1613,Vespa crabro,NL,NA,gbif,5.9,50.9,0.9916646003723144,781
1614,Vespa crabro,NA,"Akademija, Kauno r. sav., Lietuva",inat,23.84,54.9,0.6804375171661377,609
1615,Vespa crabro,NA,"3213 Kleinbösingen, Suisse",inat,7.22,46.9,0.8778406143188476,1001
1616,Vespa crabro,NL,NA,gbif,6.55,52,0.9658645629882813,771
1617,Vespa velutina,NA,"Av Tomás Ribeiro 81a, 2790-464 Carnaxide, Portugal",inat,-9.25,38.72,1.6334726333618164,722
1618,Vespa velutina,NA,"Carnide, Lisboa, Portugal",inat,-9.19,38.76,1.6334726333618164,722
1619,Vespa velutina,NA,"08795 Olesa de Bonesvalls, Barcelona, España",inat,1.85,41.35,1.4701176643371583,644
1620,Vespa velutina,BE,NA,gbif,4.78,50.92,1.0381396293640137,765
1621,Vespa velutina,BE,NA,gbif,5.49,50.92,1.0172677040100098,787
1622,Vespa velutina,BE,NA,gbif,3.66,50.95,1.0466250419616698,795
1623,Vespa velutina,NL,NA,gbif,5.8,50.8,0.9797103881835938,819
1624,Vespa velutina,BE,NA,gbif,4.49,51.03,1.039146900177002,785
1625,Vespa velutina,BE,NA,gbif,4.04,50.96,1.040187454223633,782
1626,Vespa velutina,ES,NA,gbif,2.21,41.8,1.2561854362487792,779
1627,Vespa velutina,NA,"Rue des Champs Roger, Chatou, Île-de-France, FR",inat,2.16,48.9,1.1072250366210938,626
1628,Vespa velutina,NL,NA,gbif,5.85,50.75,0.9454999923706054,888
1629,Vespa velutina,NA,"26110 Mirabel-aux-Baronnies, France",inat,5.1,44.3,1.279280185699463,872
1630,Vespa velutina,NA,"Manternach, Luxemburg",inat,6.42,49.71,0.9227978706359863,800
1631,Vespa velutina,CH,NA,gbif,7.58,47.57,1.0200145721435547,805
1632,Vespa velutina,NA,"Lisbon, Portugal",inat,-9.18,38.71,1.6334726333618164,722
1633,Vespa velutina,BE,NA,gbif,3.76,50.47,1.0056135177612304,762
1634,Vespa velutina,NA,"94170 Le Perreux-sur-Marne, Francia",inat,2.52,48.84,1.0977968215942382,635
1635,Vespa velutina,NL,NA,gbif,5.65,50.8,0.9857937812805175,820
1636,Vespa velutina,BE,NA,gbif,4.41,50.92,1.0497979164123534,783
1637,Vespa velutina,NA,"Liège, Wallonie, BE",inat,5.31,50.42,0.9122854232788086,883
1638,Vespa velutina,BE,NA,gbif,3.11,50.96,1.016388511657715,761
1639,Vespa velutina,BE,NA,gbif,5.44,50.77,0.9828853607177734,821
1640,Vespa velutina,NA,"Saint-Vaast, 7100 La Louvière, Belgique",inat,4.16,50.46,1.0019427299499513,791
1641,Vespa velutina,BE,NA,gbif,3.72,51.05,1.0652593612670898,792
1642,Vespa velutina,NA,"4356 AR Oostkapelle, Nederland",inat,3.55,51.57,1.0425701141357422,767
1643,Vespa velutina,NL,NA,gbif,4.65,52.2,0.9717395782470704,824
1644,Vespa velutina,NA,"13390 Auriol, France",inat,5.67,43.35,1.292286491394043,731
1645,Vespa velutina,BE,NA,gbif,5.3,50.94,1.0412812232971191,790
1646,Vespa velutina,NA,"Lisboa, PT-LI, PT",inat,-9.15,38.72,1.6865142822265624,703
1647,Vespa velutina,NA,"Av. Teixidores - Can Fàbregas, 08100 Mollet del Vallès, Barcelona, Spain",inat,2.22,41.54,1.5025729179382323,659
1648,Vespa velutina,BE,NA,gbif,4.85,51.31,1.02982816696167,791
1649,Vespa velutina,BE,NA,gbif,3.03,51.21,1.0130767822265625,758
1650,Vespa velutina,NA,"Rue de Monstreux, Nivelles, Brabant wallon, BE",inat,4.31,50.6,1.0024656295776366,801
1651,Vespa velutina,NA,"4575 Torrão, Portugal",inat,-8.29,41.09,1.3851500511169434,1326
1652,Vespa velutina,BE,NA,gbif,4.56,50.98,1.0223458290100098,773
1653,Vespa velutina,BE,NA,gbif,4.5,51.1,1.0294468879699707,777
1654,Vespa velutina,NA,"56330 Pluvigner, France",inat,-3,47.77,1.1876500129699707,912
1655,Vespa velutina,NL,NA,gbif,4.7,51.55,1.0014093399047852,815
1656,Vespa velutina,NA,"Goes, Hilleweg, 4464 JB Goes, Nederland",inat,3.91,51.51,1.0235614776611328,779
1657,Vespa velutina,BE,NA,gbif,4.26,50.79,1.0301885604858398,788
1658,Vespa velutina,NA,"Provinz A Coruña, Spanien",inat,-8.9,43.29,1.3917661666870118,1048
1659,Vespa velutina,BE,NA,gbif,3.91,51.12,1.0463322639465331,779
1660,Vespa velutina,NA,"Carvalhal, Portugal",inat,-8.78,38.29,1.637095832824707,625
1661,Vespa velutina,NL,NA,gbif,5.95,51.9,0.9808792114257813,791
1662,Vespa velutina,NL,NA,gbif,3.85,51.3,1.0390030860900878,773
1663,Vespa velutina,BE,NA,gbif,4.42,50.48,0.99935941696167,810
1664,Vespa velutina,NA,"Aalst TechniGo, 9300 Aalst, Belgium",inat,4.02,50.94,1.040187454223633,782
1665,Vespa velutina,NA,"Janson, 1060 Saint-Gilles, Belgien",inat,4.36,50.83,1.0074718475341797,805
1666,Vespa velutina,NL,NA,gbif,5.2,51.35,0.9905437469482422,772
1667,Vespa velutina,ES,NA,gbif,-8.19,42.93,1.2629270553588867,1701
1668,Vespa velutina,BE,NA,gbif,4.35,51.12,1.039146900177002,785
1669,Vespa velutina,NA,"Plantentuin Meise, Meise, Vlaams-Brabant, BE",inat,4.33,50.93,1.029301071166992,790
1670,Vespa velutina,BE,NA,gbif,3.26,51.21,1.0298015594482421,783
1671,Vespa velutina,NA,"Winseler, Luxembourg",inat,5.89,49.96,0.8336134910583496,929
1672,Vespa velutina,BE,NA,gbif,3.87,50.76,1.0213645935058593,779
1673,Vespa velutina,BE,NA,gbif,2.91,50.82,1.012989616394043,722
1674,Vespa velutina,NL,NA,gbif,4.7,51.6,1.0014093399047852,815
1675,Vespa velutina,NA,"Vizcaya, ES-PV, ES",inat,-2.88,43.4,1.3855283737182618,1218
1676,Vespa velutina,NA,"El Baix Guinardó, Horta-Guinardó, Barcelona, España",inat,2.17,41.41,1.557114028930664,615
1677,Vespa velutina,NA,"GX3W+Q7, 4149 Esch an der Alzette, Luxemburg",inat,6,49.5,0.9359707832336426,862
1678,Vespa velutina,BE,NA,gbif,4.72,51.3,1.0255916595458985,796
1679,Vespa velutina,BE,NA,gbif,4.26,51.22,1.0467052459716797,796
1680,Vespa velutina,NL,NA,gbif,4.2,51.5,1.0319975852966308,791
1681,Vespa velutina,NA,"Charles de Gaulle, 69160 Tassin-la-Demi-Lune, France",inat,4.78,45.76,1.1392176628112793,829
1682,Vespa velutina,BE,NA,gbif,4.58,51.25,1.0279624938964844,800
1683,Vespa velutina,NA,"Camí de Can Móra, Barcelona, Barcelona, ES",inat,2.15,41.41,1.5362238883972168,635
1684,Vespa velutina,NA,"Urbi-Vouga / Alagoas B, 3810-164, Portugal",inat,-8.61,40.64,1.4932135581970214,978
1685,Vespa velutina,BE,NA,gbif,4.84,51.2,1.02982816696167,791
1686,Vespa velutina,BE,NA,gbif,5.32,50.91,1.0412812232971191,790
1687,Vespa velutina,NL,NA,gbif,4.3,51.45,1.0319975852966308,791
1688,Vespa velutina,NA,"50321 Brühl, Deutschland",inat,6.88,50.8,1.0050749778747559,678
1689,Vespa velutina,NL,NA,gbif,6,50.75,0.9450010299682617,907
1690,Vespa velutina,BE,NA,gbif,3.61,51.11,1.041869831085205,812
1691,Vespa velutina,NA,"Düdelingen, Luxemburg",inat,6.08,49.48,0.9359707832336426,862
1692,Vespa velutina,NA,"Pafendall Lëtzebuerg, Luxembourg",inat,6.13,49.62,0.9220864295959472,866
1693,Vespa velutina,NA,"Sussargues, Occitanie, FR",inat,4,43.7,1.4489864349365233,699
1694,Vespa velutina,NA,Parque José Gomes Ferreira,inat,-9.13,38.76,1.6865142822265624,703
1695,Vespa velutina,BE,NA,gbif,3.87,50.78,1.0213645935058593,779
1696,Vespa velutina,NA,"Bilbao, Biscay, Spain",inat,-2.93,43.26,1.3535219192504884,1158
1697,Vespa velutina,NA,"Mouzos, 27612 Sarria, Lugo, Spain",inat,-7.47,42.78,1.2101219177246094,1509
1698,Vespa velutina,NA,"Parc naturel régional des Monts d'Ardèche, Saint-Vincent-de-Durfort, Auvergne-Rhône-Alpes, FR",inat,4.64,44.8,1.0957228660583496,947
1699,Vespa velutina,NA,"União das freguesias de Torres Novas (Santa Maria, Salvador e Santiago), 2350 Torres Novas, Portugal",inat,-8.56,39.47,1.6346406936645508,717
1700,Vespa velutina,BE,NA,gbif,4.32,50.97,1.029301071166992,790
1701,Vespa velutina,BE,NA,gbif,4.19,50.97,1.029301071166992,790
1702,Vespa velutina,BE,NA,gbif,4.63,50.93,1.0223458290100098,773
1703,Vespa velutina,DE,NA,gbif,6.93,51.49,1.0297656059265137,883
1704,Vespa velutina,NA,"Rovira i Virgili - Parc de la Pegaso, Sant Andreu, 08027 Barcelona, España",inat,2.19,41.43,1.557114028930664,615
1705,Vespa velutina,DE,NA,gbif,6.67,51.49,1.0796989440917968,819
1706,Vespa velutina,BE,NA,gbif,4.97,51.15,1.0535478591918945,777
1707,Vespa velutina,BE,NA,gbif,4.47,51.19,1.0570364952087403,798
1708,Vespa velutina,BE,NA,gbif,4.36,51.17,1.0570364952087403,798
1709,Vespa velutina,BE,NA,gbif,4.45,51.17,1.0570364952087403,798
1710,Vespa velutina,BE,NA,gbif,5.08,50.75,1.0245490074157715,768
1711,Vespa velutina,BE,NA,gbif,4.71,50.99,1.0381396293640137,765
1712,Vespa velutina,CH,NA,gbif,6.35,46.49,1.0434999465942383,1078
1713,Vespa velutina,NA,"Place Gabriel Fauré, Annecy, Auvergne-Rhône-Alpes, FR",inat,6.14,45.92,0.9617656707763672,1054
1714,Vespa velutina,NL,NA,gbif,5.75,51.7,0.9782135009765625,760
1715,Vespa velutina,BE,NA,gbif,3.6,50.82,1.0210312843322753,786
1716,Vespa velutina,NA,"Groesbeek, Nederland",inat,5.92,51.79,0.9752073287963867,758
1717,Vespa velutina,NA,"Tuileries, 75001 Paris, France",inat,2.33,48.86,1.160487461090088,632
1718,Vespa velutina,BE,NA,gbif,3.28,51.22,1.0298015594482421,783
1719,Vespa velutina,NA,"Rotunda 1º de Maio, 4440-502 Valongo, Portugal",inat,-8.5,41.19,1.3860833168029785,1373
1720,Vespa velutina,BE,NA,gbif,3.88,50.78,1.0213645935058593,779
1721,Vespa velutina,BE,NA,gbif,3.8,50.98,1.0391103744506835,795
1722,Vespa velutina,BE,NA,gbif,4.04,50.84,1.040187454223633,782
1723,Vespa velutina,BE,NA,gbif,4.86,50.46,0.9631041526794434,813
1724,Vespa velutina,BE,NA,gbif,3.71,50.98,1.0391103744506835,795
1725,Vespa velutina,BE,NA,gbif,4.52,51.03,1.0294468879699707,777
1726,Vespa velutina,NA,"Bastia-2, 20200 Bastia, France",inat,9.45,42.7,1.437842845916748,897
1727,Vespa velutina,NA,"Lameyplatz, 76185 Karlsruhe, Deutschland",inat,8.36,49.01,1.0572250366210938,765
1728,Vespa velutina,NA,"Van der Does de Willeboissingel, 's‑Hertogenbosch, North Brabant, NL",inat,5.3,51.69,0.9796489715576172,776
1729,Vespa velutina,NA,Schlosspark Weinheim,inat,8.67,49.54,0.9139698028564454,969
1730,Vespa velutina,NA,"Cantabria, España",inat,-4.17,43.12,0.9467010498046875,906
1731,Vespa velutina,BE,NA,gbif,5.48,50.86,1.0172677040100098,787
1732,Vespa velutina,NA,NA,inat,5.94,49.58,0.9034072875976562,936
1733,Vespa velutina,BE,NA,gbif,5.08,50.97,1.056206226348877,773
1734,Vespa velutina,NA,"Annecy, Frankreich",inat,6.14,45.9,0.9617656707763672,1054
1735,Vespa velutina,FR,NA,gbif,3.14,42.48,1.4138460159301758,604
1736,Vespa velutina,BE,NA,gbif,4.82,50.92,1.0381396293640137,765
1737,Vespa velutina,NL,NA,gbif,4.6,52.35,0.9709492683410644,828
1738,Vespa velutina,BE,NA,gbif,4.1,50.88,1.040187454223633,782
1739,Vespa velutina,BE,NA,gbif,3.64,50.73,1.0210312843322753,786
1740,Vespa velutina,NA,"Buztintxulo Kalea, Donostia / San Sebastián, Gipuzkoa, ES",inat,-1.95,43.31,1.3265643119812012,1330
1741,Vespa velutina,NA,"Naturpark Our, Pütscheid, Distrikt Diekirch, LU",inat,6.14,49.96,0.8673364639282226,860
1742,Vespa velutina,BE,NA,gbif,3.71,51.08,1.0652593612670898,792
1743,Vespa velutina,FR,NA,gbif,2.42,48.83,1.1437250137329102,632
1744,Vespa velutina,NA,"Pforzheim, DE-BW, DE",inat,8.71,48.9,0.9109313011169433,896
1745,Vespa velutina,NA,"02350 Bucy-lès-Pierrepont, France",inat,3.9,49.65,1.0027145385742187,733
1746,Vespa velutina,NA,"Villagarcía de Arosa, 36600, Pontevedra, España",inat,-8.77,42.6,1.4116792678833008,1504
1747,Vespa velutina,DE,NA,gbif,6.52,51.37,1.06216459274292,770
1748,Vespa velutina,BE,NA,gbif,3.4,50.9,1.0440187454223633,791
1749,Vespa velutina,BE,NA,gbif,4.18,50.9,1.029301071166992,790
1750,Vespa velutina,BE,NA,gbif,3.65,51.15,1.041869831085205,812
1751,Vespa velutina,BE,NA,gbif,4.15,51.11,1.0435916900634765,789
1752,Vespa velutina,NA,"04800 Gréoux-les-Bains, France",inat,5.89,43.76,1.2667854309082032,734
1753,Vespa velutina,BE,NA,gbif,4.96,51.24,1.02982816696167,791
1754,Vespa velutina,BE,NA,gbif,4.74,50.94,1.0381396293640137,765
1755,Vespa velutina,NA,"Bern, CH-BE, CH",inat,7.4,46.98,0.844139575958252,1079
1756,Vespa velutina,NL,NA,gbif,4.7,52.4,0.9732146263122559,830
1757,Vespa velutina,NA,"Drôme, Rhône-Alpes, FR",inat,5.14,45.05,1.1987364768981934,909
1758,Vespa velutina,BE,NA,gbif,4.51,50.88,1.0223458290100098,773
1759,Vespa velutina,NA,"74340 Samoëns, France",inat,6.73,46.08,0.46822395324707033,1508
1760,Vespa velutina,NA,"Lugar Viduedo, Triacastela, Lugo, ES",inat,-7.18,42.74,1.0537166595458984,1432
1761,Vespa velutina,BE,NA,gbif,4.73,50.87,1.0381396293640137,765
1762,Vespa velutina,BE,NA,gbif,4.62,50.38,0.9846739768981934,803
1763,Vespa velutina,NL,NA,gbif,5.3,52.1,0.9599833488464355,815
1764,Vespa velutina,BE,NA,gbif,4.06,51.08,1.0435916900634765,789
1765,Vespa velutina,NA,"Carrer d'Olot, Barcelona, Barcelona, ES",inat,2.15,41.41,1.5362238883972168,635
1766,Vespa velutina,BE,NA,gbif,4.27,51.07,1.0402281761169434,786
1767,Vespa velutina,NA,"18240 Boulleret, France",inat,2.89,47.41,1.0636781692504882,725
1768,Vespa velutina,NL,NA,gbif,5.9,51.1,1.0099031448364257,731
1769,Vespa velutina,BE,NA,gbif,4.14,50.92,1.040187454223633,782
1770,Vespa velutina,NA,"Rue des Bois, Holtz, District Diekirch, LU",inat,5.79,49.8,0.8467562675476075,997
1771,Vespa velutina,NL,NA,gbif,4.75,51.55,1.0014093399047852,815
1772,Vespa velutina,BE,NA,gbif,5.21,51.22,1.0049365043640137,795
1773,Vespa velutina,NL,NA,gbif,4.3,52.05,0.9714204788208007,837
1774,Vespa velutina,NL,NA,gbif,5.65,51.45,0.9889156341552734,757
1775,Vespa velutina,BE,NA,gbif,3.15,51.18,1.0130767822265625,758
1776,Vespa velutina,DE,NA,gbif,8.36,49.84,1.0403801918029785,579
1777,Vespa velutina,BE,NA,gbif,4.2,50.94,1.029301071166992,790
1778,Vespa velutina,NA,"Naturpark Südschwarzwald, Wittnau, Baden-Württemberg, DE",inat,7.82,47.95,0.9775771141052246,969
1779,Vespa velutina,BE,NA,gbif,4.3,51.13,1.0402281761169434,786
1780,Vespa velutina,NA,"De Jamblinne de Meux, Belgium",inat,4.39,50.85,1.0497979164123534,783
1781,Vespa velutina,BE,NA,gbif,4.38,50.79,1.0074718475341797,805
1782,Vespa velutina,BE,NA,gbif,4.56,50.98,1.0223458290100098,773
1783,Vespa velutina,NA,"Hessen, DE",inat,8.71,50.14,1.014552116394043,674
1784,Vespa velutina,BE,NA,gbif,5.66,50.9,0.9943770408630371,774
1785,Vespa velutina,DE,NA,gbif,6.32,49.85,0.8926301956176758,842
1786,Vespa velutina,BE,NA,gbif,4.51,51.01,1.0294468879699707,777
1787,Vespa velutina,BE,NA,gbif,4.81,50.84,1.0381396293640137,765
1788,Vespa velutina,DE,NA,gbif,8.3,49.38,1.0166802406311035,624
1789,Vespa velutina,NA,"Liège, Wallonie, BE",inat,5.22,50.5,0.9122854232788086,883
1790,Vespa velutina,BE,NA,gbif,4.72,51.09,1.0428604125976562,774
1791,Vespa velutina,NA,"06380 Moulinet, France",inat,7.42,43.96,1.0484322547912597,894
1792,Vespa velutina,BE,NA,gbif,2.88,50.85,1.0072551727294923,735
1793,Vespa velutina,NA,"Saint-Pierre, Brest, France",inat,-4.55,48.38,1.1350642204284669,1106
1794,Vespa velutina,NA,"Montjuïc, Sants-Montjuïc, Barcelona, Spain",inat,2.16,41.36,1.5362238883972168,635
1795,Vespa velutina,BE,NA,gbif,5.28,51.04,1.0283103942871095,817
1796,Vespa velutina,BE,NA,gbif,4.47,51.09,1.039146900177002,785
1797,Vespa velutina,BE,NA,gbif,4.75,50.92,1.0381396293640137,765
1798,Vespa velutina,BE,NA,gbif,4.78,50.91,1.0381396293640137,765
1799,Vespa velutina,NA,"93300 Aubervilliers, France",inat,2.4,48.91,1.1448124885559081,641
1800,Vespa velutina,DE,NA,gbif,6.9,51.15,1.057521915435791,811
1801,Vespa velutina,NL,NA,gbif,5.8,51.3,0.9927103996276856,722
1802,Vespa velutina,NL,NA,gbif,3.6,51.45,1.040852928161621,757
1803,Vespa velutina,FR,NA,gbif,4.35,46.68,1.0266302108764649,821
1804,Vespa velutina,NA,"3515 BE Utrecht, Nederland",inat,5.12,52.1,0.9803396224975586,797
1805,Vespa velutina,BE,NA,gbif,4.64,50.82,1.0064770698547363,782
1806,Vespa velutina,BE,NA,gbif,3.67,51.13,1.0652593612670898,792
1807,Vespa velutina,BE,NA,gbif,4.42,51.18,1.0570364952087403,798
1808,Vespa velutina,BE,NA,gbif,5,50.78,1.0245490074157715,768
1809,Vespa velutina,NA,"Álava, Spain",inat,-2.31,42.85,1.0452937126159667,970
1810,Vespa velutina,NA,"Pont Saint-Guillaume, Strasbourg, Grand Est, FR",inat,7.76,48.58,1.061342716217041,735
1811,Vespa velutina,NA,"Centre Commercial, 78310 Maurepas, France",inat,1.94,48.76,1.0464655876159668,635
1812,Vespa velutina,NA,"80440 Boves, France",inat,2.38,49.85,1.0165677070617676,664
1813,Vespa velutina,NL,NA,gbif,3.55,51.55,1.0425701141357422,767
1814,Vespa velutina,BE,NA,gbif,3.48,50.89,1.0440187454223633,791
1815,Vespa velutina,BE,NA,gbif,5.27,51.1,1.0283103942871095,817
1816,Vespa velutina,NA,"2775-239 Parede, Portugal",inat,-9.36,38.69,1.581121826171875,711
1817,Vespa velutina,NL,NA,gbif,5.65,50.85,0.9943770408630371,774
1818,Vespa velutina,NA,"Arcozelo, 6290, Portugal",inat,-7.62,40.54,1.3668603897094727,1430
1819,Vespa velutina,NA,"17310 Lloret de Mar, Prowincja Girona, Hiszpania",inat,2.85,41.73,1.432300853729248,703
1820,Vespa velutina,NA,Strebelle kinesport,inat,3.95,50.39,1.006679153442383,777
1821,Vespa velutina,NA,"24370 Pechs-de-l'Espérance, France",inat,1.38,44.9,1.2323719024658204,874
1822,Vespa velutina,NL,NA,gbif,3.75,51.45,1.0380054473876954,782
1823,Vespa velutina,NA,"Aalst TechniGo, 9300 Aalst, Belgium",inat,4.02,50.94,1.040187454223633,782
1824,Vespa velutina,BE,NA,gbif,4.75,50.93,1.0381396293640137,765
1825,Vespa velutina,NA,"Kortrijk, 8500 Kortrijk, Belgium",inat,3.29,50.83,1.0392760276794433,754
1826,Vespa velutina,NA,"Ramon, Salles, Nouvelle-Aquitaine, FR",inat,0.87,44.54,1.2416895866394042,946
1827,Vespa velutina,ES,NA,gbif,1.87,41.55,1.4234187126159668,646
1828,Vespa velutina,BE,NA,gbif,4.31,51.35,1.0319975852966308,791
1829,Vespa velutina,NA,"Girona, Spain",inat,2.81,41.99,1.4288000106811523,759
1830,Vespa velutina,NA,"Place du Casino, 98000 Monaco",inat,7.43,43.74,1.3437254905700684,813
1831,Vespa velutina,NA,"38400 Saint-Martin-d'Hères, France",inat,5.77,45.19,0.9415323257446289,1129
1832,Vespa velutina,BE,NA,gbif,3.81,50.47,1.0056135177612304,762
1833,Vespa velutina,NA,"Park, Leuven, België",inat,4.72,50.86,1.0381396293640137,765
1834,Vespa velutina,NA,"Arfons, France",inat,2.14,43.44,1.1860177040100097,844
1835,Vespa velutina,NL,NA,gbif,4.8,51.55,1.0014093399047852,815
1836,Vespa velutina,BE,NA,gbif,4.04,50.93,1.040187454223633,782
1837,Vespa velutina,NA,"Santander, Cantabria, España",inat,-3.79,43.48,1.4061168670654296,1168
1838,Vespa velutina,NL,NA,gbif,5.4,51.6,0.9877718925476074,767
1839,Vespa velutina,NA,"Av. Canaletes/c. de la Costa, 08290 Cerdanyola del Vallès, Barcelona, España",inat,2.15,41.48,1.5362238883972168,635
1840,Vespa velutina,NA,"BELVAUX, Batting, 4446 Belvaux Sassenheim, Luxemburg",inat,5.92,49.51,0.9034072875976562,936
1841,Vespa velutina,FR,NA,gbif,6.74,47.96,0.7678072929382325,1180
1842,Vespa velutina,NL,NA,gbif,5.25,52.15,0.9599833488464355,815
1843,Vespa velutina,BE,NA,gbif,4.46,51.17,1.0570364952087403,798
1844,Vespa velutina,NA,"Rue G Président Joseph Francis, Wavre, Brabant wallon, BE",inat,4.59,50.71,1.0064770698547363,782
1845,Vespa velutina,BE,NA,gbif,4.33,50.74,1.0301885604858398,788
1846,Vespa velutina,BE,NA,gbif,4.14,51.11,1.0435916900634765,789
1847,Vespa velutina,BE,NA,gbif,4.39,51.21,1.0570364952087403,798
1848,Vespa velutina,BE,NA,gbif,4.97,51.15,1.0535478591918945,777
1849,Vespa velutina,BE,NA,gbif,2.67,51.12,1.000996208190918,706
1850,Vespa velutina,NA,"74250 Viuz-en-Sallaz, France",inat,6.4,46.17,0.8081166267395019,1243
1851,Vespa velutina,NA,"Santarém, PT",inat,-8.05,39.51,1.5611385345458983,825
1852,Vespa velutina,NA,"16390 Laprade, France",inat,0.2,45.27,1.2647010803222656,901
1853,Vespa velutina,NA,"Le Bourget-du-Lac, France",inat,5.87,45.64,1.0212896347045899,1074
1854,Vespa velutina,NL,NA,gbif,4,51.4,1.028324794769287,799
1855,Vespa velutina,NA,"Danton, 29480 Le Relecq-Kerhuon, France",inat,-4.4,48.41,1.1265685081481933,1108
1856,Vespa velutina,BE,NA,gbif,4,51.01,1.0435916900634765,789
1857,Vespa velutina,NA,"Groesbeek, Nederland",inat,5.92,51.79,0.9752073287963867,758
1858,Vespa velutina,NL,NA,gbif,4.7,51.6,1.0014093399047852,815
1859,Vespa velutina,BE,NA,gbif,4.47,51.39,1.0215239524841309,802
1860,Vespa velutina,BE,NA,gbif,3.71,51.05,1.0652593612670898,792
1861,Vespa velutina,NL,NA,gbif,5.9,51.55,0.9829667091369629,754
1862,Vespa velutina,NL,NA,gbif,5.85,50.9,0.9916646003723144,781
1863,Vespa velutina,BE,NA,gbif,4.76,51.19,1.0255916595458985,796
1864,Vespa velutina,NL,NA,gbif,5.7,50.85,1.0079051971435546,754
1865,Vespa velutina,NA,"50581 Lituénigo, Zaragoza, España",inat,-1.77,41.83,0.9882874488830566,556
1866,Vespa velutina,NL,NA,gbif,5.3,51.35,0.9905437469482422,772
1867,Vespa velutina,BE,NA,gbif,4.45,50.93,1.0497979164123534,783
1868,Vespa velutina,BE,NA,gbif,5.16,51.11,1.056958293914795,792
1869,Vespa velutina,NA,"22363 Puértolas, Huesca, España",inat,0.13,42.51,0.7688843727111816,1037
1870,Vespa velutina,NL,NA,gbif,5.3,51.65,0.9838749885559082,773
1871,Vespa velutina,BE,NA,gbif,4.4,51.1,1.039146900177002,785
1872,Vespa velutina,NL,NA,gbif,4.85,51.65,0.9868624687194825,799
1873,Vespa velutina,NA,"Sant Adrià de Besòs, Barcelona, España",inat,2.21,41.43,1.557114028930664,615
1874,Vespa velutina,NA,"Vauban Hôtel des Invalides, 75007 Paris, France",inat,2.31,48.85,1.160487461090088,632
1875,Vespa velutina,NL,NA,gbif,4.2,51.4,1.0319975852966308,791
1876,Vespa velutina,BE,NA,gbif,3.18,50.84,1.0385656356811523,780
1877,Vespa velutina,NA,"51120 Les Essarts-lès-Sézanne, France",inat,3.6,48.77,0.9919729232788086,645
1878,Vespa velutina,BE,NA,gbif,4.45,51.16,1.039146900177002,785
1879,Vespa velutina,NL,NA,gbif,6,51.15,1.0012770652770997,719
1880,Vespa velutina,NA,"Antigone, 34000 Montpellier, France",inat,3.9,43.61,1.4818106651306153,645
1881,Vespa velutina,BE,NA,gbif,4.39,50.69,1.0074718475341797,805
1882,Vespa velutina,NA,"Rodingen Petingen, Luxemburg",inat,5.83,49.54,0.8987051963806152,976
1883,Vespa velutina,BE,NA,gbif,4.91,50.47,0.9631041526794434,813
1884,Vespa velutina,NA,Douvrin,inat,2.83,50.51,1.0275562286376954,693
1885,Vespa velutina,BE,NA,gbif,4.66,51.1,1.0294468879699707,777
1886,Vespa velutina,BE,NA,gbif,4.45,51.08,1.039146900177002,785
1887,Vespa velutina,NA,"STEINFORT, Gemeng, 8422 Steinfort, Luxembourg",inat,5.91,49.66,0.9034072875976562,936
1888,Vespa velutina,BE,NA,gbif,3.64,50.6,1.0115697860717774,766
1889,Vespa velutina,NA,"Travessa da Moura, Vermil, Norte, PT",inat,-8.39,41.45,1.42109375,1410
1890,Vespa velutina,BE,NA,gbif,5.32,50.92,1.0412812232971191,790
1891,Vespa velutina,BE,NA,gbif,4.02,50.94,1.040187454223633,782
1892,Vespa velutina,NA,"Árvore, 4480 Árvore, Portugal",inat,-8.74,41.33,1.4303919792175293,1292
1893,Vespa velutina,BE,NA,gbif,4.09,51.02,1.0435916900634765,789
1894,Vespa velutina,DE,NA,gbif,6.96,50.96,1.0670458793640136,745
1895,Vespa velutina,NA,"Freiburg im Breisgau, DE-BW, DE",inat,7.82,47.97,0.9775771141052246,969
1896,Vespa velutina,NA,"59170 Croix, France",inat,3.15,50.68,1.0312749862670898,735
1897,Vespa velutina,BE,NA,gbif,4.91,50.84,1.0436156272888184,766
1898,Vespa velutina,BE,NA,gbif,4.76,51.09,1.0428604125976562,774
1899,Vespa velutina,NL,NA,gbif,4.45,52.05,0.971110725402832,849
1900,Vespa velutina,NL,NA,gbif,5.9,50.85,0.9916646003723144,781
1901,Vespa velutina,NA,"67190 Mollkirch, France",inat,7.34,48.49,0.9224427223205567,883
1902,Vespa velutina,NA,"Largo Saraceni, San Bartolomeo al Mare, Liguria, IT",inat,8.1,43.92,1.4910426139831543,766
1903,Vespa velutina,BE,NA,gbif,4.28,51.05,1.0402281761169434,786
1904,Vespa velutina,DE,NA,gbif,6.67,51.3,1.0587124824523926,788
1905,Vespa velutina,NA,"Santander - Cànem, Sant Andreu, 08020 Barcelona, España",inat,2.2,41.43,1.557114028930664,615
1906,Vespa velutina,BE,NA,gbif,5.51,50.85,0.9943770408630371,774
1907,Vespa velutina,NA,"Avenue Saint-Jacques, Menton, Provence-Alpes-Côte d'Azur, FR",inat,7.51,43.78,1.4502586364746093,802
1908,Vespa velutina,BE,NA,gbif,5.05,50.91,1.056206226348877,773
1909,Vespa velutina,FR,NA,gbif,1.89,48.81,1.0464655876159668,635
1910,Vespa velutina,BE,NA,gbif,4.4,51.18,1.0570364952087403,798
1911,Vespa velutina,BE,NA,gbif,4.45,51.22,1.0570364952087403,798
1912,Vespa velutina,BE,NA,gbif,3.78,51,1.0391103744506835,795
1913,Vespa velutina,NA,"2025 Alcanede, Portugal",inat,-8.84,39.43,1.5276603698730469,755
1914,Vespa velutina,BE,NA,gbif,4.37,51.22,1.0570364952087403,798
1915,Vespa velutina,NL,NA,gbif,5.05,52.1,0.9803396224975586,797
1916,Vespa velutina,BE,NA,gbif,4.4,50.94,1.0497979164123534,783
1917,Vespa velutina,BE,NA,gbif,4.16,51.03,1.0435916900634765,789
1918,Vespa velutina,BE,NA,gbif,2.96,51.07,1.0027176856994628,735
1919,Vespa velutina,NA,"Savona, Liguria, IT",inat,8.49,44.32,1.448275375366211,866
1920,Vespa velutina,BE,NA,gbif,3.88,50.79,1.0213645935058593,779
1921,Vespa velutina,BE,NA,gbif,4.04,50.98,1.040187454223633,782
1922,Vespa velutina,NA,"Scheveningen, Den Haag, Nederland",inat,4.27,52.09,0.9714204788208007,837
1923,Vespa velutina,NA,"Carrer de la Riera de Can Toda, Barcelona, Barcelona, ES",inat,2.16,41.41,1.5362238883972168,635
1924,Vespa velutina,NA,"Manac'h, 56000 Vannes, France",inat,-2.78,47.66,1.247945785522461,850
1925,Vespa velutina,BE,NA,gbif,4.68,50.86,1.0381396293640137,765
1926,Vespa velutina,NA,"Park, Leuven, Belgium",inat,4.71,50.87,1.0381396293640137,765
1927,Vespa velutina,BE,NA,gbif,4.25,50.74,1.0301885604858398,788
1928,Vespa velutina,BE,NA,gbif,4.67,51.12,1.0428604125976562,774
1929,Vespa velutina,NL,NA,gbif,3.85,51.3,1.0390030860900878,773
1930,Vespa velutina,NA,"Chemin des Bois de Lhu, Saint-Didier-d'Aussiat, Auvergne-Rhône-Alpes, FR",inat,5.1,46.33,1.1157530784606933,928
1931,Vespa velutina,NA,"Oostkapelle, Steengrachtstraat, 4356 AP Oostkapelle, Nederland",inat,3.55,51.57,1.0425701141357422,767
1932,Vespa velutina,NL,NA,gbif,3.85,51.25,1.0390030860900878,773
1933,Vespa velutina,NL,NA,gbif,5.1,51.35,0.9912364959716797,790
1934,Vespa velutina,NA,"Parc de l'Europe, 1466 Dommeldange Luxemburg, Luxembourg",inat,6.14,49.64,0.9220864295959472,866
1935,Vespa velutina,NA,"22820 Plougrescant, France",inat,-3.21,48.84,1.1599252700805665,902
1936,Vespa velutina,NA,"Jardin des Plantes, 75005 Paris, France",inat,2.36,48.84,1.1448124885559081,641
1937,Vespa velutina,BE,NA,gbif,4.25,50.86,1.029301071166992,790
1938,Vespa velutina,NA,"29410 Le Cloître-Saint-Thégonnec, France",inat,-3.8,48.48,1.053389549255371,1123
1939,Vespa velutina,NA,"Rua Florbela Espanca, Amora, Lisboa, PT",inat,-9.13,38.61,1.6673786163330078,687
1940,Vespa velutina,NA,"Lotissement de la Ferme, 57350 Schœneck, Frankreich",inat,6.92,49.22,0.9382645606994628,919
1941,Vespa velutina,NA,"27380 Charleval, France",inat,1.37,49.38,1.0165989875793457,719
1942,Vespa velutina,NA,"83110 Sanary-sur-Mer, France",inat,5.8,43.13,1.5043931961059571,638
1943,Vespa velutina,BE,NA,gbif,3.59,50.74,1.0210312843322753,786
1944,Vespa velutina,NA,"Frankfurt (Main) Bockenheimer Warte, 60325 Frankfurt am Main, Deutschland",inat,8.65,50.12,1.0215635299682617,620
1945,Vespa velutina,PT,NA,gbif,-9.14,38.6,1.6673786163330078,687
1946,Vespa velutina,NL,NA,gbif,5.6,50.8,0.9857937812805175,820
1947,Vespa velutina,NA,"54 Manderscheid, Deutschland",inat,6.81,50.09,0.8217854499816895,935
1948,Vespa velutina,NA,"Nogent-sur-Oise, France",inat,2.48,49.28,1.0537302017211914,642
1949,Vespa velutina,BE,NA,gbif,4.1,51.11,1.0435916900634765,789
1950,Vespa velutina,NA,"La Cité Médiévale, 11000 Carcassonne, France",inat,2.36,43.2,1.3533198356628418,694
1951,Vespa velutina,NA,Oosterhout,inat,4.84,51.62,0.9868624687194825,799
1952,Vespa velutina,NA,"4750 Creixomil, Portugal",inat,-8.68,41.54,1.404978370666504,1497
1953,Vespa velutina,BE,NA,gbif,4.38,51.1,1.039146900177002,785
1954,Vespa velutina,NA,"Kasteel Westhove, Oostkapelle, Zeeland, NL",inat,3.52,51.57,1.0425701141357422,767
1955,Vespa velutina,BE,NA,gbif,4.39,51.13,1.039146900177002,785
1956,Vespa velutina,BE,NA,gbif,4.82,50.92,1.0381396293640137,765
1957,Vespa velutina,NA,"Santiago de Compostela, Corunha, Espanha",inat,-8.54,42.88,1.3204468727111816,1585
1958,Vespa velutina,NA,"91800 Brunoy, France",inat,2.51,48.7,1.082697868347168,638
1959,Vespa velutina,NA,"08635 Sant Esteve Sesrovires, Barcelona, España",inat,1.87,41.48,1.4701176643371583,644
1960,Vespa velutina,DE,NA,gbif,8.24,50,1.0134291648864746,587
1961,Vespa velutina,BE,NA,gbif,3.59,50.81,1.0210312843322753,786
1962,Vespa velutina,BE,NA,gbif,3.64,50.84,1.0466250419616698,795
1963,Vespa velutina,NL,NA,gbif,5.15,52,0.9610124588012695,776
1964,Vespa velutina,NA,"Saint-Gildas-de-Rhuys, Frankreich",inat,-2.86,47.53,1.2329958915710448,873
1965,Vespa velutina,BE,NA,gbif,4.61,51.39,1.0171833038330078,811
1966,Vespa velutina,NL,NA,gbif,3.9,51.45,1.0314996719360352,800
1967,Vespa velutina,CH,NA,gbif,6.14,46.23,0.9738552093505859,1039
1968,Vespa velutina,BE,NA,gbif,4.42,51.2,1.0570364952087403,798
1969,Vespa velutina,BE,NA,gbif,5.58,51.1,0.9810802459716796,756
1970,Vespa velutina,NA,"3810-193 Aveiro, Portugal",inat,-8.66,40.64,1.4932135581970214,978
1971,Vespa velutina,BE,NA,gbif,4.52,50.82,1.0064770698547363,782
1972,Vespa velutina,BE,NA,gbif,4.48,51,1.0497979164123534,783
1973,Vespa velutina,BE,NA,gbif,4.19,51.19,1.0467052459716797,796
1974,Vespa velutina,NA,"08205 Sabadell, Barcelona, España",inat,2.08,41.55,1.4473604202270507,676
1975,Vespa velutina,NL,NA,gbif,5.05,51.6,0.9860114097595215,794
1976,Vespa velutina,BE,NA,gbif,2.93,51.24,1.010472011566162,727
1977,Vespa velutina,NA,"Frileuse, 76610 Le Havre, France",inat,0.15,49.51,1.1144232749938965,755
1978,Vespa velutina,BE,NA,gbif,4.46,51.18,1.0570364952087403,798
1979,Vespa velutina,NA,"Manresa, Barcelona, Espanya",inat,1.84,41.74,1.3732572555541993,631
1980,Vespa velutina,BE,NA,gbif,3.75,51.04,1.0652593612670898,792
1981,Vespa velutina,NA,"Sicó/Alvaiazere, Pussos, Centro, PT",inat,-8.39,39.78,1.5509208679199218,853
1982,Vespa velutina,NA,"Estrada circular à zona industrial (0,03 km) Nº 2, 2560-177 Pte. do Rol, Portugal",inat,-9.32,39.09,1.581683349609375,685
1983,Vespa velutina,BE,NA,gbif,3.19,50.98,1.0385656356811523,780
1984,Vespa velutina,FR,NA,gbif,1.63,50.68,1.0584751129150392,595
1985,Vespa velutina,NA,"76307 Karlsbad-Spielberg, Deutschland",inat,8.47,48.9,0.9595218658447265,1036
1986,Vespa velutina,BE,NA,gbif,5.59,51.04,0.9810802459716796,756
1987,Vespa velutina,BE,NA,gbif,5.33,50.95,1.0412812232971191,790
1988,Vespa velutina,NL,NA,gbif,6,51.15,1.0012770652770997,719
1989,Vespa velutina,BE,NA,gbif,2.76,50.78,1.0040645599365234,718
1990,Vespa velutina,NA,"Timmermans, 1190 Forest, Belgique",inat,4.34,50.82,1.0074718475341797,805
1991,Vespa velutina,BE,NA,gbif,4.79,51.26,1.0255916595458985,796
1992,Vespa velutina,NA,"Schiltigheim, France",inat,7.71,48.61,1.061342716217041,735
1993,Vespa velutina,BE,NA,gbif,3.67,50.98,1.0391103744506835,795
1994,Vespa velutina,BE,NA,gbif,4.74,50.99,1.0381396293640137,765
1995,Vespa velutina,BE,NA,gbif,5.09,50.72,1.0245490074157715,768
1996,Vespa velutina,BE,NA,gbif,4.03,50.94,1.040187454223633,782
1997,Vespa velutina,NA,"Schonberg, 69009 Lyon, France",inat,4.83,45.8,1.1392176628112793,829
1998,Vespa velutina,NL,NA,gbif,5.9,50.9,0.9916646003723144,781
1999,Vespa velutina,NA,"85290 Saint-Laurent-sur-Sèvre, France",inat,-0.9,46.97,1.124171829223633,813
2000,Vespa velutina,BE,NA,gbif,5.32,50.96,1.0412812232971191,790
2001,Vespa velutina,NL,NA,gbif,6,51.25,1.0026583671569824,734
2002,Vespa velutina,BE,NA,gbif,4.39,51.14,1.039146900177002,785
2003,Vespa velutina,BE,NA,gbif,4.2,50.68,1.0301885604858398,788
2004,Vespa velutina,BE,NA,gbif,4.49,51.01,1.039146900177002,785
2005,Vespa velutina,NL,NA,gbif,5.25,51.6,0.9838749885559082,773
2006,Vespa velutina,DE,NA,gbif,8.36,49.62,1.063585376739502,617
2007,Vespa velutina,BE,NA,gbif,3.69,51.08,1.0652593612670898,792
2008,Vespa velutina,BE,NA,gbif,4.95,51.28,1.02982816696167,791
2009,Vespa velutina,NA,"8466 Eischen Habscht, Luxemburg",inat,5.88,49.69,0.8880406379699707,893
2010,Vespa velutina,NA,Gelsenkirchen,inat,7.04,51.53,1.0221354484558105,872
2011,Vespa velutina,NA,"Groix, France",inat,-3.44,47.64,1.226770782470703,914
2012,Vespa velutina,BE,NA,gbif,3.43,50.89,1.0440187454223633,791
2013,Vespa velutina,BE,NA,gbif,4.38,50.84,1.0497979164123534,783
2014,Vespa velutina,BE,NA,gbif,4.41,51.16,1.039146900177002,785
2015,Vespa velutina,BE,NA,gbif,4.31,50.94,1.029301071166992,790
2016,Vespa velutina,NA,"Descente à la Mer, 62200 Boulogne-sur-Mer, Francie",inat,1.59,50.74,1.0584751129150392,595
2017,Vespa velutina,BE,NA,gbif,4.53,50.75,1.0064770698547363,782
2018,Vespa velutina,NA,"Codol·lar al riu Fluvià, Besalú, Girona, Espanya",inat,2.72,42.2,1.3317500114440919,707
2019,Vespa velutina,BE,NA,gbif,5.52,51.13,0.9810802459716796,756
2020,Vespa velutina,NL,NA,gbif,5.65,50.8,0.9857937812805175,820
2021,Vespa velutina,NA,"Polderbaan, Ninove, East Flanders, BE",inat,4.02,50.84,1.040187454223633,782
2022,Vespa velutina,FR,NA,gbif,2.31,51.03,1.0846805572509766,656
2023,Vespa velutina,BE,NA,gbif,4.42,51.2,1.0570364952087403,798
2024,Vespa velutina,BE,NA,gbif,3.43,50.83,1.0314833641052246,767
2025,Vespa velutina,NL,NA,gbif,5.15,52,0.9610124588012695,776
2026,Vespa velutina,BE,NA,gbif,4.44,51.2,1.0570364952087403,798
2027,Vespa velutina,BE,NA,gbif,4.43,51.3,1.0570364952087403,798
2028,Vespa velutina,NA,"Sotos y Riberas del Ebro, Cenicero, La Rioja, ES",inat,-2.64,42.48,1.1776573181152343,500
2029,Vespa velutina,NL,NA,gbif,4.9,51.65,0.9868624687194825,799
2030,Vespa velutina,NA,"Mönchengladbach Alleestraße, 41065 Mönchengladbach, Deutschland",inat,6.45,51.19,1.0271656036376953,737
2031,Vespa velutina,NA,"Odèn, Lerida, ES",inat,1.45,42.14,1.05906982421875,784
2032,Vespa velutina,BE,NA,gbif,4.37,50.91,1.0497979164123534,783
2033,Vespa velutina,NA,"33470 Gujan-Mestras, France",inat,-1.07,44.64,1.294166660308838,944
2034,Vespa velutina,NA,"Chaperon Vert, 94110 Arcueil, France",inat,2.34,48.81,1.1437250137329102,632
2035,Vespa velutina,NL,NA,gbif,4.65,51.5,1.0171833038330078,811
2036,Vespa velutina,NL,NA,gbif,4.4,51.55,1.0125802040100098,791
2037,Vespa velutina,NA,"Rue du Commerce, Eckbolsheim, Grand Est, FR",inat,7.69,48.58,1.061342716217041,735
2038,Vespa velutina,NA,"Escadas do Monte, 1170-252 Lisboa, Portugal",inat,-9.13,38.72,1.6865142822265624,703
2039,Vespa velutina,BE,NA,gbif,4.57,51.15,1.0294468879699707,777
2040,Vespa velutina,BE,NA,gbif,3.32,50.84,1.0385656356811523,780
2041,Vespa velutina,BE,NA,gbif,4.87,50.47,0.9631041526794434,813
2042,Vespa velutina,NL,NA,gbif,5.75,51.8,0.9782135009765625,760
2043,Vespa velutina,NA,NA,inat,6.05,49.48,0.9359707832336426,862
2044,Vespa velutina,NL,NA,gbif,5.05,51.5,0.9912364959716797,790
2045,Vespa velutina,NL,NA,gbif,4.75,51.55,1.0014093399047852,815
2046,Vespa velutina,NA,"Frankenthal (Pfalz), DE-RP, DE",inat,8.37,49.52,1.063585376739502,617
2047,Vespa velutina,BE,NA,gbif,3.51,50.88,1.0466250419616698,795
2048,Vespa velutina,BE,NA,gbif,5.09,51.06,1.056958293914795,792
2049,Vespa velutina,NA,"62179 Wissant, France",inat,1.65,50.88,1.037075901031494,582
2050,Vespa velutina,BE,NA,gbif,3.19,50.91,1.0385656356811523,780
2051,Vespa velutina,NA,"Braine-le-Comte, 7090 Braine-le-Comte, Belgique",inat,4.18,50.6,1.0024656295776366,801
2052,Vespa velutina,NL,NA,gbif,3.9,51.25,1.0390030860900878,773
2053,Vespa velutina,NA,"Comunidad Foral de Navarra, ES-NA-NV, ES",inat,-1.65,42.8,1.167131233215332,809
2054,Vespa velutina,NL,NA,gbif,5.45,51.4,0.9980051994323731,773
2055,Vespa velutina,NA,"Parc de l'Europe, 1466 Dommeldange Luxemburg, Luxembourg",inat,6.15,49.64,0.9220864295959472,866
2056,Vespa velutina,NA,"Elexalde, Leioa, Bizkaia, Spain",inat,-2.97,43.33,1.3535219192504884,1158
2057,Vespa velutina,NL,NA,gbif,5.4,51.6,0.9877718925476074,767
2058,Vespa velutina,NA,"Mape, Busturia, Bizkaia, ES",inat,-2.71,43.37,1.3266465187072753,1220
2059,Vespa velutina,NL,NA,gbif,5.4,51.45,0.9980051994323731,773
2060,Vespa velutina,NL,NA,gbif,3.95,51.45,1.0314996719360352,800
2061,Vespa velutina,NA,"Pelikaan, Ridderkerk, Zuid-Holland, NL",inat,4.62,51.86,0.9911375045776367,858
2062,Vespa velutina,NA,"08490 Tordera, Barcelona, España",inat,2.75,41.73,1.4641207695007323,743
2063,Vespa velutina,NA,"34970 Lattes, France",inat,3.9,43.56,1.4818106651306153,645
2064,Vespa velutina,NL,NA,gbif,5.85,50.85,0.9916646003723144,781
2065,Vespa velutina,NL,NA,gbif,5.05,52,0.9610124588012695,776
2066,Vespa velutina,NA,"Bel-Air, 75012 Paris, France",inat,2.42,48.83,1.1437250137329102,632
2067,Vespa velutina,NA,"Steinbruchstraße - Köngen, 73257 Köngen, Deutschland",inat,9.37,48.69,0.9031718254089356,865
2068,Vespa velutina,BE,NA,gbif,4.83,51.12,1.0428604125976562,774
2069,Vespa velutina,BE,NA,gbif,3.71,51.05,1.0652593612670898,792
2070,Vespa velutina,BE,NA,gbif,4.02,50.9,1.040187454223633,782
2071,Vespa velutina,NL,NA,gbif,4.15,51.85,0.9975513458251953,810
2072,Vespa velutina,NA,"2080 Almeirim, Portugal",inat,-8.62,39.21,1.6496406555175782,696
2073,Vespa velutina,BE,NA,gbif,5.61,50.92,0.9943770408630371,774
2074,Vespa velutina,FR,NA,gbif,2.28,50.71,1.0343145370483398,673
2075,Vespa velutina,BE,NA,gbif,4.93,51.02,1.0535478591918945,777
2076,Vespa velutina,NA,"Luxembourg, LU-LU, LU",inat,6.13,49.59,0.9220864295959472,866
2077,Vespa velutina,BE,NA,gbif,4.48,51.03,1.039146900177002,785
2078,Vespa velutina,NA,"Strada prov. Val Corsaglia, Vicoforte (CN)",inat,7.84,44.34,1.2726604461669921,698
2079,Vespa velutina,BE,NA,gbif,4.44,51.18,1.0570364952087403,798
2080,Vespa velutina,BE,NA,gbif,4.18,51.17,1.0467052459716797,796
2081,Vespa velutina,FR,NA,gbif,-1.93,47.13,1.2240358352661134,778
2082,Vespa velutina,NA,Saint-Denis,inat,2.36,48.93,1.1448124885559081,641
2083,Vespa velutina,BE,NA,gbif,4.42,51.28,1.0570364952087403,798
2084,Vespa velutina,BE,NA,gbif,4.46,51.18,1.0570364952087403,798
2085,Vespa velutina,BE,NA,gbif,3.71,51.06,1.0652593612670898,792
2086,Vespa velutina,NA,"Naturpark Oewersauer, Grumelscheid, Distrikt Diekirch, LU",inat,5.87,49.99,0.8336134910583496,929
2087,Vespa velutina,CH,NA,gbif,7.58,47.56,1.0200145721435547,805
2088,Vespa velutina,BE,NA,gbif,5.09,51.07,1.056958293914795,792
2089,Vespa velutina,NA,"5074 RB Biezenmortel, Nederland",inat,5.18,51.63,0.9838749885559082,773
2090,Vespa velutina,NA,"Altafulla, Tarragona, España",inat,1.38,41.14,1.5755468368530274,540
2091,Vespa velutina,BE,NA,gbif,3.75,51.18,1.0463364601135254,769
2092,Vespa velutina,NA,"Le Parc de Saint-Maur, Saint-Maur-des-Fossés, Francia",inat,2.49,48.8,1.1437250137329102,632
2093,Vespa velutina,NA,"Neu-Moresnet, Kelmis, Belgien",inat,6.02,50.72,0.9450010299682617,907
2094,Vespa velutina,BE,NA,gbif,5.78,51.11,1.0033124923706054,720
2095,Vespa velutina,NL,NA,gbif,5.6,51.55,0.9889708518981933,754
2096,Vespa velutina,BE,NA,gbif,5.56,50.45,0.9149698257446289,929
2097,Vespa velutina,NA,"4775-273 Viatodos, Portugal",inat,-8.56,41.46,1.4215146064758302,1449
2098,Vespa velutina,DE,NA,gbif,6.06,50.79,0.9450010299682617,907
2099,Vespa velutina,BE,NA,gbif,3.89,50.79,1.0213645935058593,779
2100,Vespa velutina,NA,"Venelle du Cortil Godin, Walhain, Brabant wallon, BE",inat,4.68,50.65,0.9712791442871094,797
2101,Vespa velutina,NA,"Chartres-de-Bretagne, France",inat,-1.71,48.04,1.154995822906494,738
2102,Vespa velutina,BE,NA,gbif,4.49,50.84,1.0497979164123534,783
2103,Vespa velutina,BE,NA,gbif,4.68,50.85,1.0381396293640137,765
2104,Vespa velutina,BE,NA,gbif,4.98,51.32,1.02982816696167,791
2105,Vespa velutina,BE,NA,gbif,4.43,51.03,1.039146900177002,785
2106,Vespa velutina,NA,"Garessio, Via Vallorgana (CN)",inat,8.01,44.21,1.1162676811218262,883
2107,Vespa velutina,NL,NA,gbif,5.05,51.55,0.9860114097595215,794
2108,Vespa velutina,NA,"Schwarzer Weg, Düsseldorf, Nordrhein-Westfalen, DE",inat,6.89,51.16,1.057521915435791,811
2109,Vespa velutina,NA,"Watermael, Watermael-Boitsfort, Belgium",inat,4.4,50.81,1.0074718475341797,805
2110,Vespa velutina,NL,NA,gbif,6,51.4,1.005424976348877,735
2111,Vespa velutina,NA,"25288 Lladurs, Lleida, Espanya",inat,1.44,42.07,1.05906982421875,784
2112,Vespa velutina,BE,NA,gbif,3.93,51.18,1.0390030860900878,773
2113,Vespa velutina,BE,NA,gbif,4.36,51.17,1.0570364952087403,798
2114,Vespa velutina,BE,NA,gbif,4.26,50.74,1.0301885604858398,788
2115,Vespa velutina,BE,NA,gbif,5.01,51.13,1.056958293914795,792
2116,Vespa velutina,BE,NA,gbif,5.67,50.9,1.0079051971435546,754
2117,Vespa velutina,BE,NA,gbif,5.32,50.94,1.0412812232971191,790
2118,Vespa velutina,NA,Contwig,inat,7.44,49.25,0.889048957824707,887
2119,Vespa velutina,NL,NA,gbif,6,51.25,1.0026583671569824,734
2120,Vespa velutina,BE,NA,gbif,4.07,50.87,1.040187454223633,782
2121,Vespa velutina,BE,NA,gbif,3.14,51.18,1.0130767822265625,758
2122,Vespa velutina,BE,NA,gbif,4.63,51.14,1.0294468879699707,777
2123,Vespa velutina,BE,NA,gbif,4.37,51,1.0497979164123534,783
2124,Vespa velutina,NL,NA,gbif,6,50.85,0.990902042388916,782
2125,Vespa velutina,NA,"Route de la Chansonnière, Briollay, Pays de la Loire, FR",inat,-0.48,47.58,1.1753666877746582,707
2126,Vespa velutina,BE,NA,gbif,5.42,50.98,1.0172677040100098,787
2127,Vespa velutina,NA,"Léhon, 22100 Dinan, France",inat,-2.07,48.44,1.1563447952270507,799
2128,Vespa velutina,NA,"69118 Heidelberg-Ziegelhausen, Germany",inat,8.75,49.43,0.9509333610534668,953
2129,Vespa velutina,NA,"Els Hostalets de Pierola, Barcelona, Espanya",inat,1.77,41.53,1.3590041160583497,653
2130,Vespa velutina,BE,NA,gbif,4.46,51.37,1.0215239524841309,802
2131,Vespa velutina,NA,"Mayenne, Pays de la Loire, France",inat,-0.79,48.05,1.1442572593688964,747
2132,Vespa velutina,NA,"Heuveloord, Utrecht, Utrecht, NL",inat,5.12,52.08,0.9803396224975586,797
2133,Vespa velutina,NA,"Pg Marítim-Almirall Cervera, Ciutat Vella, 08003 Barcelona, Spain",inat,2.19,41.38,1.557114028930664,615
2134,Vespa velutina,BE,NA,gbif,4.01,51.04,1.0435916900634765,789
2135,Vespa velutina,BE,NA,gbif,3.4,50.9,1.0440187454223633,791
2136,Vespa velutina,BE,NA,gbif,5.5,51,0.9943770408630371,774
2137,Vespa velutina,NL,NA,gbif,5.75,50.95,1.0079051971435546,754
2138,Vespa velutina,NA,"34140 Loupian, France",inat,3.61,43.45,1.5087735176086425,593
2139,Vespa velutina,NA,"Carrer de les Torres Jordi, Tarragona, Tarragona, ES",inat,1.24,41.11,1.5769898414611816,531
2140,Vespa velutina,BE,NA,gbif,4.43,50.84,1.0497979164123534,783
2141,Vespa velutina,NA,"2GRQ+7G, 76356 Weingarten (Baden), Deutschland",inat,8.54,49.04,1.0160676956176757,824
2142,Vespa velutina,BE,NA,gbif,4.45,51.12,1.039146900177002,785
2143,Vespa velutina,NA,"Avignon, Provence-Alpes-Côte d'Azur, FR",inat,4.88,43.92,1.4526844024658203,747
2144,Vespa velutina,BE,NA,gbif,3.98,50.92,1.0294885635375977,792
2145,Vespa velutina,BE,NA,gbif,4.38,51.17,1.0570364952087403,798
2146,Vespa velutina,NA,"Marktplein Veere, Veere, Zeeland, NL",inat,3.67,51.55,1.0303714752197266,768
2147,Vespa velutina,NL,NA,gbif,3.95,51.2,1.0390030860900878,773
2148,Vespa velutina,BE,NA,gbif,3.25,50.82,1.0392760276794433,754
2149,Vespa velutina,NL,NA,gbif,5.05,52,0.9610124588012695,776
2150,Vespa velutina,NA,"De Hoeve, Netersel, Brabant, NL",inat,5.21,51.41,0.9905437469482422,772
2151,Vespa velutina,BE,NA,gbif,3.69,51.02,1.0652593612670898,792
2152,Vespa velutina,BE,NA,gbif,5.11,50.94,1.056206226348877,773
2153,Vespa velutina,NA,"60 Frankfurt am Main-Innenstadt II, Deutschland",inat,8.65,50.12,1.0215635299682617,620
2154,Vespa velutina,BE,NA,gbif,4.46,51.21,1.0570364952087403,798
2155,Vespa velutina,NA,"80230 Saint-Valery-sur-Somme, France",inat,1.63,50.19,1.0830513954162597,673
2156,Vespa velutina,DE,NA,gbif,6.19,50.91,0.9941916465759277,748
2157,Vespa velutina,DE,NA,gbif,6.99,50.91,1.0670458793640136,745
2158,Vespa velutina,NA,"52072 Aachen, Deutschland",inat,6.07,50.79,0.9450010299682617,907
2159,Vespa velutina,NA,"Hauts-de-Seine, Île-de-France, FR",inat,2.27,48.91,1.160487461090088,632
2160,Vespa velutina,NA,"Plaça del Pou, La Pobla de Segur, Lerida, ES",inat,0.97,42.25,1.09893856048584,803
2161,Vespa velutina,NL,NA,gbif,5.75,50.75,0.9797103881835938,819
2162,Vespa velutina,NL,NA,gbif,4.7,51.75,0.9918021202087403,806
2163,Vespa velutina,BE,NA,gbif,4.32,50.81,1.0301885604858398,788
2164,Vespa velutina,BE,NA,gbif,3.34,51.14,1.0276729583740234,812
2165,Vespa velutina,NL,NA,gbif,5.7,51.55,0.9794114112854004,751
2166,Vespa velutina,BE,NA,gbif,3.79,51.1,1.0652593612670898,792
2167,Vespa velutina,BE,NA,gbif,4.18,50.98,1.029301071166992,790
2168,Vespa velutina,NA,"74270 Frangy, France",inat,5.93,46.02,0.938729190826416,1100
2169,Vespa velutina,NL,NA,gbif,4.9,51.6,0.9868624687194825,799
2170,Vespa velutina,BE,NA,gbif,3.71,51,1.0391103744506835,795
2171,Vespa velutina,PT,NA,gbif,-8.55,41.2,1.4322385787963867,1340
2172,Vespa velutina,NA,1268 Cents Luxembourg,inat,6.17,49.62,0.9219437599182129,824
2173,Vespa velutina,NA,"79 Freiburg im Breisgau-Tiengen, Deutschland",inat,7.75,47.98,0.9775771141052246,969
2174,Vespa velutina,BE,NA,gbif,3.71,51,1.0391103744506835,795
2175,Vespa velutina,NA,"GI-652 Km 0,250, camí frente Mas Oller 225m. 17113, 17113, Girona, España",inat,3.12,41.95,1.4671771049499511,581
2176,Vespa velutina,BE,NA,gbif,4.41,51.01,1.039146900177002,785
2177,Vespa velutina,NA,"St Marcel, 13011 Marseille, France",inat,5.46,43.29,1.495499324798584,602
2178,Vespa velutina,NA,"60 Frankfurt-Innenstadt II, Germany",inat,8.66,50.12,1.0215635299682617,620
2179,Vespa velutina,BE,NA,gbif,4.84,51.08,1.0535478591918945,777
2180,Vespa velutina,NA,"Santillana del Mar, Cantabria, Spagna",inat,-4.11,43.39,1.3749547004699707,1006
2181,Vespa velutina,BE,NA,gbif,4.46,51.18,1.0570364952087403,798
2182,Vespa velutina,NL,NA,gbif,3.9,51.25,1.0390030860900878,773
2183,Vespa velutina,NA,"Ceva, Poggi San Siro (CN)",inat,8,44.36,1.202762508392334,775
2184,Vespa velutina,BE,NA,gbif,4.71,50.96,1.0381396293640137,765
2185,Vespa velutina,DE,NA,gbif,8.29,49.73,1.0131052017211915,589
2186,Vespa velutina,NL,NA,gbif,3.85,51.4,1.0314996719360352,800
2187,Vespa velutina,BE,NA,gbif,4.54,51.16,1.0294468879699707,777
2188,Vespa velutina,NA,Hollerich Luxembourg,inat,6.12,49.61,0.9220864295959472,866
2189,Vespa velutina,NA,Monaco,inat,7.43,43.74,1.3437254905700684,813
2190,Vespa velutina,NL,NA,gbif,4.2,52,0.9849073410034179,832
2191,Vespa velutina,BE,NA,gbif,3.7,51.04,1.0652593612670898,792
2192,Vespa velutina,NA,"Finistère, Bretagne, France",inat,-5.05,48.46,1.1914166450500487,1044
2193,Vespa velutina,NL,NA,gbif,3.55,51.45,1.040852928161621,757
2194,Vespa velutina,NA,"Mafra, PT-LI, PT",inat,-9.3,38.96,1.5595458030700684,737
2195,Vespa velutina,NL,NA,gbif,5.35,51.4,0.9980051994323731,773
2196,Vespa velutina,BE,NA,gbif,4.43,51.33,1.0570364952087403,798
2197,Vespa velutina,NA,Gelida,inat,1.87,41.45,1.4701176643371583,644
2198,Vespa velutina,NA,Portugal,inat,-9.03,38.64,1.6673786163330078,687
2199,Vespa velutina,BE,NA,gbif,4.38,51.07,1.039146900177002,785
2200,Vespa velutina,BE,NA,gbif,4.28,51.05,1.0402281761169434,786
2201,Vespa velutina,BE,NA,gbif,2.87,50.9,1.0072551727294923,735
2202,Vespa velutina,NA,"Lisbon, Portugal",inat,-9.15,38.77,1.6865142822265624,703
2203,Vespa velutina,NA,"Nijmegen, Neerbosscheweg, 6544 ZD Nijmegen, Nederland",inat,5.82,51.83,0.9782135009765625,760
2204,Vespa velutina,BE,NA,gbif,4.41,51.41,1.0215239524841309,802
2205,Vespa velutina,BE,NA,gbif,4.45,51.16,1.039146900177002,785
2206,Vespa velutina,BE,NA,gbif,4.37,51,1.0497979164123534,783
2207,Vespa velutina,NA,"76 Karlsruhe-Grötzingen, Deutschland",inat,8.5,49.01,1.0160676956176757,824
2208,Vespa velutina,BE,NA,gbif,4.49,51.06,1.039146900177002,785
2209,Vespa velutina,NA,"Hainaut, Wallonie, BE",inat,4.56,50.41,0.9846739768981934,803
2210,Vespa velutina,BE,NA,gbif,4.72,51.04,1.0428604125976562,774
2211,Vespa velutina,NA,"Gironde, Aquitaine, FR",inat,-1.2,44.62,1.2960992813110352,969
2212,Vespa velutina,NL,NA,gbif,4.8,52.2,0.9654999732971191,833
2213,Vespa velutina,NL,NA,gbif,5.2,52.3,0.9507135391235352,827
2214,Vespa velutina,NA,"Parc Naturel Régional des Baronnies Provençales, Venterol, Auvergne-Rhône-Alpes, FR",inat,5.12,44.38,1.148381233215332,957
2215,Vespa velutina,BE,NA,gbif,5.79,51.09,1.0033124923706054,720
2216,Vespa velutina,NA,"Centro de Saúde S. João Estoril, 2765-618 Estoril, Portugal",inat,-9.38,38.7,1.581121826171875,711
2217,Vespa velutina,NL,NA,gbif,4.5,51.8,0.9967260360717773,816
2218,Vespa velutina,NA,"Baie de Quiberon, Baden, FR",inat,-2.93,47.55,1.2329958915710448,873
2219,Vespa velutina,NA,"Guipúzcoa, España",inat,-2.34,43.29,1.2710551261901855,1203
2220,Vespa velutina,BE,NA,gbif,3.75,51.06,1.0652593612670898,792
2221,Vespa velutina,NA,"A Coruña, ES-GA, ES",inat,-8.04,43.68,1.3398579597473144,1078
2222,Vespa velutina,NA,"Beaumont-sur-Oise, France",inat,2.28,49.14,1.074205207824707,645
2223,Vespa velutina,BE,NA,gbif,4.5,51,1.0223458290100098,773
2224,Vespa velutina,BE,NA,gbif,4.43,51.17,1.0570364952087403,798
2225,Vespa velutina,NA,"Giraferie, Zoo de Lyon, 69006 Lyon, France",inat,4.85,45.78,1.1894624710083008,844
2226,Vespa velutina,BE,NA,gbif,4.98,50.99,1.0436156272888184,766
2227,Vespa velutina,NA,"68199 Mannheim-Neckarau, Deutschland",inat,8.46,49.45,1.051504135131836,669
2228,Vespa velutina,NA,"Puces du Canal, 69100 Villeurbanne, France",inat,4.9,45.79,1.1894624710083008,844
2229,Vespa velutina,NA,"MERSCH, Lankheck, 7514 Mersch, Luxemburg",inat,6.1,49.74,0.9069146156311035,834
2230,Vespa velutina,BE,NA,gbif,4.15,50.94,1.040187454223633,782
2231,Vespa velutina,BE,NA,gbif,4.29,50.68,1.0301885604858398,788
2232,Vespa velutina,NL,NA,gbif,5.7,50.75,0.9797103881835938,819
2233,Vespa velutina,NL,NA,gbif,4.7,51.55,1.0014093399047852,815
2234,Vespa velutina,NA,"2765 Estoril, Portugal",inat,-9.37,38.69,1.581121826171875,711
2235,Vespa velutina,NA,"Pays de la Loire, FR",inat,0.57,47.75,1.1024458885192872,679
2236,Vespa velutina,BE,NA,gbif,5,51.3,1.0263051986694336,792
2237,Vespa velutina,BE,NA,gbif,4.5,51.02,1.0294468879699707,777
2238,Vespa velutina,BE,NA,gbif,4.29,50.79,1.0301885604858398,788
2239,Vespa velutina,NA,"70376, 70376 Stuttgart, Deutschland",inat,9.21,48.81,0.9237000465393066,744
2240,Vespa velutina,BE,NA,gbif,4.64,51.24,1.0279624938964844,800
2241,Vespa velutina,NL,NA,gbif,6.1,51.25,1.0026583671569824,734
2242,Vespa velutina,BE,NA,gbif,4.46,51.2,1.0570364952087403,798
2243,Vespa velutina,NA,"Rua Dr Francisco José Bernardes, São João da Pesqueira, Norte, PT",inat,-7.4,41.15,1.279731273651123,1210
2244,Vespa velutina,NA,"Lörrach, DE-BW, DE",inat,7.66,47.71,1.001968765258789,820
2245,Vespa velutina,BE,NA,gbif,3.95,50.95,1.0294885635375977,792
2246,Vespa velutina,NA,"Azay-le-Rideau(Mairie), 37190 Azay-le-Rideau, Frankrijk",inat,0.47,47.26,1.1222885131835938,679
2247,Vespa velutina,NA,"Urbi-Vouga / Alagoas B, 3810-164, Portugal",inat,-8.61,40.64,1.4932135581970214,978
2248,Vespa velutina,BE,NA,gbif,3.89,50.99,1.0294885635375977,792
2249,Vespa velutina,NA,"Rue Vautier, Carouge GE, GE, CH",inat,6.14,46.18,0.9738552093505859,1039
2250,Vespa velutina,BE,NA,gbif,4.7,50.88,1.0381396293640137,765
2251,Vespa velutina,BE,NA,gbif,5.03,51.25,1.0263051986694336,792
2252,Vespa velutina,BE,NA,gbif,4.34,51.11,1.039146900177002,785
2253,Vespa velutina,NA,"Rue de Reichlange, Redange, District Diekirch, LU",inat,5.9,49.77,0.8880406379699707,893
2254,Vespa velutina,BE,NA,gbif,3.21,51.2,1.0298015594482421,783
2255,Vespa velutina,NA,NA,inat,-2.07,49.13,1.1854166984558105,800
2256,Vespa velutina,NA,"Girona, Espanya",inat,3.11,42.33,1.5146594047546387,546
2257,Vespa velutina,BE,NA,gbif,3.28,51.28,1.0298015594482421,783
2258,Vespa velutina,BE,NA,gbif,4.47,51.2,1.0570364952087403,798
2259,Vespa velutina,NA,"Vila Nova de Gaia, Portugal",inat,-8.57,41.09,1.4505515098571777,1231
2260,Vespa velutina,NL,NA,gbif,4.3,51.5,1.0319975852966308,791
2261,Vespa velutina,NA,"Sant Vicenç dels Horts, Barcelona, ES",inat,1.99,41.39,1.4701176643371583,644
2262,Vespa velutina,BE,NA,gbif,4.68,50.86,1.0381396293640137,765
2263,Vespa velutina,BE,NA,gbif,3.71,51.11,1.0652593612670898,792
2264,Vespa velutina,NA,"06410 Biot, France",inat,7.1,43.62,1.4755531311035157,854
2265,Vespa velutina,NA,"76 Karlsruhe-Rintheim, Deutschland",inat,8.45,49.01,1.0572250366210938,765
2266,Vespa velutina,NA,"25280 Solsona, Lleida, Espanya",inat,1.51,41.99,1.2132489204406738,731
2267,Vespa velutina,BE,NA,gbif,4.73,51.05,1.0428604125976562,774
2268,Vespa velutina,BE,NA,gbif,5.04,51.03,1.056958293914795,792
2269,Vespa velutina,BE,NA,gbif,3.74,51.03,1.0652593612670898,792
2270,Vespa velutina,NL,NA,gbif,4,51.35,1.028324794769287,799
2271,Vespa velutina,NA,"Bel-Air, 75012 Paris, France",inat,2.46,48.84,1.1448124885559081,641
2272,Vespa velutina,NA,"Barcelona, ES-CT, ES",inat,2.17,41.43,1.557114028930664,615
2273,Vespa velutina,NA,"Fiep Westendorplaan, Zaltbommel, Gelderland, NL",inat,5.25,51.8,0.9796489715576172,776
2274,Vespa velutina,BE,NA,gbif,5.23,50.94,1.0412812232971191,790
2275,Vespa velutina,NL,NA,gbif,5.15,51.3,1.0263051986694336,792
2276,Vespa velutina,BE,NA,gbif,5.32,50.93,1.0412812232971191,790
2277,Vespa velutina,NA,"Square du Temple, 75003 Paris, France",inat,2.36,48.86,1.1448124885559081,641
2278,Vespa velutina,BE,NA,gbif,4.2,50.99,1.029301071166992,790
2279,Vespa velutina,NA,"26004 Logroño, La Rioja, España",inat,-2.43,42.47,1.2656895637512207,440
2280,Vespa velutina,NA,"Heidhauser Straße, Essen, Nordrhein-Westfalen, DE",inat,7.02,51.38,0.9963427543640136,967
2281,Vespa velutina,FR,NA,gbif,6.16,43.03,1.4988213539123536,696
2282,Vespa velutina,NL,NA,gbif,5.95,50.9,0.9916646003723144,781
2283,Vespa velutina,NA,"Rue Schafsstrachen, Strassen, District Luxembourg, LU",inat,6.09,49.62,0.9220864295959472,866
2284,Vespa velutina,BE,NA,gbif,4.54,50.97,1.0223458290100098,773
2285,Vespa velutina,NA,"Via Mario e Nicolò Dagnino, Genoa, Liguria, IT",inat,8.81,44.43,1.2977916717529296,1205
2286,Vespa velutina,NA,"79713 Bad Säckingen, Deutschland",inat,7.95,47.55,0.8697312355041504,1291
2287,Vespa velutina,BE,NA,gbif,5.49,50.92,1.0172677040100098,787
2288,Vespa velutina,BE,NA,gbif,4.08,51.21,1.0351354598999023,797
2289,Vespa velutina,BE,NA,gbif,3.29,50.81,1.0392760276794433,754
2290,Vespa velutina,BE,NA,gbif,3.86,51,1.0294885635375977,792
2291,Vespa velutina,DE,NA,gbif,6.64,51.36,1.06216459274292,770
2292,Vespa velutina,NA,"2565 Carvoeira, Portugal",inat,-9.15,39.07,1.5725343704223633,722
2293,Vespa velutina,NA,"Rua das Ribeiras, Fiães, Norte, PT",inat,-8.51,40.99,1.443885612487793,1143
2294,Vespa velutina,NA,"Girona, Espanya",inat,3.01,42.3,1.5146594047546387,546
2295,Vespa velutina,NA,"Strassen, Primeurs, 1512 Strassen, Luxemburg",inat,6.09,49.62,0.9220864295959472,866
2296,Vespa velutina,NA,"Ziegelstraße, Kandern, Baden-Württemberg, DE",inat,7.66,47.72,1.001968765258789,820
2297,Vespa velutina,BE,NA,gbif,4.42,51.1,1.039146900177002,785
2298,Vespa velutina,BE,NA,gbif,4.33,50.79,1.0301885604858398,788
2299,Vespa velutina,NL,NA,gbif,3.7,51.3,1.0463364601135254,769
2300,Vespa velutina,NA,"Alverca do Ribatejo, Portugal",inat,-9.04,38.88,1.6104358673095702,725
2301,Vespa velutina,BE,NA,gbif,4.98,51.11,1.0535478591918945,777
2302,Vespa velutina,BE,NA,gbif,4.43,51.19,1.0570364952087403,798
2303,Vespa velutina,NA,"Vieux-Manoir, France",inat,1.3,49.57,1.0006489753723145,776
2304,Vespa velutina,BE,NA,gbif,3.93,51.01,1.0463322639465331,779
2305,Vespa velutina,NA,"Kleingemünd, Im Brühl, 69151 Neckargemünd, Deutschland",inat,8.8,49.4,0.9509333610534668,953
2306,Vespa velutina,NA,"83143 Le Val, France",inat,6.11,43.44,1.3545854568481446,731
2307,Vespa velutina,NA,"07340 Limony, France",inat,4.75,45.36,1.1524999618530274,848
2308,Vespa velutina,NA,"Saint-Omer, France",inat,2.27,50.77,1.0343145370483398,673
2309,Vespa velutina,NL,NA,gbif,4.55,51.9,0.9911375045776367,858
2310,Vespa velutina,NL,NA,gbif,4.95,51.8,0.9797177314758301,794
2311,Vespa velutina,BE,NA,gbif,4.46,51.15,1.039146900177002,785
2312,Vespa velutina,BE,NA,gbif,4.35,51.01,1.039146900177002,785
2313,Vespa velutina,NA,"La Valette, 42400 Saint-Chamond, France",inat,4.51,45.47,0.9177802085876465,980
2314,Vespa velutina,NA,"Burgstraße, Aachen, Nordrhein-Westfalen, DE",inat,6.03,50.77,0.9450010299682617,907
2315,Vespa velutina,NA,"M 605, Avelãs de Cima, Centro, PT",inat,-8.4,40.48,1.5153082847595214,1046
2316,Vespa velutina,BE,NA,gbif,3.27,50.84,1.0385656356811523,780
2317,Vespa velutina,BE,NA,gbif,4.34,51.08,1.039146900177002,785
2318,Vespa velutina,BE,NA,gbif,5.13,51.18,1.0263051986694336,792
2319,Vespa velutina,BE,NA,gbif,4.52,51.01,1.0294468879699707,777
2320,Vespa velutina,DE,NA,gbif,8.12,49.1,0.9951708793640137,750
2321,Vespa velutina,NA,"Gentbrugge, 9050 Gent, België",inat,3.76,51.05,1.0652593612670898,792
2322,Vespa velutina,NA,"Ritzefeldstraße, Stolberg (Rheinland), Nordrhein-Westfalen, DE",inat,6.23,50.78,0.9189249992370605,871
2323,Vespa velutina,NA,"67330 Bouxwiller, France",inat,7.47,48.82,0.9636041641235351,745
2324,Vespa velutina,NL,NA,gbif,5.75,50.95,1.0079051971435546,754
2325,Vespa velutina,NA,"Route de Sarlat, Les Eyzies, Nouvelle-Aquitaine, FR",inat,1.06,44.94,1.2508292198181152,929
2326,Vespa velutina,BE,NA,gbif,5.22,51.09,1.0283103942871095,817
2327,Vespa velutina,BE,NA,gbif,4.41,51.31,1.0570364952087403,798
2328,Vespa velutina,NA,"Promenade des Bords de Loire, Saint-Just-Saint-Rambert, Auvergne-Rhône-Alpes, FR",inat,4.25,45.51,1.127805233001709,741
2329,Vespa velutina,BE,NA,gbif,5.65,50.83,0.9857937812805175,820
2330,Vespa velutina,NA,"Rue de la Vire, Caen, Normandie, FR",inat,-0.34,49.17,1.1162137031555175,754
2331,Vespa velutina,NA,"Sclessin, Liège, Belgique",inat,5.54,50.62,0.974148941040039,883
2332,Vespa velutina,DE,NA,gbif,6.34,50.94,1.0111145973205566,722
2333,Vespa velutina,NA,"Ottersum, Netherlands",inat,6.01,51.71,0.9738531112670898,750
2334,Vespa velutina,NL,NA,gbif,5.3,52,0.9631781578063965,761
2335,Vespa velutina,NA,"Rue Principale, Le Champ-Saint-Père, Pays de la Loire, FR",inat,-1.35,46.54,1.2183354377746582,768
2336,Vespa velutina,NL,NA,gbif,4.85,52.5,0.9731207847595215,848
2337,Vespa velutina,BE,NA,gbif,5.31,51.24,1.0049365043640137,795
2338,Vespa velutina,NA,"94360 Bry-sur-Marne, France",inat,2.52,48.83,1.082697868347168,638
2339,Vespa velutina,BE,NA,gbif,4.47,51.04,1.039146900177002,785
2340,Vespa velutina,BE,NA,gbif,4.45,51.04,1.039146900177002,785
2341,Vespa velutina,NA,"Mare - collège Berthelot - Nogent-sur-Oise, France",inat,2.48,49.28,1.0537302017211914,642
2342,Vespa velutina,NA,"Abuxarda, Cascais",inat,-9.42,38.72,1.581121826171875,711
2343,Vespa velutina,NA,"1260 Nyon, Switzerland",inat,6.24,46.38,0.9311968803405761,1134
2344,Vespa velutina,BE,NA,gbif,4.7,51.17,1.0255916595458985,796
2345,Vespa velutina,BE,NA,gbif,4.84,51.08,1.0535478591918945,777
2346,Vespa velutina,NA,"Greittor, Göttingen, Niedersachsen, DE",inat,9.9,51.54,0.8735249519348145,714
2347,Vespa velutina,NA,"55100 San Macario In Piano LU, Italia",inat,10.44,43.86,1.2429478645324707,1272
2348,Vespa velutina,NL,NA,gbif,5,52.3,0.9512177467346191,822
2349,Vespa velutina,BE,NA,gbif,4.55,51.02,1.0294468879699707,777
2350,Vespa velutina,NL,NA,gbif,3.75,51.3,1.0463364601135254,769
2351,Vespa velutina,NA,NA,inat,-2.16,49.1,1.1854166984558105,800
2352,Vespa velutina,BE,NA,gbif,3.12,50.95,1.016388511657715,761
2353,Vespa velutina,NA,"Mormont, 6997 Érezée, Belgique",inat,5.62,50.32,0.8499551773071289,972
2354,Vespa velutina,NL,NA,gbif,3.85,51.5,1.0314996719360352,800
2355,Vespa velutina,NL,NA,gbif,4.2,52,0.9849073410034179,832
2356,Vespa velutina,NA,"Ingelheimer Straße, Darmstadt, Hessen, DE",inat,8.64,49.86,1.020603084564209,638
2357,Vespa velutina,NA,"Torrent de Cal Notari, Barcelona",inat,2.15,41.44,1.5362238883972168,635
2358,Vespa velutina,NL,NA,gbif,6.15,51.5,1.005424976348877,735
2359,Vespa velutina,BE,NA,gbif,4.85,51.18,1.02982816696167,791
2360,Vespa velutina,BE,NA,gbif,4.47,51.14,1.039146900177002,785
2361,Vespa velutina,NA,"2900 Setúbal, Portugal",inat,-8.89,38.53,1.669992446899414,701
2362,Vespa velutina,NL,NA,gbif,6,51.15,1.0012770652770997,719
2363,Vespa velutina,BE,NA,gbif,4.39,51.19,1.0570364952087403,798
2364,Vespa velutina,NA,"VIRTON Rue Maréchal Foch, 6760 Virton, Belgique",inat,5.53,49.57,0.8991728782653808,1002
2365,Vespa velutina,NA,"GY9 3DT, Guernsey",inat,-2.2,49.72,1.1234167098999024,861
2366,Vespa velutina,BE,NA,gbif,4.49,50.76,1.0074718475341797,805
2367,Vespa velutina,NL,NA,gbif,5.65,51.4,0.9889156341552734,757
2368,Vespa velutina,NA,"11220 Lagrasse, Francia",inat,2.62,43.09,1.3084979057312012,696
2369,Vespa velutina,BE,NA,gbif,4.29,50.86,1.029301071166992,790
2370,Vespa velutina,BE,NA,gbif,4.38,51.1,1.039146900177002,785
2371,Vespa velutina,BE,NA,gbif,4.47,51.1,1.039146900177002,785
2372,Vespa velutina,BE,NA,gbif,3.73,51.04,1.0652593612670898,792
2373,Vespa velutina,NA,"Rue Roger Frisch, Hautcharage, District Luxembourg, LU",inat,5.92,49.58,0.9034072875976562,936
2374,Vespa velutina,NA,"Archeological Crypt, Luxemburg, Distrikt Luxemburg, LU",inat,6.14,49.61,0.9220864295959472,866
2375,Vespa velutina,NA,"2921 LN Krimpen aan den IJssel, Nederland",inat,4.58,51.9,0.9911375045776367,858
2376,Vespa velutina,NA,"Polytech, Montpellier, Occitanie, FR",inat,3.86,43.63,1.4818106651306153,645
2377,Vespa velutina,NA,"Meise Plantentuin, 1860 Meise, Belgium",inat,4.33,50.93,1.029301071166992,790
2378,Vespa velutina,BE,NA,gbif,5.51,50.97,0.9943770408630371,774
2379,Vespa velutina,NA,"Avenue du Mas Ensoleillé, Antibes, Provence-Alpes-Côte d'Azur, FR",inat,7.12,43.59,1.4755531311035157,854
2380,Vespa velutina,NA,"Ourense, España",inat,-7.77,42.07,1.1874687194824218,1631
2381,Vespa velutina,NA,"Via Vignolo civ. 8, 16038 Santa Margherita Ligure GE, Italia",inat,9.21,44.34,1.1854545593261718,1607
2382,Vespa velutina,BE,NA,gbif,4.38,51.1,1.039146900177002,785
2383,Vespa velutina,NA,"Baden-Württemberg, DE",inat,8.34,49.06,1.0572250366210938,765
2384,Vespa velutina,NL,NA,gbif,4.35,51.5,1.0215239524841309,802
2385,Vespa velutina,NA,"Estrada Nacional Nº 8-2, Km. 14, 2530 Lourinhã, Portugal",inat,-9.3,39.23,1.56060733795166,661
2386,Vespa velutina,BE,NA,gbif,3.5,50.83,1.0210312843322753,786
2387,Vespa velutina,NA,"6212 NA Maastricht, Holandia",inat,5.69,50.82,0.9797103881835938,819
2388,Vespa velutina,BE,NA,gbif,5.35,50.96,1.0172677040100098,787
2389,Vespa velutina,NA,"Zaventem, België",inat,4.46,50.88,1.0497979164123534,783
2390,Vespa velutina,NL,NA,gbif,3.45,51.5,1.031646156311035,772
2391,Vespa velutina,NL,NA,gbif,5.5,51.4,0.9889156341552734,757
2392,Vespa velutina,DE,NA,gbif,8.38,49,0.9595218658447265,1036
2393,Vespa velutina,NA,"4356 EB Oostkapelle, Nederland",inat,3.56,51.57,1.0425701141357422,767
2394,Vespa velutina,NA,"União das freguesias de Lordelo do Ouro e Massarelos, Porto, Portugal",inat,-8.64,41.15,1.4505515098571777,1231
2395,Vespa velutina,BE,NA,gbif,3.29,51.34,1.0339527130126953,766
2396,Vespa velutina,BE,NA,gbif,5.13,50.84,1.056206226348877,773
2397,Vespa velutina,BE,NA,gbif,4.41,50.83,1.0074718475341797,805
2398,Vespa velutina,NA,"Op der Sterz, Fentange, District Luxembourg, LU",inat,6.15,49.57,0.9220864295959472,866
2399,Vespa velutina,BE,NA,gbif,3.93,50.99,1.0294885635375977,792
2400,Vespa velutina,BE,NA,gbif,5.08,51.14,1.056958293914795,792
2401,Vespa velutina,NA,"1808 Monts-de-Corsier, Switzerland",inat,6.88,46.51,0.733579158782959,1298
2402,Vespa velutina,BE,NA,gbif,3.71,51.02,1.0652593612670898,792
2403,Vespa velutina,BE,NA,gbif,4.79,50.95,1.0381396293640137,765
2404,Vespa velutina,BE,NA,gbif,5.51,50.76,0.9857937812805175,820
2405,Vespa velutina,BE,NA,gbif,3.98,51.1,1.0463322639465331,779
2406,Vespa velutina,NA,"Pedreiras (Moçambique), 4740-406 Fão, Portugal",inat,-8.76,41.51,1.404978370666504,1497
2407,Vespa velutina,BE,NA,gbif,3.71,51,1.0391103744506835,795
2408,Vespa velutina,NA,"17154 Sant Aniol de Finestres, Girona, Espanya",inat,2.66,42.02,1.2486635208129884,777
2409,Vespa velutina,BE,NA,gbif,4.72,51.2,1.0255916595458985,796
2410,Vespa velutina,BE,NA,gbif,3.59,50.85,1.0466250419616698,795
2411,Vespa velutina,BE,NA,gbif,3.81,50.87,1.0391103744506835,795
2412,Vespa velutina,FR,NA,gbif,1.47,43.57,1.3110468864440918,683
2413,Vespa velutina,BE,NA,gbif,5,50.88,1.056206226348877,773
2414,Vespa velutina,BE,NA,gbif,4.76,50.86,1.0381396293640137,765
2415,Vespa velutina,BE,NA,gbif,3.41,50.86,1.0440187454223633,791
2416,Vespa velutina,NA,"Haute-Savoie, Rhône-Alpes, FR",inat,6.18,45.88,0.752190637588501,1244
2417,Vespa velutina,NA,"Korschenbroich Raderbroich, 41352 Korschenbroich, Deutschland",inat,6.53,51.21,1.0501531600952148,751
2418,Vespa velutina,BE,NA,gbif,4.5,50.85,1.0223458290100098,773
2419,Vespa velutina,BE,NA,gbif,3.58,50.75,1.0210312843322753,786
2420,Vespa velutina,NA,"Rua do Mar, Comporta, Alentejo, PT",inat,-8.78,38.38,1.661822509765625,638
2421,Vespa velutina,NA,"13740 Le Rove, Frankreich",inat,5.24,43.36,1.4696836471557617,625
2422,Vespa velutina,BE,NA,gbif,4.6,50.96,1.0223458290100098,773
2423,Vespa velutina,NA,"Urizarreta, 48130, Vizcaya, Spain",inat,-2.79,43.44,1.3266465187072753,1220
2424,Vespa velutina,BE,NA,gbif,4.49,51.01,1.039146900177002,785
2425,Vespa velutina,NA,"73230 Kirchheim unter Teck-Ötlingen, Deutschland",inat,9.42,48.66,0.8363156318664551,856
2426,Vespa velutina,BE,NA,gbif,3.18,50.82,1.0392760276794433,754
2427,Vespa velutina,BE,NA,gbif,4.45,50.93,1.0497979164123534,783
2428,Vespa velutina,NA,"Rameldange Niederanven, Luxembourg",inat,6.24,49.66,0.9219437599182129,824
2429,Vespa velutina,BE,NA,gbif,4.48,51.14,1.039146900177002,785
2430,Vespa velutina,NA,"A Romescht, Bofferdange, District Luxembourg, LU",inat,6.14,49.69,0.9069146156311035,834
2431,Vespa velutina,NA,"Castañares, Burgos, España",inat,-3.63,42.34,1.0777145385742188,556
2432,Vespa velutina,BE,NA,gbif,4.23,50.89,1.029301071166992,790
2433,Vespa velutina,BE,NA,gbif,3.38,50.91,1.0440187454223633,791
2434,Vespa velutina,NA,"Parc Naturel de l'Our, LU-DI-DI, LU-DI, LU",inat,6.09,49.91,0.8673364639282226,860
2435,Vespa velutina,IT,NA,gbif,9.32,44.33,1.4026111602783202,1227
2436,Vespa velutina,BE,NA,gbif,4.44,51.19,1.0570364952087403,798
2437,Vespa velutina,NA,"Rua Vergílio Ferreira, 2785-599 São Domingos de Rana, Portugal",inat,-9.34,38.71,1.581121826171875,711
2438,Vespa velutina,NL,NA,gbif,4.7,51.55,1.0014093399047852,815
2439,Vespa velutina,NA,"16030 Moneglia, Genua, Italien",inat,9.49,44.24,1.3121337890625,1294
2440,Vespa velutina,NA,"Zavelstraat, Olen, Provincie Antwerpen, BE",inat,4.9,51.16,1.0535478591918945,777
2441,Vespa velutina,NA,"06410 Biot, France",inat,7.1,43.62,1.4755531311035157,854
2442,Vespa velutina,CH,NA,gbif,6.16,46.18,0.9738552093505859,1039
2443,Vespa velutina,FR,NA,gbif,4.26,44.64,1.1145948410034179,868
2444,Vespa velutina,NA,"Hansen-Soulielaan, Etterbeek, Brussels-Capital Region, BE",inat,4.4,50.83,1.0074718475341797,805
2445,Vespa velutina,CH,NA,gbif,6.23,46.38,0.9311968803405761,1134
2446,Vespa velutina,BE,NA,gbif,4.48,51.02,1.039146900177002,785
2447,Vespa velutina,BE,NA,gbif,4.28,51.07,1.0402281761169434,786
2448,Vespa velutina,NL,NA,gbif,4.8,51.55,1.0014093399047852,815
2449,Vespa velutina,BE,NA,gbif,3.86,51,1.0294885635375977,792
2450,Vespa velutina,BE,NA,gbif,3.83,50.89,1.0391103744506835,795
2451,Vespa velutina,NA,"Engelinstraße, Breisach am Rhein, Baden-Württemberg, DE",inat,7.58,48.04,1.0584343910217284,952
2452,Vespa velutina,BE,NA,gbif,5.53,50.87,0.9943770408630371,774
2453,Vespa velutina,NL,NA,gbif,5.8,50.95,1.0079051971435546,754
2454,Vespa velutina,NA,"27400 Hondouville, France",inat,1.13,49.15,1.0332302093505858,664
2455,Vespa velutina,NA,"Peyrou - Arc de Triomphe, 34000 Montpellier, France",inat,3.87,43.61,1.4818106651306153,645
2456,Vespa velutina,NL,NA,gbif,4.65,51.9,0.9911375045776367,858
2457,Vespa velutina,ES,NA,gbif,2.03,41.52,1.4473604202270507,676
2458,Vespa velutina,NL,NA,gbif,5.5,51.45,0.9889156341552734,757
2459,Vespa velutina,NA,"Oosterland, Netherlands",inat,4.05,51.64,1.0141395568847655,791
2460,Vespa velutina,NA,"Marcinelle, 6001 Charleroi, Belgium",inat,4.44,50.4,0.99935941696167,810
2461,Vespa velutina,NA,"Nogent-sur-Marne, France",inat,2.49,48.83,1.1437250137329102,632
2462,Vespa velutina,NA,"6215 JH Maastricht, Нидерланды",inat,5.65,50.85,0.9943770408630371,774
2463,Vespa velutina,NA,"34560 Poussan, France",inat,3.67,43.49,1.5024091720581054,611
2464,Vespa velutina,BE,NA,gbif,4.44,50.94,1.0497979164123534,783
2465,Vespa velutina,NA,"2705 São João das Lampas, Portugal",inat,-9.43,38.88,1.569815731048584,692
2466,Vespa velutina,NA,"Rue Saint-Éloi, Moyeuvre-Grande, Grand Est, FR",inat,6.05,49.25,0.9826552391052246,814
2467,Vespa velutina,BE,NA,gbif,3.2,50.84,1.0385656356811523,780
2468,Vespa velutina,BE,NA,gbif,4.41,51.33,1.0570364952087403,798
2469,Vespa velutina,NA,"La Gloria 234, 39012, Cantabria, España",inat,-3.85,43.47,1.3978527069091797,1112
2470,Vespa velutina,BE,NA,gbif,4.08,51.11,1.0435916900634765,789
2471,Vespa velutina,DE,NA,gbif,8.44,49.48,1.051504135131836,669
2472,Vespa velutina,NA,"Girona, Espanya",inat,2.83,41.97,1.4288000106811523,759
2473,Vespa velutina,NA,"43840 Salou, Tarragona, Espanya",inat,1.16,41.09,1.5854812622070313,535
2474,Vespa velutina,BE,NA,gbif,5.26,50.94,1.0412812232971191,790
2475,Vespa velutina,BE,NA,gbif,5.13,50.72,1.0245490074157715,768
2476,Vespa velutina,NA,"KAIN Rue Delcambre, 7540 Tournai, Belgique",inat,3.38,50.64,1.0263708114624024,745
2477,Vespa velutina,NA,"34270 Lauret, France",inat,3.89,43.83,1.4095989227294923,685
2478,Vespa velutina,BE,NA,gbif,3.27,51.28,1.0298015594482421,783
2479,Vespa velutina,DE,NA,gbif,7.63,50.32,0.9187614440917968,729
2480,Vespa velutina,NA,"Os Campos, 36988 O Grove, Pontevedra, Espagne",inat,-8.93,42.47,1.4339089393615723,1421
2481,Vespa velutina,BE,NA,gbif,5.53,50.9,0.9943770408630371,774
2482,Vespa velutina,BE,NA,gbif,4.65,50.83,1.0064770698547363,782
2483,Vespa velutina,BE,NA,gbif,5.05,50.98,1.056206226348877,773
2484,Vespa velutina,NL,NA,gbif,6,50.75,0.9450010299682617,907
2485,Vespa velutina,NA,"Aalst TechniGo, 9300 Aalst, Belgium",inat,4.02,50.94,1.040187454223633,782
2486,Vespa velutina,BE,NA,gbif,4.26,50.79,1.0301885604858398,788
2487,Vespa velutina,BE,NA,gbif,4.29,51.1,1.0402281761169434,786
2488,Vespa velutina,NA,"66111 Saarbrücken, Deutschland",inat,7,49.24,0.928123950958252,927
2489,Vespa velutina,BE,NA,gbif,5.37,50.59,0.955164623260498,871
2490,Vespa velutina,BE,NA,gbif,4.42,50.79,1.0074718475341797,805
2491,Vespa velutina,NA,"Rua da Cerca 9, 2800-205 Almada, Portugal",inat,-9.16,38.68,1.6865142822265624,703
2492,Vespa velutina,NA,"21800 Chevigny-Saint-Sauveur, France",inat,5.15,47.29,1.0628146171569823,767
2493,Vespa velutina,NA,"Rhône, Rhône-Alpes, France",inat,4.79,45.76,1.1392176628112793,829
2494,Vespa velutina,NA,"Merelbeke Bergstraat, 9820 Merelbeke-Melle, België",inat,3.75,51.01,1.0652593612670898,792
2495,Vespa velutina,NL,NA,gbif,3.45,51.25,1.0287104606628419,798
2496,Vespa velutina,BE,NA,gbif,4.36,50.9,1.0497979164123534,783
2497,Vespa velutina,BE,NA,gbif,4.7,51.07,1.0428604125976562,774
2498,Vespa velutina,BE,NA,gbif,4.19,51.04,1.0402281761169434,786
2499,Vespa velutina,NA,"Mühlenstr., 54296 Trier, Deutschland",inat,6.7,49.73,0.8938666343688965,873
2500,Vespa velutina,NA,"Priola, Provincia di Cuneo, Italia",inat,8.03,44.26,1.1162676811218262,883
2501,Vespa velutina,BE,NA,gbif,4.38,51.1,1.039146900177002,785
2502,Vespa velutina,NL,NA,gbif,5.8,51.05,1.0033124923706054,720
2503,Vespa velutina,NA,"Rue d'Imbringen, Bourglinster, District Grevenmacher, LU",inat,6.22,49.7,0.8899781227111816,817
2504,Vespa velutina,NA,"La Escosura, 33559, Asturias, España",inat,-5.13,43.3,1.0615562438964843,902
2505,Vespa velutina,BE,NA,gbif,3.8,51.1,1.0652593612670898,792
2506,Vespa velutina,NA,"Allée des Genêts, Andernos-les-Bains, Nouvelle-Aquitaine, FR",inat,-1.09,44.74,1.2872539520263673,934
2507,Vespa velutina,NA,"Groesbeek, Nederland",inat,5.92,51.79,0.9752073287963867,758
2508,Vespa velutina,NA,"Penafiel, Portugal",inat,-8.37,41.11,1.4233593940734863,1277
2509,Vespa velutina,BE,NA,gbif,3.67,51.07,1.0652593612670898,792
2510,Vespa velutina,NA,"06660 Saint-Étienne-de-Tinée, France",inat,6.9,44.31,0.4036604404449463,1084
2511,Vespa velutina,NL,NA,gbif,4.05,51.25,1.0351354598999023,797
2512,Vespa velutina,BE,NA,gbif,4.4,51.22,1.0570364952087403,798
2513,Vespa velutina,NL,NA,gbif,5.45,51.55,0.9877718925476074,767
2514,Vespa velutina,BE,NA,gbif,4.48,51.12,1.039146900177002,785
2515,Vespa velutina,NA,"Salburua, Álava, España",inat,-2.64,42.86,1.1061979293823243,888
2516,Vespa velutina,NA,"3 Rue du Crêt des Rameaux, 42530 Saint-Genest-Lerpt, France",inat,4.34,45.44,0.9552186965942383,912
2517,Vespa velutina,NA,"Cran-Gevrier, 74960 Annecy, France",inat,6.11,45.91,0.9617656707763672,1054
2518,Vespa velutina,NA,"51120 Les Essarts-lès-Sézanne, France",inat,3.6,48.77,0.9919729232788086,645
2519,Vespa velutina,NA,"Linda-A-Velha (Palácio Aciprestes), 2795-164 Linda-a-Velha, Portugal",inat,-9.24,38.71,1.6334726333618164,722
2520,Vespa velutina,BE,NA,gbif,3.78,50.93,1.0391103744506835,795
2521,Vespa velutina,BE,NA,gbif,3.8,51,1.0391103744506835,795
2522,Vespa velutina,BE,NA,gbif,4.61,51.02,1.0294468879699707,777
2523,Vespa velutina,BE,NA,gbif,4.65,51.25,1.0279624938964844,800
2524,Vespa velutina,DE,NA,gbif,7.69,49.47,0.8970333099365234,737
2525,Vespa velutina,BE,NA,gbif,3.73,51.04,1.0652593612670898,792
2526,Vespa velutina,BE,NA,gbif,4.59,51.25,1.0279624938964844,800
2527,Vespa velutina,BE,NA,gbif,5.12,51.33,1.0263051986694336,792
2528,Vespa velutina,NA,"74076 Heilbronn, Deutschland",inat,9.25,49.14,0.9608406066894531,783
2529,Vespa velutina,NA,"Cuvier, 75005 Paris, France",inat,2.36,48.85,1.1448124885559081,641
2530,Vespa velutina,NA,"34140 Mèze, France",inat,3.58,43.43,1.5087735176086425,593
2531,Vespa velutina,BE,NA,gbif,3.13,50.93,1.016388511657715,761
2532,Vespa velutina,NA,"Cambrils, Tarragona, ES",inat,1.02,41.1,1.5854812622070313,535
2533,Vespa velutina,BE,NA,gbif,4.23,50.96,1.029301071166992,790
2534,Vespa velutina,NA,"Waldsee, 79 Freiburg im Breisgau-Ost, Germany",inat,7.88,47.99,0.7210000038146973,1480
2535,Vespa velutina,BE,NA,gbif,4.64,51.24,1.0279624938964844,800
2536,Vespa velutina,FR,NA,gbif,3.9,43.6,1.4818106651306153,645
2537,Vespa velutina,NL,NA,gbif,5.35,51.3,0.9916239738464355,777
2538,Vespa velutina,BE,NA,gbif,5.46,50.95,1.0172677040100098,787
2539,Vespa velutina,BE,NA,gbif,5.24,50.92,1.0412812232971191,790
2540,Vespa velutina,NA,"Haltern am See Sebbel, 45721 Haltern am See, Deutschland",inat,7.26,51.73,0.9690437316894531,830
2541,Vespa velutina,BE,NA,gbif,5.08,51.19,1.0263051986694336,792
2542,Vespa velutina,BE,NA,gbif,4.51,51.22,1.0279624938964844,800
2543,Vespa velutina,BE,NA,gbif,5.01,51.11,1.056958293914795,792
2544,Vespa velutina,BE,NA,gbif,3.71,51.06,1.0652593612670898,792
2545,Vespa velutina,NA,"Einach, 77723 Gengenbach, Deutschland",inat,8.03,48.4,0.905942726135254,1311
2546,Vespa velutina,BE,NA,gbif,3.3,50.81,1.0392760276794433,754
2547,Vespa velutina,NA,"Braga, PT",inat,-8.44,41.4,1.42109375,1410
2548,Vespa velutina,BE,NA,gbif,5.48,50.88,1.0172677040100098,787
2549,Vespa velutina,BE,NA,gbif,4.46,51.04,1.039146900177002,785
2550,Vespa velutina,NL,NA,gbif,4.85,52.05,0.9539072990417481,799
2551,Vespa velutina,BE,NA,gbif,4.44,51.26,1.0570364952087403,798
2552,Vespa velutina,NA,2422 Gare Luxemburg,inat,6.13,49.61,0.9220864295959472,866
2553,Vespa velutina,BE,NA,gbif,3.73,51.04,1.0652593612670898,792
2554,Vespa velutina,BE,NA,gbif,4.63,51.06,1.0294468879699707,777
2555,Vespa velutina,NA,"Schoonejans, 1160 Auderghem, Belgique",inat,4.43,50.81,1.0074718475341797,805
2556,Vespa velutina,BE,NA,gbif,5.43,50.81,0.9828853607177734,821
2557,Vespa velutina,BE,NA,gbif,4.45,51.15,1.039146900177002,785
2558,Vespa velutina,NA,"Città Metropolitana di Genova, Italia",inat,8.84,44.45,1.4139930725097656,1245
2559,Vespa velutina,NA,"Groesbeek, Nederland",inat,5.92,51.79,0.9752073287963867,758
2560,Vespa velutina,NL,NA,gbif,5.7,50.85,1.0079051971435546,754
2561,Vespa velutina,NA,"Valkenswaard, Markt, 5554 CA Valkenswaard, Netherlands",inat,5.46,51.35,0.9980051994323731,773
2562,Vespa velutina,NA,"Mormont, 6997 Érezée, Belgique",inat,5.62,50.32,0.8499551773071289,972
2563,Vespa velutina,FR,NA,gbif,2.01,42.98,1.0978479385375977,856
2564,Vespa velutina,DE,NA,gbif,13.86,53.31,0.858131217956543,494
2565,Vespa velutina,NA,"Grammene Dorp, 9800 Deinze, België",inat,3.47,50.97,1.0440187454223633,791
2566,Vespa velutina,BE,NA,gbif,5.12,51.22,1.0263051986694336,792
2567,Vespa velutina,BE,NA,gbif,3.77,51.04,1.0652593612670898,792
2568,Vespa velutina,NA,"Vallvidrera, Distrito de Sarrià-Sant Gervasi, Barcelona, España",inat,2.11,41.42,1.5362238883972168,635
2569,Vespa velutina,NA,"34570 Vailhauquès, France",inat,3.72,43.67,1.3534667015075683,694
2570,Vespa velutina,BE,NA,gbif,4.6,51.15,1.0294468879699707,777
2571,Vespa velutina,BE,NA,gbif,4.06,50.94,1.040187454223633,782
2572,Vespa velutina,NA,"Gut Leidenhausen, 51147 Köln, Deutschland",inat,7.1,50.9,1.0311416625976562,810
2573,Vespa velutina,BE,NA,gbif,4.48,51,1.0497979164123534,783
2574,Vespa velutina,NL,NA,gbif,4.35,51.5,1.0215239524841309,802
2575,Vespa velutina,BE,NA,gbif,4.28,51.07,1.0402281761169434,786
2576,Vespa velutina,BE,NA,gbif,4.46,50.77,1.0074718475341797,805
2577,Vespa velutina,NL,NA,gbif,5.25,52.25,0.9507135391235352,827
2578,Vespa velutina,NL,NA,gbif,4.3,51.55,1.013334369659424,790
2579,Vespa velutina,NA,"Av. Santa Joana B, 3810-164 Aveiro, Portugal",inat,-8.65,40.64,1.4932135581970214,978
2580,Vespa velutina,BE,NA,gbif,4.16,51,1.040187454223633,782
2581,Vespa velutina,BE,NA,gbif,4.18,51.11,1.0402281761169434,786
2582,Vespa velutina,BE,NA,gbif,3.78,51.06,1.0652593612670898,792
2583,Vespa velutina,BE,NA,gbif,3.19,51.2,1.0298015594482421,783
2584,Vespa velutina,BE,NA,gbif,4.68,51.15,1.0428604125976562,774
2585,Vespa velutina,BE,NA,gbif,4.47,51.17,1.0570364952087403,798
2586,Vespa velutina,BE,NA,gbif,4.26,50.74,1.0301885604858398,788
2587,Vespa velutina,BE,NA,gbif,5.48,50.96,1.0172677040100098,787
2588,Vespa velutina,NA,"Route de l'Aérodrome, Avignon, Provence-Alpes-Côte d'Azur, FR",inat,4.88,43.92,1.4526844024658203,747
2589,Vespa velutina,BE,NA,gbif,2.85,51.15,1.0027176856994628,735
2590,Vespa velutina,NA,"34560 Poussan, France",inat,3.68,43.49,1.5024091720581054,611
2591,Vespa velutina,NA,"71290 Ratenelle, France",inat,4.98,46.52,1.0995624542236329,871
2592,Vespa velutina,BE,NA,gbif,4.38,51.17,1.0570364952087403,798
2593,Vespa velutina,NA,Italy,inat,7.47,43.96,1.0484322547912597,894
2594,Vespa velutina,BE,NA,gbif,3.2,51.15,1.017953109741211,799
2595,Vespa velutina,BE,NA,gbif,3.99,50.92,1.0294885635375977,792
2596,Vespa velutina,NA,Rue de la Prairie,inat,6.14,46.21,0.9738552093505859,1039
2597,Vespa velutina,BE,NA,gbif,4.78,51.01,1.0428604125976562,774
2598,Vespa velutina,NL,NA,gbif,5.7,51.25,0.9927103996276856,722
2599,Vespa velutina,BE,NA,gbif,4.97,51.1,1.0535478591918945,777
2600,Vespa velutina,BE,NA,gbif,4.01,51.1,1.0435916900634765,789
2601,Vespa velutina,BE,NA,gbif,4.37,51.11,1.039146900177002,785
2602,Vespa velutina,NA,"08173 Sant Cugat del Vallès, Barcelona, España",inat,2.1,41.47,1.5362238883972168,635
2603,Vespa velutina,NA,"17022 Borgio SV, Italia",inat,8.3,44.16,1.4829946517944337,788
2604,Vespa velutina,NL,NA,gbif,5.9,50.85,0.9916646003723144,781
2605,Vespa velutina,BE,NA,gbif,3.29,50.94,1.0385656356811523,780
2606,Vespa velutina,NA,"Villeneuve-d'Ascq, France",inat,3.14,50.61,1.039511489868164,716
2607,Vespa velutina,NA,"21370 Plombières-lès-Dijon, France",inat,4.96,47.34,0.9123739242553711,869
2608,Vespa velutina,BE,NA,gbif,4.06,51.23,1.0351354598999023,797
2609,Vespa velutina,NL,NA,gbif,5.35,52.1,0.953948974609375,836
2610,Vespa velutina,BE,NA,gbif,4.44,51.17,1.0570364952087403,798
2611,Vespa velutina,NA,Clausen Luxemburg,inat,6.14,49.62,0.9220864295959472,866
2612,Vespa velutina,NL,NA,gbif,5.3,51.6,0.9838749885559082,773
2613,Vespa velutina,BE,NA,gbif,4.39,51.14,1.039146900177002,785
2614,Vespa velutina,BE,NA,gbif,4.38,50.88,1.0497979164123534,783
2615,Vespa velutina,BE,NA,gbif,4.49,51.21,1.0570364952087403,798
2616,Vespa velutina,NA,"Overboelare Resteleustraat, 9500 Geraardsbergen, Belgium",inat,3.88,50.76,1.0213645935058593,779
2617,Vespa velutina,NL,NA,gbif,4.45,51.8,0.9891593933105469,812
2618,Vespa velutina,BE,NA,gbif,4.6,50.98,1.0223458290100098,773
2619,Vespa velutina,NL,NA,gbif,5.2,51.3,1.0049365043640137,795
2620,Vespa velutina,NA,"Marxzell, 76359 Marxzell, Deutschland",inat,8.43,48.86,0.9595218658447265,1036
2621,Vespa velutina,NL,NA,gbif,6,51.2,1.0026583671569824,734
2622,Vespa velutina,NA,"48160 Saint-Hilaire-de-Lavit, France",inat,3.85,44.26,1.1148646354675293,842
2623,Vespa velutina,NA,"Rue des Vias, Aixe-sur-Vienne, Nouvelle-Aquitaine, FR",inat,1.15,45.8,1.130471897125244,988
2624,Vespa velutina,BE,NA,gbif,5.72,51.01,1.0033124923706054,720
2625,Vespa velutina,DE,NA,gbif,6.88,50.99,1.0670458793640136,745
2626,Vespa velutina,NA,"Avenue de la Montagne Noire, Caunes-Minervois, Occitanie, FR",inat,2.52,43.33,1.3961041450500489,644
2627,Vespa velutina,NA,"Schwabentorplatz, 79098 Freiburg im Breisgau, Germany",inat,7.86,47.99,0.7210000038146973,1480
2628,Vespa velutina,NA,"Parc naturel de la Sarre-Hunsrück, Sarrebourg, Rhénanie-Palatinat, DE",inat,6.55,49.62,0.889522933959961,891
2629,Vespa velutina,NA,"30210 Vers-Pont-du-Gard, France",inat,4.54,43.95,1.4410218238830566,782
2630,Vespa velutina,BE,NA,gbif,3.3,50.82,1.0392760276794433,754
2631,Vespa velutina,NL,NA,gbif,4.3,51.9,0.9849073410034179,832
2632,Vespa velutina,NL,NA,gbif,4.9,51.6,0.9868624687194825,799
2633,Vespa velutina,NL,NA,gbif,4.55,51.85,0.9911375045776367,858
2634,Vespa velutina,NA,"Knokke, Knokke-Heist, België",inat,3.35,51.36,1.031646156311035,772
2635,Vespa velutina,NL,NA,gbif,3.6,51.45,1.040852928161621,757
2636,Vespa velutina,NA,"Almenhof, 68 Mannheim-Neckarau, Deutschland",inat,8.48,49.46,1.051504135131836,669
2637,Vespa velutina,BE,NA,gbif,4.45,51.16,1.039146900177002,785
2638,Vespa velutina,BE,NA,gbif,4.44,51.2,1.0570364952087403,798
2639,Vespa velutina,NL,NA,gbif,4.25,51.5,1.0319975852966308,791
2640,Vespa velutina,NA,"D-Hermann-vom-Endt-Straße, 40595 Düsseldorf, Deutschland",inat,6.88,51.14,1.057521915435791,811
2641,Vespa velutina,NA,"Lieusaint, France",inat,2.57,48.63,1.0804916381835938,630
2642,Vespa velutina,NA,"Santa Joana, 3810, Portugal",inat,-8.61,40.64,1.4932135581970214,978
2643,Vespa velutina,BE,NA,gbif,5.05,50.98,1.056206226348877,773
2644,Vespa velutina,NL,NA,gbif,6,50.75,0.9450010299682617,907
2645,Vespa velutina,NA,"Sous-Préfecture - Eglise de l'Hay-les-Roses, 94240 L'Haÿ-les-Roses, France",inat,2.33,48.78,1.1138312339782714,643
2646,Vespa velutina,BE,NA,gbif,4.46,51.25,1.0570364952087403,798
2647,Vespa velutina,BE,NA,gbif,5.44,50.77,0.9828853607177734,821
2648,Vespa velutina,BE,NA,gbif,4.37,51.14,1.039146900177002,785
2649,Vespa velutina,NA,"3885 Esmoriz, Portugal",inat,-8.64,40.96,1.443885612487793,1143
2650,Vespa velutina,BE,NA,gbif,4.14,51.02,1.0435916900634765,789
2651,Vespa velutina,NA,"Bellenweg, Nettetal, North Rhine-Westphalia, DE",inat,6.28,51.34,1.0059072494506835,734
2652,Vespa velutina,BE,NA,gbif,4.21,50.91,1.029301071166992,790
2653,Vespa velutina,NL,NA,gbif,4.65,51.85,0.9911375045776367,858
2654,Vespa velutina,NA,"Kiplinglaan, Eindhoven, Brabant, NL",inat,5.48,51.49,0.9980051994323731,773
2655,Vespa velutina,BE,NA,gbif,5.79,51.1,1.0033124923706054,720
2656,Vespa velutina,NA,"3734 GK Den Dolder, Nederland",inat,5.23,52.14,0.9599833488464355,815
2657,Vespa velutina,NA,"Óbidos (Porta da Vila), 2510-089 Óbidos, Portugal",inat,-9.16,39.36,1.551183319091797,687
2658,Vespa velutina,NA,"7734 Colmar, Luxemburg",inat,6.09,49.82,0.9069146156311035,834
2659,Vespa velutina,NL,NA,gbif,6.15,51.45,1.005424976348877,735
2660,Vespa velutina,NL,NA,gbif,5.25,51.35,0.9905437469482422,772
2661,Vespa velutina,NL,NA,gbif,5.5,51.4,0.9889156341552734,757
2662,Vespa velutina,NA,"Neuenh., Med. Kl./Chirurg./Zoo, 69120 Heidelberg, Deutschland",inat,8.67,49.41,0.9509333610534668,953
2663,Vespa velutina,NA,"União das freguesias de Coimbra (Sé Nova, Santa Cruz, Almedina e São Bartolomeu), Coimbra, Centro, PT",inat,-8.43,40.2,1.5525750160217284,987
2664,Vespa velutina,NA,"08222 Terrassa, Barcelona, Espanya",inat,2.02,41.56,1.4473604202270507,676
2665,Vespa velutina,NL,NA,gbif,3.85,51.25,1.0390030860900878,773
2666,Vespa velutina,BE,NA,gbif,4.44,50.94,1.0497979164123534,783
2667,Vespa velutina,BE,NA,gbif,4.27,51.13,1.0402281761169434,786
2668,Vespa velutina,BE,NA,gbif,4.1,51.26,1.0351354598999023,797
2669,Vespa velutina,BE,NA,gbif,4.46,50.6,0.9909676551818848,807
2670,Vespa velutina,BE,NA,gbif,2.96,51.15,1.0027176856994628,735
2671,Vespa velutina,NA,"08571 Sant Vicenç de Torelló, Barcelona, Espanya",inat,2.27,42.06,1.1454646110534668,775
2672,Vespa velutina,NL,NA,gbif,4.1,51.75,0.9995707511901856,787
2673,Vespa velutina,BE,NA,gbif,3.68,50.95,1.0391103744506835,795
2674,Vespa velutina,BE,NA,gbif,3.33,51.17,1.0298015594482421,783
2675,Vespa velutina,NA,"In den Weingärten, Merzenich, Nordrhein-Westfalen, DE",inat,6.53,50.83,0.97992706298828125,695
2676,Vespa velutina,BE,NA,gbif,4.83,51.12,1.0428604125976562,774
2677,Vespa velutina,NA,"66400 Calmeilles, France",inat,2.68,42.55,1.4064322471618653,619
2678,Vespa velutina,NA,"Kanaalweg, Heusden-Zolder, Limburg, BE",inat,5.24,51.02,1.0283103942871095,817
2679,Vespa velutina,BE,NA,gbif,5.31,50.75,1.0078781127929688,800
2680,Vespa velutina,BE,NA,gbif,4.31,51.17,1.0467052459716797,796
2681,Vespa velutina,NA,"4405-685 Vila Nova de Gaia, Portugal",inat,-8.65,41.08,1.4505515098571777,1231
2682,Vespa velutina,NA,"55 Mainz, Germany",inat,8.23,49.98,1.0134291648864746,587
2683,Vespa velutina,NA,"Piste Cyclable Drëtt, Greiveldange, District Grevenmacher, LU",inat,6.38,49.58,0.9278427124023437,827
2684,Vespa velutina,BE,NA,gbif,3.65,51.09,1.041869831085205,812
2685,Vespa velutina,NA,"Oostkapelle, Steengrachtstraat, 4356 AP Oostkapelle, Nederland",inat,3.55,51.57,1.0425701141357422,767
2686,Vespa velutina,NA,"67240 Bobenheim-Roxheim, Deutschland",inat,8.39,49.59,1.063585376739502,617
2687,Vespa velutina,NA,"Solingen-Burg Schloss, 42659 Solingen, Germany",inat,7.15,51.14,0.9706937789916992,983
2688,Vespa velutina,BE,NA,gbif,4.03,50.94,1.040187454223633,782
2689,Vespa velutina,BE,NA,gbif,4.42,51.25,1.0570364952087403,798
2690,Vespa velutina,NA,"Rua da Lavandeira, Arcozelo, Norte, PT",inat,-8.65,41.06,1.4505515098571777,1231
2691,Vespa velutina,NA,"2005-278 Santarém, Portugal",inat,-8.69,39.25,1.631465530395508,697
2692,Vespa velutina,BE,NA,gbif,5.14,51.2,1.0263051986694336,792
2693,Vespa velutina,BE,NA,gbif,4.61,51.02,1.0294468879699707,777
2694,Vespa velutina,NA,"Costa da Caparica, Portugal",inat,-9.21,38.6,1.6470182418823243,681
2695,Vespa velutina,BE,NA,gbif,4.7,50.92,1.0381396293640137,765
2696,Vespa velutina,NA,"Ixelles, Belgium",inat,4.4,50.82,1.0074718475341797,805
2697,Vespa velutina,NA,"24500 Eymet, France",inat,0.4,44.67,1.283467674255371,972
2698,Vespa velutina,BE,NA,gbif,4.62,50.77,1.0064770698547363,782
2699,Vespa velutina,NL,NA,gbif,4.6,51.55,1.0070833206176757,804
2700,Vespa velutina,BE,NA,gbif,4.35,50.94,1.0497979164123534,783
2701,Vespa velutina,BE,NA,gbif,4.09,51.19,1.0351354598999023,797
2702,Vespa velutina,NL,NA,gbif,4.9,51.6,0.9868624687194825,799
2703,Vespa velutina,NA,"Limburg, NL",inat,5.96,51.2,1.0021281242370605,732
2704,Vespa velutina,NA,"Leiria, PT",inat,-8.93,39.78,1.5378155708312988,749
2705,Vespa velutina,NA,"Pfinztal-Wöschbach, Deutschland",inat,8.57,49,0.9271801948547364,1003
2706,Vespa velutina,BE,NA,gbif,3.74,50.88,1.0391103744506835,795
2707,Vespa velutina,NL,NA,gbif,4.75,51.6,1.0014093399047852,815
2708,Vespa velutina,NA,"Parkplatz 2a, 50667 Köln, Deutschland",inat,6.96,50.94,1.0670458793640136,745
2709,Vespa velutina,CH,NA,gbif,7.16,47.36,0.8553583145141601,1032
2710,Vespa velutina,NA,"Avenue du Maréchal de Lattre de Tassigny, Choisy-le-Roi, Île-de-France, FR",inat,2.41,48.76,1.1437250137329102,632
2711,Vespa velutina,NA,"Place du Tertre, Paris, Île-de-France, FR",inat,2.34,48.89,1.1448124885559081,641
2712,Vespa velutina,BE,NA,gbif,4.37,50.9,1.0497979164123534,783
2713,Vespa velutina,BE,NA,gbif,3.77,51.11,1.0652593612670898,792
2714,Vespa velutina,NL,NA,gbif,5.75,50.95,1.0079051971435546,754
2715,Vespa velutina,NA,"Paris, Île-de-France, FR",inat,2.34,48.83,1.1437250137329102,632
2716,Vespa velutina,NL,NA,gbif,3.75,51.2,1.0463364601135254,769
2717,Vespa velutina,BE,NA,gbif,3.18,50.82,1.0392760276794433,754
2718,Vespa velutina,NA,"Carrer de l'Equador, Palafrugell, Girona, ES",inat,3.2,41.92,1.488919734954834,510
2719,Vespa velutina,NA,"4550 Pedorido, Portugal",inat,-8.36,41.04,1.4233593940734863,1277
2720,Vespa velutina,NA,"Magdalena, Bizkaia, Espagne",inat,-2.42,43.32,1.2710551261901855,1203
2721,Vespa velutina,BE,NA,gbif,3.24,50.88,1.0385656356811523,780
2722,Vespa velutina,BE,NA,gbif,3.27,51.22,1.0298015594482421,783
2723,Vespa velutina,BE,NA,gbif,3.19,51.17,1.0298015594482421,783
2724,Vespa velutina,NL,NA,gbif,4.65,51.8,0.9967260360717773,816
2725,Vespa velutina,NL,NA,gbif,3.45,51.3,1.0287104606628419,798
2726,Vespa velutina,BE,NA,gbif,4.71,50.86,1.0381396293640137,765
2727,Vespa velutina,FR,NA,gbif,3.9,43.65,1.4818106651306153,645
2728,Vespa velutina,BE,NA,gbif,4.8,50.82,0.9946885108947754,774
2729,Vespa velutina,NA,"06320 Cap-d'Ail, France",inat,7.4,43.73,1.3437254905700684,813
2730,Vespa velutina,BE,NA,gbif,3.18,51.11,1.017953109741211,799
2731,Vespa velutina,BE,NA,gbif,4.34,50.88,1.0497979164123534,783
2732,Vespa velutina,BE,NA,gbif,4.48,51.17,1.0570364952087403,798
2733,Vespa velutina,NA,"Paris, Île-de-France, FR",inat,2.29,48.86,1.160487461090088,632
2734,Vespa velutina,NA,"Einach, 77723 Gengenbach, Deutschland",inat,8.03,48.4,0.905942726135254,1311
2735,Vespa velutina,NA,"Porto, Portugal",inat,-8.66,41.16,1.4505515098571777,1231
2736,Vespa velutina,BE,NA,gbif,4.5,50.99,1.0223458290100098,773
2737,Vespa velutina,NA,"Caron, 92400 Courbevoie, France",inat,2.24,48.9,1.160487461090088,632
2738,Vespa velutina,NA,"Place de la Gare, Luxemburg, Distrikt Luxemburg, LU",inat,6.13,49.6,0.9220864295959472,866
2739,Vespa velutina,NA,"76332 Bad Herrenalb, Deutschland",inat,8.43,48.77,0.7875020980834961,1518
2740,Vespa velutina,BE,NA,gbif,3.21,51.19,1.0298015594482421,783
2741,Vespa velutina,NA,Wavre,inat,4.62,50.72,1.0064770698547363,782
2742,Vespa velutina,NA,"41110 Couffy, France",inat,1.43,47.25,1.1405198097229003,691
2743,Vespa velutina,BE,NA,gbif,3.76,50.93,1.0391103744506835,795
2744,Vespa velutina,NA,"12075 Garessio CN, Italia",inat,8.02,44.2,1.1162676811218262,883
2745,Vespa velutina,BE,NA,gbif,4.67,50.93,1.0381396293640137,765
2746,Vespa velutina,BE,NA,gbif,3.2,51.13,1.017953109741211,799
2747,Vespa velutina,BE,NA,gbif,4.47,51.15,1.039146900177002,785
2748,Vespa velutina,NA,"12075 Garessio CN, Via Valcasotto",inat,8.01,44.21,1.1162676811218262,883
2749,Vespa velutina,BE,NA,gbif,4.7,51.21,1.0255916595458985,796
2750,Vespa velutina,BE,NA,gbif,4.7,50.82,0.9946885108947754,774
2751,Vespa velutina,BE,NA,gbif,3.21,51.22,1.0298015594482421,783
2752,Vespa velutina,BE,NA,gbif,4.05,50.81,1.0180500030517579,787
2753,Vespa velutina,NA,"71390 Messey-sur-Grosne, France",inat,4.76,46.64,1.0774749755859374,839
2754,Vespa velutina,NA,"Avenue des Arts, Villeurbanne, Auvergne-Rhône-Alpes, FR",inat,4.87,45.78,1.1894624710083008,844
2755,Vespa velutina,NA,"Girona, ES-CT, ES",inat,2.55,42.22,1.2264646530151366,772
2756,Vespa velutina,NL,NA,gbif,4.9,51.4,0.9976905822753906,802
2757,Vespa velutina,BE,NA,gbif,4.64,51.15,1.0294468879699707,777
2758,Vespa velutina,BE,NA,gbif,4.55,51.36,1.0171833038330078,811
2759,Vespa velutina,BE,NA,gbif,5.37,50.93,1.0172677040100098,787
2760,Vespa velutina,NA,"Grand Palais, 75008 Paris, France",inat,2.31,48.87,1.160487461090088,632
2761,Vespa velutina,PT,NA,gbif,-9.16,38.68,1.6865142822265624,703
2762,Vespa velutina,NA,"Rambla Prim - Santander, Sant Martí, 08020 Barcelona, España",inat,2.2,41.42,1.557114028930664,615
2763,Vespa velutina,NA,"63114 Coudes, France",inat,3.21,45.61,1.0416635513305663,622
2764,Vespa velutina,BE,NA,gbif,5.4,51.03,0.9895999908447266,799
2765,Vespa velutina,FR,NA,gbif,2.79,48.39,1.0644302368164062,633
2766,Vespa velutina,NL,NA,gbif,3.75,51.7,1.0230436325073242,754
2767,Vespa velutina,BE,NA,gbif,5.04,51.45,0.9912364959716797,790
2768,Vespa velutina,NA,"WWG6+V5, 51100 Pistoia PT, Italia",inat,10.91,43.93,1.3806374549865723,1061
2769,Vespa velutina,NL,NA,gbif,4.65,51.95,0.9911375045776367,858
2770,Vespa velutina,BE,NA,gbif,4.21,50.72,1.0301885604858398,788
2771,Vespa velutina,NA,"Plantentuin Meise, Wemmel, Vlaams-Brabant, BE",inat,4.33,50.93,1.029301071166992,790
2772,Vespa velutina,NA,"4740 Marinhas, Portugal",inat,-8.79,41.56,1.404978370666504,1497
2773,Vespa velutina,BE,NA,gbif,4.25,50.32,0.9471854209899903,829
2774,Vespa velutina,NL,NA,gbif,3.75,51.25,1.0463364601135254,769
2775,Vespa velutina,BE,NA,gbif,4.79,51.06,1.0428604125976562,774
2776,Vespa velutina,NL,NA,gbif,4.1,51.3,1.0351354598999023,797
2777,Vespa velutina,BE,NA,gbif,4.46,51.3,1.0570364952087403,798
2778,Vespa velutina,BE,NA,gbif,4.7,50.9,1.0381396293640137,765
2779,Vespa velutina,BE,NA,gbif,5.48,50.85,1.0172677040100098,787
2780,Vespa velutina,NA,"46160 Saint-Chels, France",inat,1.8,44.53,1.1922656059265138,814
2781,Vespa velutina,BE,NA,gbif,4.59,51.21,1.0279624938964844,800
2782,Vespa velutina,BE,NA,gbif,4.08,51.12,1.0435916900634765,789
2783,Vespa velutina,NA,"41110 Couffy, France",inat,1.43,47.26,1.1405198097229003,691
2784,Vespa velutina,BE,NA,gbif,4.36,50.91,1.0497979164123534,783
2785,Vespa velutina,NA,"29300 Quimperlé, France",inat,-3.54,47.88,1.1548635482788085,1009
2786,Vespa velutina,NA,"Rue du Thiers, Rochefort, Namur, BE",inat,5.22,50.16,0.8845166206359864,929
2787,Vespa velutina,NL,NA,gbif,4.45,51.55,1.0125802040100098,791
2788,Vespa velutina,NL,NA,gbif,5.05,51.65,0.9860114097595215,794
2789,Vespa velutina,NA,"Carrer de la Granota, Mont-ras, Girona, ES",inat,3.16,41.91,1.4671771049499511,581
2790,Vespa velutina,NA,"5237 Sandweiler, Luxembourg",inat,6.21,49.61,0.9219437599182129,824
2791,Vespa velutina,NA,"Calle el Talgo, Arija, Burgos, ES",inat,-3.95,42.99,1.0255197525024413,787
2792,Vespa velutina,BE,NA,gbif,3.28,50.94,1.0385656356811523,780
2793,Vespa velutina,NA,"Estrada Interior da Circunvalação, 4100-083 Porto, Portugal",inat,-8.68,41.17,1.4303919792175293,1292
2794,Vespa velutina,NA,"Paracelsusstrasse, Basel, BS, CH",inat,7.61,47.57,1.0200145721435547,805
2795,Vespa velutina,BE,NA,gbif,4.57,51.36,1.0171833038330078,811
2796,Vespa velutina,NL,NA,gbif,5,51.9,0.9610124588012695,776
2797,Vespa velutina,NA,"Rue des Pommiers, Luxembourg, District Luxembourg, LU",inat,6.16,49.61,0.9220864295959472,866
2798,Vespa velutina,NA,"La Rodonella, 08698 La Rodonella, Barcelona, España",inat,1.86,42.16,1.1583457946777345,743
2799,Vespa velutina,BE,NA,gbif,4.28,50.88,1.029301071166992,790
2800,Vespa velutina,NA,"71880 Châtenoy-le-Royal, France",inat,4.8,46.8,1.075723934173584,830
2801,Vespa velutina,NA,"53190 La Dorée, France",inat,-0.93,48.44,1.061469841003418,809
2802,Vespa velutina,BE,NA,gbif,4.4,51.18,1.0570364952087403,798
2803,Vespa velutina,NA,"Parc del Garraf, Carretera de Ratpenat a, Carrer Plana Novella, Km 3, 08870 Sitges, Barcelona, España",inat,1.91,41.27,1.4701315879821777,657
2804,Vespa velutina,NA,"Steinfort, Luxemburg",inat,5.92,49.66,0.9034072875976562,936
2805,Vespa velutina,NL,NA,gbif,5.6,51.45,0.9889156341552734,757
2806,Vespa velutina,CH,NA,gbif,6.24,46.38,0.9311968803405761,1134
2807,Vespa velutina,NA,"Vila Nova de Gaia, Portugal",inat,-8.66,41.14,1.4505515098571777,1231
2808,Vespa velutina,NA,"Av Madrid - Galileu, Les Corts, 08014 Barcelona, Espanya",inat,2.13,41.38,1.5362238883972168,635
2809,Vespa velutina,BE,NA,gbif,3.58,51.17,1.034306240081787,799
2810,Vespa velutina,NA,"83740 La Cadière-d'Azur, France",inat,5.74,43.22,1.3581218719482422,715
2811,Vespa velutina,BE,NA,gbif,4.36,50.79,1.0074718475341797,805
2812,Vespa velutina,NL,NA,gbif,5.65,51.45,0.9889156341552734,757
2813,Vespa velutina,BE,NA,gbif,4.71,50.89,1.0381396293640137,765
2814,Vespa velutina,CH,NA,gbif,7.18,47.37,0.823842716217041,1076
2815,Vespa velutina,NA,"Le Cavé, 27100 Val-de-Reuil, France",inat,1.2,49.26,1.06643648147583,670
2816,Vespa velutina,NA,"Vence, France",inat,7.1,43.73,1.2146843910217284,875
2817,Vespa velutina,NA,PNSE - Quinta dos Calhastros e Cerca da Serra,inat,-7.57,40.51,1.3668603897094727,1430
2818,Vespa velutina,NA,"6186 Gonderingen Junglinster, Luxemburg",inat,6.25,49.69,0.8899781227111816,817
2819,Vespa velutina,NL,NA,gbif,6,51.25,1.0026583671569824,734
2820,Vespa velutina,BE,NA,gbif,5.09,50.98,1.056206226348877,773
2821,Vespa velutina,NA,"50321 Brühl, Deutschland",inat,6.89,50.84,1.0670458793640136,745
2822,Vespa velutina,BE,NA,gbif,4.45,50.83,1.0074718475341797,805
2823,Vespa velutina,BE,NA,gbif,4.48,51.3,1.0570364952087403,798
2824,Vespa velutina,BE,NA,gbif,5.1,51.07,1.056958293914795,792
2825,Vespa velutina,BE,NA,gbif,4.67,50.91,1.0381396293640137,765
2826,Vespa velutina,NA,"Ormea, Quarzina (CN)",inat,7.87,44.13,1.1032896041870117,895
2827,Vespa velutina,NL,NA,gbif,4.8,52.65,0.9629875183105469,823
2828,Vespa velutina,BE,NA,gbif,4.69,50.87,1.0381396293640137,765
2829,Vespa velutina,NA,"Blessac, Nouvelle-Aquitaine, FR",inat,2.13,45.99,1.0015417098999024,888
2830,Vespa velutina,NA,"Can Gonteres, 08225, Barcelona, España",inat,1.98,41.57,1.4234187126159668,646
2831,Vespa velutina,NA,"Lévis-Saint-Nom, France",inat,1.94,48.73,1.0464655876159668,635
2832,Vespa velutina,NA,"Mayenne, Pays de la Loire, France",inat,-0.65,47.96,1.1522791862487793,742
2833,Vespa velutina,BE,NA,gbif,4.73,51.09,1.0428604125976562,774
2834,Vespa velutina,NA,"Chemin des Vergers, Genève, GE, CH",inat,6.16,46.2,0.9738552093505859,1039
2835,Vespa velutina,NA,"Tarragona, Tarragona, ES",inat,1.37,41.13,1.5755468368530274,540
2836,Vespa velutina,NL,NA,gbif,5.45,51.4,0.9980051994323731,773
2837,Vespa velutina,NL,NA,gbif,5.75,50.85,1.0079051971435546,754
2838,Vespa velutina,BE,NA,gbif,3.66,51.05,1.041869831085205,812
2839,Vespa velutina,NA,"Trébeurden, France",inat,-3.57,48.78,1.1304166793823243,975
2840,Vespa velutina,NA,"Bretagne, FR",inat,-2.02,48.49,1.1563447952270507,799
2841,Vespa velutina,BE,NA,gbif,4.05,50.79,1.0180500030517579,787
2842,Vespa velutina,NA,"08380 Malgrat de Mar, Barcelona, España",inat,2.74,41.65,1.5051636695861816,720
2843,Vespa velutina,NA,"Charles de Gaulle, 69160 Tassin-la-Demi-Lune, France",inat,4.78,45.76,1.1392176628112793,829
2844,Vespa velutina,NL,NA,gbif,4.7,51.55,1.0014093399047852,815
2845,Vespa velutina,BE,NA,gbif,4.48,51.12,1.039146900177002,785
2846,Vespa velutina,NA,"Passeig de Lola Anglada, Terrassa, Barcelona, ES",inat,2.04,41.53,1.4473604202270507,676
2847,Vespa velutina,NL,NA,gbif,4.2,52,0.9849073410034179,832
2848,Vespa velutina,BE,NA,gbif,3.02,51.27,1.0130767822265625,758
2849,Vespa velutina,NA,"4435 Baguim do Monte, Portugal",inat,-8.53,41.19,1.4322385787963867,1340
2850,Vespa velutina,NA,"Waldsee, 79 Freiburg im Breisgau-Ost, Germany",inat,7.88,47.99,0.7210000038146973,1480
2851,Vespa velutina,NA,"Enseirb, 33600 Pessac, France",inat,-0.61,44.81,1.29575834274292,909
2852,Vespa velutina,BE,NA,gbif,3.76,50.62,1.0026041984558105,772
2853,Vespa velutina,BE,NA,gbif,4.9,51.2,1.02982816696167,791
2854,Vespa velutina,NA,"45131 Essen-Stadtbezirke II, Deutschland",inat,6.99,51.43,1.0297656059265137,883
2855,Vespa velutina,BE,NA,gbif,4.55,51,1.0223458290100098,773
2856,Vespa velutina,BE,NA,gbif,3.8,50.81,1.012112522125244,792
2857,Vespa velutina,BE,NA,gbif,3.76,51.05,1.0652593612670898,792
2858,Vespa velutina,NA,"Passeio dos Argonautas, Lisboa, Lisboa, PT",inat,-9.09,38.75,1.6865142822265624,703
2859,Vespa velutina,BE,NA,gbif,4.2,50.83,1.0301885604858398,788
2860,Vespa velutina,NA,"Botanischer Garten Frankfurt, Siesmayerstraße 72, 60323 Frankfurt am Main, Deutschland",inat,8.66,50.13,1.0215635299682617,620
2861,Vespa velutina,BE,NA,gbif,4.98,51.18,1.02982816696167,791
2862,Vespa velutina,BE,NA,gbif,4.28,50.74,1.0301885604858398,788
2863,Vespa velutina,NL,NA,gbif,5.95,50.9,0.9916646003723144,781
2864,Vespa velutina,NA,"Rue de St-Cloud, Lyon, Auvergne-Rhône-Alpes, FR",inat,4.83,45.73,1.1392176628112793,829
2865,Vespa velutina,NA,"Fiume/thaon Di Revel, 16121 Genova GE, Italia",inat,8.95,44.41,1.4139930725097656,1245
2866,Vespa velutina,NA,"Chemin de la Condamine, Saint-André-de-Rosans, Provence-Alpes-Côte d'Azur, FR",inat,5.51,44.36,0.9112218856811524,1053
2867,Vespa velutina,BE,NA,gbif,4.19,50.91,1.029301071166992,790
2868,Vespa velutina,BE,NA,gbif,3.88,50.77,1.0213645935058593,779
2869,Vespa velutina,NA,"Z.A.E. Wolser F, Bettemburg, Distrikt Luxemburg, LU",inat,6.1,49.51,0.9220864295959472,866
2870,Vespa velutina,BE,NA,gbif,3.64,51.02,1.041869831085205,812
2871,Vespa velutina,NA,"57330 Kanfen, France",inat,6.11,49.44,0.9359707832336426,862
2872,Vespa velutina,BE,NA,gbif,5.01,51.13,1.056958293914795,792
2873,Vespa velutina,BE,NA,gbif,4.44,50.89,1.0497979164123534,783
2874,Vespa velutina,NA,"Neubadstrasse, Basel, BS, CH",inat,7.57,47.55,1.0200145721435547,805
2875,Vespa velutina,NA,"Lisbon, Portugal",inat,-9.15,38.74,1.6865142822265624,703
2876,Vespa velutina,BE,NA,gbif,4.32,51.37,1.0319975852966308,791
2877,Vespa velutina,NA,"Rue du Maréchal, Saint-Ghislain, Hainaut, BE",inat,3.83,50.46,1.0056135177612304,762
2878,Vespa velutina,NA,"Parc Maurice Thorez et Gymnase Léo Lagrange, Choisy-le-Roi, Île-de-France, FR",inat,2.4,48.77,1.1437250137329102,632
2879,Vespa velutina,BE,NA,gbif,4.93,50.82,1.0242583274841308,751
2880,Vespa velutina,NA,"Murhau, Breisach, Baden-Württemberg, DE",inat,7.59,48.02,1.0584343910217284,952
2881,Vespa velutina,NA,"Oviedo, 33013 Oviedo, Asturias, España",inat,-5.86,43.36,1.2818219184875488,984
2882,Vespa velutina,NL,NA,gbif,5.8,50.85,1.0079051971435546,754
2883,Vespa velutina,NL,NA,gbif,6.15,51.3,1.0026583671569824,734
2884,Vespa velutina,NA,"2710 Sintra, Portugal",inat,-9.38,38.79,1.581121826171875,711
2885,Vespa velutina,BE,NA,gbif,3.85,51.09,1.0463322639465331,779
2886,Vespa velutina,NA,"Almada, PT-SE, PT",inat,-9.2,38.64,1.6470182418823243,681
2887,Vespa velutina,BE,NA,gbif,5.71,51.04,1.0033124923706054,720
2888,Vespa velutina,BE,NA,gbif,3.76,50.81,1.012112522125244,792
2889,Vespa velutina,NA,NA,inat,-2.06,49.09,1.1854166984558105,800
2890,Vespa velutina,BE,NA,gbif,4.69,50.99,1.0381396293640137,765
2891,Vespa velutina,ES,NA,gbif,-8.54,42.87,1.3204468727111816,1585
2892,Vespa velutina,BE,NA,gbif,5.23,51.04,1.0283103942871095,817
2893,Vespa velutina,NA,"Navia, Vigo, Pontevedra, España",inat,-8.76,42.2,1.374198818206787,1695
2894,Vespa velutina,NA,"Roscoff, France",inat,-4.01,48.73,1.1462645530700684,1003
2895,Vespa velutina,NA,"Rüngsdorf, 53 Bonn-Bad Godesberg, Deutschland",inat,7.17,50.69,0.9682728767395019,827
2896,Vespa velutina,NA,"Chemin de Bernicot, Saint-Genis-Laval, Auvergne-Rhône-Alpes, FR",inat,4.77,45.69,1.1392176628112793,829
2897,Vespa velutina,NA,"Rohrbach-West, 69126 Heidelberg, Germany",inat,8.69,49.39,0.9509333610534668,953
2898,Vespa velutina,NA,"Rua da Escola Politécnica, Lisboa, Lisboa, PT",inat,-9.15,38.72,1.6865142822265624,703
2899,Vespa velutina,BE,NA,gbif,4.95,51.34,0.9976905822753906,802
2900,Vespa velutina,BE,NA,gbif,5.34,50.98,1.0172677040100098,787
2901,Vespa velutina,NA,"R Luís de Camões 19c, 1495-081 Algés, Portugal",inat,-9.23,38.7,1.6334726333618164,722
2902,Vespa velutina,BE,NA,gbif,4.66,50.81,1.0064770698547363,782
2903,Vespa velutina,BE,NA,gbif,4.5,51.09,1.0294468879699707,777
2904,Vespa velutina,BE,NA,gbif,4,50.84,1.040187454223633,782
2905,Vespa velutina,ES,NA,gbif,-5.59,42.61,1.183608341217041,565
2906,Vespa velutina,BE,NA,gbif,4.99,51.08,1.0535478591918945,777
2907,Vespa velutina,NA,"Praia Da Sãozinha, Vila Nova de Gaia, Norte, PT",inat,-8.66,41.07,1.4505515098571777,1231
2908,Vespa velutina,NL,NA,gbif,5.8,50.85,1.0079051971435546,754
2909,Vespa velutina,BE,NA,gbif,3.7,50.95,1.0391103744506835,795
2910,Vespa velutina,NA,"Féronstrée et Hors-Château, 4000 Liège, Belgium",inat,5.58,50.65,0.974148941040039,883
2911,Vespa velutina,NA,"Orly, France",inat,2.43,48.75,1.1437250137329102,632
2912,Vespa velutina,NL,NA,gbif,4.2,51.85,0.9849073410034179,832
2913,Vespa velutina,NA,"29660 Carantec, France",inat,-3.92,48.67,1.1435464859008788,990
2914,Vespa velutina,BE,NA,gbif,4.1,50.93,1.040187454223633,782
2915,Vespa velutina,BE,NA,gbif,3.06,50.79,1.0312749862670898,735
2916,Vespa velutina,BE,NA,gbif,3.71,51.06,1.0652593612670898,792
2917,Vespa velutina,NA,"4405-646 Vila Nova de Gaia, Portugal",inat,-8.64,41.08,1.4505515098571777,1231
2918,Vespa velutina,NL,NA,gbif,4.55,51.55,1.0070833206176757,804
2919,Vespa velutina,NA,"Rue Mouffetard, Paris, Île-de-France, FR",inat,2.35,48.84,1.1448124885559081,641
2920,Vespa velutina,BE,NA,gbif,5.4,50.98,1.0172677040100098,787
2921,Vespa velutina,BE,NA,gbif,3.55,50.98,1.0466250419616698,795
2922,Vespa velutina,NA,"Combatentes, 4200-222 Porto, Portugal",inat,-8.6,41.16,1.4505515098571777,1231
2923,Vespa velutina,BE,NA,gbif,4.93,50.85,1.0436156272888184,766
2924,Vespa velutina,NA,"60 Frankfurt am Main-Innenstadt II, Deutschland",inat,8.65,50.12,1.0215635299682617,620
2925,Vespa velutina,DE,NA,gbif,8.11,49.19,0.9409354209899903,767
2926,Vespa velutina,BE,NA,gbif,4.42,51.28,1.0570364952087403,798
2927,Vespa velutina,NA,"Arazede, 3140, Portugal",inat,-8.72,40.27,1.5246718406677247,861
2928,Vespa velutina,NA,"Um Bock / Casemates Quai 1, 1917 Luxemburg-Oberstadt Luxemburg, Luxembourg",inat,6.13,49.61,0.9220864295959472,866
2929,Vespa velutina,NL,NA,gbif,3.95,51.2,1.0390030860900878,773
2930,Vespa velutina,NA,"Adriana, 08206 Sabadell, Barcelona, España",inat,2.09,41.56,1.4473604202270507,676
2931,Vespa velutina,BE,NA,gbif,4.06,51.11,1.0435916900634765,789
2932,Vespa velutina,NL,NA,gbif,5.1,51.35,0.9912364959716797,790
2933,Vespa velutina,BE,NA,gbif,4.15,50.94,1.040187454223633,782
2934,Vespa velutina,BE,NA,gbif,4.57,51.14,1.0294468879699707,777
2935,Vespa velutina,NA,"Le Jardin des Personnalités, Honfleur, Normandie, FR",inat,0.23,49.43,1.1164894104003906,730
2936,Vespa velutina,NA,"41200 Romorantin-Lanthenay, France",inat,1.76,47.35,1.1346593856811524,675
2937,Vespa velutina,BE,NA,gbif,4.71,50.79,0.9946885108947754,774
2938,Vespa velutina,BE,NA,gbif,4.55,51.13,1.0294468879699707,777
2939,Vespa velutina,NA,"25594 Surp, Lérida, España",inat,1.13,42.45,0.7613114833831787,1026
2940,Vespa velutina,BE,NA,gbif,3.58,51.17,1.034306240081787,799
2941,Vespa velutina,NA,"68128 Rosenau, France",inat,7.55,47.62,1.0200145721435547,805
2942,Vespa velutina,BE,NA,gbif,3.74,51.01,1.0652593612670898,792
2943,Vespa velutina,NA,"C.Carbajal(Urb.Los Acebos), 24196 Carbajal de la Legua, León, España",inat,-5.6,42.64,1.183608341217041,565
2944,Vespa velutina,BE,NA,gbif,4.54,50.88,1.0223458290100098,773
2945,Vespa velutina,BE,NA,gbif,4.64,50.83,1.0064770698547363,782
2946,Vespa velutina,BE,NA,gbif,5.55,50.86,0.9943770408630371,774
2947,Vespa velutina,BE,NA,gbif,4.46,50.98,1.0497979164123534,783
2948,Vespa velutina,NA,"Gabriel de Marie Quai 2, 1267 Cents Luxemburg, Luxembourg",inat,6.17,49.62,0.9219437599182129,824
2949,Vespa velutina,BE,NA,gbif,2.94,51.23,1.010472011566162,727
2950,Vespa velutina,NA,"Fechenheim, 60 Frankfurt-Ost, Deutschland",inat,8.77,50.12,1.014552116394043,674
2951,Vespa velutina,BE,NA,gbif,4.45,51.11,1.039146900177002,785
2952,Vespa velutina,FR,NA,gbif,5.13,45.65,1.105828094482422,930
2953,Vespa velutina,BE,NA,gbif,3.75,51.04,1.0652593612670898,792
2954,Vespa velutina,BE,NA,gbif,4.46,51.02,1.039146900177002,785
2955,Vespa velutina,BE,NA,gbif,3.21,51.22,1.0298015594482421,783
2956,Vespa velutina,BE,NA,gbif,5.6,51.01,0.9810802459716796,756
2957,Vespa velutina,NA,"Rua dos Remolares, Lisboa, Lisboa, PT",inat,-9.14,38.71,1.6865142822265624,703
2958,Vespa velutina,BE,NA,gbif,3.33,50.74,1.0392760276794433,754
2959,Vespa velutina,BE,NA,gbif,3.51,50.96,1.0466250419616698,795
2960,Vespa velutina,NA,"Archanda, 48015, Vizcaya, España",inat,-2.92,43.27,1.3535219192504884,1158
2961,Vespa velutina,NL,NA,gbif,3.7,51.4,1.0380054473876954,782
2962,Vespa velutina,NL,NA,gbif,5.85,50.85,0.9916646003723144,781
2963,Vespa velutina,NL,NA,gbif,4.85,51.5,0.9976905822753906,802
2964,Vespa velutina,NL,NA,gbif,4.65,51.8,0.9967260360717773,816
2965,Vespa velutina,NA,"17534 Ribes de Freser, Girona, Spain",inat,2.17,42.31,0.9148791313171387,930
2966,Vespa velutina,FR,NA,gbif,4.77,43.95,1.453181266784668,765
2967,Vespa velutina,NA,"Santiago de Compostela, 15820 Municipality of Santiago de Compostela, A Coruña, Spain",inat,-8.46,42.9,1.2908989906311035,1722
2968,Vespa velutina,NL,NA,gbif,5.85,51.15,1.0099031448364257,731
2969,Vespa velutina,BE,NA,gbif,4.41,51.19,1.0570364952087403,798
2970,Vespa velutina,BE,NA,gbif,4.39,51.13,1.039146900177002,785
2971,Vespa velutina,NL,NA,gbif,5.4,51.45,0.9980051994323731,773
2972,Vespa velutina,NL,NA,gbif,6.05,51.85,0.9773374557495117,766
2973,Vespa velutina,NA,"Grandas de Salime, 33738, Asturias, España",inat,-6.97,43.21,1.1587770462036133,1221
2974,Vespa velutina,NA,"Santarém, Portugal",inat,-8.68,39.24,1.631465530395508,697
2975,Vespa velutina,NA,"51120 Les Essarts-lès-Sézanne, France",inat,3.6,48.77,0.9919729232788086,645
2976,Vespa velutina,NA,"Valrico A, 4520, Portugal",inat,-8.56,40.88,1.443885612487793,1143
2977,Vespa velutina,BE,NA,gbif,4.4,51.16,1.039146900177002,785
2978,Vespa velutina,BE,NA,gbif,5.44,50.77,0.9828853607177734,821
2979,Vespa velutina,NA,"Naturpark Saar-Hunsrück, Lampaden, Rheinland-Pfalz, DE",inat,6.7,49.66,0.8014615058898926,1016
2980,Vespa velutina,NA,"5344 ST Oss, Nederland",inat,5.51,51.76,0.9760427474975586,755
2981,Vespa velutina,ES,NA,gbif,-8.22,43.49,1.3945551872253419,1072
2982,Vespa velutina,NA,"Bréau-et-Salagosse, 30120 Bréau-Mars, France",inat,3.57,43.99,1.1718375205993652,783
2983,Vespa velutina,NL,NA,gbif,5.1,52.1,0.9803396224975586,797
2984,Vespa velutina,DE,NA,gbif,6.31,50.57,0.7591552257537841,1093
2985,Vespa velutina,NA,"Prades-le-Lez, France",inat,3.88,43.69,1.4095989227294923,685
2986,Vespa velutina,BE,NA,gbif,4.38,51.02,1.039146900177002,785
2987,Vespa velutina,BE,NA,gbif,4.43,50.99,1.0497979164123534,783
2988,Vespa velutina,NA,"Chemin de vers-la-ville, Annot, Alpes-de-Haute-Provence",inat,6.67,43.97,0.998715591430664,897
2989,Vespa velutina,BE,NA,gbif,2.9,50.84,1.0072551727294923,735
2990,Vespa velutina,NA,"Landschaftsschutzgebiet Hessische Rheinuferlandschaft, Ginsheim-Gustavsburg, Hessen, DE",inat,8.32,49.97,1.0134291648864746,587
2991,Vespa velutina,BE,NA,gbif,4.07,50.88,1.040187454223633,782
2992,Vespa velutina,NA,"4560 Luzim, Portugal",inat,-8.24,41.16,1.3851500511169434,1326
2993,Vespa velutina,NA,"Avenue du Général Leclerc, Paris, Île-de-France, FR",inat,2.33,48.83,1.1138312339782714,643
2994,Vespa velutina,BE,NA,gbif,3.83,50.89,1.0391103744506835,795
2995,Vespa velutina,BE,NA,gbif,4.44,51.15,1.039146900177002,785
2996,Vespa velutina,BE,NA,gbif,3.84,50.87,1.0294885635375977,792
2997,Vespa velutina,BE,NA,gbif,4.44,51.2,1.0570364952087403,798
2998,Vespa velutina,BE,NA,gbif,3.69,50.96,1.0391103744506835,795
2999,Vespa velutina,NA,"N 226-2, Tabuaço, Norte, PT",inat,-7.58,41.12,1.2834135055541993,1264
3000,Vespa velutina,NL,NA,gbif,3.35,51.3,1.0287104606628419,798
3001,Vespa velutina,NA,Cessange Luxembourg,inat,6.1,49.59,0.9220864295959472,866
3002,Vespa velutina,NL,NA,gbif,6.15,51.4,1.005424976348877,735
3003,Vespa velutina,BE,NA,gbif,3.26,51.19,1.0298015594482421,783
3004,Vespa velutina,BE,NA,gbif,3.01,50.93,1.016388511657715,761
3005,Vespa velutina,BE,NA,gbif,3.8,51,1.0391103744506835,795
3006,Vespa velutina,NA,"21850 Saint-Apollinaire, France",inat,5.1,47.32,1.0628146171569823,767
3007,Vespa velutina,BE,NA,gbif,4.04,50.98,1.040187454223633,782
3008,Vespa velutina,NA,"Mamer, Mersch, Distrikt Luxemburg, LU",inat,6.1,49.74,0.9069146156311035,834
3009,Vespa velutina,NA,"Herrngarten, Schloßgartenstraße, 64289 Darmstadt, Deutschland",inat,8.65,49.88,1.020603084564209,638
3010,Vespa velutina,NA,"76 Karlsruhe-Innenstadt-West, Deutschland",inat,8.39,49.01,1.0572250366210938,765
3011,Vespa velutina,NA,"34200 Sète, France",inat,3.7,43.41,1.5024091720581054,611
3012,Vespa velutina,NA,"Groesbeek, Nederland",inat,5.92,51.79,0.9752073287963867,758
3013,Vespa velutina,BE,NA,gbif,3.45,51.05,1.0276729583740234,812
3014,Vespa velutina,BE,NA,gbif,4.32,50.84,1.029301071166992,790
3015,Vespa velutina,NL,NA,gbif,4.6,52.35,0.9709492683410644,828
3016,Vespa velutina,BE,NA,gbif,5.59,51.17,0.9874073028564453,732
3017,Vespa velutina,NA,"1131 Tolochenaz, Switzerland",inat,6.48,46.5,1.0434999465942383,1078
3018,Vespa velutina,NL,NA,gbif,5.65,51.45,0.9889156341552734,757
3019,Vespa velutina,NA,"4580 Gondalães, Portugal",inat,-8.33,41.23,1.3848312377929688,1346
3020,Vespa velutina,BE,NA,gbif,3.25,51.32,1.0298015594482421,783
3021,Vespa velutina,NA,"Frankfurt (Main) Schule Am Hang, 60388 Frankfurt am Main, Deutschland",inat,8.75,50.15,1.014552116394043,674
3022,Vespa velutina,DE,NA,gbif,8.39,49.01,1.0572250366210938,765
3023,Vespa velutina,BE,NA,gbif,4.65,50.93,1.0223458290100098,773
3024,Vespa velutina,BE,NA,gbif,4.3,51.08,1.0402281761169434,786
3025,Vespa velutina,NA,"45138 Essen-Stadtbezirke I, Deutschland",inat,7.04,51.45,0.9963427543640136,967
3026,Vespa velutina,BE,NA,gbif,4.82,50.92,1.0381396293640137,765
3027,Vespa velutina,NA,"Campo Grande, Lisboa, Portugal",inat,-9.15,38.75,1.6865142822265624,703
3028,Vespa velutina,BE,NA,gbif,4.6,51.39,1.0171833038330078,811
3029,Vespa velutina,BE,NA,gbif,3.69,50.96,1.0391103744506835,795
3030,Vespa velutina,BE,NA,gbif,4.3,50.96,1.029301071166992,790
3031,Vespa velutina,BE,NA,gbif,4.59,51.01,1.0294468879699707,777
3032,Vespa velutina,BE,NA,gbif,5.04,51.03,1.056958293914795,792
3033,Vespa velutina,NA,"Groesbeek, Nederland",inat,5.92,51.79,0.9752073287963867,758
3034,Vespa velutina,DE,NA,gbif,8.17,49.47,1.0166802406311035,624
3035,Vespa velutina,NA,"Rue Matthias Ringmann, Illkirch-Graffenstaden, Grand Est, FR",inat,7.74,48.52,1.061342716217041,735
3036,Vespa velutina,NA,"Collège des Aiguerelles, 34000 Montpellier, France",inat,3.89,43.6,1.4818106651306153,645
3037,Vespa velutina,NA,"Roßdorf, 64380 Roßdorf, Deutschland",inat,8.76,49.86,0.9712344169616699,753
3038,Vespa velutina,BE,NA,gbif,3.33,50.89,1.0385656356811523,780
3039,Vespa velutina,BE,NA,gbif,3.23,50.83,1.0392760276794433,754
3040,Vespa velutina,NA,"Rue de Sanem, Zolwer, Distrikt Lëtzebuerg, LU",inat,5.94,49.53,0.9034072875976562,936
3041,Vespa velutina,NA,"Route des Usines, Mazamet, Occitanie, FR",inat,2.37,43.48,1.088557243347168,883
3042,Vespa velutina,NA,"Grand-rue, Redange, District Diekirch, LU",inat,5.89,49.76,0.8880406379699707,893
3043,Vespa velutina,NA,"Cais do Cavaco, Vila Nova de Gaia, Norte, PT",inat,-8.63,41.14,1.4505515098571777,1231
3044,Vespa velutina,BE,NA,gbif,3.26,50.83,1.0392760276794433,754
3045,Vespa velutina,NA,"Oviedo, Asturias, España",inat,-5.86,43.36,1.2818219184875488,984
3046,Vespa velutina,NL,NA,gbif,3.85,51.2,1.0390030860900878,773
3047,Vespa velutina,NA,"Érezée, 6997 Érezée, Belgique",inat,5.56,50.29,0.8499551773071289,972
3048,Vespa velutina,NL,NA,gbif,5.7,50.95,1.0079051971435546,754
3049,Vespa velutina,NL,NA,gbif,4.05,51.85,0.9975513458251953,810
3050,Vespa velutina,NA,"84400 Apt, France",inat,5.42,43.88,1.217967700958252,824
3051,Vespa velutina,BE,NA,gbif,3.26,50.82,1.0392760276794433,754
3052,Vespa velutina,ES,NA,gbif,-1.64,42.82,1.167131233215332,809
3053,Vespa velutina,NA,"Brebis, 1170 Watermael-Boitsfort, Belgique",inat,4.4,50.81,1.0074718475341797,805
3054,Vespa velutina,NA,"77723 Gengenbach, Deutschland",inat,8.03,48.4,0.905942726135254,1311
3055,Vespa velutina,NA,"Aucaleuc, France",inat,-2.13,48.46,1.1563447952270507,799
3056,Vespa velutina,BE,NA,gbif,4.5,50.97,1.0223458290100098,773
3057,Vespa velutina,BE,NA,gbif,4.51,51.11,1.0294468879699707,777
3058,Vespa velutina,NL,NA,gbif,4.4,51.8,0.9891593933105469,812
3059,Vespa velutina,BE,NA,gbif,5.27,50.87,1.0412812232971191,790
3060,Vespa velutina,NA,"Sesimbra, Portugal",inat,-9.16,38.51,1.6673786163330078,687
3061,Vespa velutina,BE,NA,gbif,4.16,51.15,1.0435916900634765,789
3062,Vespa velutina,NA,"Rue du Coteau, Termes-d'Armagnac, Occitanie, FR",inat,-0.02,43.68,1.2791083335876465,1241
3063,Vespa velutina,DE,NA,gbif,6.19,50.86,0.9941916465759277,748
3064,Vespa velutina,BE,NA,gbif,5.45,51.02,0.9895999908447266,799
3065,Vespa velutina,NA,"Parc naturel de la Sarre-Hunsrück, Losheim am See, Sarre, DE",inat,6.73,49.54,0.8014615058898926,1016
3066,Vespa velutina,BE,NA,gbif,4.92,50.8,1.0242583274841308,751
3067,Vespa velutina,BE,NA,gbif,3.73,51.04,1.0652593612670898,792
3068,Vespa velutina,NA,"Zeppelinallee, Frankfurt am Main, Hessen, DE",inat,8.65,50.12,1.0215635299682617,620
3069,Vespa velutina,BE,NA,gbif,4.5,51.21,1.0279624938964844,800
3070,Vespa velutina,NA,"Place de la Vierge, Saint-Sernin-sur-Rance, Occitanie, FR",inat,2.6,43.88,1.131668758392334,761
3071,Vespa velutina,BE,NA,gbif,5.09,51.18,1.0263051986694336,792
3072,Vespa velutina,NA,"St Vincent de Paul, 75010 Paris, France",inat,2.35,48.88,1.1448124885559081,641
3073,Vespa velutina,NA,montjuic,inat,2.15,41.37,1.5362238883972168,635
3074,Vespa velutina,NA,"9353 Bettendorf, Luxemburg",inat,6.23,49.87,0.8926301956176758,842
3075,Vespa velutina,NA,"Andreas Heusler-Strasse, Basel, BS, CH",inat,7.6,47.55,1.0200145721435547,805
3076,Vespa velutina,NL,NA,gbif,4.25,51.5,1.0319975852966308,791
3077,Vespa velutina,BE,NA,gbif,4.53,50.86,1.0223458290100098,773
3078,Vespa velutina,BE,NA,gbif,4.38,51.1,1.039146900177002,785
3079,Vespa velutina,NL,NA,gbif,5.7,50.9,1.0079051971435546,754
3080,Vespa velutina,NA,"Golfe de Saint-Tropez, Cogolin, FR",inat,6.59,43.27,1.4828852653503417,802
3081,Vespa velutina,BE,NA,gbif,4.72,51.19,1.0255916595458985,796
3082,Vespa velutina,CH,NA,gbif,7.64,47.52,1.0200145721435547,805
3083,Vespa velutina,BE,NA,gbif,4.64,50.84,1.0223458290100098,773
3084,Vespa velutina,NA,"Calle de Rafael R López, Somiedo, Asturias, ES",inat,-6.26,43.09,0.7829291820526123,1265
3085,Vespa velutina,BE,NA,gbif,3.78,51.19,1.0463364601135254,769
3086,Vespa velutina,BE,NA,gbif,3.15,51.19,1.0130767822265625,758
3087,Vespa velutina,NA,"6271 PK Gulpen, Nederland",inat,5.87,50.8,0.9454999923706054,888
3088,Vespa velutina,NA,"Coimbra, Centro, PT",inat,-8.42,40.21,1.5525750160217284,987
3089,Vespa velutina,NA,"Longchamps, 33000 Bordeaux, France",inat,-0.58,44.85,1.31015625,921
3090,Vespa velutina,BE,NA,gbif,3.79,51.2,1.0463364601135254,769
3091,Vespa velutina,LU,NA,gbif,6.35,49.5,0.921817684173584,856
3092,Vespa velutina,BE,NA,gbif,3.77,51.06,1.0652593612670898,792
3093,Vespa velutina,NA,"76 Karlsruhe-Innenstadt-West, Deutschland",inat,8.39,49.01,1.0572250366210938,765
3094,Vespa velutina,NL,NA,gbif,5.4,51.4,0.9980051994323731,773
3095,Vespa velutina,DE,NA,gbif,8.4,49.45,1.051504135131836,669
3096,Vespa velutina,NA,"51120 Les Essarts-lès-Sézanne, France",inat,3.6,48.77,0.9919729232788086,645
3097,Vespa velutina,DE,NA,gbif,7.62,50.31,0.9187614440917968,729
3098,Vespa velutina,NA,"Piste cyclable 16, Moestroff, Distrikt Diekirch, LU",inat,6.24,49.87,0.8926301956176758,842
3099,Vespa velutina,BE,NA,gbif,4.46,51.16,1.039146900177002,785
3100,Vespa velutina,NA,"Rue d'Idalie, Ixelles, Région de Bruxelles-Capitale/Brussels Hoofdstedelijk Gewest, BE",inat,4.37,50.84,1.0497979164123534,783
3101,Vespa velutina,NA,"Menden Post, 53757 Sankt Augustin, Deutschland",inat,7.16,50.79,1.0298375129699706,717
3102,Vespa velutina,NA,"Antiguo, Donostia, Gipuzkoa, Spain",inat,-2.01,43.32,1.3299004554748535,1333
3103,Vespa velutina,NL,NA,gbif,3.55,51.45,1.040852928161621,757
3104,Vespa velutina,NA,"Antwerpen, Vlaanderen, BE",inat,4.45,51.22,1.0570364952087403,798
3105,Vespa velutina,BE,NA,gbif,4.48,51.23,1.0570364952087403,798
3106,Vespa velutina,BE,NA,gbif,5.04,51.39,0.9912364959716797,790
3107,Vespa velutina,BE,NA,gbif,4.38,50.93,1.0497979164123534,783
3108,Vespa velutina,NA,"Rheinhafen Kleinhüningen, Basel, BS, CH",inat,7.59,47.58,1.0200145721435547,805
3109,Vespa velutina,BE,NA,gbif,4.4,51.18,1.0570364952087403,798
3110,Vespa velutina,BE,NA,gbif,4.44,50.94,1.0497979164123534,783
3111,Vespa velutina,NA,"Chartres-de-Bretagne, France",inat,-1.71,48.03,1.154995822906494,738
3112,Vespa velutina,BE,NA,gbif,5.48,50.85,1.0172677040100098,787
3113,Vespa velutina,NA,Mieussy,inat,6.52,46.13,0.7339593887329101,1276
3114,Vespa velutina,NL,NA,gbif,5.65,51.25,0.9874073028564453,732
3115,Vespa velutina,BE,NA,gbif,4.43,51.28,1.0570364952087403,798
3116,Vespa velutina,NA,"5506 LA Veldhoven, Nederland",inat,5.36,51.41,0.9980051994323731,773
3117,Vespa velutina,NA,"Rue Calvin, Montpellier, Occitanie, FR",inat,3.85,43.62,1.4818106651306153,645
3118,Vespa velutina,NA,"Kayl, Cité Berens, 3673 Tétange Kayl, Luxemburg",inat,6.04,49.48,0.9359707832336426,862
3119,Vespa velutina,NA,"Plateau Ardennais, Revin, Grand Est, FR",inat,4.65,49.93,0.8758989334106445,903
3120,Vespa velutina,BE,NA,gbif,3.06,50.94,1.016388511657715,761
3121,Vespa velutina,BE,NA,gbif,4.54,51.14,1.0294468879699707,777
3122,Vespa velutina,BE,NA,gbif,3.76,50.95,1.0391103744506835,795
3123,Vespa velutina,NA,"47802 Krefeld, Deutschland",inat,6.58,51.38,1.06216459274292,770
3124,Vespa velutina,NL,NA,gbif,4.35,51.9,0.997988510131836,863
3125,Vespa velutina,BE,NA,gbif,3.72,51.05,1.0652593612670898,792
3126,Vespa velutina,NA,"Rue de Kreuzerbuch, Hobscheid, Distrikt Luxemburg, LU",inat,5.91,49.69,0.8880406379699707,893
3127,Vespa velutina,NA,"Chemin des Bois de Lhu, Saint-Didier-d'Aussiat, Auvergne-Rhône-Alpes, FR",inat,5.1,46.33,1.1157530784606933,928
3128,Vespa velutina,NL,NA,gbif,5.65,51.8,0.9760427474975586,755
3129,Vespa velutina,NA,"30120 Pommiers, France",inat,3.62,43.94,1.1718375205993652,783
3130,Vespa velutina,NL,NA,gbif,5.45,51.6,0.9877718925476074,767
3131,Vespa velutina,NA,"Gelderland, NL",inat,5.69,51.93,0.9700655937194824,799
3132,Vespa velutina,NA,"60 Frankfurt am Main-Innenstadt II, Deutschland",inat,8.65,50.12,1.0215635299682617,620
3133,Vespa velutina,BE,NA,gbif,4.77,50.96,1.0381396293640137,765
3134,Vespa velutina,BE,NA,gbif,4.29,51.22,1.0467052459716797,796
3135,Vespa velutina,NL,NA,gbif,5.4,51.45,0.9980051994323731,773
3136,Vespa velutina,NA,"Nieuweweg, Groesbeek, Nederland",inat,5.92,51.79,0.9752073287963867,758
3137,Vespa velutina,NL,NA,gbif,4.1,51.3,1.0351354598999023,797
3138,Vespa velutina,BE,NA,gbif,4.38,50.84,1.0497979164123534,783
3139,Vespa velutina,NA,"Estrada Nacional Nº 8-2, Km. 14, 2530 Lourinhã, Portugal",inat,-9.3,39.23,1.56060733795166,661
3140,Vespa velutina,BE,NA,gbif,4.35,51.07,1.039146900177002,785
3141,Vespa velutina,BE,NA,gbif,3.76,51.05,1.0652593612670898,792
3142,Vespa velutina,BE,NA,gbif,5.63,50.9,0.9943770408630371,774
3143,Vespa velutina,NA,"Diedelsheim Diedelsh. Höhe, 75015 Bretten, Deutschland",inat,8.68,49.04,0.97714996337890625,826
3144,Vespa velutina,BE,NA,gbif,4.38,51.14,1.039146900177002,785
3145,Vespa velutina,NA,"Zoo Lyon, Lyon, Auvergne-Rhône-Alpes, FR",inat,4.86,45.78,1.1894624710083008,844
3146,Vespa velutina,BE,NA,gbif,3.32,51.13,1.017953109741211,799
3147,Vespa velutina,NA,"Otañes, Castro Urdiales, Cantabria, ES",inat,-3.18,43.31,1.2363780975341796,1116
3148,Vespa velutina,BE,NA,gbif,4.47,51.08,1.039146900177002,785
3149,Vespa velutina,BE,NA,gbif,4.61,51.02,1.0294468879699707,777
3150,Vespa velutina,NA,"34980 Murles, France",inat,3.77,43.71,1.3534667015075683,694
3151,Vespa velutina,NA,"40150 Soorts-Hossegor, Frankrig",inat,-1.43,43.67,1.3781316757202149,1228
3152,Vespa velutina,BE,NA,gbif,5.58,50.94,0.9943770408630371,774
3153,Vespa velutina,BE,NA,gbif,4.37,50.84,1.0497979164123534,783
3154,Vespa velutina,NA,"Bad Dürkheim, Krankenhaus, 67098 Bad Dürkheim, Deutschland",inat,8.17,49.47,1.0166802406311035,624
3155,Vespa velutina,BE,NA,gbif,4.23,51.22,1.0467052459716797,796
3156,Vespa velutina,NA,"34160 Beaulieu, France",inat,4.03,43.73,1.4489864349365233,699
3157,Vespa velutina,BE,NA,gbif,3.22,50.92,1.0385656356811523,780
3158,Vespa velutina,BE,NA,gbif,3.92,51.04,1.0463322639465331,779
3159,Vespa velutina,NA,"Anzegem, 8570 Anzegem, Belgique",inat,3.49,50.83,1.0314833641052246,767
3160,Vespa velutina,NA,"Veyrières, 81000 Albi, France",inat,2.14,43.91,1.2989093780517578,715
3161,Vespa velutina,NA,"83740 La Cadière-d'Azur, France",inat,5.74,43.22,1.3581218719482422,715
3162,Vespa velutina,BE,NA,gbif,5.49,50.75,0.9828853607177734,821
3163,Vespa velutina,NA,"Lisboa, PT",inat,-9.25,38.89,1.5595458030700684,737
3164,Vespa velutina,NL,NA,gbif,5.4,51.3,0.9916239738464355,777
3165,Vespa velutina,BE,NA,gbif,4.32,50.86,1.029301071166992,790
3166,Vespa velutina,NA,"Manéhic, 56850 Caudan, France",inat,-3.32,47.79,1.2059082984924316,923
3167,Vespa velutina,CH,NA,gbif,7.6,47.58,1.0200145721435547,805
3168,Vespa velutina,DE,NA,gbif,6.31,51.03,0.9974427223205566,725
3169,Vespa velutina,BE,NA,gbif,4.31,51,1.029301071166992,790
3170,Vespa velutina,FR,NA,gbif,1.51,46.55,1.1468916893005372,788
3171,Vespa velutina,BE,NA,gbif,3.78,51.06,1.0652593612670898,792
3172,Vespa velutina,NA,"Principado de Asturias, ES-AS-AS, ES",inat,-6.16,43.51,1.3009259223937988,1003
3173,Vespa velutina,NA,"Goesdorf, Luxemburg",inat,5.98,49.96,0.8336134910583496,929
3174,Vespa velutina,BE,NA,gbif,5.3,50.89,1.0412812232971191,790
3175,Vespa velutina,NL,NA,gbif,3.6,51.45,1.040852928161621,757
3176,Vespa velutina,NL,NA,gbif,4.7,52,0.9664947509765625,818
3177,Vespa velutina,BE,NA,gbif,4.8,50.84,1.0381396293640137,765
3178,Vespa velutina,BE,NA,gbif,4.84,50.83,1.0242583274841308,751
3179,Vespa velutina,BE,NA,gbif,4.39,51.1,1.039146900177002,785
3180,Vespa velutina,NL,NA,gbif,4.55,51.5,1.0171833038330078,811
3181,Vespa velutina,NA,"Main-Taunus-Kreis, DE-HE, DE",inat,8.48,50.07,0.9793051719665528,641
3182,Vespa velutina,BE,NA,gbif,3.63,51.04,1.041869831085205,812
3183,Vespa velutina,BE,NA,gbif,3.83,51,1.0391103744506835,795
3184,Vespa velutina,BE,NA,gbif,3.83,50.89,1.0391103744506835,795
3185,Vespa velutina,BE,NA,gbif,4.18,51.09,1.0402281761169434,786
3186,Vespa velutina,NL,NA,gbif,3.9,51.65,1.0235614776611328,779
3187,Vespa velutina,NA,"4620 Santa Eulália, Portugal",inat,-8.3,41.36,1.373810386657715,1371
3188,Vespa velutina,NA,"Rue de Molsheim, Strasbourg, Grand Est, FR",inat,7.74,48.58,1.061342716217041,735
3189,Vespa velutina,BE,NA,gbif,5.37,50.93,1.0172677040100098,787
3190,Vespa velutina,NA,"9650 Esch-sur-Sûre, Luxembourg",inat,5.94,49.91,0.8336134910583496,929
3191,Vespa velutina,NA,"Venlo, Bremweg, 5915 GM Venlo, Nederland",inat,6.19,51.36,1.0059072494506835,734
3192,Vespa velutina,BE,NA,gbif,4.92,51.22,1.02982816696167,791
3193,Vespa velutina,NA,"Gard, Languedoc-Roussillon, FR",inat,4.35,43.82,1.48746976852417,744
3194,Vespa velutina,NA,"1600-757 Lisbon, Portugal",inat,-9.18,38.76,1.6334726333618164,722
3195,Vespa velutina,BE,NA,gbif,4.46,51.22,1.0570364952087403,798
3196,Vespa velutina,BE,NA,gbif,5.27,50.95,1.0412812232971191,790
3197,Vespa velutina,BE,NA,gbif,2.68,50.89,1.004269790649414,711
3198,Vespa velutina,NA,2359 Cents Luxembourg,inat,6.17,49.62,0.9219437599182129,824
3199,Vespa velutina,NA,"STEINSEL, Zone Industrielle, 7349 Steinsel, Luxemburg",inat,6.13,49.67,0.9069146156311035,834
3200,Vespa velutina,NA,"79 Teningen, Deutschland",inat,7.84,48.17,0.9593146324157715,1061
3201,Vespa velutina,NA,"17310 Lloret de Mar, Girona, Spanien",inat,2.84,41.7,1.432300853729248,703
3202,Vespa velutina,BE,NA,gbif,5.18,50.81,1.0078781127929688,800
3203,Vespa velutina,BE,NA,gbif,4.31,51.15,1.0402281761169434,786
3204,Vespa velutina,BE,NA,gbif,3.72,51.08,1.0652593612670898,792
3205,Vespa velutina,NA,"Eixample, 08029 Barcelona, Spain",inat,2.15,41.39,1.5362238883972168,635
3206,Vespa velutina,BE,NA,gbif,4.45,51.07,1.039146900177002,785
3207,Vespa velutina,BE,NA,gbif,5.34,50.91,1.0172677040100098,787
3208,Vespa velutina,NA,"Amphithéâtre Capelle, 69100 Villeurbanne, France",inat,4.88,45.78,1.1894624710083008,844
3209,Vespa velutina,BE,NA,gbif,3.69,51.02,1.0652593612670898,792
3210,Vespa velutina,NA,"5427 Greiveldange, Luxemburg",inat,6.38,49.58,0.9278427124023437,827
3211,Vespa velutina,BE,NA,gbif,3.81,51.03,1.0652593612670898,792
3212,Vespa velutina,BE,NA,gbif,4.99,51.16,1.0535478591918945,777
3213,Vespa velutina,BE,NA,gbif,4.04,50.98,1.040187454223633,782
3214,Vespa velutina,NA,Düsseldorf,inat,6.87,51.16,1.057521915435791,811
3215,Vespa velutina,BE,NA,gbif,4.32,50.87,1.029301071166992,790
3216,Vespa velutina,NA,"76307 Karlsbad, Deutschland",inat,8.47,48.89,0.9595218658447265,1036
3217,Vespa velutina,NA,"Girona, Espanya",inat,2.7,42.2,1.3317500114440919,707
3218,Vespa velutina,NA,"Rue du Vercors, Lyon, Auvergne-Rhône-Alpes, FR",inat,4.83,45.73,1.1392176628112793,829
3219,Vespa velutina,NL,NA,gbif,4.45,52.15,0.971110725402832,849
3220,Vespa velutina,BE,NA,gbif,3.26,51.16,1.017953109741211,799
3221,Vespa velutina,NA,"35230 Noyal-Châtillon-sur-Seiche, France",inat,-1.69,48.08,1.154995822906494,738
3222,Vespa velutina,NL,NA,gbif,3.55,51.45,1.040852928161621,757
3223,Vespa velutina,NA,"Pelikaan, Ridderkerk, Zuid-Holland, NL",inat,4.62,51.86,0.9911375045776367,858
3224,Vespa velutina,NA,"Saldes, Barcelona, ES",inat,1.76,42.22,0.7016312599182128,1041
3225,Vespa velutina,NL,NA,gbif,6.1,51.35,1.005424976348877,735
3226,Vespa velutina,NA,"C-150A, Banyoles, Girona, ES",inat,2.76,42.13,1.3722979545593261,727
3227,Vespa velutina,NA,"Rue des Plantes, Paris, Île-de-France, FR",inat,2.32,48.83,1.1138312339782714,643
3228,Vespa velutina,BE,NA,gbif,4.21,50.93,1.029301071166992,790
3229,Vespa velutina,BE,NA,gbif,5.38,51.24,0.9916239738464355,777
3230,Vespa velutina,NL,NA,gbif,5.55,51.4,0.9889156341552734,757
3231,Vespa velutina,BE,NA,gbif,3.71,51.06,1.0652593612670898,792
3232,Vespa velutina,BE,NA,gbif,4.39,51.14,1.039146900177002,785
3233,Vespa velutina,BE,NA,gbif,4.09,50.79,1.0180500030517579,787
3234,Vespa velutina,BE,NA,gbif,4.44,50.8,1.0074718475341797,805
3235,Vespa velutina,NA,"Karlsruhe Konzerthaus, 76137 Karlsruhe, Deutschland",inat,8.4,49,0.9595218658447265,1036
3236,Vespa velutina,NL,NA,gbif,3.55,51.35,1.040852928161621,757
3237,Vespa velutina,NA,"Lisbon, Portugal",inat,-9.16,38.77,1.6865142822265624,703
3238,Vespa velutina,NL,NA,gbif,5.45,51.45,0.9980051994323731,773
3239,Vespa velutina,NA,"31680 Ochagavía, Navarra, España",inat,-1.09,42.91,0.9317197799682617,998
3240,Vespa velutina,NA,"62179 Wissant, France",inat,1.66,50.89,1.037075901031494,582
3241,Vespa velutina,NA,"Beire, 4580, Portugal",inat,-8.31,41.25,1.3848312377929688,1346
3242,Vespa velutina,BE,NA,gbif,3.78,51.07,1.0652593612670898,792
3243,Vespa velutina,BE,NA,gbif,4.38,50.79,1.0074718475341797,805
3244,Vespa velutina,DE,NA,gbif,7.88,49.84,0.9756280899047851,545
3245,Vespa velutina,BE,NA,gbif,3.69,51.02,1.0652593612670898,792
3246,Vespa velutina,NL,NA,gbif,4.6,51.9,0.9911375045776367,858
3247,Vespa velutina,BE,NA,gbif,3.3,50.81,1.0392760276794433,754
3248,Vespa velutina,NA,"Sesimbra, Portugal",inat,-9.15,38.52,1.6673786163330078,687
3249,Vespa velutina,NA,"Vendome - Danan, 41100 Vendôme, France",inat,1.07,47.81,1.1018020629882812,680
3250,Vespa velutina,BE,NA,gbif,4.58,50.96,1.0223458290100098,773
3251,Vespa velutina,NA,"67105 Schifferstadt, Deutschland",inat,8.4,49.37,1.051504135131836,669
3252,Vespa velutina,BE,NA,gbif,3.21,51.22,1.0298015594482421,783
3253,Vespa velutina,NL,NA,gbif,5.6,51.65,0.9889708518981933,754
3254,Vespa velutina,BE,NA,gbif,3.63,51.04,1.041869831085205,812
3255,Vespa velutina,NA,"Oost-Vlaanderen, Vlaanderen, Belgium",inat,3.72,50.78,1.012112522125244,792
3256,Vespa velutina,NL,NA,gbif,3.95,51.2,1.0390030860900878,773
3257,Vespa velutina,NA,"42400 Saint-Chamond, France",inat,4.51,45.46,0.9177802085876465,980
3258,Vespa velutina,BE,NA,gbif,4.39,50.9,1.0497979164123534,783
3259,Vespa velutina,NA,"11120 Mirepeisset, France",inat,2.9,43.28,1.4646812438964845,585
3260,Vespa velutina,NA,"Route de Colmar-Berg, Oberfeulen, District Diekirch, LU",inat,6.04,49.85,0.8673364639282226,860
3261,Vespa velutina,NA,"Eigenaarsstraat, Kasterlee, Provincie Antwerpen, BE",inat,4.91,51.25,1.02982816696167,791
3262,Vespa velutina,BE,NA,gbif,5.82,51.1,1.0033124923706054,720
3263,Vespa velutina,NL,NA,gbif,6.1,51.35,1.005424976348877,735
3264,Vespa velutina,NA,"Rue des Roses, Orvault, Pays de la Loire, FR",inat,-1.59,47.25,1.191419792175293,794
3265,Vespa velutina,BE,NA,gbif,4.85,50.96,1.0436156272888184,766
3266,Vespa velutina,BE,NA,gbif,4.99,51.07,1.0535478591918945,777
3267,Vespa velutina,NA,"Minfeld, Rheinland-Pfalz, DE",inat,8.14,49.08,0.9951708793640137,750
3268,Vespa velutina,NA,Portugal,inat,-9.45,38.86,1.569815731048584,692
3269,Vespa velutina,NA,"2670 Fanhões, Portugal",inat,-9.18,38.9,1.5595458030700684,737
3270,Vespa velutina,BE,NA,gbif,4.52,50.83,1.0064770698547363,782
3271,Vespa velutina,BE,NA,gbif,4.29,50.76,1.0301885604858398,788
3272,Vespa velutina,BE,NA,gbif,4.44,51.18,1.0570364952087403,798
3273,Vespa velutina,BE,NA,gbif,5.51,50.8,0.9857937812805175,820
3274,Vespa velutina,NA,"Celorico de Basto, Portugal",inat,-8.09,41.44,1.282353115081787,1337
3275,Vespa velutina,NA,"Chemin de la Richaudière, Chabanière, Auvergne-Rhône-Alpes, FR",inat,4.6,45.6,1.026913547515869,886
3276,Vespa velutina,NA,法国凡尔赛邮政编码: 78000,inat,2.1,48.82,1.0640562057495118,646
3277,Vespa velutina,NA,"Chatelard, 42400 Saint-Chamond, France",inat,4.51,45.47,0.9177802085876465,980
3278,Vespa velutina,NL,NA,gbif,4.2,51.5,1.0319975852966308,791
3279,Vespa velutina,BE,NA,gbif,5.48,50.96,1.0172677040100098,787
3280,Vespa velutina,BE,NA,gbif,4.06,50.95,1.040187454223633,782
3281,Vespa velutina,BE,NA,gbif,4.71,50.91,1.0381396293640137,765
3282,Vespa velutina,BE,NA,gbif,4.36,50.83,1.0074718475341797,805
3283,Vespa velutina,NA,"Spei, Waregem, West-Vlaanderen, BE",inat,3.44,50.89,1.0440187454223633,791
3284,Vespa velutina,NL,NA,gbif,5.2,52.1,0.9599833488464355,815
3285,Vespa velutina,BE,NA,gbif,5.23,50.16,0.8845166206359864,929
3286,Vespa velutina,BE,NA,gbif,4.47,51.07,1.039146900177002,785
3287,Vespa velutina,BE,NA,gbif,3.72,51,1.0391103744506835,795
3288,Vespa velutina,NA,"Vert-Bois, 34090 Montpellier, France",inat,3.86,43.64,1.4818106651306153,645
3289,Vespa velutina,NA,"Hautes-Pyrénées, Midi-Pyrénées, FR",inat,0.12,43.11,1.1360625267028808,1083
3290,Vespa velutina,BE,NA,gbif,4.45,51.13,1.039146900177002,785
3291,Vespa velutina,BE,NA,gbif,4.48,51.23,1.0570364952087403,798
3292,Vespa velutina,BE,NA,gbif,3.39,50.94,1.0440187454223633,791
3293,Vespa velutina,NA,"67269 Grünstadt, Deutschland",inat,8.16,49.56,0.955774974822998,611
3294,Vespa velutina,NL,NA,gbif,6.15,51.4,1.005424976348877,735
3295,Vespa velutina,NA,"Borgelerdijk, Deventer, Overijssel, NL",inat,6.16,52.28,0.9708478927612305,835
3296,Vespa velutina,BE,NA,gbif,2.9,51.22,1.010472011566162,727
3297,Vespa velutina,NA,"Slachthuisstraat, Tienen, Vlaams-Brabant, BE",inat,4.95,50.81,1.0242583274841308,751
3298,Vespa velutina,NL,NA,gbif,4.65,51.75,0.9967260360717773,816
3299,Vespa velutina,BE,NA,gbif,4.42,51.22,1.0570364952087403,798
3300,Vespa velutina,BE,NA,gbif,4.61,51.03,1.0294468879699707,777
3301,Vespa velutina,NA,"40230 Saubrigues, France",inat,-1.34,43.59,1.4052215576171876,1249
3302,Vespa velutina,BE,NA,gbif,5.51,50.59,0.974148941040039,883
3303,Vespa velutina,NA,"Münchenstein, Switzerland",inat,7.62,47.51,1.0200145721435547,805
3304,Vespa velutina,BE,NA,gbif,3.85,50.48,1.006679153442383,777
3305,Vespa velutina,NA,"Calvados, Basse-Normandie, France",inat,-0.14,49.27,1.1227280616760253,720
3306,Vespa velutina,NA,Spain,inat,3.01,42,1.4671771049499511,581
3307,Vespa velutina,NA,"66679 Losheim am See, Germany",inat,6.73,49.51,0.8014615058898926,1016
3308,Vespa velutina,NA,"Loiola, Donostia / San Sebastián, Gipuzkoa, Spain",inat,-1.97,43.31,1.3265643119812012,1330
3309,Vespa velutina,NA,"60200 Compiègne, France",inat,2.84,49.42,1.0223468780517577,633
3310,Vespa velutina,NL,NA,gbif,4.35,51.7,0.9891593933105469,812
3311,Vespa velutina,FR,NA,gbif,3.76,47.6,1.0341937065124511,753
3312,Vespa velutina,NA,"Route de Montesson, Le Vésinet, Île-de-France, FR",inat,2.12,48.9,1.1072250366210938,626
3313,Vespa velutina,BE,NA,gbif,3.21,51.21,1.0298015594482421,783
3314,Vespa velutina,BE,NA,gbif,4.82,50.94,1.0381396293640137,765
3315,Vespa velutina,NL,NA,gbif,4.35,51.95,0.997988510131836,863
3316,Vespa velutina,NA,"08458 Sant Pere de Vilamajor, Barcelona, España",inat,2.42,41.68,1.211701011657715,840
3317,Vespa velutina,BE,NA,gbif,3.56,50.96,1.0466250419616698,795
3318,Vespa velutina,BE,NA,gbif,4.15,51.16,1.0435916900634765,789
3319,Vespa velutina,NA,"Museum, Belgien",inat,4.38,50.84,1.0497979164123534,783
3320,Vespa velutina,NA,"Rue Fontessort, Romans-sur-Isère, Auvergne-Rhône-Alpes, FR",inat,5.05,45.04,1.1987364768981934,909
3321,Vespa velutina,NL,NA,gbif,4.2,51.4,1.0319975852966308,791
3322,Vespa velutina,BE,NA,gbif,5.5,50.97,0.9943770408630371,774
3323,Vespa velutina,NA,"Freiburg im Breisgau, DE-BW, DE",inat,7.86,47.99,0.7210000038146973,1480
3324,Vespa velutina,BE,NA,gbif,3.29,50.65,1.01944580078125,731
3325,Vespa velutina,NL,NA,gbif,3.9,51.5,1.0314996719360352,800
3326,Vespa velutina,BE,NA,gbif,3.14,50.79,1.0312749862670898,735
3327,Vespa velutina,NA,"Lozère, Languedoc-Roussillon, FR",inat,3.59,44.32,0.8783833503723144,1028
3328,Vespa velutina,NA,"Bassella, Lleida, Espanya",inat,1.3,42.02,1.1236353874206544,719
3329,Vespa velutina,NA,"Oakfield, Jersey JE2, Jersey",inat,-2.09,49.19,1.1476936340332031,847
3330,Vespa velutina,NA,"Mata Nacional do Choupal, En 1 414, 3000 Coimbra, Portugal",inat,-8.44,40.22,1.5525750160217284,987
3331,Vespa velutina,NA,"31700 Cornebarrieu, France",inat,1.31,43.66,1.2634156227111817,739
3332,Vespa velutina,NA,"26001 Logroño, La Rioja, España",inat,-2.44,42.47,1.2656895637512207,440
3333,Vespa velutina,NL,NA,gbif,5.95,50.9,0.9916646003723144,781
3334,Vespa velutina,NA,"Leku, Urduliz, Bizkaia, ES",inat,-2.96,43.38,1.3855283737182618,1218
3335,Vespa velutina,NA,"4580 Gondalães, Portugal",inat,-8.33,41.23,1.3848312377929688,1346
3336,Vespa velutina,BE,NA,gbif,3.7,51.04,1.0652593612670898,792
3337,Vespa velutina,BE,NA,gbif,3.6,51.15,1.041869831085205,812
3338,Vespa velutina,NL,NA,gbif,5.05,52.1,0.9803396224975586,797
3339,Vespa velutina,NA,"Antwerpen Sint-Andries, 2000 Antwerpen, België",inat,4.4,51.22,1.0570364952087403,798
3340,Vespa velutina,NL,NA,gbif,5.95,50.8,0.9454999923706054,888
3341,Vespa velutina,BE,NA,gbif,5.59,50.62,0.974148941040039,883
3342,Vespa velutina,BE,NA,gbif,4.35,51.12,1.039146900177002,785
3343,Vespa velutina,BE,NA,gbif,3.29,50.84,1.0385656356811523,780
3344,Vespa velutina,BE,NA,gbif,4.39,50.87,1.0497979164123534,783
3345,Vespa velutina,BE,NA,gbif,4.95,51.33,1.02982816696167,791
3346,Vespa velutina,NA,"06130 Grasse, France",inat,6.92,43.66,1.4293789863586426,851
3347,Vespa velutina,NA,"67 Falkenstein, Deutschland",inat,7.88,49.61,0.9025750160217285,632
3348,Vespa velutina,NA,"76170 Lillebonne, France",inat,0.54,49.52,1.0479531288146973,779
3349,Vespa velutina,NL,NA,gbif,6.1,51.35,1.005424976348877,735
3350,Vespa velutina,BE,NA,gbif,5.16,51.28,1.0263051986694336,792
3351,Vespa velutina,NL,NA,gbif,4.45,51.9,0.997988510131836,863
3352,Vespa velutina,NA,"34200 Sète, France",inat,3.68,43.4,1.5024091720581054,611
3353,Vespa velutina,NA,"Institut Pasteur, 69007 Lyon, France",inat,4.83,45.73,1.1392176628112793,829
3354,Vespa velutina,NA,"76307 Karlsbad, Deutschland",inat,8.47,48.89,0.9595218658447265,1036
3355,Vespa velutina,BE,NA,gbif,3.98,50.71,1.0213645935058593,779
3356,Vespa velutina,BE,NA,gbif,3.89,50.9,1.0294885635375977,792
3357,Vespa velutina,NA,"Via Pantano (Incr. Via Forniccioni), 51030 Serravalle Pistoiese PT, Italia",inat,10.9,43.89,1.3806374549865723,1061
3358,Vespa velutina,NA,"Diepenbeek, 3590 Diepenbeek, België",inat,5.38,50.93,1.0172677040100098,787
3359,Vespa velutina,BE,NA,gbif,3.96,50.75,1.0213645935058593,779
3360,Vespa velutina,BE,NA,gbif,4.14,51.02,1.0435916900634765,789
3361,Vespa velutina,NA,"Blaasveld, 2830 Willebroek, Belgie",inat,4.39,51.06,1.039146900177002,785
3362,Vespa velutina,BE,NA,gbif,3.33,50.74,1.0392760276794433,754
3363,Vespa velutina,NA,"Chemin du Roy, Giverny, Normandie, FR",inat,1.53,49.07,1.0553458213806153,635
3364,Vespa velutina,NL,NA,gbif,5.75,50.9,1.0079051971435546,754
3365,Vespa velutina,NL,NA,gbif,4.65,51.75,0.9967260360717773,816
3366,Vespa velutina,BE,NA,gbif,4.28,50.97,1.029301071166992,790
3367,Vespa velutina,NL,NA,gbif,5.2,52.1,0.9599833488464355,815
3368,Vespa velutina,NA,"55100 Lucca LU, Italia",inat,10.47,43.85,1.2429478645324707,1272
3369,Vespa velutina,BE,NA,gbif,4.35,50.93,1.0497979164123534,783
3370,Vespa velutina,NA,"Avignon, Provence-Alpes-Côte d'Azur, FR",inat,4.88,43.92,1.4526844024658203,747
3371,Vespa velutina,NL,NA,gbif,5.75,51.35,0.9874812126159668,737
3372,Vespa velutina,NA,"Karlsruhe Emil-Gött-Straße, 76131 Karlsruhe, Deutschland",inat,8.42,49.01,1.0572250366210938,765
3373,Vespa velutina,NA,"Drongen Drongenplein, 9031 Gent, België",inat,3.67,51.05,1.0652593612670898,792
3374,Vespa velutina,NA,"Rua da Geira, Paredes Secas, Norte, PT",inat,-8.33,41.66,1.3658208847045898,1390
3375,Vespa velutina,NA,Geel,inat,4.97,51.15,1.0535478591918945,777
3376,Vespa velutina,NL,NA,gbif,5.4,51.6,0.9877718925476074,767
3377,Vespa velutina,BE,NA,gbif,3.1,51,1.016388511657715,761
3378,Vespa velutina,NA,"79 Freiburg im Breisgau-Sankt Georgen, Deutschland",inat,7.8,47.97,0.9775771141052246,969
3379,Vespa velutina,BE,NA,gbif,4.49,51.03,1.039146900177002,785
3380,Vespa velutina,NA,"66740 Laroque-des-Albères, France",inat,2.93,42.52,1.485138511657715,559
3381,Vespa velutina,NA,"Echternach, LU-GR, LU",inat,6.41,49.81,0.9227978706359863,800
3382,Vespa velutina,BE,NA,gbif,3.87,50.76,1.0213645935058593,779
3383,Vespa velutina,BE,NA,gbif,5.51,51.19,0.9874073028564453,732
3384,Vespa velutina,NA,"Nederbrakel, Brakel, België",inat,3.74,50.8,1.012112522125244,792
3385,Vespa velutina,NL,NA,gbif,4.25,51.5,1.0319975852966308,791
3386,Vespa velutina,NL,NA,gbif,5.75,50.8,0.9797103881835938,819
3387,Vespa velutina,BE,NA,gbif,4.82,50.98,1.0381396293640137,765
3388,Vespa velutina,BE,NA,gbif,4.95,51.31,1.02982816696167,791
3389,Vespa velutina,BE,NA,gbif,3.31,51.34,1.0339527130126953,766
3390,Vespa velutina,PT,NA,gbif,-8.84,40.33,1.4959518432617187,833
3391,Vespa velutina,NA,"4465 Leça do Balio, Portugal",inat,-8.62,41.22,1.4322385787963867,1340
3392,Vespa velutina,NA,"41372 Niederkrüchten-Oberkrüchten, Deutschland",inat,6.2,51.2,1.001157283782959,734
3393,Vespa velutina,NA,"Rua das Papoilas, Charneca da Caparica, Lisboa, PT",inat,-9.18,38.57,1.6470182418823243,681
3394,Vespa velutina,NA,"4430 Avintes, Portugal",inat,-8.56,41.1,1.4505515098571777,1231
3395,Vespa velutina,NA,"4356 EB Oostkapelle, Nederland",inat,3.56,51.57,1.0425701141357422,767
3396,Vespa velutina,BE,NA,gbif,4.48,51.14,1.039146900177002,785
3397,Vespa velutina,BE,NA,gbif,3.93,51.18,1.0390030860900878,773
3398,Vespa velutina,NA,"Pas-de-Calais, Nord-Pas-de-Calais, FR",inat,2.84,50.33,0.9974603652954102,691
3399,Vespa velutina,BE,NA,gbif,4.93,50.99,1.0436156272888184,766
3400,Vespa velutina,NA,"Eppegem Dorp, 1980 Zemst, Belgium",inat,4.46,50.96,1.0497979164123534,783
3401,Vespa velutina,BE,NA,gbif,4.04,50.93,1.040187454223633,782
3402,Vespa velutina,BE,NA,gbif,3.77,51.1,1.0652593612670898,792
3403,Vespa velutina,NA,"Créteil, France",inat,2.45,48.78,1.1437250137329102,632
3404,Vespa velutina,NA,"Cambre, 15659 Cambre, A Coruña, España",inat,-8.32,43.26,1.3617420196533203,1240
3405,Vespa velutina,BE,NA,gbif,3.29,50.81,1.0392760276794433,754
3406,Vespa velutina,NA,"Comunidad Foral de Navarra, ES-NA-NV, ES",inat,-1.45,43.18,1.2436812400817872,1220
3407,Vespa velutina,NL,NA,gbif,5.7,50.85,1.0079051971435546,754
3408,Vespa velutina,NA,"76 Karlsruhe-Beiertheim - Bulach, Deutschland",inat,8.38,48.98,0.9595218658447265,1036
3409,Vespa velutina,BE,NA,gbif,4.44,50.85,1.0497979164123534,783
3410,Vespa velutina,NL,NA,gbif,3.4,51.35,1.031646156311035,772
3411,Vespa velutina,BE,NA,gbif,3.88,51.03,1.0463322639465331,779
3412,Vespa velutina,BE,NA,gbif,4.16,51.18,1.0351354598999023,797
3413,Vespa velutina,SE,NA,gbif,17.27,63.16,0.24351353645324708,619
3414,Vespa velutina,NA,"14220 Grimbosq, France",inat,-0.43,49.05,1.0941916465759278,766
3415,Vespa velutina,BE,NA,gbif,4.54,50.86,1.0223458290100098,773
3416,Vespa velutina,BE,NA,gbif,5.25,51.13,1.0283103942871095,817
3417,Vespa velutina,NA,"Korschenbr. Raderbroich Dresen, 41352 Korschenbroich, Deutschland",inat,6.52,51.21,1.0501531600952148,751
3418,Vespa velutina,NA,"Lisbon, Portugal",inat,-9.15,38.77,1.6865142822265624,703
3419,Vespa velutina,NL,NA,gbif,5.7,50.85,1.0079051971435546,754
3420,Vespa velutina,BE,NA,gbif,3.76,51.04,1.0652593612670898,792
3421,Vespa velutina,NA,"Rumst, 2840 Rumst, Belgium",inat,4.45,51.09,1.039146900177002,785
3422,Vespa velutina,NA,"Templemars, France",inat,3.06,50.57,1.039511489868164,716
3423,Vespa velutina,NL,NA,gbif,4.2,51.9,0.9849073410034179,832
3424,Vespa velutina,BE,NA,gbif,3.24,51.15,1.017953109741211,799
3425,Vespa velutina,NA,"Vlaanderen, BE",inat,4.77,50.9,1.0381396293640137,765
3426,Vespa velutina,BE,NA,gbif,3.36,50.85,1.0440187454223633,791
3427,Vespa velutina,BE,NA,gbif,5.48,50.88,1.0172677040100098,787
3428,Vespa velutina,NL,NA,gbif,5.85,51.15,1.0099031448364257,731
3429,Vespa velutina,BE,NA,gbif,5.06,50.93,1.056206226348877,773
3430,Vespa velutina,BE,NA,gbif,5.08,50.83,1.0245490074157715,768
3431,Vespa velutina,BE,NA,gbif,4.25,50.85,1.029301071166992,790
3432,Vespa velutina,BE,NA,gbif,5.01,51.16,1.056958293914795,792
3433,Vespa velutina,BE,NA,gbif,4.42,51.25,1.0570364952087403,798
3434,Vespa velutina,NA,"6290 Gouveia, Portugal",inat,-7.59,40.49,1.0276437759399415,1509
3435,Vespa velutina,NA,"Kerhenguer, Milizac-Guipronvel, Bretagne, FR",inat,-4.56,48.46,1.1350642204284669,1106
3436,Vespa velutina,NA,"Mairie, 38530 Chapareillan, France",inat,5.99,45.46,0.8234000205993652,1197
3437,Vespa velutina,NA,"6121 HN Born, Nederland",inat,5.81,51.03,1.0033124923706054,720
3438,Vespa velutina,BE,NA,gbif,3.42,50.9,1.0440187454223633,791
3439,Vespa velutina,BE,NA,gbif,4.25,50.72,1.0301885604858398,788
3440,Vespa velutina,BE,NA,gbif,3.9,50.99,1.0294885635375977,792
3441,Vespa velutina,NA,"Praia do Senhor da Pedra, Arcozelo, Norte, PT",inat,-8.66,41.07,1.4505515098571777,1231
3442,Vespa velutina,FR,NA,gbif,-1.55,46.57,1.228346824645996,760
3443,Vespa velutina,NA,"Calle Luis Fernández-Vega Sanz, Oviedo, Asturias, ES",inat,-5.85,43.36,1.2818219184875488,984
3444,Vespa velutina,NA,"Girona, Espanya",inat,2.12,42.29,0.8854437828063965,933
3445,Vespa velutina,NA,"17534 Ribes de Freser, Girona, Spain",inat,2.17,42.3,0.9148791313171387,930
3446,Vespa velutina,NA,"Frankfurt-Süd, Deutschland",inat,8.65,50.09,1.0215635299682617,620
3447,Vespa velutina,BE,NA,gbif,4.5,51.21,1.0279624938964844,800
3448,Vespa velutina,NA,"30880 Laatzen, Deutschland",inat,9.82,52.27,0.9314374923706055,676
3449,Vespa velutina,BE,NA,gbif,5.11,51.26,1.0263051986694336,792
3450,Vespa velutina,NA,"Rue de Keispelt, Kehlen, Distrikt Luxemburg, LU",inat,6.03,49.67,0.9069146156311035,834
3451,Vespa velutina,NL,NA,gbif,6,50.75,0.9450010299682617,907
3452,Vespa velutina,NA,"Oviedo, 33008 Oviedo, Asturias, España",inat,-5.84,43.36,1.2818219184875488,984
3453,Vespa velutina,NA,"Longueira/Almograve, 7630-174, Portugal",inat,-8.8,37.66,1.6125308990478515,550
3454,Vespa velutina,BE,NA,gbif,4.28,51,1.029301071166992,790
3455,Vespa velutina,BE,NA,gbif,4.92,50.84,1.0436156272888184,766
3456,Vespa velutina,NL,NA,gbif,4.65,51.55,1.0070833206176757,804
3457,Vespa velutina,BE,NA,gbif,4.72,50.96,1.0381396293640137,765
3458,Vespa velutina,BE,NA,gbif,4.44,50.82,1.0074718475341797,805
3459,Vespa velutina,BE,NA,gbif,3.11,51,1.016388511657715,761
3460,Vespa velutina,NA,Escola Secundária José Gomes Ferreira,inat,-9.19,38.75,1.6334726333618164,722
3461,Vespa velutina,BE,NA,gbif,4.63,51.26,1.0279624938964844,800
3462,Vespa velutina,BE,NA,gbif,3.99,50.94,1.0294885635375977,792
3463,Vespa velutina,NA,"6160 Burglinster Junglinster, Luxemburg",inat,6.22,49.71,0.8899781227111816,817
3464,Vespa velutina,BE,NA,gbif,4,50.75,1.0180500030517579,787
3465,Vespa velutina,NA,"1164 Buchillon, Switzerland",inat,6.42,46.47,1.0434999465942383,1078
3466,Vespa velutina,NA,"Coimbra, PT-CO, PT",inat,-8.4,40.19,1.5525750160217284,987
3467,Vespa velutina,BE,NA,gbif,4.26,50.99,1.029301071166992,790
3468,Vespa velutina,BE,NA,gbif,3.21,51.24,1.0298015594482421,783
3469,Vespa velutina,BE,NA,gbif,4.34,51.22,1.0570364952087403,798
3470,Vespa velutina,NL,NA,gbif,4.75,51.55,1.0014093399047852,815
3471,Vespa velutina,BE,NA,gbif,4.44,51.31,1.0570364952087403,798
3472,Vespa velutina,NL,NA,gbif,5.3,52.05,0.9599833488464355,815
3473,Vespa velutina,BE,NA,gbif,4.35,50.87,1.0497979164123534,783
3474,Vespa velutina,BE,NA,gbif,4.86,50.92,1.0436156272888184,766
3475,Vespa velutina,NA,Ditzingen,inat,9.07,48.82,0.8853989601135254,740
3476,Vespa velutina,BE,NA,gbif,4.59,51.01,1.0294468879699707,777
3477,Vespa velutina,NA,"5300 Bragança, Portugal",inat,-6.77,41.8,1.203821849822998,834
3478,Vespa velutina,BE,NA,gbif,4.43,51.3,1.0570364952087403,798
3479,Vespa velutina,BE,NA,gbif,3.17,50.84,1.0385656356811523,780
3480,Vespa velutina,NA,"17033 Garlenda SV, Italia",inat,8.11,44.03,1.35385103225708,805
3481,Vespa velutina,BE,NA,gbif,3.25,50.81,1.0392760276794433,754
3482,Vespa velutina,NA,"S.João Ovar (Largo), 3880 São João, Portugal",inat,-8.61,40.87,1.443885612487793,1143
3483,Vespa velutina,IT,NA,gbif,10.43,43.86,1.2429478645324707,1272
3484,Vespa velutina,BE,NA,gbif,5.26,50.87,1.0412812232971191,790
3485,Vespa velutina,NA,Surgères,inat,-0.74,46.12,1.2564833641052247,794
3486,Vespa velutina,DE,NA,gbif,8.39,49.5,1.051504135131836,669
3487,Vespa velutina,NA,"Blaison-Gohier, 49320 Blaison-Saint-Sulpice, France",inat,-0.38,47.4,1.1772989273071288,714
3488,Vespa velutina,NA,"Barreiros, 27790 Barreiros, Lugo, España",inat,-7.22,43.55,1.3602520942687988,1119
3489,Vespa velutina,DE,NA,gbif,6.78,51.24,1.0587124824523926,788
3490,Vespa velutina,BE,NA,gbif,3.16,50.9,1.016388511657715,761
3491,Vespa velutina,BE,NA,gbif,3.71,51.05,1.0652593612670898,792
3492,Vespa velutina,NA,"Rue Saint-Georges, Larrivoire, Bourgogne-Franche-Comté, FR",inat,5.79,46.35,0.8721781730651855,1223
3493,Vespa velutina,BE,NA,gbif,4.71,50.91,1.0381396293640137,765
3494,Vespa velutina,BE,NA,gbif,4.46,51.13,1.039146900177002,785
3495,Vespa velutina,NA,"Rodingen Petingen, Luxemburg",inat,5.83,49.54,0.8987051963806152,976
3496,Vespa velutina,NL,NA,gbif,4.65,51.85,0.9911375045776367,858
3497,Vespa velutina,BE,NA,gbif,5.09,51.07,1.056958293914795,792
3498,Vespa velutina,NL,NA,gbif,5.5,51.6,0.9889708518981933,754
3499,Vespa velutina,BE,NA,gbif,4.39,50.87,1.0497979164123534,783
3500,Vespa velutina,DE,NA,gbif,8.24,50,1.0134291648864746,587
3501,Vespa velutina,CH,NA,gbif,7.44,46.97,0.844139575958252,1079
3502,Vespa velutina,NA,"Aachen Hauptbahnhof, 52064 Aachen, Deutschland",inat,6.09,50.77,0.9450010299682617,907
3503,Vespa velutina,NA,"Rua de Mq da Costa, Setúbal, Lisboa, PT",inat,-8.9,38.52,1.669992446899414,701
3504,Vespa velutina,NA,"Héron, Belgique",inat,5.1,50.55,0.9758322715759278,801
3505,Vespa velutina,BE,NA,gbif,5.49,50.92,1.0172677040100098,787
3506,Vespa velutina,NL,NA,gbif,5.75,51,1.0079051971435546,754
3507,Vespa velutina,NA,"Éterville, France",inat,-0.44,49.15,1.0941916465759278,766
3508,Vespa velutina,BE,NA,gbif,5.39,51.15,0.9895999908447266,799
3509,Vespa velutina,NL,NA,gbif,5.55,51.35,0.9889156341552734,757
3510,Vespa velutina,BE,NA,gbif,3.93,50.9,1.0294885635375977,792
3511,Vespa velutina,BE,NA,gbif,4.68,51.18,1.0255916595458985,796
3512,Vespa velutina,BE,NA,gbif,3.26,50.91,1.0385656356811523,780
3513,Vespa velutina,NL,NA,gbif,5.2,52.1,0.9599833488464355,815
3514,Vespa velutina,NA,"46446 Emmerich am Rhein-Dornick, Deutschland",inat,6.31,51.82,0.9817062377929687,727
3515,Vespa velutina,NA,"06410 Biot, France",inat,7.1,43.62,1.4755531311035157,854
3516,Vespa velutina,NA,"5812 Hesperingen, Luxemburg",inat,6.15,49.57,0.9220864295959472,866
3517,Vespa velutina,BE,NA,gbif,5.39,51.03,0.9895999908447266,799
3518,Vespa velutina,BE,NA,gbif,5.51,50.87,0.9943770408630371,774
3519,Vespa velutina,BE,NA,gbif,3.71,51.11,1.0652593612670898,792
3520,Vespa velutina,NL,NA,gbif,4.7,51.6,1.0014093399047852,815
3521,Vespa velutina,NL,NA,gbif,4.55,51.5,1.0171833038330078,811
3522,Vespa velutina,NA,"Bächelhurst, Merzhausen, Baden-Württemberg, DE",inat,7.84,47.97,0.7210000038146973,1480
3523,Vespa velutina,NA,"60400 Noyon, France",inat,2.99,49.58,1.0108937263488769,646
3524,Vespa velutina,BE,NA,gbif,3.91,51.02,1.0463322639465331,779
3525,Vespa velutina,NL,NA,gbif,4.6,51.8,0.9967260360717773,816
3526,Vespa velutina,BE,NA,gbif,5.01,51.13,1.056958293914795,792
3527,Vespa velutina,BE,NA,gbif,4.26,51.03,1.0402281761169434,786
3528,Vespa velutina,NA,"6110-218 Vila de Rei, Portugal",inat,-8.14,39.68,1.5201208114624023,911
3529,Vespa velutina,BE,NA,gbif,3.22,50.91,1.0385656356811523,780
3530,Vespa velutina,NL,NA,gbif,4.4,52,0.997988510131836,863
3531,Vespa velutina,NA,"Cimetière, 93160 Noisy-le-Grand, Francia",inat,2.55,48.84,1.0977968215942382,635
3532,Vespa velutina,BE,NA,gbif,4.14,51.19,1.0351354598999023,797
3533,Vespa velutina,BE,NA,gbif,3.93,50.92,1.0294885635375977,792
3534,Vespa velutina,NA,"Baltar (Escola Secundária), 4585-057 Baltar, Portugal",inat,-8.38,41.19,1.3860833168029785,1373
3535,Vespa velutina,NA,"Carrer Sant Jaime, 33, 25550 Bossòst, Lleida, España",inat,0.69,42.78,0.6465343952178955,1227
3536,Vespa velutina,NA,"Setúbal, Portugal",inat,-8.84,38.52,1.669992446899414,701
3537,Vespa velutina,BE,NA,gbif,3.65,50.88,1.0466250419616698,795
3538,Vespa velutina,BE,NA,gbif,5.06,50.98,1.056206226348877,773
3539,Vespa velutina,BE,NA,gbif,5.81,51.15,1.0033124923706054,720
3540,Vespa velutina,NA,"Canton of Toulouse-6, Toulouse, France",inat,1.37,43.58,1.3110468864440918,683
3541,Vespa velutina,BE,NA,gbif,4,50.81,1.0180500030517579,787
3542,Vespa velutina,NA,"Pforzheim Schwarzwaldstraße, 75173 Pforzheim, Deutschland",inat,8.69,48.89,0.9109313011169433,896
3543,Vespa velutina,BE,NA,gbif,4.43,51.31,1.0570364952087403,798
3544,Vespa velutina,NA,"Nordrhein-Westfalen, DE",inat,7.06,50.74,1.0298375129699706,717
3545,Vespa velutina,NL,NA,gbif,4.2,51.5,1.0319975852966308,791
3546,Vespa velutina,BE,NA,gbif,4.33,51.35,1.0319975852966308,791
3547,Vespa velutina,NA,"Jardin des Plantes, 75005 Paris, France",inat,2.36,48.84,1.1448124885559081,641
3548,Vespa velutina,BE,NA,gbif,4.41,50.84,1.0497979164123534,783
3549,Vespa velutina,NL,NA,gbif,4.7,52,0.9664947509765625,818
3550,Vespa velutina,BE,NA,gbif,4.45,51.11,1.039146900177002,785
3551,Vespa velutina,DE,NA,gbif,8.36,49.62,1.063585376739502,617
3552,Vespa velutina,NA,"Gazalbide, 01009 Vitoria-Gasteiz, Álava, España",inat,-2.69,42.86,1.092175006866455,880
3553,Vespa velutina,NL,NA,gbif,5.35,51.3,0.9916239738464355,777
3554,Vespa velutina,BE,NA,gbif,4.83,51.16,1.0428604125976562,774
3555,Vespa velutina,NL,NA,gbif,5.7,51.8,0.9782135009765625,760
3556,Vespa velutina,NL,NA,gbif,5.4,51.6,0.9877718925476074,767
3557,Vespa velutina,BE,NA,gbif,4.45,51.14,1.039146900177002,785
3558,Vespa velutina,NA,"Vilaboa, 36141 Vilaboa, Pontevedra, España",inat,-8.63,42.35,1.3624034881591798,1700
3559,Vespa velutina,ES,NA,gbif,-8.43,42.91,1.2908989906311035,1722
3560,Vespa velutina,NA,"Kraainem, België",inat,4.48,50.86,1.0497979164123534,783
3561,Vespa velutina,NA,"76477 Elchesheim-Illingen, Deutschland",inat,8.19,48.93,1.0350760459899901,871
3562,Vespa velutina,NA,"Teruel, España",inat,-0.51,41.13,1.357759380340576,383
3563,Vespa velutina,NL,NA,gbif,4.75,51.6,1.0014093399047852,815
3564,Vespa velutina,NA,"Dalheim, Luxemburg",inat,6.26,49.55,0.9219437599182129,824
3565,Vespa velutina,BE,NA,gbif,4.52,51.12,1.0294468879699707,777
3566,Vespa velutina,NA,"Villedieu-la-Blouère, 49450 Beaupréau-en-Mauges, France",inat,-1.06,47.14,1.1469531059265137,781
3567,Vespa velutina,NA,"Jardin des Plantes, 75005 Paris, 法国",inat,2.36,48.84,1.1448124885559081,641
3568,Vespa velutina,BE,NA,gbif,5.56,50.77,0.9857937812805175,820
3569,Vespa velutina,NL,NA,gbif,4.35,51.35,1.0215239524841309,802
3570,Vespa velutina,CH,NA,gbif,7.65,47.57,1.0200145721435547,805
3571,Vespa velutina,NL,NA,gbif,4.4,51.65,1.0125802040100098,791
3572,Vespa velutina,NA,"Petingen, Luxemburg",inat,5.82,49.54,0.8987051963806152,976
3573,Vespa velutina,NA,"Am Steffesgaart, Sandweiler, District Luxembourg, LU",inat,6.22,49.61,0.9219437599182129,824
3574,Vespa velutina,BE,NA,gbif,3.74,51.18,1.0463364601135254,769
3575,Vespa velutina,NA,"Heedscheierwee, Dalheim, District Grevenmacher, LU",inat,6.26,49.55,0.9219437599182129,824
3576,Vespa velutina,BE,NA,gbif,4.73,50.87,1.0381396293640137,765
3577,Vespa velutina,NL,NA,gbif,5.4,52.4,0.9534229278564453,781
3578,Vespa velutina,BE,NA,gbif,4.41,50.84,1.0497979164123534,783
3579,Vespa velutina,BE,NA,gbif,2.92,51.22,1.010472011566162,727
3580,Vespa velutina,BE,NA,gbif,4.87,50.47,0.9631041526794434,813
3581,Vespa velutina,NA,"29242 Ouessant, France",inat,-5.07,48.46,1.1914166450500487,1044
3582,Vespa velutina,NA,"Rue de la Vaurie, Aytré, Nouvelle-Aquitaine, FR",inat,-1.1,46.15,1.283797550201416,769
3583,Vespa velutina,NL,NA,gbif,4.95,52.45,0.9731207847595215,848
3584,Vespa velutina,NA,"Place du Général Ingold, Paris, Ile-de-France, FR",inat,2.38,48.87,1.1448124885559081,641
3585,Vespa velutina,NA,"Horta, Horta-Guinardó, Barcelona, España",inat,2.15,41.43,1.5362238883972168,635
3586,Vespa velutina,NL,NA,gbif,3.8,51.4,1.0380054473876954,782
3587,Vespa velutina,NA,"81360 Montredon-Labessonnié, France",inat,2.34,43.73,1.1199937820434571,818
3588,Vespa velutina,NA,"Rodingen Petingen, Luxemburg",inat,5.83,49.54,0.8987051963806152,976
3589,Vespa velutina,BE,NA,gbif,3.72,51.05,1.0652593612670898,792
3590,Vespa velutina,BE,NA,gbif,4.58,51.14,1.0294468879699707,777
3591,Vespa velutina,BE,NA,gbif,5.24,50.83,1.0078781127929688,800
3592,Vespa velutina,BE,NA,gbif,4.2,51.13,1.0402281761169434,786
3593,Vespa velutina,BE,NA,gbif,3.08,51.3,1.0130767822265625,758
3594,Vespa velutina,NA,"Bel-Air, 75012 Paris, France",inat,2.43,48.84,1.1448124885559081,641
3595,Vespa velutina,NL,NA,gbif,5.6,51.65,0.9889708518981933,754
3596,Vespa velutina,NL,NA,gbif,3.85,51.5,1.0314996719360352,800
3597,Vespa velutina,NA,"Bernissart, Hainaut, BE",inat,3.69,50.47,1.0056135177612304,762
3598,Vespa velutina,BE,NA,gbif,3.71,51.06,1.0652593612670898,792
3599,Vespa velutina,NA,"Rue de l'Industrie, Helmsingen, Distrikt Luxemburg, LU",inat,6.14,49.66,0.9220864295959472,866
3600,Vespa velutina,NA,"Georges Brassens, Paris, France",inat,2.3,48.83,1.1138312339782714,643
3601,Vespa velutina,BE,NA,gbif,5.1,51.21,1.0263051986694336,792
3602,Vespa velutina,NL,NA,gbif,4.85,51.4,0.9976905822753906,802
3603,Vespa velutina,BE,NA,gbif,2.64,51.1,1.0126445770263672,686
3604,Vespa velutina,BE,NA,gbif,4.21,50.9,1.029301071166992,790
3605,Vespa velutina,BE,NA,gbif,4.21,50.72,1.0301885604858398,788
3606,Vespa velutina,BE,NA,gbif,4.37,51.08,1.039146900177002,785
3607,Vespa velutina,BE,NA,gbif,3.72,51.04,1.0652593612670898,792
3608,Vespa velutina,BE,NA,gbif,3.09,51.06,1.0103198051452638,773
3609,Vespa velutina,BE,NA,gbif,3.2,51.13,1.017953109741211,799
3610,Vespa velutina,NA,"16210 Bellon, France",inat,0.1,45.32,1.2632073402404784,894
3611,Vespa velutina,NA,"AC-453, Ames, La Coruña, ES",inat,-8.64,42.89,1.3204468727111816,1585
3612,Vespa velutina,DE,NA,gbif,8.38,49.01,1.0572250366210938,765
3613,Vespa velutina,NA,"Kortumstraße, Essen, Nordrhein-Westfalen, DE",inat,7,51.44,0.9963427543640136,967
3614,Vespa velutina,BE,NA,gbif,3.3,50.87,1.0385656356811523,780
3615,Vespa velutina,NA,"Saint-Maurice, Amiens, France",inat,2.3,49.9,1.0257604598999024,680
3616,Vespa velutina,NA,"44410 Herbignac, France",inat,-2.37,47.46,1.2530908584594727,812
3617,Vespa velutina,BE,NA,gbif,4.06,50.79,1.0180500030517579,787
3618,Vespa velutina,NA,"Parc Naturel Régional du Marais Poitevin - Siège Administratif du Parc, Mareuil-sur-Lay-Dissais, Pays de la Loire, FR",inat,-1.22,46.53,1.217881202697754,766
3619,Vespa velutina,NA,"Begraafplaats - Wemmel, Wemmel, Flemish Brabant, BE",inat,4.3,50.91,1.029301071166992,790
3620,Vespa velutina,NL,NA,gbif,3.85,51.3,1.0390030860900878,773
3621,Vespa velutina,NA,"4356 AX Oostkapelle, Nederland",inat,3.55,51.57,1.0425701141357422,767
3622,Vespa velutina,NA,"Chasseneuil-du-Poitou, France",inat,0.37,46.65,1.1428437232971191,694
3623,Vespa velutina,NL,NA,gbif,4.65,52.05,0.96343231201171875,842
3624,Vespa velutina,BE,NA,gbif,4.46,51.15,1.039146900177002,785
3625,Vespa velutina,NL,NA,gbif,6,51.2,1.0026583671569824,734
3626,Vespa velutina,BE,NA,gbif,4.45,51.13,1.039146900177002,785
3627,Vespa velutina,BE,NA,gbif,3.89,50.77,1.0213645935058593,779
3628,Vespa velutina,NA,"3063 Ittigen, Schweiz",inat,7.48,46.97,0.844139575958252,1079
3629,Vespa velutina,NA,"Ceinture Um Schlass, Hesperange, District Luxembourg, LU",inat,6.15,49.57,0.9220864295959472,866
3630,Vespa velutina,NA,"Impasse du Mechin, Saint-Germain-au-Mont-d'Or, Auvergne-Rhône-Alpes, FR",inat,4.81,45.88,1.1412500381469726,822
3631,Vespa velutina,NL,NA,gbif,3.85,51.3,1.0390030860900878,773
3632,Vespa velutina,BE,NA,gbif,3.13,50.93,1.016388511657715,761
3633,Vespa velutina,NL,NA,gbif,5.65,50.8,0.9857937812805175,820
3634,Vespa velutina,BE,NA,gbif,3.34,50.81,1.0314833641052246,767
3635,Vespa velutina,BE,NA,gbif,3.2,51.23,1.0298015594482421,783
3636,Vespa velutina,BE,NA,gbif,4.59,50.98,1.0223458290100098,773
3637,Vespa velutina,NL,NA,gbif,5.95,51.2,1.0021281242370605,732
3638,Vespa velutina,NA,"Sc.El.Levanto, 19015 Levanto SP, Italia",inat,9.61,44.17,1.1865628242492676,1398
3639,Vespa velutina,BE,NA,gbif,4.25,51.12,1.0402281761169434,786
3640,Vespa velutina,NA,"Rue Iecker, Bartringen, Distrikt Luxemburg, LU",inat,6.05,49.61,0.9220864295959472,866
3641,Vespa velutina,NA,"Rue des Terres St-Denis, Haravilliers, Île-de-France, FR",inat,2.02,49.17,1.0189791679382325,676
3642,Vespa velutina,DE,NA,gbif,7.67,47.72,0.7811521053314209,1405
3643,Vespa velutina,NA,"Séné, France",inat,-2.77,47.62,1.247945785522461,850
3644,Vespa velutina,NA,"Universidade - Crasto, 3810-193, Portugal",inat,-8.66,40.62,1.4932135581970214,978
3645,Vespa velutina,NA,"06740 Châteauneuf-Grasse, France",inat,6.98,43.66,1.4293789863586426,851
3646,Vespa velutina,BE,NA,gbif,4.44,51.3,1.0570364952087403,798
3647,Vespa velutina,NA,"Casa Miguel, Curriño, 15318 Abegondo, La Coruña, España",inat,-8.27,43.25,1.3617420196533203,1240
3648,Vespa velutina,BE,NA,gbif,3.71,51.03,1.0652593612670898,792
3649,Vespa velutina,NA,"01013 Vitoria-Gasteiz, Álava, España",inat,-2.64,42.86,1.1061979293823243,888
3650,Vespa velutina,NA,"Parc Naturel Régional du Marais Poitevin - Siège Administratif du Parc, Sansais, Nouvelle-Aquitaine, FR",inat,-0.58,46.27,1.2371593475341798,804
3651,Vespa velutina,NL,NA,gbif,6,51.35,1.005424976348877,735
3652,Vespa velutina,BE,NA,gbif,4.29,50.84,1.029301071166992,790
3653,Vespa velutina,BE,NA,gbif,4.69,50.99,1.0381396293640137,765
3654,Vespa velutina,NL,NA,gbif,5.75,51,1.0079051971435546,754
3655,Vespa velutina,NA,"Manderveenstraat, Tilburg, North Brabant, NL",inat,4.99,51.59,0.9868624687194825,799
3656,Vespa velutina,NA,"D-Himmelgeist, Friedhof, 40589 Düsseldorf, Deutschland",inat,6.8,51.17,1.0587124824523926,788
3657,Vespa velutina,NA,"Barcelona, Espanya",inat,2.1,41.51,1.4473604202270507,676
3658,Vespa velutina,BE,NA,gbif,4.23,51.13,1.0402281761169434,786
3659,Vespa velutina,FR,NA,gbif,-0.16,43.08,1.1778489112854005,1049
3660,Vespa velutina,NA,"Canton de Colmar-1, France",inat,7.33,48.06,0.9235551834106446,841
3661,Vespa velutina,NA,"An der Burg, Geilenkirchen, North Rhine-Westphalia, DE",inat,6.06,50.98,0.990902042388916,782
3662,Vespa velutina,BE,NA,gbif,4.18,50.87,1.029301071166992,790
3663,Vespa velutina,BE,NA,gbif,4.06,51.24,1.0351354598999023,797
3664,Vespa velutina,BE,NA,gbif,4.32,51.35,1.0319975852966308,791
3665,Vespa velutina,NA,"Grand-Rue, Montreux, VD, CH",inat,6.91,46.44,0.839759349822998,1314
3666,Vespa velutina,NA,"Castellbisbal, Barcelona, España",inat,1.95,41.49,1.4701176643371583,644
3667,Vespa velutina,NA,"5954 Itzig Hesperingen, Luxemburg",inat,6.17,49.59,0.9219437599182129,824
3668,Vespa velutina,BE,NA,gbif,3.8,50.5,1.0056135177612304,762
3669,Vespa velutina,BE,NA,gbif,4.38,50.87,1.0497979164123534,783
3670,Vespa velutina,BE,NA,gbif,4.38,50.81,1.0074718475341797,805
3671,Vespa velutina,NA,"64673 Zwingenberg, Deutschland",inat,8.61,49.72,1.022700023651123,684
3672,Vespa velutina,BE,NA,gbif,3.26,50.93,1.0385656356811523,780
3673,Vespa velutina,BE,NA,gbif,4.5,51,1.0223458290100098,773
3674,Vespa velutina,BE,NA,gbif,4.66,50.86,1.0223458290100098,773
3675,Vespa velutina,NL,NA,gbif,4.3,52.05,0.9714204788208007,837
3676,Vespa velutina,NA,"Alsdorf, Kellersberg Husemannstraße, 52477 Alsdorf, Deutschland",inat,6.16,50.87,0.990902042388916,782
3677,Vespa velutina,NA,"Ourense, España",inat,-7.64,42.16,1.1552844047546387,1604
3678,Vespa velutina,BE,NA,gbif,4.01,50.83,1.0180500030517579,787
3679,Vespa velutina,BE,NA,gbif,4.25,50.85,1.029301071166992,790
3680,Vespa velutina,NA,"Karl-Bosch-Straße, Köln, Nordrhein-Westfalen, DE",inat,6.88,50.97,1.0670458793640136,745
3681,Vespa velutina,BE,NA,gbif,5.73,51,1.0079051971435546,754
3682,Vespa velutina,NA,"Rue de la Charité, Montpellier, Occitanie, FR",inat,3.88,43.62,1.4818106651306153,645
3683,Vespa velutina,NA,"Coimbra, PT",inat,-8.56,40.35,1.510797882080078,951
3684,Vespa velutina,BE,NA,gbif,3.54,50.99,1.0466250419616698,795
3685,Vespa velutina,BE,NA,gbif,4.28,50.79,1.0301885604858398,788
3686,Vespa velutina,NL,NA,gbif,5.65,50.8,0.9857937812805175,820
3687,Vespa velutina,NA,"Calle Mayor, Arija, Burgos, ES",inat,-3.96,42.99,1.0255197525024413,787
3688,Vespa velutina,NA,"Pont de Neuilly, Neuilly-sur-Seine, Île-de-France, FR",inat,2.25,48.89,1.160487461090088,632
3689,Vespa velutina,NL,NA,gbif,4.75,51.55,1.0014093399047852,815
3690,Vespa velutina,NA,"80200 Péronne, France",inat,2.93,49.93,1.001896858215332,665
3691,Vespa velutina,NA,"Rangueil, Toulouse, France",inat,1.47,43.56,1.3110468864440918,683
3692,Vespa velutina,NA,"Boulevard St-Denis, Courbevoie, Île-de-France, FR",inat,2.27,48.9,1.160487461090088,632
3693,Vespa velutina,NL,NA,gbif,4.7,51.8,0.9918021202087403,806
3694,Vespa velutina,NA,"Soutomaior, 36690 Pontevedra, Spain",inat,-8.61,42.35,1.3624034881591798,1700
3695,Vespa velutina,BE,NA,gbif,3.55,50.78,1.0210312843322753,786
3696,Vespa velutina,BE,NA,gbif,3.15,51.15,1.0103198051452638,773
3697,Vespa velutina,BE,NA,gbif,5.13,50.78,1.0245490074157715,768
3698,Vespa velutina,NA,"1325 HR Almere, Nederland",inat,5.23,52.37,0.9625198364257812,797
3699,Vespa velutina,NA,"33950 Lège-Cap-Ferret, Frankreich",inat,-1.24,44.71,1.30139102935791,945
3700,Vespa velutina,NL,NA,gbif,4.65,51.5,1.0171833038330078,811
3701,Vespa velutina,BE,NA,gbif,4.41,51.22,1.0570364952087403,798
3702,Vespa velutina,BE,NA,gbif,4.46,51.16,1.039146900177002,785
3703,Vespa velutina,BE,NA,gbif,4.27,51.13,1.0402281761169434,786
3704,Vespa velutina,BE,NA,gbif,4.63,51.26,1.0279624938964844,800
3705,Vespa velutina,NA,"Traverse du Château, Saint-Gilles, Occitanie, FR",inat,4.43,43.68,1.48746976852417,744
3706,Vespa velutina,NA,"LAIZE-CLINCHAMPS - CLINCHAMPS-SUR-ORNE_Le Village, 14320 Laize-Clinchamps, France",inat,-0.4,49.08,1.0941916465759278,766
3707,Vespa velutina,NA,"Saint-Sulpice, 53360 La Roche-Neuville, France",inat,-0.72,47.91,1.1493781089782715,740
3708,Vespa velutina,BE,NA,gbif,3.33,51,1.0385656356811523,780
3709,Vespa velutina,BE,NA,gbif,3.77,50.95,1.0391103744506835,795
3710,Vespa velutina,BE,NA,gbif,3.29,51.13,1.017953109741211,799
3711,Vespa velutina,NA,"Vila Nova de Gaia, Portugal",inat,-8.59,41.12,1.4505515098571777,1231
3712,Vespa velutina,NL,NA,gbif,5.25,51.65,0.9838749885559082,773
3713,Vespa velutina,NL,NA,gbif,5.35,51.4,0.9980051994323731,773
3714,Vespa velutina,NA,"Rua Cap Luís Gonzaga, Coimbra, Centro, PT",inat,-8.41,40.22,1.5525750160217284,987
3715,Vespa velutina,NA,"Gent, 9000 Gent, België",inat,3.73,51.06,1.0652593612670898,792
3716,Vespa velutina,NA,"Harmignies, 7022 Mons, Belgique",inat,4.02,50.39,1.0019427299499513,791
3717,Vespa velutina,FR,NA,gbif,3.89,43.63,1.4818106651306153,645
3718,Vespa velutina,NA,"21110 Magny-sur-Tille, France",inat,5.17,47.3,1.0713010787963868,819
3719,Vespa velutina,BE,NA,gbif,3.6,51.15,1.041869831085205,812
3720,Vespa velutina,NA,"Passeig del Pi Forcat, Barcelona, Barcelona, ES",inat,2.09,41.42,1.5362238883972168,635
3721,Vespa velutina,BE,NA,gbif,3.01,50.84,1.016388511657715,761
3722,Vespa velutina,NA,"Rue de la Piscine, Redange, District Diekirch, LU",inat,5.9,49.77,0.8880406379699707,893
3723,Vespa velutina,NA,"Innenstadt I, Frankfurt am Main, Deutschland",inat,8.67,50.11,1.014552116394043,674
3724,Vespa velutina,NL,NA,gbif,3.9,51.5,1.0314996719360352,800
3725,Vespa velutina,BE,NA,gbif,4.47,50.93,1.0497979164123534,783
3726,Vespa velutina,BE,NA,gbif,4.25,50.91,1.029301071166992,790
3727,Vespa velutina,NA,Grund Luxemburg,inat,6.15,49.61,0.9220864295959472,866
3728,Vespa velutina,NA,"27190 La Bonneville-sur-Iton, France",inat,1.03,49,1.0204729080200194,651
3729,Vespa velutina,NL,NA,gbif,4.4,51.5,1.0215239524841309,802
3730,Vespa velutina,BE,NA,gbif,3.28,51.05,1.017953109741211,799
3731,Vespa velutina,NL,NA,gbif,4.9,51.55,0.9868624687194825,799
3732,Vespa velutina,NA,"Groesbeek, Nederland",inat,5.92,51.79,0.9752073287963867,758
3733,Vespa velutina,NA,"Oliveira de Frades, Portugal",inat,-8.29,40.75,1.332868766784668,1409
3734,Vespa velutina,BE,NA,gbif,3.87,50.87,1.0294885635375977,792
3735,Vespa velutina,NA,"43500 Tortosa, Tarragona, Espanya",inat,0.49,40.84,1.4765447616577148,526
3736,Vespa velutina,NA,"Île-de-France, FR",inat,2.29,48.77,1.1138312339782714,643
3737,Vespa velutina,BE,NA,gbif,4.72,51.08,1.0428604125976562,774
3738,Vespa velutina,BE,NA,gbif,4.88,51.19,1.02982816696167,791
3739,Vespa velutina,NA,"Olesa de Montserrat, Barcelona, Spain",inat,1.89,41.55,1.4234187126159668,646
3740,Vespa velutina,NL,NA,gbif,5.3,51.65,0.9838749885559082,773
3741,Vespa velutina,BE,NA,gbif,4.42,51.2,1.0570364952087403,798
3742,Vespa velutina,NA,"X88W+3X Barrinha de Esmoriz, 4500 Espinho, Portugal",inat,-8.64,40.97,1.443885612487793,1143
3743,Vespa velutina,NA,"Rue Adrien Proby, Montpellier, Occitanie, FR",inat,3.86,43.63,1.4818106651306153,645
3744,Vespa velutina,NL,NA,gbif,5.75,51.35,0.9874812126159668,737
3745,Vespa velutina,NA,"Hérault, Languedoc-Roussillon, FR",inat,3.87,43.63,1.4818106651306153,645
3746,Vespa velutina,BE,NA,gbif,4.38,50.93,1.0497979164123534,783
3747,Vespa velutina,BE,NA,gbif,4.4,51.16,1.039146900177002,785
3748,Vespa velutina,NA,"10400 Nogent-sur-Seine, France",inat,3.5,48.49,1.0486844062805176,632
3749,Vespa velutina,BE,NA,gbif,3.59,50.95,1.0466250419616698,795
3750,Vespa velutina,BE,NA,gbif,5.17,51.05,1.0283103942871095,817
3751,Vespa velutina,BE,NA,gbif,4.38,50.85,1.0497979164123534,783
3752,Vespa velutina,BE,NA,gbif,4.55,51.14,1.0294468879699707,777
3753,Vespa velutina,BE,NA,gbif,5.68,50.91,1.0079051971435546,754
3754,Vespa velutina,NA,"Boucoiran-et-Nozières, Occitanie, FR",inat,4.16,44.02,1.3489614486694337,747
3755,Vespa velutina,NL,NA,gbif,3.95,51.2,1.0390030860900878,773
3756,Vespa velutina,NA,"76 Karlsruhe-Durlach, Deutschland",inat,8.47,48.97,0.9595218658447265,1036
3757,Vespa velutina,NL,NA,gbif,4.7,51.55,1.0014093399047852,815
3758,Vespa velutina,NL,NA,gbif,5.85,50.8,0.9454999923706054,888
3759,Vespa velutina,NL,NA,gbif,6.1,51.35,1.005424976348877,735
3760,Vespa velutina,BE,NA,gbif,4.49,51,1.0497979164123534,783
3761,Vespa velutina,BE,NA,gbif,5.6,51.15,0.9810802459716796,756
3762,Vespa velutina,NL,NA,gbif,5.75,50.95,1.0079051971435546,754
3763,Vespa velutina,NA,"Altstadt, 79 Freiburg im Breisgau, Deutschland",inat,7.85,47.99,0.7210000038146973,1480
3764,Vespa velutina,BE,NA,gbif,4.93,51.08,1.0535478591918945,777
3765,Vespa velutina,NA,"Rue Pierre Semard, Lyon, Auvergne-Rhône-Alpes, FR",inat,4.84,45.74,1.1894624710083008,844
3766,Vespa velutina,BE,NA,gbif,4.35,51.18,1.0570364952087403,798
3767,Vespa velutina,NL,NA,gbif,5.2,51.35,0.9905437469482422,772
3768,Vespa velutina,BE,NA,gbif,4.1,51.04,1.0435916900634765,789
3769,Vespa velutina,NA,"Woluwe-Saint-Lambert, 1200 Woluwe-Saint-Lambert, Belgium",inat,4.44,50.84,1.0497979164123534,783
3770,Vespa velutina,NA,"Parc Natural Regional del Pirineu Català, Oceja, Occitanie, FR",inat,1.97,42.41,0.7677770614624023,994
3771,Vespa velutina,BE,NA,gbif,4.53,50.82,1.0064770698547363,782
3772,Vespa velutina,BE,NA,gbif,4.83,50.98,1.0381396293640137,765
3773,Vespa velutina,NA,"Sebe, 21 Campo de fútbol Cacheiras 15886 TEO - Teo La Coruña ES, 15886 Cacheiras, La Coruña, España",inat,-8.55,42.82,1.3608187675476073,1580
3774,Vespa velutina,BE,NA,gbif,4.49,50.98,1.0497979164123534,783
3775,Vespa velutina,NA,"Esch/Alzette, Place Benelux, 4149 Esch an der Alzette, Luxemburg",inat,5.97,49.5,0.8908905982971191,934
3776,Vespa velutina,NA,"Finistère, Bretagne, FR",inat,-4.54,48.38,1.1350642204284669,1106
3777,Vespa velutina,BE,NA,gbif,5.1,50.9,1.056206226348877,773
3778,Vespa velutina,NA,"Coimbra (Sé Nova, Santa Cruz, Almedina e São Bartolomeu), 3000 Coimbra, Portugal",inat,-8.43,40.2,1.5525750160217284,987
3779,Vespa velutina,NL,NA,gbif,5.45,51.55,0.9877718925476074,767
3780,Vespa velutina,NA,"Bürmeringen Schengen, Luxemburg",inat,6.32,49.48,0.9871552467346192,796
3781,Vespa velutina,NL,NA,gbif,5.65,51.25,0.9874073028564453,732
3782,Vespa velutina,NL,NA,gbif,5.8,50.85,1.0079051971435546,754
3783,Vespa velutina,NA,"Quai Fillon, Lyon, Auvergne-Rhône-Alpes, FR",inat,4.82,45.72,1.1392176628112793,829
3784,Vespa velutina,BE,NA,gbif,4.38,50.87,1.0497979164123534,783
3785,Vespa velutina,BE,NA,gbif,3.93,51.15,1.0463322639465331,779
3786,Vespa velutina,BE,NA,gbif,3.78,50.58,1.0026041984558105,772
3787,Vespa velutina,NA,"Mertzig, Luxemburg",inat,6,49.83,0.9069146156311035,834
3788,Vespa velutina,NL,NA,gbif,5.85,51.1,1.0099031448364257,731
3789,Vespa velutina,BE,NA,gbif,4.42,51.01,1.039146900177002,785
3790,Vespa velutina,NA,"Neudorf, 67100 Strasbourg, France",inat,7.74,48.57,1.061342716217041,735
3791,Vespa velutina,BE,NA,gbif,4.04,50.92,1.040187454223633,782
3792,Vespa velutina,BE,NA,gbif,5.53,50.98,0.9943770408630371,774
3793,Vespa velutina,NL,NA,gbif,4.3,52.05,0.9714204788208007,837
3794,Vespa velutina,BE,NA,gbif,3.89,50.78,1.0213645935058593,779
3795,Vespa velutina,BE,NA,gbif,3.77,51.08,1.0652593612670898,792
3796,Vespa velutina,NA,"Bilbao, Biscay, Spain",inat,-2.93,43.26,1.3535219192504884,1158
3797,Vespa velutina,NA,"Rua do Brasil, Coimbra, Centro, PT",inat,-8.42,40.2,1.5525750160217284,987
3798,Vespa velutina,NA,"EPFL, 1024 Ecublens (VD), Switzerland",inat,6.57,46.52,0.9611052513122559,1181
3799,Vespa velutina,NA,"Esserts-Salève, 74560 Monnetier-Mornex, France",inat,6.21,46.15,0.8610094070434571,1135
3800,Vespa velutina,BE,NA,gbif,3.64,50.99,1.0466250419616698,795
3801,Vespa velutina,BE,NA,gbif,4.68,50.81,0.9946885108947754,774
3802,Vespa velutina,NL,NA,gbif,5.55,51.45,0.9889156341552734,757
3803,Vespa velutina,ES,NA,gbif,-8.26,42.92,1.2629270553588867,1701
3804,Vespa velutina,NL,NA,gbif,3.45,51.25,1.0287104606628419,798
3805,Vespa velutina,BE,NA,gbif,4.51,51.1,1.0294468879699707,777
3806,Vespa velutina,BE,NA,gbif,3.95,50.95,1.0294885635375977,792
3807,Vespa velutina,NA,"Schengen, Luxemburg",inat,6.36,49.5,0.921817684173584,856
3808,Vespa velutina,BE,NA,gbif,3.14,51.18,1.0130767822265625,758
3809,Vespa velutina,BE,NA,gbif,2.71,50.86,1.004269790649414,711
3810,Vespa velutina,BE,NA,gbif,4.23,50.91,1.029301071166992,790
3811,Vespa velutina,NA,"Aeródromo Municipal de Seia, 6270 Santa Marinha, Portugal",inat,-7.69,40.45,1.3613958358764648,1452
3812,Vespa velutina,NA,"65120 Luz-Saint-Sauveur, France",inat,-0,42.87,0.49146456718444825,1300
3813,Vespa velutina,BE,NA,gbif,4.75,50.9,1.0381396293640137,765
3814,Vespa velutina,BE,NA,gbif,4.73,50.87,1.0381396293640137,765
3815,Vespa velutina,NA,"Kundergats, 6367 Voerendaal, Netherlands",inat,5.94,50.88,0.9916646003723144,781
3816,Vespa velutina,NL,NA,gbif,4.4,51.65,1.0125802040100098,791
3817,Vespa velutina,NA,"Aller, Asturias, ES",inat,-5.52,43.09,0.8798197746276856,1021
3818,Vespa velutina,BE,NA,gbif,3.81,51,1.0391103744506835,795
3819,Vespa velutina,NA,"Gent Halfweg, 9000 Gent, Belgium",inat,3.68,51.05,1.0652593612670898,792
3820,Vespa velutina,NL,NA,gbif,4.95,52.1,0.9539072990417481,799
3821,Vespa velutina,BE,NA,gbif,5.56,50.95,0.9943770408630371,774
3822,Vespa velutina,BE,NA,gbif,4,51.11,1.0435916900634765,789
3823,Vespa velutina,BE,NA,gbif,4.19,51.03,1.0402281761169434,786
3824,Vespa velutina,BE,NA,gbif,3.71,50.97,1.0391103744506835,795
3825,Vespa velutina,NA,"Paris, França",inat,2.27,48.87,1.160487461090088,632
3826,Vespa velutina,BE,NA,gbif,4.2,50.83,1.0301885604858398,788
3827,Vespa velutina,NA,"Rua de São João, Porto, Norte, PT",inat,-8.61,41.14,1.4505515098571777,1231
3828,Vespa velutina,NL,NA,gbif,5.85,50.95,0.9916646003723144,781
3829,Vespa velutina,BE,NA,gbif,3.29,50.89,1.0385656356811523,780
3830,Vespa velutina,BE,NA,gbif,5.01,51.16,1.056958293914795,792
3831,Vespa velutina,BE,NA,gbif,4.3,51.08,1.0402281761169434,786
3832,Vespa velutina,BE,NA,gbif,4.36,51.06,1.039146900177002,785
3833,Vespa velutina,BE,NA,gbif,3.04,51.27,1.0130767822265625,758
3834,Vespa velutina,NA,"Frick, Neumatt, 5070 Frick, Schweiz",inat,8.02,47.51,0.8482301712036133,1286
3835,Vespa velutina,NA,"Parc Chabrol, 91120 Palaiseau, France",inat,2.24,48.71,1.1138312339782714,643
3836,Vespa velutina,BE,NA,gbif,2.86,50.85,1.0072551727294923,735
3837,Vespa velutina,BE,NA,gbif,4.95,51.33,1.02982816696167,791
3838,Vespa velutina,BE,NA,gbif,5.33,51.26,1.0049365043640137,795
3839,Vespa velutina,NA,"3438 AE Nieuwegein, Nederland",inat,5.09,52.04,0.9803396224975586,797
3840,Vespa velutina,NA,"Paio Pires (R Eusébio Leão), 2840-078, Portugal",inat,-9.08,38.62,1.6673786163330078,687
3841,Vespa velutina,NA,"Bilzen, 3740 Bilzen-Hoeselt, België",inat,5.51,50.87,0.9943770408630371,774
3842,Vespa velutina,NA,"77400 Lagny-sur-Marne, France",inat,2.69,48.88,1.0582968711853027,633
3843,Vespa velutina,BE,NA,gbif,4.29,50.94,1.029301071166992,790
3844,Vespa velutina,NL,NA,gbif,5.95,50.95,0.9916646003723144,781
3845,Vespa velutina,NA,"Montpellier, Occitanie, FR",inat,3.85,43.64,1.4818106651306153,645
3846,Vespa velutina,BE,NA,gbif,4.56,51.13,1.0294468879699707,777
3847,Vespa velutina,BE,NA,gbif,3.15,51,1.016388511657715,761
3848,Vespa velutina,BE,NA,gbif,4.28,50.8,1.0301885604858398,788
3849,Vespa velutina,NA,"Nationaal Park De Biesbosch, Hank, Brabant, NL",inat,4.87,51.72,0.9797177314758301,794
3850,Vespa velutina,NA,Huizen,inat,5.23,52.3,0.9507135391235352,827
3851,Vespa velutina,BE,NA,gbif,3.72,51.04,1.0652593612670898,792
3852,Vespa velutina,FR,NA,gbif,1.11,49.43,1.0838677406311035,724
3853,Vespa velutina,BE,NA,gbif,4.37,50.83,1.0074718475341797,805
3854,Vespa velutina,BE,NA,gbif,4.39,51.2,1.0570364952087403,798
3855,Vespa velutina,NA,"Montbau, Municipality of Horta-Guinardó, 08035 Barcelona, Spain",inat,2.13,41.44,1.5362238883972168,635
3856,Vespa velutina,NA,"Impasse du Quai d'Embarquement, Tarbes, Occitanie, FR",inat,0.06,43.24,1.2677573204040526,1226
3857,Vespa velutina,NA,"55100 Lucca LU, Italia",inat,10.5,43.86,1.2753239631652833,1228
3858,Vespa velutina,NA,"34500 Béziers, France",inat,3.22,43.33,1.5046886444091796,566
3859,Vespa velutina,BE,NA,gbif,4.49,51.13,1.039146900177002,785
3860,Vespa velutina,BE,NA,gbif,4.42,50.82,1.0074718475341797,805
3861,Vespa velutina,NA,"Sentheim, France",inat,7.04,47.76,0.9247374534606934,901
3862,Vespa velutina,NA,"União das freguesias de Poiares e Canelas, 5050, Portugal",inat,-7.74,41.17,1.3097114562988281,1221
3863,Vespa velutina,NL,NA,gbif,5.15,52.1,0.9803396224975586,797
3864,Vespa velutina,NA,"11360 Villeneuve-les-Corbières, France",inat,2.78,42.98,1.3333260536193847,663
3865,Vespa velutina,NA,"Watermael, Watermael-Boitsfort, Belgium",inat,4.41,50.81,1.0074718475341797,805
3866,Vespa velutina,BE,NA,gbif,4.11,51.23,1.0351354598999023,797
3867,Vespa velutina,BE,NA,gbif,5.59,51.04,0.9810802459716796,756
3868,Vespa velutina,NA,"Opherdicker Str., 59439 Holzwickede, Deutschland",inat,7.62,51.5,0.920718765258789,952
3869,Vespa velutina,NA,"Castelldefels, Barcelona, España",inat,1.98,41.26,1.4701315879821777,657
3870,Vespa velutina,BE,NA,gbif,4.59,51.15,1.0294468879699707,777
3871,Vespa velutina,BE,NA,gbif,2.82,51.19,0.9913055419921875,707
3872,Vespa velutina,BE,NA,gbif,4.45,51.07,1.039146900177002,785
3873,Vespa velutina,ES,NA,gbif,-1.94,42.72,1.1175864219665528,804
3874,Vespa velutina,BE,NA,gbif,4.45,50.92,1.0497979164123534,783
3875,Vespa velutina,NA,"ATH Route de Beloeil, 7800 Ath, Belgique",inat,3.79,50.62,1.0026041984558105,772
3876,Vespa velutina,NA,"Vendeuvre, 14000 Caen, France",inat,-0.35,49.18,1.1162137031555175,754
3877,Vespa velutina,BE,NA,gbif,4.74,50.91,1.0381396293640137,765
3878,Vespa velutina,CH,NA,gbif,7.08,47.42,0.8553583145141601,1032
3879,Vespa velutina,NA,"Est. Aurobusos-Sols, 25280 Solsona, Lérida, Espanya",inat,1.52,42,1.2132489204406738,731
3880,Vespa velutina,NA,"Zoo Lyon, Lyon, Auvergne-Rhône-Alpes, FR",inat,4.85,45.78,1.1894624710083008,844
3881,Vespa velutina,NA,"Coimbra, Portugal",inat,-8.41,40.21,1.5525750160217284,987
3882,Vespa velutina,NA,"73614 Schorndorf, Deutschland",inat,9.54,48.8,0.8860572814941406,944
3883,Vespa velutina,BE,NA,gbif,2.95,51.15,1.0027176856994628,735
3884,Vespa velutina,NL,NA,gbif,5.4,51.45,0.9980051994323731,773
3885,Vespa velutina,NA,"Matosinhos, PT",inat,-8.7,41.18,1.4303919792175293,1292
3886,Vespa velutina,BE,NA,gbif,5.54,50.99,0.9943770408630371,774
3887,Vespa velutina,NL,NA,gbif,4.75,51.55,1.0014093399047852,815
3888,Vespa velutina,BE,NA,gbif,4.58,51.14,1.0294468879699707,777
3889,Vespa velutina,NA,"Camp del Frare s/n, 17862 Vallfogona de Ripollès, Girona, Spain",inat,2.31,42.19,0.9148791313171387,930
3890,Vespa velutina,BE,NA,gbif,4.68,50.88,1.0381396293640137,765
3891,Vespa velutina,BE,NA,gbif,3.31,51.21,1.0298015594482421,783
3892,Vespa velutina,NL,NA,gbif,5.45,51.45,0.9980051994323731,773
3893,Vespa velutina,NA,"Charonne, 75020 Paris, France",inat,2.41,48.85,1.1448124885559081,641
3894,Vespa velutina,BE,NA,gbif,4.45,51.06,1.039146900177002,785
3895,Vespa velutina,NA,"Seine-et-Marne, Île-de-France, FR",inat,2.7,48.91,1.0582968711853027,633
3896,Vespa velutina,BE,NA,gbif,4.38,50.9,1.0497979164123534,783
3897,Vespa velutina,BE,NA,gbif,4.37,50.9,1.0497979164123534,783
3898,Vespa velutina,NA,"Boulevard de la Chaînette, Auxerre, Bourgogne-Franche-Comté, FR",inat,3.57,47.8,1.051504135131836,704
3899,Vespa velutina,NA,"Rillieux Piscine, 69140 Rillieux-la-Pape, France",inat,4.89,45.82,1.1894624710083008,844
3900,Vespa velutina,BE,NA,gbif,4.01,50.95,1.040187454223633,782
3901,Vespa velutina,BE,NA,gbif,4.42,51.18,1.0570364952087403,798
3902,Vespa velutina,BE,NA,gbif,4.43,51.16,1.039146900177002,785
3903,Vespa velutina,NL,NA,gbif,3.95,51.45,1.0314996719360352,800
3904,Vespa velutina,NA,"Etterbeek, 1040 Etterbeek, Belgium",inat,4.4,50.84,1.0497979164123534,783
3905,Vespa velutina,NA,"Badenweiler ev. Kirche, 79410 Badenweiler, Deutschland",inat,7.67,47.8,0.7811521053314209,1405
3906,Vespa velutina,BE,NA,gbif,4.64,51.24,1.0279624938964844,800
3907,Vespa velutina,FR,NA,gbif,-4.43,48.46,1.1265685081481933,1108
3908,Vespa velutina,BE,NA,gbif,3.7,51.02,1.0652593612670898,792
3909,Vespa velutina,NA,"Bremen Egestorff-Stiftung, 28307 Bremen, Deutschland",inat,8.96,53.06,0.8958739280700684,689
3910,Vespa velutina,BE,NA,gbif,4.84,51.09,1.0535478591918945,777
3911,Vespa velutina,NL,NA,gbif,5.05,51.5,0.9912364959716797,790
3912,Vespa velutina,BE,NA,gbif,3.87,50.76,1.0213645935058593,779
3913,Vespa velutina,NA,"4301 JK Zierikzee, Nederland",inat,3.92,51.65,1.0235614776611328,779
3914,Vespa velutina,BE,NA,gbif,4.58,51.01,1.0294468879699707,777
3915,Vespa velutina,NA,"Coimbra, PT",inat,-8.04,40.19,1.4849458694458009,1166
3916,Vespa velutina,BE,NA,gbif,4.46,50.95,1.0497979164123534,783
3917,Vespa velutina,NL,NA,gbif,3.4,51.35,1.031646156311035,772
3918,Vespa velutina,NA,Bagnasco (CN),inat,8.06,44.31,1.1162676811218262,883
3919,Vespa velutina,NA,"Avenue de l'Impératrice, Biarritz, Nouvelle-Aquitaine, FR",inat,-1.55,43.49,1.4124530792236327,1238
3920,Vespa velutina,BE,NA,gbif,4.68,51.16,1.0428604125976562,774
3921,Vespa velutina,BE,NA,gbif,4.08,50.89,1.040187454223633,782
3922,Vespa velutina,NA,"Diestsevest, Leuven, Flemish Brabant, BE",inat,4.71,50.88,1.0381396293640137,765
3923,Vespa velutina,NA,"06140 Coursegoules, France",inat,7.03,43.79,1.2146843910217284,875
3924,Vespa velutina,NL,NA,gbif,5.9,51.95,0.9808792114257813,791
3925,Vespa velutina,BE,NA,gbif,5.59,51.04,0.9810802459716796,756
3926,Vespa velutina,BE,NA,gbif,4.01,51.06,1.0435916900634765,789
3927,Vespa velutina,NA,"Ctra. C-155 - Entrada P. I. Can Coll, 08185 Lliçà de Vall, Barcelona, España",inat,2.24,41.58,1.5025729179382323,659
3928,Vespa velutina,NA,"Tregor Goëlo, Île-de-Bréhat, Bretagne, FR",inat,-3.01,48.85,1.166656494140625,893
3929,Vespa velutina,FR,NA,gbif,0.3,48.88,1.021975040435791,755
3930,Vespa velutina,NA,1380-Champ d'Al Vau,inat,4.48,50.71,1.0074718475341797,805
3931,Vespa velutina,NL,NA,gbif,5.65,51.25,0.9874073028564453,732
3932,Vespa velutina,BE,NA,gbif,4.55,51.35,1.0171833038330078,811
3933,Vespa velutina,NL,NA,gbif,5.55,51.75,0.9760427474975586,755
3934,Vespa velutina,BE,NA,gbif,5.26,50.95,1.0412812232971191,790
3935,Vespa velutina,NA,"1873 GA Groet, Niederlande",inat,4.67,52.72,0.9533771514892578,814
3936,Vespa velutina,NA,"Ormea, loc. Provincia di Cuneo",inat,7.91,44.12,1.1032896041870117,895
3937,Vespa velutina,BE,NA,gbif,5.09,51.1,1.056958293914795,792
3938,Vespa velutina,NA,"4430 Avintes, Portugal",inat,-8.55,41.1,1.4505515098571777,1231
3939,Vespa velutina,NA,"Esch-sur-Alzette, LU-LU, LU",inat,6.08,49.48,0.9359707832336426,862
3940,Vespa velutina,NA,"Av Afonso Albuquerque (Campismo), 2825-044, Portugal",inat,-9.24,38.65,1.6470182418823243,681
3941,Vespa velutina,NL,NA,gbif,5.55,51.4,0.9889156341552734,757
3942,Vespa velutina,BE,NA,gbif,4.39,51.13,1.039146900177002,785
3943,Vespa velutina,BE,NA,gbif,4.59,51.18,1.0279624938964844,800
3944,Vespa velutina,BE,NA,gbif,3.74,51.06,1.0652593612670898,792
3945,Vespa velutina,NA,Montmoreau,inat,0.13,45.4,1.2388792037963867,893
3946,Vespa velutina,NA,Grund Luxemburg,inat,6.14,49.61,0.9220864295959472,866
3947,Vespa velutina,NA,"42400 Saint-Chamond, France",inat,4.52,45.47,0.9177802085876465,980
3948,Vespa velutina,BE,NA,gbif,4.77,50.86,1.0381396293640137,765
3949,Vespa velutina,NA,"48000 Saint-Bauzile, France",inat,3.5,44.48,0.8227698326110839,1053
3950,Vespa velutina,BE,NA,gbif,4.54,50.99,1.0223458290100098,773
3951,Vespa velutina,NA,"Rúa das Ameas, Santiago de Compostela, A Coruña, ES",inat,-8.54,42.88,1.3204468727111816,1585
3952,Vespa velutina,NL,NA,gbif,5.35,51.65,0.9877718925476074,767
3953,Vespa velutina,BE,NA,gbif,4.58,51.17,1.0279624938964844,800
3954,Vespa velutina,NL,NA,gbif,3.85,51.2,1.0390030860900878,773
3955,Vespa velutina,BE,NA,gbif,4.61,50.91,1.0223458290100098,773
3956,Vespa velutina,BE,NA,gbif,3.76,51.03,1.0652593612670898,792
3957,Vespa velutina,BE,NA,gbif,4.32,51.35,1.0319975852966308,791
3958,Vespa velutina,BE,NA,gbif,4.76,50.92,1.0381396293640137,765
3959,Vespa velutina,NA,"Vila do Conde - Ponte, 4480-754 Vila do Conde, Portogallo",inat,-8.74,41.35,1.4257161140441894,1414
3960,Vespa velutina,BE,NA,gbif,4.44,51.25,1.0570364952087403,798
3961,Vespa velutina,NA,"Vern-sur-Seiche, Bretagne, FR",inat,-1.62,48.05,1.142260456085205,737
3962,Vespa velutina,DE,NA,gbif,7.21,51.47,0.9566719055175781,1007
3963,Vespa velutina,NA,Tournai,inat,3.41,50.59,1.0263708114624024,745
3964,Vespa velutina,BE,NA,gbif,3.26,50.81,1.0392760276794433,754
3965,Vespa velutina,NA,"Rue de Saint-Hubert, Nassogne, Luxemburg, BE",inat,5.31,50.11,0.8845166206359864,929
3966,Vespa velutina,BE,NA,gbif,4.95,50.86,1.0436156272888184,766
3967,Vespa velutina,NA,"A Coruña, ES-GA, ES",inat,-8.52,43.35,NA,NA
3968,Vespa velutina,BE,NA,gbif,4.51,51.11,1.0294468879699707,777
3969,Vespa velutina,NA,"14640 Villers-sur-Mer, France",inat,0,49.32,1.09439115524292,742
3970,Vespa velutina,NA,"CHATELET Athénée, 6200 Châtelet, Belgique",inat,4.53,50.41,0.9846739768981934,803
3971,Vespa velutina,NA,"06560 Valbonne, France",inat,7.02,43.63,1.4755531311035157,854
3972,Vespa velutina,NA,"8256 RJ Biddinghuizen, Nederland",inat,5.76,52.44,0.9656708717346192,799
3973,Vespa velutina,BE,NA,gbif,3.72,51.05,1.0652593612670898,792
3974,Vespa velutina,NA,"Botanischer Garten, 69120 Heidelberg, Deutschland",inat,8.67,49.42,0.9509333610534668,953
3975,Vespa velutina,NL,NA,gbif,3.55,51.45,1.040852928161621,757
3976,Vespa velutina,BE,NA,gbif,4.64,50.77,1.0064770698547363,782
3977,Vespa velutina,BE,NA,gbif,3.85,50.99,1.0294885635375977,792
3978,Vespa velutina,BE,NA,gbif,3.55,50.84,1.0466250419616698,795
3979,Vespa velutina,BE,NA,gbif,4.31,50.79,1.0301885604858398,788
3980,Vespa velutina,NA,"1358 AD Almere, Nederland",inat,5.27,52.34,0.9625198364257812,797
3981,Vespa velutina,BE,NA,gbif,5.58,51.05,0.9810802459716796,756
3982,Vespa velutina,NL,NA,gbif,5.4,51.45,0.9980051994323731,773
3983,Vespa velutina,BE,NA,gbif,4.48,51.02,1.039146900177002,785
3984,Vespa velutina,BE,NA,gbif,3.19,50.93,1.0385656356811523,780
3985,Vespa velutina,BE,NA,gbif,4.85,50.49,0.9631041526794434,813
3986,Vespa velutina,ES,NA,gbif,2.18,41.39,1.557114028930664,615
3987,Vespa velutina,NL,NA,gbif,5.2,52.35,0.9625198364257812,797
3988,Vespa velutina,NA,"Arrondissement of Mechelen, 2800 Mechelen, Belgium",inat,4.48,51.02,1.039146900177002,785
3989,Vespa velutina,BE,NA,gbif,4.84,50.89,1.0436156272888184,766
3990,Vespa velutina,NA,"Île d'Ouessant, Ouessant, Bretagne, FR",inat,-5.08,48.46,1.1914166450500487,1044
3991,Vespa velutina,NL,NA,gbif,3.95,51.35,1.0314996719360352,800
3992,Vespa velutina,BE,NA,gbif,5.1,51.04,1.056958293914795,792
3993,Vespa velutina,BE,NA,gbif,4.03,50.93,1.040187454223633,782
3994,Vespa velutina,BE,NA,gbif,5.36,50.93,1.0172677040100098,787
3995,Vespa velutina,BE,NA,gbif,4.64,51.22,1.0279624938964844,800
3996,Vespa velutina,BE,NA,gbif,3.04,51.03,1.0103198051452638,773
3997,Vespa velutina,NA,"Avenida Infante Dom Pedro 47, 2615-149 Alverca do Ribatejo, Portugal",inat,-9.04,38.89,1.6104358673095702,725
3998,Vespa velutina,BE,NA,gbif,4.43,51.21,1.0570364952087403,798
3999,Vespa velutina,NA,"Vlaams Brabant, Vlaanderen, BE",inat,4.33,50.75,1.0301885604858398,788
4000,Vespa velutina,BE,NA,gbif,4.73,50.89,1.0381396293640137,765
4001,Vespa velutina,BE,NA,gbif,3.59,50.85,1.0466250419616698,795
4002,Vespa velutina,BE,NA,gbif,3.69,51.07,1.0652593612670898,792
4003,Vespa velutina,BE,NA,gbif,4.92,50.81,1.0242583274841308,751
4004,Vespa velutina,BE,NA,gbif,3.74,51.07,1.0652593612670898,792
4005,Vespa velutina,NA,"Île de Miribel, Vaulx-en-Velin, Auvergne-Rhône-Alpes, FR",inat,4.92,45.79,1.1894624710083008,844
4006,Vespa velutina,NA,"Hautes-Pyrénées, Midi-Pyrénées, FR",inat,0.11,43.16,1.1360625267028808,1083
4007,Vespa velutina,DE,NA,gbif,8.36,49.62,1.063585376739502,617
4008,Vespa velutina,NL,NA,gbif,5.6,51.85,0.967956256866455,791
4009,Vespa velutina,NA,"22430 Graus, Huesca, Espanya",inat,0.34,42.2,1.226995849609375,713
4010,Vespa velutina,NA,"VMF2+XQ Déviation Sentier du Fartz, 62179 Tardinghen, Frankrijk",inat,1.65,50.88,1.037075901031494,582
4011,Vespa velutina,BE,NA,gbif,4.4,51.16,1.039146900177002,785
4012,Vespa velutina,NL,NA,gbif,5.75,50.95,1.0079051971435546,754
4013,Vespa velutina,NA,Fanqueiro,inat,-9.17,38.84,1.5595458030700684,737
4014,Vespa velutina,BE,NA,gbif,4.89,50.47,0.9631041526794434,813
4015,Vespa velutina,NA,"Route d'Arles, 30000 Nîmes, France",inat,4.37,43.82,1.48746976852417,744
4016,Vespa velutina,NA,"Floralaan, 2640 Mortsel, Belgium",inat,4.45,51.17,1.0570364952087403,798
4017,Vespa velutina,BE,NA,gbif,4.22,50.74,1.0301885604858398,788
4018,Vespa velutina,NA,1941 Luxembourg,inat,6.09,49.6,0.9220864295959472,866
4019,Vespa velutina,NA,"Camaret-sur-Mer, France",inat,-4.6,48.28,1.161780548095703,1048
4020,Vespa velutina,NA,"Rohrbacher Straße, Heidelberg, Baden-Württemberg, DE",inat,8.69,49.4,0.9509333610534668,953
4021,Vespa velutina,BE,NA,gbif,3.78,50.95,1.0391103744506835,795
4022,Vespa velutina,NA,"60 Frankfurt am Main-Innenstadt II, Deutschland",inat,8.66,50.12,1.0215635299682617,620
4023,Vespa velutina,NA,"A Coruña, ES-GA, ES",inat,-8.03,43.7,1.3398579597473144,1078
4024,Vespa velutina,BE,NA,gbif,3.51,50.84,1.0466250419616698,795
4025,Vespa velutina,BE,NA,gbif,4.83,51.25,1.0255916595458985,796
4026,Vespa velutina,NL,NA,gbif,5.9,51.05,1.0099031448364257,731
4027,Vespa velutina,BE,NA,gbif,3.75,50.96,1.0391103744506835,795
4028,Vespa velutina,CH,NA,gbif,7.61,47.56,1.0200145721435547,805
4029,Vespa velutina,BE,NA,gbif,5.35,50.9,1.0172677040100098,787
4030,Vespa velutina,BE,NA,gbif,3.11,50.9,1.016388511657715,761
4031,Vespa velutina,NA,"VAUX-SOUS-OLNE Route de Soiron, 4870 Trooz, Belgique",inat,5.74,50.58,0.9298562049865723,945
4032,Vespa velutina,BE,NA,gbif,3.13,51.07,1.0103198051452638,773
4033,Vespa velutina,BE,NA,gbif,5.46,50.95,1.0172677040100098,787
4034,Vespa velutina,BE,NA,gbif,4.46,50.89,1.0497979164123534,783
4035,Vespa velutina,BE,NA,gbif,5.81,51.1,1.0033124923706054,720
4036,Vespa velutina,NA,"Groesbeek, Nederland",inat,5.92,51.79,0.9752073287963867,758
4037,Vespa velutina,NA,"Asturias, Spain",inat,-6.09,43.54,1.3009259223937988,1003
4038,Vespa velutina,NA,"Rue des Sciences, Villeurbanne, Auvergne-Rhône-Alpes, FR",inat,4.88,45.78,1.1894624710083008,844
4039,Vespa velutina,NL,NA,gbif,5.9,50.9,0.9916646003723144,781
4040,Vespa velutina,NA,"Kirschenweg, Pulheim, North Rhine-Westphalia, DE",inat,6.76,51.03,1.036717700958252,748
4041,Vespa velutina,BE,NA,gbif,4.19,50.84,1.029301071166992,790
4042,Vespa velutina,NA,"79 Freiburg im Breisgau-Weingarten, Deutschland",inat,7.81,48,0.9775771141052246,969
4043,Vespa velutina,NA,"O Pino, La Coruña, ES",inat,-8.4,42.91,1.2908989906311035,1722
4044,Vespa velutina,NA,"81360 Montredon-Labessonnié, France",inat,2.34,43.73,1.1199937820434571,818
4045,Vespa velutina,BE,NA,gbif,4.63,50.69,1.0064770698547363,782
4046,Vespa velutina,BE,NA,gbif,3.14,50.8,1.0312749862670898,735
4047,Vespa velutina,NA,"64291 Arheilgen, Deutschland",inat,8.66,49.9,1.020603084564209,638
4048,Vespa velutina,NL,NA,gbif,5.75,51,1.0079051971435546,754
4049,Vespa velutina,FR,NA,gbif,2.78,50.44,1.0122187614440918,703
4050,Vespa velutina,DE,NA,gbif,8.83,54.8,0.8565197944641113,811
4051,Vespa velutina,BE,NA,gbif,4.91,50.47,0.9631041526794434,813
4052,Vespa velutina,NA,"Woluwe-Saint-Lambert, 1200 Woluwe-Saint-Lambert, Belgique",inat,4.42,50.85,1.0497979164123534,783
4053,Vespa velutina,BE,NA,gbif,3.61,50.85,1.0466250419616698,795
4054,Vespa velutina,NA,"Rua da Lenta, Lovelhe, Norte, PT",inat,-8.75,41.96,1.3692541122436523,1581
4055,Vespa velutina,NL,NA,gbif,5.3,51.65,0.9838749885559082,773
4056,Vespa velutina,BE,NA,gbif,3.69,50.97,1.0391103744506835,795
4057,Vespa velutina,NA,"Alverca do Ribatejo, Portugal",inat,-9.05,38.89,1.6104358673095702,725
4058,Vespa velutina,BE,NA,gbif,3.93,51.18,1.0390030860900878,773
4059,Vespa velutina,BE,NA,gbif,5.11,51.34,0.9912364959716797,790
4060,Vespa velutina,NL,NA,gbif,4.9,51.6,0.9868624687194825,799
4061,Vespa velutina,BE,NA,gbif,3.12,51.3,1.0130767822265625,758
4062,Vespa velutina,NL,NA,gbif,5.4,52.4,0.9534229278564453,781
4063,Vespa velutina,BE,NA,gbif,4.45,51.12,1.039146900177002,785
4064,Vespa velutina,NA,"BV-1424, Caldes de Montbui, Barcelona, ES",inat,2.17,41.62,1.5025729179382323,659
4065,Vespa velutina,NA,"61440 Oberursel (Taunus), Deutschland",inat,8.58,50.21,0.9044145584106446,745
4066,Vespa velutina,NA,"A Coruña, España",inat,-8.57,43.31,1.3265371322631836,1260
4067,Vespa velutina,BE,NA,gbif,3.76,51.02,1.0652593612670898,792
4068,Vespa velutina,NA,1380-Champ d'Al Vau,inat,4.48,50.71,1.0074718475341797,805
4069,Vespa velutina,NA,"Hyères, Francia",inat,6.1,43.12,1.4988213539123536,696
4070,Vespa velutina,NA,"Villa Sainte-Anne, 06000 Nice, France",inat,7.23,43.71,1.4192414283752441,807
4071,Vespa velutina,NA,"Innenstadt I, Frankfurt am Main, Deutschland",inat,8.67,50.11,1.014552116394043,674
4072,Vespa velutina,NA,"Place des Bernardines, Pontarlier, Bourgogne-Franche-Comté, FR",inat,6.36,46.91,0.650042724609375,1371
4073,Vespa velutina,NA,"45739 Oer-Erkenschwick, Deutschland",inat,7.26,51.65,0.9944573402404785,888
4074,Vespa velutina,BE,NA,gbif,4.29,50.81,1.0301885604858398,788
4075,Vespa velutina,BE,NA,gbif,5.5,50.88,0.9943770408630371,774
4076,Vespa velutina,BE,NA,gbif,4.51,51.01,1.0294468879699707,777
4077,Vespa velutina,NL,NA,gbif,5.45,51.4,0.9980051994323731,773
4078,Vespa velutina,BE,NA,gbif,3.64,50.88,1.0466250419616698,795
4079,Vespa velutina,DE,NA,gbif,6.16,51.21,1.0026583671569824,734
4080,Vespa velutina,NA,"Pabellón Mies van der Rohe, Barcelona, Barcelona, ES",inat,2.15,41.37,1.5362238883972168,635
4081,Vespa velutina,BE,NA,gbif,4.5,51.04,1.0294468879699707,777
4082,Vespa velutina,NA,"60 Frankfurt-Ost, Deutschland",inat,8.73,50.13,1.014552116394043,674
4083,Vespa velutina,NA,"Sallent, 08650, Barcelona, Spain",inat,1.9,41.79,1.3732572555541993,631
4084,Vespa velutina,NA,"Avenue Dutuit, Paris, Île-de-France, FR",inat,2.32,48.87,1.160487461090088,632
4085,Vespa velutina,BE,NA,gbif,5.29,51.03,1.0283103942871095,817
4086,Vespa velutina,FR,NA,gbif,6.77,47.95,0.7678072929382325,1180
4087,Vespa velutina,NA,"1, Place Henri Malou, La Mailleraye-sur-Seine, 76940 Arelaune-en-Seine, France",inat,0.77,49.48,1.065861415863037,727
4088,Vespa velutina,BE,NA,gbif,5.74,51.14,1.0033124923706054,720
4089,Vespa velutina,BE,NA,gbif,5.29,50.98,1.0412812232971191,790
4090,Vespa velutina,NL,NA,gbif,5.25,51.7,0.9796489715576172,776
4091,Vespa velutina,BE,NA,gbif,4.68,50.83,0.9946885108947754,774
4092,Vespa velutina,NA,"3800-012 Aveiro, Portugal",inat,-8.64,40.64,1.4932135581970214,978
4093,Vespa velutina,BE,NA,gbif,3.26,50.93,1.0385656356811523,780
4094,Vespa velutina,BE,NA,gbif,4.58,51.15,1.0294468879699707,777
4095,Vespa velutina,BE,NA,gbif,4.08,51.21,1.0351354598999023,797
4096,Vespa velutina,BE,NA,gbif,3.82,51.04,1.0652593612670898,792
4097,Vespa velutina,BE,NA,gbif,3.26,50.81,1.0392760276794433,754
4098,Vespa velutina,DE,NA,gbif,8.34,49.31,1.054005241394043,714
4099,Vespa velutina,BE,NA,gbif,4.49,51.1,1.039146900177002,785
4100,Vespa velutina,NA,"Square des Pasteliers, Villefranche-de-Lauragais, Occitanie, FR",inat,1.72,43.4,1.2784364700317383,755
4101,Vespa velutina,NA,"BIWER, Mairie, 6834 Biwer, Luxemburg",inat,6.37,49.71,0.9227978706359863,800
4102,Vespa velutina,BE,NA,gbif,3.52,50.86,1.0466250419616698,795
4103,Vespa velutina,NA,"Castelnou, Occitanie, FR",inat,2.72,42.64,1.4064322471618653,619
4104,Vespa velutina,DE,NA,gbif,7,49.65,0.7677583217620849,1007
4105,Vespa velutina,NA,2427 Luxemburg,inat,6.14,49.61,0.9220864295959472,866
4106,Vespa velutina,BE,NA,gbif,3.57,50.97,1.0466250419616698,795
4107,Vespa velutina,NA,"63430 Les Martres-d'Artière, France",inat,3.28,45.83,1.086703109741211,612
4108,Vespa velutina,BE,NA,gbif,5.37,51.25,0.9916239738464355,777
4109,Vespa velutina,BE,NA,gbif,4.35,50.91,1.0497979164123534,783
4110,Vespa velutina,NL,NA,gbif,3.9,51.25,1.0390030860900878,773
4111,Vespa velutina,BE,NA,gbif,4.39,50.9,1.0497979164123534,783
4112,Vespa velutina,NA,"Querweg Freiburg-Bodensee, Freiburg im Breisgau, Baden-Württemberg, DE",inat,7.86,47.99,0.7210000038146973,1480
4113,Vespa velutina,NA,"Île-de-France, FR",inat,2.6,48.66,1.0804916381835938,630
4114,Vespa velutina,BE,NA,gbif,2.92,51.21,1.010472011566162,727
4115,Vespa velutina,NA,"Pontevedra, España",inat,-8.77,42.51,1.4116792678833008,1504
4116,Vespa velutina,NL,NA,gbif,5.55,51.25,0.9874073028564453,732
