occurrence_id,species,countryCode,location,source,longitude,latitude,tas_mean_c,prec_mean_annual,elevation_m,ecosystem_code,Temperatur,Moisture,Landcover,Landforms,Climate_Re,Red,Green,Blue,W_Ecosystm,color
1,Vespa crabro,NL,NA,gbif,4.65,51.75,0.9967260360717772,816,0,116,Cool Temperate,Moist,Cropland,Plains,Cool Temperate Moist,29,153,10,Cool Temperate Moist Cropland on Plains,#1D990A
2,Vespa crabro,DE,NA,gbif,11.59,49.92,0.7830145835876465,810,363,110,Cool Temperate,Moist,Cropland,Hills,Cool Temperate Moist,33,144,30,Cool Temperate Moist Cropland on Hills,#21901E
3,Vespa crabro,IT,NA,gbif,10.32,45.98,0.7545312404632568,654,535,171,Warm Temperate,Moist,Grassland,Mountains,Warm Temperate Moist,86,129,14,Warm Temperate Moist Grassland on Mountains,#56810E
4,Vespa crabro,NL,NA,gbif,5.1,52.65,0.969604206085205,809,-4,120,Cool Temperate,Moist,Settlement,Plains,Cool Temperate Moist,78,119,2,Cool Temperate Moist Settlement on Plains,#4E7702
5,Vespa crabro,DE,NA,gbif,13.79,52.46,0.9002145767211914,560,57,102,Cool Temperate,Moist,Cropland,Tablelands,Cool Temperate Moist,99,97,160,Cool Temperate Moist Cropland on Tablelands,#6361A0
6,Vespa crabro,NA,"Hoofdweg, Loenen, Gelderland, NL",inat,6.03,52.13,0.9595292091369628,817,20,116,Cool Temperate,Moist,Cropland,Plains,Cool Temperate Moist,29,153,10,Cool Temperate Moist Cropland on Plains,#1D990A
7,Vespa crabro,NA,"64-730 Kałądek, Polska",inat,16.21,52.91,0.852718734741211,551,48,116,Cool Temperate,Moist,Cropland,Plains,Cool Temperate Moist,29,153,10,Cool Temperate Moist Cropland on Plains,#1D990A
8,Vespa crabro,NA,"07 Hainspitz, Deutschland",inat,11.83,50.96,0.8699322700500488,641,304,110,Cool Temperate,Moist,Cropland,Hills,Cool Temperate Moist,33,144,30,Cool Temperate Moist Cropland on Hills,#21901E
9,Vespa crabro,NA,"Camarines, 74960 Annecy, France",inat,6.1,45.9,0.9617656707763672,1054,446,113,Cool Temperate,Moist,Settlement,Mountains,Cool Temperate Moist,61,67,0,Cool Temperate Moist Settlement on Mountains,#3D4300
10,Vespa crabro,NA,"Roecklplatz, 80469 München, Deutschland",inat,11.57,48.12,0.8841385841369629,1006,526,120,Cool Temperate,Moist,Settlement,Plains,Cool Temperate Moist,78,119,2,Cool Temperate Moist Settlement on Plains,#4E7702
11,Vespa crabro,NA,"Timișoara, Romania",inat,21.26,45.78,1.0678229331970217,589,94,195,Warm Temperate,Dry,Forest,Plains,Warm Temperate Dry,94,186,42,Warm Temperate Dry Forest on Plains,#5EBA2A
12,Vespa crabro,NA,"25620 Mamirolle, France",inat,6.16,47.2,0.9826781272888184,1156,517,103,Cool Temperate,Moist,Cropland,Mountains,Cool Temperate Moist,33,102,5,Cool Temperate Moist Cropland on Mountains,#216605
13,Vespa crabro,NL,NA,gbif,3.8,51.2,1.0463364601135254,769,6,120,Cool Temperate,Moist,Settlement,Plains,Cool Temperate Moist,78,119,2,Cool Temperate Moist Settlement on Plains,#4E7702
14,Vespa crabro,NL,NA,gbif,4.7,52,0.9664947509765623,818,-1,120,Cool Temperate,Moist,Settlement,Plains,Cool Temperate Moist,78,119,2,Cool Temperate Moist Settlement on Plains,#4E7702
15,Vespa crabro,NL,NA,gbif,4.95,52.1,0.953907299041748,799,-2,128,Cool Temperate,Moist,Grassland,Plains,Cool Temperate Moist,22,133,0,Cool Temperate Moist Grassland on Plains,#168500
16,Vespa crabro,NA,"Bergivaux, 57130 Ancy-Dornot, France",inat,6.05,49.05,0.989382266998291,773,254,105,Cool Temperate,Moist,Forest,Hills,Cool Temperate Moist,2,99,1,Cool Temperate Moist Forest on Hills,#026301
17,Vespa crabro,NA,"Zeddam, Netherlands",inat,6.24,51.9,0.9738615036010744,761,43,116,Cool Temperate,Moist,Cropland,Plains,Cool Temperate Moist,29,153,10,Cool Temperate Moist Cropland on Plains,#1D990A
18,Vespa crabro,NA,"Avenue de Nîmes, Tournon-sur-Rhône, Auvergne-Rhône-Alpes, FR",inat,4.83,45.05,1.1310145378112793,895,191,173,Warm Temperate,Moist,Cropland,Mountains,Warm Temperate Moist,100,150,37,Warm Temperate Moist Cropland on Mountains,#649625
19,Vespa crabro,GB,NA,gbif,-1.33,50.92,1.0439030647277832,782,51,166,Warm Temperate,Moist,Forest,Plains,Warm Temperate Moist,45,158,6,Warm Temperate Moist Forest on Plains,#2D9E06
20,Vespa crabro,NA,"25845 Nordstrand, Deutschland",inat,8.84,54.46,0.8610695838928223,839,-4,NA,NA,NA,NA,NA,NA,NA,NA,NA,NA,NA
21,Vespa crabro,NA,"Kórnik/Szkoła nr 1, 62-035 Kórnik, Polska",inat,17.09,52.25,0.8466291427612305,503,74,120,Cool Temperate,Moist,Settlement,Plains,Cool Temperate Moist,78,119,2,Cool Temperate Moist Settlement on Plains,#4E7702
22,Vespa crabro,IT,NA,gbif,10.19,45.35,1.2578739166259765,874,57,160,Warm Temperate,Moist,Cropland,Plains,Warm Temperate Moist,105,207,54,Warm Temperate Moist Cropland on Plains,#69CF36
23,Vespa crabro,AT,NA,gbif,15.47,47.02,0.8947572708129883,862,336,120,Cool Temperate,Moist,Settlement,Plains,Cool Temperate Moist,78,119,2,Cool Temperate Moist Settlement on Plains,#4E7702
24,Vespa crabro,NL,NA,gbif,5.65,51.2,0.9874073028564452,732,35,116,Cool Temperate,Moist,Cropland,Plains,Cool Temperate Moist,29,153,10,Cool Temperate Moist Cropland on Plains,#1D990A
25,Vespa crabro,NA,"15040 Bozzole AL, Italia",inat,8.61,45.07,1.2511219024658202,782,94,160,Warm Temperate,Moist,Cropland,Plains,Warm Temperate Moist,105,207,54,Warm Temperate Moist Cropland on Plains,#69CF36
26,Vespa crabro,NL,NA,gbif,5.9,52.2,0.9391374588012696,876,62,105,Cool Temperate,Moist,Forest,Hills,Cool Temperate Moist,2,99,1,Cool Temperate Moist Forest on Hills,#026301
27,Vespa crabro,NA,"Kaisersbach, Deutschland",inat,9.61,48.91,0.8363228797912597,1081,530,101,Cool Temperate,Moist,Forest,Tablelands,Cool Temperate Moist,71,89,181,Cool Temperate Moist Forest on Tablelands,#4759B5
28,Vespa crabro,DE,NA,gbif,11.04,50.96,0.827299976348877,584,280,105,Cool Temperate,Moist,Forest,Hills,Cool Temperate Moist,2,99,1,Cool Temperate Moist Forest on Hills,#026301
29,Vespa crabro,NL,NA,gbif,5.15,51.9,0.9610124588012696,776,-2,128,Cool Temperate,Moist,Grassland,Plains,Cool Temperate Moist,22,133,0,Cool Temperate Moist Grassland on Plains,#168500
30,Vespa crabro,DE,NA,gbif,12.34,51.36,0.933927059173584,548,112,116,Cool Temperate,Moist,Cropland,Plains,Cool Temperate Moist,29,153,10,Cool Temperate Moist Cropland on Plains,#1D990A
31,Vespa crabro,FR,NA,gbif,-0.61,43.17,1.3609167098999024,1260,243,172,Warm Temperate,Moist,Settlement,Mountains,Warm Temperate Moist,105,89,18,Warm Temperate Moist Settlement on Mountains,#695912
32,Vespa crabro,NA,"Breitenlee, Wien, Österreich",inat,16.5,48.26,1.0173728942871094,582,157,116,Cool Temperate,Moist,Cropland,Plains,Cool Temperate Moist,29,153,10,Cool Temperate Moist Cropland on Plains,#1D990A
33,Vespa crabro,NL,NA,gbif,5.95,52.3,0.9391374588012696,876,18,116,Cool Temperate,Moist,Cropland,Plains,Cool Temperate Moist,29,153,10,Cool Temperate Moist Cropland on Plains,#1D990A
34,Vespa crabro,CZ,NA,gbif,14.27,50,0.8207864761352539,525,363,102,Cool Temperate,Moist,Cropland,Tablelands,Cool Temperate Moist,99,97,160,Cool Temperate Moist Cropland on Tablelands,#6361A0
35,Vespa crabro,NL,NA,gbif,4,51.3,1.0351354598999023,797,-8,116,Cool Temperate,Moist,Cropland,Plains,Cool Temperate Moist,29,153,10,Cool Temperate Moist Cropland on Plains,#1D990A
36,Vespa crabro,NA,"Grüner Weg, Marl, North Rhine-Westphalia, DE",inat,7.08,51.67,0.9781885147094728,837,44,111,Cool Temperate,Moist,Forest,Plains,Cool Temperate Moist,1,109,0,Cool Temperate Moist Forest on Plains,#016D00
37,Vespa crabro,NA,"23018 Talamona SO, Italia",inat,9.63,46.14,0.6013031005859375,1022,664,171,Warm Temperate,Moist,Grassland,Mountains,Warm Temperate Moist,86,129,14,Warm Temperate Moist Grassland on Mountains,#56810E
38,Vespa crabro,NA,"Eure, Haute-Normandie, FR",inat,0.97,48.91,1.0121155738830567,679,175,116,Cool Temperate,Moist,Cropland,Plains,Cool Temperate Moist,29,153,10,Cool Temperate Moist Cropland on Plains,#1D990A
39,Vespa crabro,NA,"Bad Wilsnacker Straße, Bad Wilsnack, Brandenburg, DE",inat,11.86,52.96,0.9347749710083008,573,24,116,Cool Temperate,Moist,Cropland,Plains,Cool Temperate Moist,29,153,10,Cool Temperate Moist Cropland on Plains,#1D990A
40,Vespa crabro,NL,NA,gbif,6.2,52.65,0.9588500022888184,798,-4,128,Cool Temperate,Moist,Grassland,Plains,Cool Temperate Moist,22,133,0,Cool Temperate Moist Grassland on Plains,#168500
41,Vespa crabro,NA,Hünxe,inat,6.74,51.66,1.0405062675476071,802,34,116,Cool Temperate,Moist,Cropland,Plains,Cool Temperate Moist,29,153,10,Cool Temperate Moist Cropland on Plains,#1D990A
42,Vespa crabro,NA,"77300 Fontainebleau, France",inat,2.63,48.41,1.0599989891052246,633,125,180,Warm Temperate,Moist,Forest,Tablelands,Warm Temperate Moist,69,72,136,Warm Temperate Moist Forest on Tablelands,#454888
43,Vespa crabro,BE,NA,gbif,5.29,50.21,0.913337516784668,878,256,110,Cool Temperate,Moist,Cropland,Hills,Cool Temperate Moist,33,144,30,Cool Temperate Moist Cropland on Hills,#21901E
44,Vespa crabro,DE,NA,gbif,7.82,48.03,1.061832332611084,969,231,176,Warm Temperate,Moist,Forest,Mountains,Warm Temperate Moist,49,105,3,Warm Temperate Moist Forest on Mountains,#316903
45,Vespa crabro,NA,"88240 Gruey-lès-Surance, Frankrijk",inat,6.16,48.05,0.9346917152404786,939,470,101,Cool Temperate,Moist,Forest,Tablelands,Cool Temperate Moist,71,89,181,Cool Temperate Moist Forest on Tablelands,#4759B5
46,Vespa crabro,DE,NA,gbif,7.83,48.13,1.061832332611084,969,214,113,Cool Temperate,Moist,Settlement,Mountains,Cool Temperate Moist,61,67,0,Cool Temperate Moist Settlement on Mountains,#3D4300
47,Vespa crabro,GB,NA,gbif,-2.35,53.05,0.93016357421875,685,91,114,Cool Temperate,Moist,Grassland,Hills,Cool Temperate Moist,22,124,10,Cool Temperate Moist Grassland on Hills,#167C0A
48,Vespa crabro,DE,NA,gbif,6.1,50.78,0.9450010299682616,907,169,108,Cool Temperate,Moist,Settlement,Hills,Cool Temperate Moist,67,109,14,Cool Temperate Moist Settlement on Hills,#436D0E
49,Vespa crabro,NL,NA,gbif,4.65,51.8,0.9967260360717772,816,0,120,Cool Temperate,Moist,Settlement,Plains,Cool Temperate Moist,78,119,2,Cool Temperate Moist Settlement on Plains,#4E7702
50,Vespa crabro,NL,NA,gbif,5.05,52.1,0.9803396224975586,797,-1,120,Cool Temperate,Moist,Settlement,Plains,Cool Temperate Moist,78,119,2,Cool Temperate Moist Settlement on Plains,#4E7702
51,Vespa crabro,GB,NA,gbif,-3.28,51.17,1.018526840209961,981,9,103,Cool Temperate,Moist,Cropland,Mountains,Cool Temperate Moist,33,102,5,Cool Temperate Moist Cropland on Mountains,#216605
52,Vespa crabro,DE,NA,gbif,6.23,50.79,0.9189249992370604,871,206,108,Cool Temperate,Moist,Settlement,Hills,Cool Temperate Moist,67,109,14,Cool Temperate Moist Settlement on Hills,#436D0E
53,Vespa crabro,DK,NA,gbif,10.05,55.82,0.805958366394043,596,2,120,Cool Temperate,Moist,Settlement,Plains,Cool Temperate Moist,78,119,2,Cool Temperate Moist Settlement on Plains,#4E7702
54,Vespa crabro,CZ,NA,gbif,15.6,49.39,0.7117864608764648,576,516,108,Cool Temperate,Moist,Settlement,Hills,Cool Temperate Moist,67,109,14,Cool Temperate Moist Settlement on Hills,#436D0E
55,Vespa crabro,NA,"99 Erfurt-Löbervorstadt, Deutschland",inat,11.01,50.94,0.827299976348877,584,289,110,Cool Temperate,Moist,Cropland,Hills,Cool Temperate Moist,33,144,30,Cool Temperate Moist Cropland on Hills,#21901E
56,Vespa crabro,NL,NA,gbif,5.95,51.95,0.9808792114257812,791,9,NA,NA,NA,NA,NA,NA,NA,NA,NA,NA,NA
57,Vespa crabro,NL,NA,gbif,5.35,51.6,0.9877718925476074,767,9,116,Cool Temperate,Moist,Cropland,Plains,Cool Temperate Moist,29,153,10,Cool Temperate Moist Cropland on Plains,#1D990A
58,Vespa crabro,NL,NA,gbif,4.7,52,0.9664947509765623,818,-1,120,Cool Temperate,Moist,Settlement,Plains,Cool Temperate Moist,78,119,2,Cool Temperate Moist Settlement on Plains,#4E7702
59,Vespa crabro,NL,NA,gbif,5.95,52,0.9808792114257812,791,38,108,Cool Temperate,Moist,Settlement,Hills,Cool Temperate Moist,67,109,14,Cool Temperate Moist Settlement on Hills,#436D0E
60,Vespa crabro,NA,"Dej, Romania",inat,23.8,47.16,0.8321478843688965,646,340,103,Cool Temperate,Moist,Cropland,Mountains,Cool Temperate Moist,33,102,5,Cool Temperate Moist Cropland on Mountains,#216605
61,Vespa crabro,DE,NA,gbif,8.9,50.1,1.0042031288146973,698,112,116,Cool Temperate,Moist,Cropland,Plains,Cool Temperate Moist,29,153,10,Cool Temperate Moist Cropland on Plains,#1D990A
62,Vespa crabro,NA,"León, ES-CL, ES",inat,-5.89,42.57,1.0527999877929688,863,918,198,Warm Temperate,Dry,Cropland,Tablelands,Warm Temperate Dry,95,117,206,Warm Temperate Dry Cropland on Tablelands,#5F75CE
63,Vespa crabro,SE,NA,gbif,14.26,55.65,0.7684202194213867,663,48,114,Cool Temperate,Moist,Grassland,Hills,Cool Temperate Moist,22,124,10,Cool Temperate Moist Grassland on Hills,#167C0A
64,Vespa crabro,NL,NA,gbif,5.1,51.6,0.9860114097595216,794,12,116,Cool Temperate,Moist,Cropland,Plains,Cool Temperate Moist,29,153,10,Cool Temperate Moist Cropland on Plains,#1D990A
65,Vespa crabro,DE,NA,gbif,8.45,49.51,1.063585376739502,617,96,161,Warm Temperate,Moist,Settlement,Plains,Warm Temperate Moist,163,170,28,Warm Temperate Moist Settlement on Plains,#A3AA1C
66,Vespa crabro,NL,NA,gbif,5.65,51.95,0.967956256866455,791,7,116,Cool Temperate,Moist,Cropland,Plains,Cool Temperate Moist,29,153,10,Cool Temperate Moist Cropland on Plains,#1D990A
67,Vespa crabro,NA,"Rodi Garganico - Corso Madonna della Libera 45, 71012 Rodi Garganico FG, Italia",inat,15.88,41.93,1.5532076835632325,266,78,NA,NA,NA,NA,NA,NA,NA,NA,NA,NA,NA
68,Vespa crabro,NA,"04 Leipzig-Schönau, Germany",inat,12.29,51.33,0.9379374504089356,525,118,116,Cool Temperate,Moist,Cropland,Plains,Cool Temperate Moist,29,153,10,Cool Temperate Moist Cropland on Plains,#1D990A
69,Vespa crabro,NL,NA,gbif,3.95,51.25,1.0390030860900878,773,-1,116,Cool Temperate,Moist,Cropland,Plains,Cool Temperate Moist,29,153,10,Cool Temperate Moist Cropland on Plains,#1D990A
70,Vespa crabro,NA,"Nauen-Brieselang-Krämer, Falkensee, Brandenburg, DE",inat,13.12,52.57,0.9248781204223632,544,33,120,Cool Temperate,Moist,Settlement,Plains,Cool Temperate Moist,78,119,2,Cool Temperate Moist Settlement on Plains,#4E7702
71,Vespa crabro,NL,NA,gbif,5.65,50.8,0.9857937812805176,820,97,102,Cool Temperate,Moist,Cropland,Tablelands,Cool Temperate Moist,99,97,160,Cool Temperate Moist Cropland on Tablelands,#6361A0
72,Vespa crabro,DE,NA,gbif,13.38,52.48,0.9307083129882812,555,44,120,Cool Temperate,Moist,Settlement,Plains,Cool Temperate Moist,78,119,2,Cool Temperate Moist Settlement on Plains,#4E7702
73,Vespa crabro,NL,NA,gbif,4.6,51.55,1.0070833206176757,804,8,116,Cool Temperate,Moist,Cropland,Plains,Cool Temperate Moist,29,153,10,Cool Temperate Moist Cropland on Plains,#1D990A
74,Vespa crabro,FR,NA,gbif,2.41,48.83,1.1437250137329102,632,50,161,Warm Temperate,Moist,Settlement,Plains,Warm Temperate Moist,163,170,28,Warm Temperate Moist Settlement on Plains,#A3AA1C
75,Vespa crabro,DE,NA,gbif,7.96,47.97,0.7210000038146973,1480,386,113,Cool Temperate,Moist,Settlement,Mountains,Cool Temperate Moist,61,67,0,Cool Temperate Moist Settlement on Mountains,#3D4300
76,Vespa crabro,NL,NA,gbif,6.1,52.05,0.9595292091369628,817,19,108,Cool Temperate,Moist,Settlement,Hills,Cool Temperate Moist,67,109,14,Cool Temperate Moist Settlement on Hills,#436D0E
77,Vespa crabro,DE,NA,gbif,8.03,52.23,0.9224573135375976,855,95,110,Cool Temperate,Moist,Cropland,Hills,Cool Temperate Moist,33,144,30,Cool Temperate Moist Cropland on Hills,#21901E
78,Vespa crabro,NA,"Leipzig 2, DE-SN, DE",inat,12.35,51.29,0.9444021224975586,567,115,111,Cool Temperate,Moist,Forest,Plains,Cool Temperate Moist,1,109,0,Cool Temperate Moist Forest on Plains,#016D00
79,Vespa crabro,NA,"81190 Montirat, Frankrijk",inat,2.08,44.18,1.148871898651123,785,332,176,Warm Temperate,Moist,Forest,Mountains,Warm Temperate Moist,49,105,3,Warm Temperate Moist Forest on Mountains,#316903
80,Vespa crabro,NA,"Royston, England, GB",inat,-0.03,52.15,0.963223934173584,596,49,116,Cool Temperate,Moist,Cropland,Plains,Cool Temperate Moist,29,153,10,Cool Temperate Moist Cropland on Plains,#1D990A
81,Vespa crabro,NA,"Schlosspark Neuhardenberg, Neuhardenberg, Brandenburg, DE",inat,14.24,52.59,0.907563591003418,511,20,120,Cool Temperate,Moist,Settlement,Plains,Cool Temperate Moist,78,119,2,Cool Temperate Moist Settlement on Plains,#4E7702
82,Vespa crabro,NA,Slovakia,inat,17.8,48.45,0.966391658782959,580,149,NA,NA,NA,NA,NA,NA,NA,NA,NA,NA,NA
83,Vespa crabro,NL,NA,gbif,4.5,51.55,1.0070833206176757,804,5,116,Cool Temperate,Moist,Cropland,Plains,Cool Temperate Moist,29,153,10,Cool Temperate Moist Cropland on Plains,#1D990A
84,Vespa crabro,NA,"Broxbourne EN10 7QZ, UK",inat,-0.06,51.74,0.9853885650634766,626,77,114,Cool Temperate,Moist,Grassland,Hills,Cool Temperate Moist,22,124,10,Cool Temperate Moist Grassland on Hills,#167C0A
85,Vespa crabro,GB,NA,gbif,-2.94,51.29,1.037787914276123,889,19,128,Cool Temperate,Moist,Grassland,Plains,Cool Temperate Moist,22,133,0,Cool Temperate Moist Grassland on Plains,#168500
86,Vespa crabro,NA,Germany,inat,13.51,52.53,0.9087145805358888,590,52,120,Cool Temperate,Moist,Settlement,Plains,Cool Temperate Moist,78,119,2,Cool Temperate Moist Settlement on Plains,#4E7702
87,Vespa crabro,NA,"19020 Debeduse SP, Italia",inat,9.82,44.25,1.1552770614624024,1367,672,176,Warm Temperate,Moist,Forest,Mountains,Warm Temperate Moist,49,105,3,Warm Temperate Moist Forest on Mountains,#316903
88,Vespa crabro,NL,NA,gbif,4.7,51.6,1.0014093399047852,815,4,116,Cool Temperate,Moist,Cropland,Plains,Cool Temperate Moist,29,153,10,Cool Temperate Moist Cropland on Plains,#1D990A
89,Vespa crabro,NL,NA,gbif,4.25,52.05,0.9714204788208008,837,2,120,Cool Temperate,Moist,Settlement,Plains,Cool Temperate Moist,78,119,2,Cool Temperate Moist Settlement on Plains,#4E7702
90,Vespa crabro,NA,"24558 Henstedt-Ulzburg-Rhen, Deutschland",inat,9.99,53.76,0.8610062599182129,802,36,128,Cool Temperate,Moist,Grassland,Plains,Cool Temperate Moist,22,133,0,Cool Temperate Moist Grassland on Plains,#168500
91,Vespa crabro,NA,"09119 Chemnitz-Kappel, Deutschland",inat,12.89,50.82,0.7934614658355713,751,328,108,Cool Temperate,Moist,Settlement,Hills,Cool Temperate Moist,67,109,14,Cool Temperate Moist Settlement on Hills,#436D0E
92,Vespa crabro,NA,"Mandula köz, Erdőkertes, Pest vármegye, HU",inat,19.33,47.67,1.0170323371887209,542,224,146,Cool Temperate,Dry,Cropland,Hills,Cool Temperate Dry,97,186,84,Cool Temperate Dry Cropland on Hills,#61BA54
93,Vespa crabro,NA,"Kaaks, Deutschland",inat,9.46,53.99,0.8652760505676269,821,10,116,Cool Temperate,Moist,Cropland,Plains,Cool Temperate Moist,29,153,10,Cool Temperate Moist Cropland on Plains,#1D990A
94,Vespa crabro,NA,"Schinveld, Nederland",inat,6.03,50.98,0.990902042388916,782,71,116,Cool Temperate,Moist,Cropland,Plains,Cool Temperate Moist,29,153,10,Cool Temperate Moist Cropland on Plains,#1D990A
95,Vespa crabro,FR,NA,gbif,0.99,46.77,1.156583309173584,704,106,160,Warm Temperate,Moist,Cropland,Plains,Warm Temperate Moist,105,207,54,Warm Temperate Moist Cropland on Plains,#69CF36
96,Vespa crabro,DE,NA,gbif,9.5,51.14,0.8322301864624023,722,303,105,Cool Temperate,Moist,Forest,Hills,Cool Temperate Moist,2,99,1,Cool Temperate Moist Forest on Hills,#026301
97,Vespa crabro,NA,"Heresbachstraße, Düsseldorf, Nordrhein-Westfalen, DE",inat,6.78,51.21,1.0587124824523926,788,42,161,Warm Temperate,Moist,Settlement,Plains,Warm Temperate Moist,163,170,28,Warm Temperate Moist Settlement on Plains,#A3AA1C
98,Vespa crabro,NA,"29170 Saint-Évarzec, France",inat,-4,47.94,1.1710904121398926,1035,76,168,Warm Temperate,Moist,Cropland,Hills,Warm Temperate Moist,112,198,86,Warm Temperate Moist Cropland on Hills,#70C656
99,Vespa crabro,DE,NA,gbif,14.01,52.27,0.9087135314941406,544,70,110,Cool Temperate,Moist,Cropland,Hills,Cool Temperate Moist,33,144,30,Cool Temperate Moist Cropland on Hills,#21901E
100,Vespa crabro,NA,Warwick,inat,-1.55,52.28,0.9547062873840332,617,60,120,Cool Temperate,Moist,Settlement,Plains,Cool Temperate Moist,78,119,2,Cool Temperate Moist Settlement on Plains,#4E7702
101,Vespa crabro,NA,"Mystras, Peloponnese, GR",inat,22.37,37.07,1.4826229095458985,712,457,175,Warm Temperate,Moist,Shrubland,Mountains,Warm Temperate Moist,102,130,4,Warm Temperate Moist Shrubland on Mountains,#668204
102,Vespa crabro,NA,"Innere Stadt, 8010 Graz, Österreich",inat,15.44,47.08,0.8947572708129883,862,388,113,Cool Temperate,Moist,Settlement,Mountains,Cool Temperate Moist,61,67,0,Cool Temperate Moist Settlement on Mountains,#3D4300
103,Vespa crabro,NA,"68300 Saint-Louis, France",inat,7.54,47.61,1.0200145721435547,805,242,120,Cool Temperate,Moist,Settlement,Plains,Cool Temperate Moist,78,119,2,Cool Temperate Moist Settlement on Plains,#4E7702
104,Vespa crabro,NL,NA,gbif,4.65,52.65,0.952672290802002,829,12,111,Cool Temperate,Moist,Forest,Plains,Cool Temperate Moist,1,109,0,Cool Temperate Moist Forest on Plains,#016D00
105,Vespa crabro,DE,NA,gbif,8.86,52.91,0.8864218711853027,694,46,111,Cool Temperate,Moist,Forest,Plains,Cool Temperate Moist,1,109,0,Cool Temperate Moist Forest on Plains,#016D00
106,Vespa crabro,NL,NA,gbif,5.65,51.95,0.967956256866455,791,7,116,Cool Temperate,Moist,Cropland,Plains,Cool Temperate Moist,29,153,10,Cool Temperate Moist Cropland on Plains,#1D990A
107,Vespa crabro,NL,NA,gbif,4,51.3,1.0351354598999023,797,-8,116,Cool Temperate,Moist,Cropland,Plains,Cool Temperate Moist,29,153,10,Cool Temperate Moist Cropland on Plains,#1D990A
108,Vespa crabro,NL,NA,gbif,4.4,51.75,0.9891593933105468,812,-1,116,Cool Temperate,Moist,Cropland,Plains,Cool Temperate Moist,29,153,10,Cool Temperate Moist Cropland on Plains,#1D990A
109,Vespa crabro,DE,NA,gbif,6.93,51.48,1.0297656059265137,883,59,108,Cool Temperate,Moist,Settlement,Hills,Cool Temperate Moist,67,109,14,Cool Temperate Moist Settlement on Hills,#436D0E
110,Vespa crabro,NL,NA,gbif,5.25,51.7,0.9796489715576172,776,2,128,Cool Temperate,Moist,Grassland,Plains,Cool Temperate Moist,22,133,0,Cool Temperate Moist Grassland on Plains,#168500
111,Vespa crabro,AT,NA,gbif,16.33,48.29,0.9368698120117188,598,281,113,Cool Temperate,Moist,Settlement,Mountains,Cool Temperate Moist,61,67,0,Cool Temperate Moist Settlement on Mountains,#3D4300
112,Vespa crabro,NA,"Miłkowice 23, 62-730, Polska",inat,18.66,51.83,0.8322083473205566,531,119,116,Cool Temperate,Moist,Cropland,Plains,Cool Temperate Moist,29,153,10,Cool Temperate Moist Cropland on Plains,#1D990A
113,Vespa crabro,NA,"Malko Tarnovo Municipality, Bulgarije",inat,27.73,42.01,1.2465864181518556,585,185,194,Warm Temperate,Dry,Forest,Mountains,Warm Temperate Dry,96,139,37,Warm Temperate Dry Forest on Mountains,#608B25
114,Vespa crabro,DE,NA,gbif,6.93,50.89,1.0670458793640136,745,55,166,Warm Temperate,Moist,Forest,Plains,Warm Temperate Moist,45,158,6,Warm Temperate Moist Forest on Plains,#2D9E06
115,Vespa crabro,NL,NA,gbif,4.6,51.85,0.9911375045776368,858,-1,120,Cool Temperate,Moist,Settlement,Plains,Cool Temperate Moist,78,119,2,Cool Temperate Moist Settlement on Plains,#4E7702
116,Vespa crabro,FR,NA,gbif,0.27,46.33,1.1586885452270508,824,127,164,Warm Temperate,Moist,Grassland,Hills,Warm Temperate Moist,86,172,49,Warm Temperate Moist Grassland on Hills,#56AC31
117,Vespa crabro,NA,"Ramsey Road, Upwood, Huntingdon PE26 2QE, UK",inat,-0.15,52.43,0.9901614189147948,542,10,116,Cool Temperate,Moist,Cropland,Plains,Cool Temperate Moist,29,153,10,Cool Temperate Moist Cropland on Plains,#1D990A
118,Vespa crabro,NA,"2025 Alcanede, Portugal",inat,-8.84,39.43,1.5276603698730469,755,176,173,Warm Temperate,Moist,Cropland,Mountains,Warm Temperate Moist,100,150,37,Warm Temperate Moist Cropland on Mountains,#649625
119,Vespa crabro,NL,NA,gbif,3.8,51.45,1.0380054473876954,782,-8,116,Cool Temperate,Moist,Cropland,Plains,Cool Temperate Moist,29,153,10,Cool Temperate Moist Cropland on Plains,#1D990A
120,Vespa crabro,DE,NA,gbif,7.2,51.41,0.956671905517578,1007,116,108,Cool Temperate,Moist,Settlement,Hills,Cool Temperate Moist,67,109,14,Cool Temperate Moist Settlement on Hills,#436D0E
121,Vespa crabro,DE,NA,gbif,11.19,48.17,0.8284781455993653,908,554,105,Cool Temperate,Moist,Forest,Hills,Cool Temperate Moist,2,99,1,Cool Temperate Moist Forest on Hills,#026301
122,Vespa crabro,DE,NA,gbif,6.41,51.33,1.0271656036376953,737,37,NA,NA,NA,NA,NA,NA,NA,NA,NA,NA,NA
123,Vespa crabro,NL,NA,gbif,5.9,51.95,0.9808792114257812,791,6,120,Cool Temperate,Moist,Settlement,Plains,Cool Temperate Moist,78,119,2,Cool Temperate Moist Settlement on Plains,#4E7702
124,Vespa crabro,DE,NA,gbif,8.89,49.98,0.9666322708129884,787,145,111,Cool Temperate,Moist,Forest,Plains,Cool Temperate Moist,1,109,0,Cool Temperate Moist Forest on Plains,#016D00
125,Vespa crabro,NA,"Kornbakke Allé, Aarhus N, Region Midtjylland, DK",inat,10.2,56.18,0.7734972953796386,648,50,120,Cool Temperate,Moist,Settlement,Plains,Cool Temperate Moist,78,119,2,Cool Temperate Moist Settlement on Plains,#4E7702
126,Vespa crabro,DE,NA,gbif,6.9,51.15,1.057521915435791,811,47,120,Cool Temperate,Moist,Settlement,Plains,Cool Temperate Moist,78,119,2,Cool Temperate Moist Settlement on Plains,#4E7702
127,Vespa crabro,NL,NA,gbif,4.75,51.55,1.0014093399047852,815,7,128,Cool Temperate,Moist,Grassland,Plains,Cool Temperate Moist,22,133,0,Cool Temperate Moist Grassland on Plains,#168500
128,Vespa crabro,NA,"Kapucijnenvoer, Leuven, Flemish Brabant, BE",inat,4.69,50.88,1.0381396293640135,765,43,108,Cool Temperate,Moist,Settlement,Hills,Cool Temperate Moist,67,109,14,Cool Temperate Moist Settlement on Hills,#436D0E
129,Vespa crabro,DE,NA,gbif,8.67,52.16,0.9393166542053224,834,86,108,Cool Temperate,Moist,Settlement,Hills,Cool Temperate Moist,67,109,14,Cool Temperate Moist Settlement on Hills,#436D0E
130,Vespa crabro,NA,"Montejo De La Sierra-Pza.Fuente, 28190 Montejo de la Sierra, Madrid, España",inat,-3.53,41.06,0.942829132080078,607,1148,148,Cool Temperate,Dry,Cropland,Mountains,Cool Temperate Dry,94,148,49,Cool Temperate Dry Cropland on Mountains,#5E9431
131,Vespa crabro,AT,NA,gbif,16.32,48.25,0.9368698120117188,598,323,113,Cool Temperate,Moist,Settlement,Mountains,Cool Temperate Moist,61,67,0,Cool Temperate Moist Settlement on Mountains,#3D4300
132,Vespa crabro,NA,"14624 Dallgow-Döberitz, Deutschland",inat,13.09,52.52,0.9248781204223632,544,37,111,Cool Temperate,Moist,Forest,Plains,Cool Temperate Moist,1,109,0,Cool Temperate Moist Forest on Plains,#016D00
133,Vespa crabro,NA,"Cité internationale, 69006 Lyon, France",inat,4.85,45.78,1.1894624710083008,844,204,NA,NA,NA,NA,NA,NA,NA,NA,NA,NA,NA
134,Vespa crabro,NA,"Audun-le-Tiche, Grand Est, FR",inat,5.97,49.48,0.8908905982971191,934,358,105,Cool Temperate,Moist,Forest,Hills,Cool Temperate Moist,2,99,1,Cool Temperate Moist Forest on Hills,#026301
135,Vespa crabro,NL,NA,gbif,5.45,51.65,0.9877718925476074,767,9,116,Cool Temperate,Moist,Cropland,Plains,Cool Temperate Moist,29,153,10,Cool Temperate Moist Cropland on Plains,#1D990A
136,Vespa crabro,AT,NA,gbif,16.48,48.26,1.0255562782287595,572,158,120,Cool Temperate,Moist,Settlement,Plains,Cool Temperate Moist,78,119,2,Cool Temperate Moist Settlement on Plains,#4E7702
137,Vespa crabro,NA,"Vámosszabadi, Szabadi u. 18, 9061 Magyarország",inat,17.65,47.75,1.024997901916504,538,108,157,Cool Temperate,Dry,Settlement,Plains,Cool Temperate Dry,140,163,40,Cool Temperate Dry Settlement on Plains,#8CA328
138,Vespa crabro,NL,NA,gbif,4.3,52.05,0.9714204788208008,837,2,120,Cool Temperate,Moist,Settlement,Plains,Cool Temperate Moist,78,119,2,Cool Temperate Moist Settlement on Plains,#4E7702
139,Vespa crabro,DE,NA,gbif,8.96,49.73,0.9009937286376952,946,285,103,Cool Temperate,Moist,Cropland,Mountains,Cool Temperate Moist,33,102,5,Cool Temperate Moist Cropland on Mountains,#216605
140,Vespa crabro,NL,NA,gbif,5.15,52.05,0.9803396224975586,797,2,128,Cool Temperate,Moist,Grassland,Plains,Cool Temperate Moist,22,133,0,Cool Temperate Moist Grassland on Plains,#168500
141,Vespa crabro,NA,"38049 Altopiano della Vigolana TN, Italia",inat,11.2,46.02,0.8804041862487793,638,920,97,Cool Temperate,Moist,Forest,Mountains,Cool Temperate Moist,6,64,0,Cool Temperate Moist Forest on Mountains,#064000
142,Vespa crabro,NA,"Vienna, Vienna, AT",inat,16.43,48.25,1.0255562782287595,572,162,120,Cool Temperate,Moist,Settlement,Plains,Cool Temperate Moist,78,119,2,Cool Temperate Moist Settlement on Plains,#4E7702
143,Vespa crabro,DE,NA,gbif,7.56,52.29,0.9547270774841308,754,43,111,Cool Temperate,Moist,Forest,Plains,Cool Temperate Moist,1,109,0,Cool Temperate Moist Forest on Plains,#016D00
144,Vespa crabro,DE,NA,gbif,7.7,51.93,0.956306266784668,753,54,116,Cool Temperate,Moist,Cropland,Plains,Cool Temperate Moist,29,153,10,Cool Temperate Moist Cropland on Plains,#1D990A
145,Vespa crabro,NA,"Brunnenwasen, Sulzheim, Bayern, DE",inat,10.34,49.95,0.8599041938781739,685,238,110,Cool Temperate,Moist,Cropland,Hills,Cool Temperate Moist,33,144,30,Cool Temperate Moist Cropland on Hills,#21901E
146,Vespa crabro,NL,NA,gbif,5.7,51.6,0.9794114112854004,751,19,128,Cool Temperate,Moist,Grassland,Plains,Cool Temperate Moist,22,133,0,Cool Temperate Moist Grassland on Plains,#168500
147,Vespa crabro,NA,"Sultanbeyli, Istanbul, TR",inat,29.26,40.95,1.3970595359802247,749,252,176,Warm Temperate,Moist,Forest,Mountains,Warm Temperate Moist,49,105,3,Warm Temperate Moist Forest on Mountains,#316903
148,Vespa crabro,DE,NA,gbif,6.51,51.2,1.0501531600952148,751,43,116,Cool Temperate,Moist,Cropland,Plains,Cool Temperate Moist,29,153,10,Cool Temperate Moist Cropland on Plains,#1D990A
149,Vespa crabro,NA,"Steyr Land, AT-OO, AT",inat,14.41,48,0.7522833347320557,922,412,97,Cool Temperate,Moist,Forest,Mountains,Cool Temperate Moist,6,64,0,Cool Temperate Moist Forest on Mountains,#064000
150,Vespa crabro,BE,NA,gbif,4.53,51.18,1.0279624938964844,800,10,128,Cool Temperate,Moist,Grassland,Plains,Cool Temperate Moist,22,133,0,Cool Temperate Moist Grassland on Plains,#168500
151,Vespa crabro,NA,"12349 Berlin-Bezirk Neukölln, Deutschland",inat,13.43,52.43,0.9307083129882812,555,45,120,Cool Temperate,Moist,Settlement,Plains,Cool Temperate Moist,78,119,2,Cool Temperate Moist Settlement on Plains,#4E7702
152,Vespa crabro,NA,"272 01 Kladno 1, Česko",inat,14.1,50.14,0.7910781383514405,538,409,129,Cool Temperate,Moist,Settlement,Tablelands,Cool Temperate Moist,47,63,130,Cool Temperate Moist Settlement on Tablelands,#2F3F82
153,Vespa crabro,IT,NA,gbif,12.6,42.22,1.4798155784606934,520,114,173,Warm Temperate,Moist,Cropland,Mountains,Warm Temperate Moist,100,150,37,Warm Temperate Moist Cropland on Mountains,#649625
154,Vespa crabro,NA,"Groesbeek, Nederland",inat,5.92,51.79,0.9752073287963868,758,79,109,Cool Temperate,Moist,Grassland,Tablelands,Cool Temperate Moist,78,92,155,Cool Temperate Moist Grassland on Tablelands,#4E5C9B
155,Vespa crabro,NA,"2049 Ochusha, Bulgaria",inat,23.73,42.39,0.9139552116394044,613,816,97,Cool Temperate,Moist,Forest,Mountains,Cool Temperate Moist,6,64,0,Cool Temperate Moist Forest on Mountains,#064000
156,Vespa crabro,NA,"Hitchin, England, GB",inat,-0.34,51.92,0.9622093200683594,683,143,102,Cool Temperate,Moist,Cropland,Tablelands,Cool Temperate Moist,99,97,160,Cool Temperate Moist Cropland on Tablelands,#6361A0
157,Vespa crabro,DE,NA,gbif,6.92,49.8,0.7989666938781739,973,355,113,Cool Temperate,Moist,Settlement,Mountains,Cool Temperate Moist,61,67,0,Cool Temperate Moist Settlement on Mountains,#3D4300
158,Vespa crabro,DE,NA,gbif,7.23,51.22,0.8812573432922364,1153,296,129,Cool Temperate,Moist,Settlement,Tablelands,Cool Temperate Moist,47,63,130,Cool Temperate Moist Settlement on Tablelands,#2F3F82
159,Vespa crabro,GB,NA,gbif,-0.89,51.54,0.9717156410217284,726,58,106,Cool Temperate,Moist,Shrubland,Hills,Cool Temperate Moist,23,123,2,Cool Temperate Moist Shrubland on Hills,#177B02
160,Vespa crabro,DE,NA,gbif,8.66,52.16,0.942315673828125,833,86,105,Cool Temperate,Moist,Forest,Hills,Cool Temperate Moist,2,99,1,Cool Temperate Moist Forest on Hills,#026301
161,Vespa crabro,IT,NA,gbif,12.19,45.56,1.3110916137695312,835,6,161,Warm Temperate,Moist,Settlement,Plains,Warm Temperate Moist,163,170,28,Warm Temperate Moist Settlement on Plains,#A3AA1C
162,Vespa crabro,DE,NA,gbif,6.38,51.51,1.006418800354004,737,27,116,Cool Temperate,Moist,Cropland,Plains,Cool Temperate Moist,29,153,10,Cool Temperate Moist Cropland on Plains,#1D990A
163,Vespa crabro,NL,NA,gbif,6.65,52.25,0.9446489334106444,791,12,128,Cool Temperate,Moist,Grassland,Plains,Cool Temperate Moist,22,133,0,Cool Temperate Moist Grassland on Plains,#168500
164,Vespa crabro,NA,"Kisoroszi, 2024 Magyarország",inat,18.99,47.81,0.969893741607666,586,158,NA,NA,NA,NA,NA,NA,NA,NA,NA,NA,NA
165,Vespa crabro,NA,"Veneto, IT",inat,12.22,45.76,1.2987531661987304,921,51,160,Warm Temperate,Moist,Cropland,Plains,Warm Temperate Moist,105,207,54,Warm Temperate Moist Cropland on Plains,#69CF36
166,Vespa crabro,NL,NA,gbif,4.2,51.85,0.984907341003418,832,-3,116,Cool Temperate,Moist,Cropland,Plains,Cool Temperate Moist,29,153,10,Cool Temperate Moist Cropland on Plains,#1D990A
167,Vespa crabro,NL,NA,gbif,5.55,51.95,0.967956256866455,791,10,NA,NA,NA,NA,NA,NA,NA,NA,NA,NA,NA
168,Vespa crabro,NA,"Zichyújfalu, 8112 Magyarország",inat,18.67,47.15,1.0808395385742189,527,122,195,Warm Temperate,Dry,Forest,Plains,Warm Temperate Dry,94,186,42,Warm Temperate Dry Forest on Plains,#5EBA2A
169,Vespa crabro,NL,NA,gbif,6.45,51.85,0.9709635734558104,742,17,116,Cool Temperate,Moist,Cropland,Plains,Cool Temperate Moist,29,153,10,Cool Temperate Moist Cropland on Plains,#1D990A
170,Vespa crabro,NL,NA,gbif,5.1,52.1,0.9803396224975586,797,4,120,Cool Temperate,Moist,Settlement,Plains,Cool Temperate Moist,78,119,2,Cool Temperate Moist Settlement on Plains,#4E7702
171,Vespa crabro,NO,NA,gbif,5.97,62.49,0.5529462814331054,1951,85,NA,NA,NA,NA,NA,NA,NA,NA,NA,NA,NA
172,Vespa crabro,NA,"Brno-Jehnice, Brno, Jihomoravský kraj, CZ",inat,16.6,49.27,0.8612343788146972,515,360,103,Cool Temperate,Moist,Cropland,Mountains,Cool Temperate Moist,33,102,5,Cool Temperate Moist Cropland on Mountains,#216605
173,Vespa crabro,NA,Frangy,inat,5.93,46.02,0.938729190826416,1100,456,172,Warm Temperate,Moist,Settlement,Mountains,Warm Temperate Moist,105,89,18,Warm Temperate Moist Settlement on Mountains,#695912
174,Vespa crabro,AT,NA,gbif,9.57,47.22,0.8715250015258789,1247,552,107,Cool Temperate,Moist,Grassland,Mountains,Cool Temperate Moist,26,83,0,Cool Temperate Moist Grassland on Mountains,#1A5300
175,Vespa crabro,NA,"Usedomer Straße, Henstedt-Ulzburg, Schleswig-Holstein, DE",inat,9.97,53.79,0.8610062599182129,802,34,120,Cool Temperate,Moist,Settlement,Plains,Cool Temperate Moist,78,119,2,Cool Temperate Moist Settlement on Plains,#4E7702
176,Vespa crabro,NA,"Via San Bernardino da Siena, Florence, Tuscany, IT",inat,11.27,43.76,1.4581802368164063,880,89,173,Warm Temperate,Moist,Cropland,Mountains,Warm Temperate Moist,100,150,37,Warm Temperate Moist Cropland on Mountains,#649625
177,Vespa crabro,NL,NA,gbif,5.45,51.35,0.9980051994323732,773,25,120,Cool Temperate,Moist,Settlement,Plains,Cool Temperate Moist,78,119,2,Cool Temperate Moist Settlement on Plains,#4E7702
178,Vespa crabro,NL,NA,gbif,3.8,51.7,1.0230436325073242,754,0,NA,NA,NA,NA,NA,NA,NA,NA,NA,NA,NA
179,Vespa crabro,NL,NA,gbif,4.5,51.7,0.9967260360717772,816,-2,NA,NA,NA,NA,NA,NA,NA,NA,NA,NA,NA
180,Vespa crabro,DE,NA,gbif,7.09,50.72,1.0298375129699706,717,78,108,Cool Temperate,Moist,Settlement,Hills,Cool Temperate Moist,67,109,14,Cool Temperate Moist Settlement on Hills,#436D0E
181,Vespa crabro,NL,NA,gbif,5.1,52.05,0.9803396224975586,797,3,116,Cool Temperate,Moist,Cropland,Plains,Cool Temperate Moist,29,153,10,Cool Temperate Moist Cropland on Plains,#1D990A
182,Vespa crabro,NA,"Baciu, Rumänien",inat,23.5,46.77,0.7858510494232178,617,431,97,Cool Temperate,Moist,Forest,Mountains,Cool Temperate Moist,6,64,0,Cool Temperate Moist Forest on Mountains,#064000
183,Vespa crabro,GB,NA,gbif,-1.5,51.83,0.9933551788330078,646,151,102,Cool Temperate,Moist,Cropland,Tablelands,Cool Temperate Moist,99,97,160,Cool Temperate Moist Cropland on Tablelands,#6361A0
184,Vespa crabro,HU,NA,gbif,18.85,47.64,1.0026854515075685,572,277,97,Cool Temperate,Moist,Forest,Mountains,Cool Temperate Moist,6,64,0,Cool Temperate Moist Forest on Mountains,#064000
185,Vespa crabro,PL,NA,gbif,14.64,52.32,0.9103958129882812,544,64,111,Cool Temperate,Moist,Forest,Plains,Cool Temperate Moist,1,109,0,Cool Temperate Moist Forest on Plains,#016D00
186,Vespa crabro,NA,"Esplanade, Berlin, Berlin, DE",inat,13.4,52.56,0.9484271049499512,572,50,120,Cool Temperate,Moist,Settlement,Plains,Cool Temperate Moist,78,119,2,Cool Temperate Moist Settlement on Plains,#4E7702
187,Vespa crabro,GB,NA,gbif,-2.55,51.98,0.9746603965759276,770,122,110,Cool Temperate,Moist,Cropland,Hills,Cool Temperate Moist,33,144,30,Cool Temperate Moist Cropland on Hills,#21901E
188,Vespa crabro,NA,"87035 Lago CS, Italia",inat,16.15,39.17,1.3459273338317872,956,717,172,Warm Temperate,Moist,Settlement,Mountains,Warm Temperate Moist,105,89,18,Warm Temperate Moist Settlement on Mountains,#695912
189,Vespa crabro,AT,NA,gbif,13.31,46.88,0.2589197874069214,1463,1044,107,Cool Temperate,Moist,Grassland,Mountains,Cool Temperate Moist,26,83,0,Cool Temperate Moist Grassland on Mountains,#1A5300
190,Vespa crabro,NA,"Mayfield TN20 6RJ, UK",inat,0.29,51.02,0.9762770652770996,794,73,114,Cool Temperate,Moist,Grassland,Hills,Cool Temperate Moist,22,124,10,Cool Temperate Moist Grassland on Hills,#167C0A
191,Vespa crabro,NA,"Plav, Montenegro",inat,19.9,42.63,0.585503101348877,1051,1344,97,Cool Temperate,Moist,Forest,Mountains,Cool Temperate Moist,6,64,0,Cool Temperate Moist Forest on Mountains,#064000
192,Vespa crabro,NL,NA,gbif,5.15,51.35,0.9912364959716796,790,30,116,Cool Temperate,Moist,Cropland,Plains,Cool Temperate Moist,29,153,10,Cool Temperate Moist Cropland on Plains,#1D990A
193,Vespa crabro,NA,"Didcot OX11 9GF, UK",inat,-1.22,51.62,0.9953374862670898,682,57,116,Cool Temperate,Moist,Cropland,Plains,Cool Temperate Moist,29,153,10,Cool Temperate Moist Cropland on Plains,#1D990A
194,Vespa crabro,CZ,NA,gbif,17.68,49.23,0.7856906414031982,691,291,113,Cool Temperate,Moist,Settlement,Mountains,Cool Temperate Moist,61,67,0,Cool Temperate Moist Settlement on Mountains,#3D4300
195,Vespa crabro,NL,NA,gbif,6.5,52.8,0.9194552421569824,821,14,116,Cool Temperate,Moist,Cropland,Plains,Cool Temperate Moist,29,153,10,Cool Temperate Moist Cropland on Plains,#1D990A
196,Vespa crabro,NL,NA,gbif,5.2,52.25,0.9507135391235352,827,16,111,Cool Temperate,Moist,Forest,Plains,Cool Temperate Moist,1,109,0,Cool Temperate Moist Forest on Plains,#016D00
197,Vespa crabro,NA,"Helpston, England, UK",inat,-0.35,52.63,0.9580864906311036,606,29,116,Cool Temperate,Moist,Cropland,Plains,Cool Temperate Moist,29,153,10,Cool Temperate Moist Cropland on Plains,#1D990A
198,Vespa crabro,NA,"Katowice Chorzowska, 40-121 Katowice, Polska",inat,19.02,50.27,0.8402271270751953,708,284,120,Cool Temperate,Moist,Settlement,Plains,Cool Temperate Moist,78,119,2,Cool Temperate Moist Settlement on Plains,#4E7702
199,Vespa crabro,NA,"Salamanca, Spain",inat,-5.73,41.03,1.1993114471435546,631,780,190,Warm Temperate,Dry,Cropland,Hills,Warm Temperate Dry,153,217,128,Warm Temperate Dry Cropland on Hills,#99D980
200,Vespa crabro,NL,NA,gbif,6,52.1,0.9595292091369628,817,56,105,Cool Temperate,Moist,Forest,Hills,Cool Temperate Moist,2,99,1,Cool Temperate Moist Forest on Hills,#026301
201,Vespa crabro,GB,NA,gbif,-0.5,51.37,1.0744176864624024,608,15,120,Cool Temperate,Moist,Settlement,Plains,Cool Temperate Moist,78,119,2,Cool Temperate Moist Settlement on Plains,#4E7702
202,Vespa crabro,DE,NA,gbif,8.67,49.45,0.9509333610534668,953,125,172,Warm Temperate,Moist,Settlement,Mountains,Warm Temperate Moist,105,89,18,Warm Temperate Moist Settlement on Mountains,#695912
203,Vespa crabro,GB,NA,gbif,-0.35,51.77,0.9865010261535644,686,118,115,Cool Temperate,Moist,Shrubland,Plains,Cool Temperate Moist,26,131,0,Cool Temperate Moist Shrubland on Plains,#1A8300
204,Vespa crabro,NA,"54 Trier, Germany",inat,6.7,49.73,0.8938666343688965,873,318,113,Cool Temperate,Moist,Settlement,Mountains,Cool Temperate Moist,61,67,0,Cool Temperate Moist Settlement on Mountains,#3D4300
205,Vespa crabro,NA,"Regierungsviertel, 3100 St. Pölten, Österreich",inat,15.63,48.2,0.8747239112854004,643,274,108,Cool Temperate,Moist,Settlement,Hills,Cool Temperate Moist,67,109,14,Cool Temperate Moist Settlement on Hills,#436D0E
206,Vespa crabro,NA,"97, 8341 Axbach, Österreich",inat,15.73,46.96,0.8964437484741211,869,377,101,Cool Temperate,Moist,Forest,Tablelands,Cool Temperate Moist,71,89,181,Cool Temperate Moist Forest on Tablelands,#4759B5
207,Vespa crabro,FR,NA,gbif,-2.98,47.67,1.1876500129699707,912,26,161,Warm Temperate,Moist,Settlement,Plains,Warm Temperate Moist,163,170,28,Warm Temperate Moist Settlement on Plains,#A3AA1C
208,Vespa crabro,NA,"48 Münster-Nord, Deutschland",inat,7.66,52,0.96009578704834,768,56,116,Cool Temperate,Moist,Cropland,Plains,Cool Temperate Moist,29,153,10,Cool Temperate Moist Cropland on Plains,#1D990A
209,Vespa crabro,NA,"Great Bookham, UK",inat,-0.39,51.3,0.9951166152954102,714,35,110,Cool Temperate,Moist,Cropland,Hills,Cool Temperate Moist,33,144,30,Cool Temperate Moist Cropland on Hills,#21901E
210,Vespa crabro,DE,NA,gbif,9.77,52.38,0.950290584564209,654,61,120,Cool Temperate,Moist,Settlement,Plains,Cool Temperate Moist,78,119,2,Cool Temperate Moist Settlement on Plains,#4E7702
211,Vespa crabro,NL,NA,gbif,4.9,51.8,0.97971773147583,794,-1,116,Cool Temperate,Moist,Cropland,Plains,Cool Temperate Moist,29,153,10,Cool Temperate Moist Cropland on Plains,#1D990A
212,Vespa crabro,NL,NA,gbif,5.92,51.98,0.9808792114257812,791,29,108,Cool Temperate,Moist,Settlement,Hills,Cool Temperate Moist,67,109,14,Cool Temperate Moist Settlement on Hills,#436D0E
213,Vespa crabro,FR,NA,gbif,0.28,45.78,1.2387812614440918,835,117,163,Warm Temperate,Moist,Forest,Hills,Warm Temperate Moist,47,146,24,Warm Temperate Moist Forest on Hills,#2F9218
214,Vespa crabro,DE,NA,gbif,8.67,49.88,0.97123441696167,753,162,108,Cool Temperate,Moist,Settlement,Hills,Cool Temperate Moist,67,109,14,Cool Temperate Moist Settlement on Hills,#436D0E
215,Vespa crabro,NA,"Clapiers, France",inat,3.87,43.65,1.481810665130615,645,72,168,Warm Temperate,Moist,Cropland,Hills,Warm Temperate Moist,112,198,86,Warm Temperate Moist Cropland on Hills,#70C656
216,Vespa crabro,NL,NA,gbif,5.15,52,0.9610124588012696,776,1,128,Cool Temperate,Moist,Grassland,Plains,Cool Temperate Moist,22,133,0,Cool Temperate Moist Grassland on Plains,#168500
217,Vespa crabro,DE,NA,gbif,7.12,50.71,1.0298375129699706,717,76,120,Cool Temperate,Moist,Settlement,Plains,Cool Temperate Moist,78,119,2,Cool Temperate Moist Settlement on Plains,#4E7702
218,Vespa crabro,NA,"Turnov 124, 511 01 Turnov, Česko",inat,15.15,50.57,0.8060552597045898,586,302,105,Cool Temperate,Moist,Forest,Hills,Cool Temperate Moist,2,99,1,Cool Temperate Moist Forest on Hills,#026301
219,Vespa crabro,DE,NA,gbif,7.27,51.84,0.938731288909912,819,76,120,Cool Temperate,Moist,Settlement,Plains,Cool Temperate Moist,78,119,2,Cool Temperate Moist Settlement on Plains,#4E7702
220,Vespa crabro,NL,NA,gbif,3.55,51.45,1.040852928161621,757,-1,NA,NA,NA,NA,NA,NA,NA,NA,NA,NA,NA
221,Vespa crabro,NL,NA,gbif,5.5,51.3,0.9874073028564452,732,32,111,Cool Temperate,Moist,Forest,Plains,Cool Temperate Moist,1,109,0,Cool Temperate Moist Forest on Plains,#016D00
222,Vespa crabro,DE,NA,gbif,8.44,49.72,1.0541364669799804,590,88,NA,NA,NA,NA,NA,NA,NA,NA,NA,NA,NA
223,Vespa crabro,NL,NA,gbif,5.92,51.79,0.9752073287963868,758,79,109,Cool Temperate,Moist,Grassland,Tablelands,Cool Temperate Moist,78,92,155,Cool Temperate Moist Grassland on Tablelands,#4E5C9B
224,Vespa crabro,NA,"Bayreuth 2, Bayern, Germany",inat,11.58,49.92,0.7830145835876465,810,361,114,Cool Temperate,Moist,Grassland,Hills,Cool Temperate Moist,22,124,10,Cool Temperate Moist Grassland on Hills,#167C0A
225,Vespa crabro,NL,NA,gbif,4.95,51.8,0.97971773147583,794,2,116,Cool Temperate,Moist,Cropland,Plains,Cool Temperate Moist,29,153,10,Cool Temperate Moist Cropland on Plains,#1D990A
226,Vespa crabro,NA,"Ratingen Eckampstraße, 40880 Ratingen, Deutschland",inat,6.83,51.29,1.0587124824523926,788,54,120,Cool Temperate,Moist,Settlement,Plains,Cool Temperate Moist,78,119,2,Cool Temperate Moist Settlement on Plains,#4E7702
227,Vespa crabro,NA,Botanischer Volkspark Blankenfelde (Pankow),inat,13.4,52.61,0.9484271049499512,572,49,116,Cool Temperate,Moist,Cropland,Plains,Cool Temperate Moist,29,153,10,Cool Temperate Moist Cropland on Plains,#1D990A
228,Vespa crabro,NL,NA,gbif,4.45,52.05,0.971110725402832,849,-3,111,Cool Temperate,Moist,Forest,Plains,Cool Temperate Moist,1,109,0,Cool Temperate Moist Forest on Plains,#016D00
229,Vespa crabro,NA,"39 Magdeburg-Stadtfeld Ost, Deutschland",inat,11.62,52.13,0.9160634994506835,506,53,120,Cool Temperate,Moist,Settlement,Plains,Cool Temperate Moist,78,119,2,Cool Temperate Moist Settlement on Plains,#4E7702
230,Vespa crabro,NA,"Silvón, Boal, Asturias, España",inat,-6.82,43.37,1.20181245803833,1158,264,176,Warm Temperate,Moist,Forest,Mountains,Warm Temperate Moist,49,105,3,Warm Temperate Moist Forest on Mountains,#316903
231,Vespa crabro,IT,NA,gbif,8.61,45.44,1.1822479248046875,903,150,161,Warm Temperate,Moist,Settlement,Plains,Warm Temperate Moist,163,170,28,Warm Temperate Moist Settlement on Plains,#A3AA1C
232,Vespa crabro,NL,NA,gbif,5,52,0.9610124588012696,776,-3,128,Cool Temperate,Moist,Grassland,Plains,Cool Temperate Moist,22,133,0,Cool Temperate Moist Grassland on Plains,#168500
233,Vespa crabro,NA,"Naturpark Elm Lappwald, Königslutter am Elm, Niedersachsen, DE",inat,10.83,52.26,0.8484833717346192,658,116,110,Cool Temperate,Moist,Cropland,Hills,Cool Temperate Moist,33,144,30,Cool Temperate Moist Cropland on Hills,#21901E
234,Vespa crabro,NA,"Montlouet, 28320 Gallardon, France",inat,1.71,48.52,1.0336885452270508,618,141,160,Warm Temperate,Moist,Cropland,Plains,Warm Temperate Moist,105,207,54,Warm Temperate Moist Cropland on Plains,#69CF36
235,Vespa crabro,NL,NA,gbif,5.5,51.95,0.967956256866455,791,2,128,Cool Temperate,Moist,Grassland,Plains,Cool Temperate Moist,22,133,0,Cool Temperate Moist Grassland on Plains,#168500
236,Vespa crabro,FR,NA,gbif,1.64,49.07,1.0553458213806153,635,50,163,Warm Temperate,Moist,Forest,Hills,Warm Temperate Moist,47,146,24,Warm Temperate Moist Forest on Hills,#2F9218
237,Vespa crabro,NL,NA,gbif,4.95,51.8,0.97971773147583,794,2,116,Cool Temperate,Moist,Cropland,Plains,Cool Temperate Moist,29,153,10,Cool Temperate Moist Cropland on Plains,#1D990A
238,Vespa crabro,NL,NA,gbif,5.4,52.45,0.9534229278564452,781,-4,NA,NA,NA,NA,NA,NA,NA,NA,NA,NA,NA
239,Vespa crabro,NA,"81540 Sorèze, France",inat,2.13,43.43,1.1860177040100095,844,681,97,Cool Temperate,Moist,Forest,Mountains,Cool Temperate Moist,6,64,0,Cool Temperate Moist Forest on Mountains,#064000
240,Vespa crabro,NA,"Corso Giuseppe Garibaldi, Siderno, Calabria, IT",inat,16.29,38.27,1.748553466796875,862,44,172,Warm Temperate,Moist,Settlement,Mountains,Warm Temperate Moist,105,89,18,Warm Temperate Moist Settlement on Mountains,#695912
241,Vespa crabro,SE,NA,gbif,12.83,56.67,0.7363234519958496,827,19,108,Cool Temperate,Moist,Settlement,Hills,Cool Temperate Moist,67,109,14,Cool Temperate Moist Settlement on Hills,#436D0E
242,Vespa crabro,NL,NA,gbif,6.4,53.1,0.8974020957946778,835,5,128,Cool Temperate,Moist,Grassland,Plains,Cool Temperate Moist,22,133,0,Cool Temperate Moist Grassland on Plains,#168500
243,Vespa crabro,NA,Séris,inat,1.53,47.75,1.121596908569336,643,112,160,Warm Temperate,Moist,Cropland,Plains,Warm Temperate Moist,105,207,54,Warm Temperate Moist Cropland on Plains,#69CF36
244,Vespa crabro,NA,"Waldstraßenviertel, 04 Leipzig, Germany",inat,12.36,51.35,0.933927059173584,548,113,111,Cool Temperate,Moist,Forest,Plains,Cool Temperate Moist,1,109,0,Cool Temperate Moist Forest on Plains,#016D00
245,Vespa crabro,NA,"8141 Unterpremstätten, Österreich",inat,15.4,46.97,0.8970624923706054,899,346,108,Cool Temperate,Moist,Settlement,Hills,Cool Temperate Moist,67,109,14,Cool Temperate Moist Settlement on Hills,#436D0E
246,Vespa crabro,DE,NA,gbif,7.44,49.48,0.8872937202453614,853,269,107,Cool Temperate,Moist,Grassland,Mountains,Cool Temperate Moist,26,83,0,Cool Temperate Moist Grassland on Mountains,#1A5300
247,Vespa crabro,NA,"00167 Palanga, Lietuva",inat,21.1,56,0.7181868553161621,739,10,116,Cool Temperate,Moist,Cropland,Plains,Cool Temperate Moist,29,153,10,Cool Temperate Moist Cropland on Plains,#1D990A
248,Vespa crabro,NA,"Autobuska Okretnica, Sremska Kamenica, Serbia",inat,19.82,45.18,1.1062989234924316,613,268,97,Cool Temperate,Moist,Forest,Mountains,Cool Temperate Moist,6,64,0,Cool Temperate Moist Forest on Mountains,#064000
249,Vespa crabro,NA,"Brusebergstr., 13407 Berlin, Deutschland",inat,13.35,52.57,0.9484271049499512,572,44,120,Cool Temperate,Moist,Settlement,Plains,Cool Temperate Moist,78,119,2,Cool Temperate Moist Settlement on Plains,#4E7702
250,Vespa crabro,PT,NA,gbif,-8.62,39.42,1.6346406936645508,717,91,178,Warm Temperate,Moist,Cropland,Tablelands,Warm Temperate Moist,61,89,194,Warm Temperate Moist Cropland on Tablelands,#3D59C2
251,Vespa crabro,NL,NA,gbif,5.65,52,0.967956256866455,791,9,128,Cool Temperate,Moist,Grassland,Plains,Cool Temperate Moist,22,133,0,Cool Temperate Moist Grassland on Plains,#168500
252,Vespa crabro,NL,NA,gbif,5.85,51.7,0.9752073287963868,758,11,116,Cool Temperate,Moist,Cropland,Plains,Cool Temperate Moist,29,153,10,Cool Temperate Moist Cropland on Plains,#1D990A
253,Vespa crabro,NA,"Trento, Trentino-Alto Adige, IT",inat,11.01,45.93,0.9446865081787108,650,645,103,Cool Temperate,Moist,Cropland,Mountains,Cool Temperate Moist,33,102,5,Cool Temperate Moist Cropland on Mountains,#216605
254,Vespa crabro,DE,NA,gbif,6.78,51.9,0.9625093460083008,799,53,116,Cool Temperate,Moist,Cropland,Plains,Cool Temperate Moist,29,153,10,Cool Temperate Moist Cropland on Plains,#1D990A
255,Vespa crabro,NA,"St Sauveur, 37000 Tours, France",inat,0.68,47.38,1.1457645416259763,676,53,161,Warm Temperate,Moist,Settlement,Plains,Warm Temperate Moist,163,170,28,Warm Temperate Moist Settlement on Plains,#A3AA1C
256,Vespa crabro,DE,NA,gbif,7.14,50.66,0.9436041831970214,730,143,97,Cool Temperate,Moist,Forest,Mountains,Cool Temperate Moist,6,64,0,Cool Temperate Moist Forest on Mountains,#064000
257,Vespa crabro,NA,"Rottenmann, Österreich",inat,14.36,47.51,0.5184541702270508,1141,1076,97,Cool Temperate,Moist,Forest,Mountains,Cool Temperate Moist,6,64,0,Cool Temperate Moist Forest on Mountains,#064000
258,Vespa crabro,DE,NA,gbif,7.73,53.59,0.8906844139099122,795,-1,128,Cool Temperate,Moist,Grassland,Plains,Cool Temperate Moist,22,133,0,Cool Temperate Moist Grassland on Plains,#168500
259,Vespa crabro,NA,"45290 Nogent-sur-Vernisson, France",inat,2.75,47.84,1.07966251373291,658,133,160,Warm Temperate,Moist,Cropland,Plains,Warm Temperate Moist,105,207,54,Warm Temperate Moist Cropland on Plains,#69CF36
260,Vespa crabro,FR,NA,gbif,0.08,46.48,1.138630199432373,831,143,160,Warm Temperate,Moist,Cropland,Plains,Warm Temperate Moist,105,207,54,Warm Temperate Moist Cropland on Plains,#69CF36
261,Vespa crabro,NA,"Кам'янець-Подільський район, Хмельницька область, Україна",inat,26.79,48.63,0.8455635070800781,581,207,105,Cool Temperate,Moist,Forest,Hills,Cool Temperate Moist,2,99,1,Cool Temperate Moist Forest on Hills,#026301
262,Vespa crabro,NA,"Аккуавива, Сан-Марино",inat,12.41,43.95,1.2847437858581543,896,244,174,Warm Temperate,Moist,Sparsely or Non vegetated,Mountains,Warm Temperate Moist,126,149,37,Warm Temperate Moist Sparsely or Non vegetated on Mountains,#7E9525
263,Vespa crabro,DE,NA,gbif,9.69,52.61,0.919127082824707,668,38,120,Cool Temperate,Moist,Settlement,Plains,Cool Temperate Moist,78,119,2,Cool Temperate Moist Settlement on Plains,#4E7702
264,Vespa crabro,NA,"63322 Rödermark, Deutschland",inat,8.81,49.99,0.97123441696167,753,153,110,Cool Temperate,Moist,Cropland,Hills,Cool Temperate Moist,33,144,30,Cool Temperate Moist Cropland on Hills,#21901E
265,Vespa crabro,CH,NA,gbif,8.01,47.53,0.8482301712036133,1286,345,103,Cool Temperate,Moist,Cropland,Mountains,Cool Temperate Moist,33,102,5,Cool Temperate Moist Cropland on Mountains,#216605
266,Vespa crabro,NA,"Laundry Cottage, Whitchurch RG28 7NT, UK",inat,-1.3,51.24,0.9641156196594238,771,102,110,Cool Temperate,Moist,Cropland,Hills,Cool Temperate Moist,33,144,30,Cool Temperate Moist Cropland on Hills,#21901E
267,Vespa crabro,NA,"Botanical garden, Zagreb, Zagreb, HR",inat,15.97,45.8,1.1014406204223632,906,125,161,Warm Temperate,Moist,Settlement,Plains,Warm Temperate Moist,163,170,28,Warm Temperate Moist Settlement on Plains,#A3AA1C
268,Vespa crabro,NA,"69530 Orliénas, France",inat,4.72,45.66,1.136661434173584,838,320,171,Warm Temperate,Moist,Grassland,Mountains,Warm Temperate Moist,86,129,14,Warm Temperate Moist Grassland on Mountains,#56810E
269,Vespa crabro,NA,"Provincia di Frosinone, Italia",inat,13.01,41.78,1.398436450958252,1012,245,173,Warm Temperate,Moist,Cropland,Mountains,Warm Temperate Moist,100,150,37,Warm Temperate Moist Cropland on Mountains,#649625
270,Vespa crabro,AT,NA,gbif,15.44,47.07,0.8947572708129883,862,362,113,Cool Temperate,Moist,Settlement,Mountains,Cool Temperate Moist,61,67,0,Cool Temperate Moist Settlement on Mountains,#3D4300
271,Vespa crabro,NA,"Sonnenberg, 70 Stuttgart-Möhringen, Germany",inat,9.14,48.74,0.8853989601135254,740,411,101,Cool Temperate,Moist,Forest,Tablelands,Cool Temperate Moist,71,89,181,Cool Temperate Moist Forest on Tablelands,#4759B5
272,Vespa crabro,NA,"Steinberg, Ligist, Styria, AT",inat,15.23,46.98,0.8623719215393066,984,441,107,Cool Temperate,Moist,Grassland,Mountains,Cool Temperate Moist,26,83,0,Cool Temperate Moist Grassland on Mountains,#1A5300
273,Vespa crabro,NL,NA,gbif,5,52.25,0.9512177467346192,822,-2,128,Cool Temperate,Moist,Grassland,Plains,Cool Temperate Moist,22,133,0,Cool Temperate Moist Grassland on Plains,#168500
274,Vespa crabro,HR,NA,gbif,13.88,45.12,1.2602229118347168,956,332,178,Warm Temperate,Moist,Cropland,Tablelands,Warm Temperate Moist,61,89,194,Warm Temperate Moist Cropland on Tablelands,#3D59C2
275,Vespa crabro,DE,NA,gbif,8.94,47.72,0.8871864318847656,866,416,116,Cool Temperate,Moist,Cropland,Plains,Cool Temperate Moist,29,153,10,Cool Temperate Moist Cropland on Plains,#1D990A
276,Vespa crabro,GB,NA,gbif,-1.7,52.38,0.9318979263305665,715,106,116,Cool Temperate,Moist,Cropland,Plains,Cool Temperate Moist,29,153,10,Cool Temperate Moist Cropland on Plains,#1D990A
277,Vespa crabro,NL,NA,gbif,4.05,51.25,1.0351354598999023,797,6,116,Cool Temperate,Moist,Cropland,Plains,Cool Temperate Moist,29,153,10,Cool Temperate Moist Cropland on Plains,#1D990A
278,Vespa crabro,NA,"Centro Direzionale, 20124 Milano MI, Italy",inat,9.19,45.49,1.2738364219665528,924,132,161,Warm Temperate,Moist,Settlement,Plains,Warm Temperate Moist,163,170,28,Warm Temperate Moist Settlement on Plains,#A3AA1C
279,Vespa crabro,FR,NA,gbif,4.6,44.96,1.0208624839782714,952,674,97,Cool Temperate,Moist,Forest,Mountains,Cool Temperate Moist,6,64,0,Cool Temperate Moist Forest on Mountains,#064000
280,Vespa crabro,NA,"Зайдниц, 01 Дрезден-Блазевиц, Германия",inat,13.81,51.03,0.9604218482971192,653,111,120,Cool Temperate,Moist,Settlement,Plains,Cool Temperate Moist,78,119,2,Cool Temperate Moist Settlement on Plains,#4E7702
281,Vespa crabro,NL,NA,gbif,4.8,51.8,0.9918021202087404,806,-7,NA,NA,NA,NA,NA,NA,NA,NA,NA,NA,NA
282,Vespa crabro,PL,NA,gbif,16.93,52.42,0.859751033782959,507,72,116,Cool Temperate,Moist,Cropland,Plains,Cool Temperate Moist,29,153,10,Cool Temperate Moist Cropland on Plains,#1D990A
283,Vespa crabro,NA,"Trg Mladosti, Velenje, Velenje, SI",inat,15.12,46.36,0.86721773147583,1261,411,113,Cool Temperate,Moist,Settlement,Mountains,Cool Temperate Moist,61,67,0,Cool Temperate Moist Settlement on Mountains,#3D4300
284,Vespa crabro,IT,NA,gbif,9.92,44.07,1.3604509353637697,1072,156,176,Warm Temperate,Moist,Forest,Mountains,Warm Temperate Moist,49,105,3,Warm Temperate Moist Forest on Mountains,#316903
285,Vespa crabro,NA,"41029 Sestola MO, Italia",inat,10.77,44.23,0.9265104293823242,1182,904,113,Cool Temperate,Moist,Settlement,Mountains,Cool Temperate Moist,61,67,0,Cool Temperate Moist Settlement on Mountains,#3D4300
286,Vespa crabro,DE,NA,gbif,6.98,51.55,1.0271708488464355,841,43,110,Cool Temperate,Moist,Cropland,Hills,Cool Temperate Moist,33,144,30,Cool Temperate Moist Cropland on Hills,#21901E
287,Vespa crabro,NA,"83110 Sanary-sur-Mer, France",inat,5.8,43.13,1.5043931961059571,638,62,172,Warm Temperate,Moist,Settlement,Mountains,Warm Temperate Moist,105,89,18,Warm Temperate Moist Settlement on Mountains,#695912
288,Vespa crabro,NA,"Via Ticineto, Valmacca, Piemonte, IT",inat,8.58,45.1,1.2511219024658202,782,94,160,Warm Temperate,Moist,Cropland,Plains,Warm Temperate Moist,105,207,54,Warm Temperate Moist Cropland on Plains,#69CF36
289,Vespa crabro,GB,NA,gbif,-2.64,50.9,1.011894798278809,798,64,NA,NA,NA,NA,NA,NA,NA,NA,NA,NA,NA
290,Vespa crabro,NA,"Wolverhampton Road, Dudley DY3 3RS, UK",inat,-2.13,52.56,0.9133010864257812,969,173,102,Cool Temperate,Moist,Cropland,Tablelands,Cool Temperate Moist,99,97,160,Cool Temperate Moist Cropland on Tablelands,#6361A0
291,Vespa crabro,SK,NA,gbif,21.24,48.99,0.8139843940734863,661,273,113,Cool Temperate,Moist,Settlement,Mountains,Cool Temperate Moist,61,67,0,Cool Temperate Moist Settlement on Mountains,#3D4300
292,Vespa crabro,DE,NA,gbif,7.87,48.44,1.0097469329833983,969,147,128,Cool Temperate,Moist,Grassland,Plains,Cool Temperate Moist,22,133,0,Cool Temperate Moist Grassland on Plains,#168500
293,Vespa crabro,DE,NA,gbif,7.65,48.05,1.0584343910217284,952,246,172,Warm Temperate,Moist,Settlement,Mountains,Warm Temperate Moist,105,89,18,Warm Temperate Moist Settlement on Mountains,#695912
294,Vespa crabro,NL,NA,gbif,5.7,51.85,0.9700655937194824,799,7,128,Cool Temperate,Moist,Grassland,Plains,Cool Temperate Moist,22,133,0,Cool Temperate Moist Grassland on Plains,#168500
295,Vespa crabro,NA,"71120 Vaudebarrier, France",inat,4.31,46.42,1.0548978805541993,782,313,164,Warm Temperate,Moist,Grassland,Hills,Warm Temperate Moist,86,172,49,Warm Temperate Moist Grassland on Hills,#56AC31
296,Vespa crabro,NA,"Hans-Resel-Gasse, Graz, Steiermark, AT",inat,15.42,47.07,0.8947572708129883,862,359,113,Cool Temperate,Moist,Settlement,Mountains,Cool Temperate Moist,61,67,0,Cool Temperate Moist Settlement on Mountains,#3D4300
297,Vespa crabro,NA,"Nantes, Pays de la Loire, France",inat,-1.58,47.27,1.191419792175293,794,41,159,Warm Temperate,Moist,Grassland,Plains,Warm Temperate Moist,91,184,24,Warm Temperate Moist Grassland on Plains,#5BB818
298,Vespa crabro,NA,"Sekłak 20, 07-120, Polska",inat,21.75,52.48,0.7667541980743409,497,101,116,Cool Temperate,Moist,Cropland,Plains,Cool Temperate Moist,29,153,10,Cool Temperate Moist Cropland on Plains,#1D990A
299,Vespa crabro,NA,"Shinfield Road, Reading, England, GB",inat,-0.95,51.44,1.0206354141235352,701,54,120,Cool Temperate,Moist,Settlement,Plains,Cool Temperate Moist,78,119,2,Cool Temperate Moist Settlement on Plains,#4E7702
300,Vespa crabro,NL,NA,gbif,5.25,52.05,0.9599833488464355,815,3,128,Cool Temperate,Moist,Grassland,Plains,Cool Temperate Moist,22,133,0,Cool Temperate Moist Grassland on Plains,#168500
301,Vespa crabro,IT,NA,gbif,12.22,42.25,1.377066707611084,217,313,173,Warm Temperate,Moist,Cropland,Mountains,Warm Temperate Moist,100,150,37,Warm Temperate Moist Cropland on Mountains,#649625
302,Vespa crabro,NA,"Las Casiñas, s/n, 10514, Cáceres, España",inat,-7.29,39.34,1.5354687690734865,690,670,176,Warm Temperate,Moist,Forest,Mountains,Warm Temperate Moist,49,105,3,Warm Temperate Moist Forest on Mountains,#316903
303,Vespa crabro,NA,"Corso Bruno Peirolo, Bussoleno, Piemonte, IT",inat,7.14,45.14,0.6286448001861572,1080,552,173,Warm Temperate,Moist,Cropland,Mountains,Warm Temperate Moist,100,150,37,Warm Temperate Moist Cropland on Mountains,#649625
304,Vespa crabro,NA,"3405 Lagos da Beira, פורטוגל",inat,-7.83,40.37,1.3613958358764648,1452,510,173,Warm Temperate,Moist,Cropland,Mountains,Warm Temperate Moist,100,150,37,Warm Temperate Moist Cropland on Mountains,#649625
305,Vespa crabro,DE,NA,gbif,9.99,51.51,0.8735249519348145,714,295,101,Cool Temperate,Moist,Forest,Tablelands,Cool Temperate Moist,71,89,181,Cool Temperate Moist Forest on Tablelands,#4759B5
306,Vespa crabro,NA,"1-ва, Prilep, Dobrich, BG",inat,27.91,43.4,1.075864601135254,513,172,184,Warm Temperate,Dry,Cropland,Mountains,Warm Temperate Dry,141,179,80,Warm Temperate Dry Cropland on Mountains,#8DB350
307,Vespa crabro,NA,"Hörersdorf Wirtshausgasse, 2132 Mistelbach, Austria",inat,16.52,48.63,0.9787979125976564,592,272,110,Cool Temperate,Moist,Cropland,Hills,Cool Temperate Moist,33,144,30,Cool Temperate Moist Cropland on Hills,#21901E
308,Vespa crabro,NA,"Tulln, Österreich",inat,16.18,48.33,0.9368698120117188,598,176,116,Cool Temperate,Moist,Cropland,Plains,Cool Temperate Moist,29,153,10,Cool Temperate Moist Cropland on Plains,#1D990A
309,Vespa crabro,NA,"Pulborough, England, GB",inat,-0.6,50.92,0.9978958129882812,798,93,110,Cool Temperate,Moist,Cropland,Hills,Cool Temperate Moist,33,144,30,Cool Temperate Moist Cropland on Hills,#21901E
310,Vespa crabro,NA,"Mook, Netherlands",inat,5.89,51.77,0.9752073287963868,758,44,105,Cool Temperate,Moist,Forest,Hills,Cool Temperate Moist,2,99,1,Cool Temperate Moist Forest on Hills,#026301
311,Vespa crabro,NA,"3Q6Q+5R Lago Verde, 12110 Alcora, Castellón, España",inat,-0.21,40.06,1.459151077270508,434,235,194,Warm Temperate,Dry,Forest,Mountains,Warm Temperate Dry,96,139,37,Warm Temperate Dry Forest on Mountains,#608B25
312,Vespa crabro,NL,NA,gbif,5.9,50.85,0.9916646003723144,781,129,109,Cool Temperate,Moist,Grassland,Tablelands,Cool Temperate Moist,78,92,155,Cool Temperate Moist Grassland on Tablelands,#4E5C9B
313,Vespa crabro,BE,NA,gbif,4.52,51.22,1.0279624938964844,800,8,116,Cool Temperate,Moist,Cropland,Plains,Cool Temperate Moist,29,153,10,Cool Temperate Moist Cropland on Plains,#1D990A
314,Vespa crabro,DK,NA,gbif,10.05,56.21,0.7584583282470703,653,66,116,Cool Temperate,Moist,Cropland,Plains,Cool Temperate Moist,29,153,10,Cool Temperate Moist Cropland on Plains,#1D990A
315,Vespa crabro,NL,NA,gbif,5.6,51.85,0.967956256866455,791,6,116,Cool Temperate,Moist,Cropland,Plains,Cool Temperate Moist,29,153,10,Cool Temperate Moist Cropland on Plains,#1D990A
316,Vespa crabro,NL,NA,gbif,5.65,51.95,0.967956256866455,791,7,116,Cool Temperate,Moist,Cropland,Plains,Cool Temperate Moist,29,153,10,Cool Temperate Moist Cropland on Plains,#1D990A
317,Vespa crabro,NA,"Gelderland, NL",inat,5.77,51.99,0.9700655937194824,799,31,116,Cool Temperate,Moist,Cropland,Plains,Cool Temperate Moist,29,153,10,Cool Temperate Moist Cropland on Plains,#1D990A
318,Vespa crabro,NA,"Mendip Road, Bristol, England, GB",inat,-2.83,51.39,1.012955093383789,926,4,120,Cool Temperate,Moist,Settlement,Plains,Cool Temperate Moist,78,119,2,Cool Temperate Moist Settlement on Plains,#4E7702
319,Vespa crabro,DE,NA,gbif,11.33,48.16,0.8233562469482422,994,530,110,Cool Temperate,Moist,Cropland,Hills,Cool Temperate Moist,33,144,30,Cool Temperate Moist Cropland on Hills,#21901E
320,Vespa crabro,NA,"Górowo Iławeckie, Polska",inat,20.35,54.39,0.7138968944549561,761,123,105,Cool Temperate,Moist,Forest,Hills,Cool Temperate Moist,2,99,1,Cool Temperate Moist Forest on Hills,#026301
321,Vespa crabro,NA,Netherlands,inat,5.83,51.83,0.9782135009765623,760,13,120,Cool Temperate,Moist,Settlement,Plains,Cool Temperate Moist,78,119,2,Cool Temperate Moist Settlement on Plains,#4E7702
322,Vespa crabro,NL,NA,gbif,7,52.25,0.9381510734558104,775,37,116,Cool Temperate,Moist,Cropland,Plains,Cool Temperate Moist,29,153,10,Cool Temperate Moist Cropland on Plains,#1D990A
323,Vespa crabro,NA,"Páka, 8956 Magyarország",inat,16.65,46.59,1.005786418914795,778,213,110,Cool Temperate,Moist,Cropland,Hills,Cool Temperate Moist,33,144,30,Cool Temperate Moist Cropland on Hills,#21901E
324,Vespa crabro,NL,NA,gbif,3.85,51.5,1.0314996719360352,800,-2,116,Cool Temperate,Moist,Cropland,Plains,Cool Temperate Moist,29,153,10,Cool Temperate Moist Cropland on Plains,#1D990A
325,Vespa crabro,NA,"73642 Welzheim, Deutschland",inat,9.63,48.87,0.8363228797912597,1081,498,129,Cool Temperate,Moist,Settlement,Tablelands,Cool Temperate Moist,47,63,130,Cool Temperate Moist Settlement on Tablelands,#2F3F82
326,Vespa crabro,GB,NA,gbif,0.03,51.57,1.0349489212036134,611,21,161,Warm Temperate,Moist,Settlement,Plains,Warm Temperate Moist,163,170,28,Warm Temperate Moist Settlement on Plains,#A3AA1C
327,Vespa crabro,DE,NA,gbif,8.96,48.77,0.8704999923706055,789,423,110,Cool Temperate,Moist,Cropland,Hills,Cool Temperate Moist,33,144,30,Cool Temperate Moist Cropland on Hills,#21901E
328,Vespa crabro,NL,NA,gbif,5,52.3,0.9512177467346192,822,-1,128,Cool Temperate,Moist,Grassland,Plains,Cool Temperate Moist,22,133,0,Cool Temperate Moist Grassland on Plains,#168500
329,Vespa crabro,NA,"Provincia di Ancona, Italia",inat,13.2,43.57,1.3672566413879397,751,151,168,Warm Temperate,Moist,Cropland,Hills,Warm Temperate Moist,112,198,86,Warm Temperate Moist Cropland on Hills,#70C656
330,Vespa crabro,DE,NA,gbif,7.83,47.97,0.9775771141052246,969,357,113,Cool Temperate,Moist,Settlement,Mountains,Cool Temperate Moist,61,67,0,Cool Temperate Moist Settlement on Mountains,#3D4300
331,Vespa crabro,FR,NA,gbif,4.42,44.04,1.3320708274841309,831,115,168,Warm Temperate,Moist,Cropland,Hills,Warm Temperate Moist,112,198,86,Warm Temperate Moist Cropland on Hills,#70C656
332,Vespa crabro,NA,"67100 Bazzano, Province of L'Aquila, Italy",inat,13.45,42.34,0.8746354103088378,867,574,171,Warm Temperate,Moist,Grassland,Mountains,Warm Temperate Moist,86,129,14,Warm Temperate Moist Grassland on Mountains,#56810E
333,Vespa crabro,NL,NA,gbif,3.9,51.45,1.0314996719360352,800,-2,116,Cool Temperate,Moist,Cropland,Plains,Cool Temperate Moist,29,153,10,Cool Temperate Moist Cropland on Plains,#1D990A
334,Vespa crabro,NA,"Crooke Road, Wigan, England, GB",inat,-2.68,53.56,0.9337458610534668,967,46,110,Cool Temperate,Moist,Cropland,Hills,Cool Temperate Moist,33,144,30,Cool Temperate Moist Cropland on Hills,#21901E
335,Vespa crabro,NL,NA,gbif,5.8,51.85,0.9700655937194824,799,9,116,Cool Temperate,Moist,Cropland,Plains,Cool Temperate Moist,29,153,10,Cool Temperate Moist Cropland on Plains,#1D990A
336,Vespa crabro,GB,NA,gbif,0.07,51.46,1.0168333053588867,665,56,177,Warm Temperate,Moist,Settlement,Tablelands,Warm Temperate Moist,62,63,152,Warm Temperate Moist Settlement on Tablelands,#3E3F98
337,Vespa crabro,FR,NA,gbif,1.95,48.98,1.0736177444458008,629,43,163,Warm Temperate,Moist,Forest,Hills,Warm Temperate Moist,47,146,24,Warm Temperate Moist Forest on Hills,#2F9218
338,Vespa crabro,NA,"Berliner Innenstadt, Berlin, Deutschland",inat,13.44,52.52,0.9484271049499512,572,47,111,Cool Temperate,Moist,Forest,Plains,Cool Temperate Moist,1,109,0,Cool Temperate Moist Forest on Plains,#016D00
339,Vespa crabro,NL,NA,gbif,5.1,51.85,0.9610124588012696,776,-6,128,Cool Temperate,Moist,Grassland,Plains,Cool Temperate Moist,22,133,0,Cool Temperate Moist Grassland on Plains,#168500
340,Vespa crabro,NA,"04350 Malijai, France",inat,6.03,44.05,1.1305479049682616,807,569,172,Warm Temperate,Moist,Settlement,Mountains,Warm Temperate Moist,105,89,18,Warm Temperate Moist Settlement on Mountains,#695912
341,Vespa crabro,NL,NA,gbif,5.05,52,0.9610124588012696,776,1,128,Cool Temperate,Moist,Grassland,Plains,Cool Temperate Moist,22,133,0,Cool Temperate Moist Grassland on Plains,#168500
342,Vespa crabro,NA,"Rocca Canterano, Lazio, IT",inat,13.01,41.95,1.1239343643188475,829,666,176,Warm Temperate,Moist,Forest,Mountains,Warm Temperate Moist,49,105,3,Warm Temperate Moist Forest on Mountains,#316903
343,Vespa crabro,NA,"Páka, 8956 Magyarország",inat,16.65,46.59,1.005786418914795,778,213,110,Cool Temperate,Moist,Cropland,Hills,Cool Temperate Moist,33,144,30,Cool Temperate Moist Cropland on Hills,#21901E
344,Vespa crabro,NA,"Kings Comp School, Wolverhampton WV6 8XG, UK",inat,-2.18,52.6,0.8992489814758301,887,122,108,Cool Temperate,Moist,Settlement,Hills,Cool Temperate Moist,67,109,14,Cool Temperate Moist Settlement on Hills,#436D0E
345,Vespa crabro,NL,NA,gbif,5.8,51,1.0079051971435546,754,55,116,Cool Temperate,Moist,Cropland,Plains,Cool Temperate Moist,29,153,10,Cool Temperate Moist Cropland on Plains,#1D990A
346,Vespa crabro,NA,"01 Dresden-Altstadt, Deutschland",inat,13.77,51.03,0.9604218482971192,653,112,120,Cool Temperate,Moist,Settlement,Plains,Cool Temperate Moist,78,119,2,Cool Temperate Moist Settlement on Plains,#4E7702
347,Vespa crabro,NL,NA,gbif,6.25,52.15,0.9676468849182128,789,11,128,Cool Temperate,Moist,Grassland,Plains,Cool Temperate Moist,22,133,0,Cool Temperate Moist Grassland on Plains,#168500
348,Vespa crabro,IT,NA,gbif,11.35,46.5,0.7397343635559082,643,477,172,Warm Temperate,Moist,Settlement,Mountains,Warm Temperate Moist,105,89,18,Warm Temperate Moist Settlement on Mountains,#695912
349,Vespa crabro,NL,NA,gbif,3.5,51.55,1.0425701141357422,767,4,116,Cool Temperate,Moist,Cropland,Plains,Cool Temperate Moist,29,153,10,Cool Temperate Moist Cropland on Plains,#1D990A
350,Vespa crabro,NA,"Mairie, 62670 Mazingarbe, France",inat,2.72,50.47,1.0122187614440918,703,37,120,Cool Temperate,Moist,Settlement,Plains,Cool Temperate Moist,78,119,2,Cool Temperate Moist Settlement on Plains,#4E7702
351,Vespa crabro,NA,"Southampton SO16, Vereinigtes Königreich",inat,-1.41,50.93,1.0662878036499024,758,45,163,Warm Temperate,Moist,Forest,Hills,Warm Temperate Moist,47,146,24,Warm Temperate Moist Forest on Hills,#2F9218
352,Vespa crabro,NA,"31199 Diekholzen, Deutschland",inat,9.98,52.11,0.8856114387512207,758,115,110,Cool Temperate,Moist,Cropland,Hills,Cool Temperate Moist,33,144,30,Cool Temperate Moist Cropland on Hills,#21901E
353,Vespa crabro,NA,"06 Leuna-Kreypau, Germany",inat,12.07,51.33,0.9390791893005372,517,95,116,Cool Temperate,Moist,Cropland,Plains,Cool Temperate Moist,29,153,10,Cool Temperate Moist Cropland on Plains,#1D990A
354,Vespa crabro,DE,NA,gbif,8.56,50,1.020603084564209,638,102,111,Cool Temperate,Moist,Forest,Plains,Cool Temperate Moist,1,109,0,Cool Temperate Moist Forest on Plains,#016D00
355,Vespa crabro,NA,"Pinhanços, 6270, Portugal",inat,-7.67,40.46,1.3613958358764648,1452,471,173,Warm Temperate,Moist,Cropland,Mountains,Warm Temperate Moist,100,150,37,Warm Temperate Moist Cropland on Mountains,#649625
356,Vespa crabro,NL,NA,gbif,5.05,51.65,0.9860114097595216,794,12,111,Cool Temperate,Moist,Forest,Plains,Cool Temperate Moist,1,109,0,Cool Temperate Moist Forest on Plains,#016D00
357,Vespa crabro,NA,"Sremski Karlovci, Serbia",inat,19.91,45.16,1.0858187675476074,646,299,97,Cool Temperate,Moist,Forest,Mountains,Cool Temperate Moist,6,64,0,Cool Temperate Moist Forest on Mountains,#064000
358,Vespa crabro,DE,NA,gbif,9.29,52.49,0.940571880340576,718,46,116,Cool Temperate,Moist,Cropland,Plains,Cool Temperate Moist,29,153,10,Cool Temperate Moist Cropland on Plains,#1D990A
359,Vespa crabro,DE,NA,gbif,8.19,49.1,1.0336833000183103,748,124,116,Cool Temperate,Moist,Cropland,Plains,Cool Temperate Moist,29,153,10,Cool Temperate Moist Cropland on Plains,#1D990A
360,Vespa crabro,NL,NA,gbif,4.35,52.05,0.971110725402832,849,2,120,Cool Temperate,Moist,Settlement,Plains,Cool Temperate Moist,78,119,2,Cool Temperate Moist Settlement on Plains,#4E7702
361,Vespa crabro,FR,NA,gbif,-1.59,46.43,1.262642765045166,754,6,167,Warm Temperate,Moist,Shrubland,Plains,Warm Temperate Moist,101,184,9,Warm Temperate Moist Shrubland on Plains,#65B809
362,Vespa crabro,NL,NA,gbif,6.15,51.5,1.005424976348877,735,19,116,Cool Temperate,Moist,Cropland,Plains,Cool Temperate Moist,29,153,10,Cool Temperate Moist Cropland on Plains,#1D990A
363,Vespa crabro,NA,"Spacerowa 02, 00-747 Warszawa, Polska",inat,21.03,52.21,0.8199728965759278,496,104,111,Cool Temperate,Moist,Forest,Plains,Cool Temperate Moist,1,109,0,Cool Temperate Moist Forest on Plains,#016D00
364,Vespa crabro,NA,"35 Gießen, Deutschland",inat,8.72,50.57,0.9095281600952148,681,189,105,Cool Temperate,Moist,Forest,Hills,Cool Temperate Moist,2,99,1,Cool Temperate Moist Forest on Hills,#026301
365,Vespa crabro,NL,NA,gbif,4.7,51.8,0.9918021202087404,806,0,120,Cool Temperate,Moist,Settlement,Plains,Cool Temperate Moist,78,119,2,Cool Temperate Moist Settlement on Plains,#4E7702
366,Vespa crabro,NA,Troisdorf,inat,7.14,50.82,1.0298375129699706,717,75,108,Cool Temperate,Moist,Settlement,Hills,Cool Temperate Moist,67,109,14,Cool Temperate Moist Settlement on Hills,#436D0E
367,Vespa crabro,NA,"Mayenne, Pays de la Loire, France",inat,-0.79,48.05,1.1442572593688964,747,101,178,Warm Temperate,Moist,Cropland,Tablelands,Warm Temperate Moist,61,89,194,Warm Temperate Moist Cropland on Tablelands,#3D59C2
368,Vespa crabro,NL,NA,gbif,5.25,52.2,0.9507135391235352,827,12,111,Cool Temperate,Moist,Forest,Plains,Cool Temperate Moist,1,109,0,Cool Temperate Moist Forest on Plains,#016D00
369,Vespa crabro,DE,NA,gbif,10.81,53.26,0.8747270584106446,659,26,105,Cool Temperate,Moist,Forest,Hills,Cool Temperate Moist,2,99,1,Cool Temperate Moist Forest on Hills,#026301
370,Vespa crabro,NA,"San Lorenzo de El Escorial, Madrid, España",inat,-4.15,40.58,1.2152562141418457,431,1056,184,Warm Temperate,Dry,Cropland,Mountains,Warm Temperate Dry,141,179,80,Warm Temperate Dry Cropland on Mountains,#8DB350
371,Vespa crabro,NA,"Rożnowice 32, 64-610, Polska",inat,16.86,52.7,0.8334333419799804,516,70,116,Cool Temperate,Moist,Cropland,Plains,Cool Temperate Moist,29,153,10,Cool Temperate Moist Cropland on Plains,#1D990A
372,Vespa crabro,DE,NA,gbif,7.09,51.39,0.9963427543640136,967,121,108,Cool Temperate,Moist,Settlement,Hills,Cool Temperate Moist,67,109,14,Cool Temperate Moist Settlement on Hills,#436D0E
373,Vespa crabro,AT,NA,gbif,16.25,48.12,0.9499468803405762,609,315,113,Cool Temperate,Moist,Settlement,Mountains,Cool Temperate Moist,61,67,0,Cool Temperate Moist Settlement on Mountains,#3D4300
374,Vespa crabro,DE,NA,gbif,9.65,52.42,0.9319552421569824,666,51,120,Cool Temperate,Moist,Settlement,Plains,Cool Temperate Moist,78,119,2,Cool Temperate Moist Settlement on Plains,#4E7702
375,Vespa crabro,NA,"66440 Blieskastel, Deutschland",inat,7.28,49.28,0.9124896049499512,919,291,101,Cool Temperate,Moist,Forest,Tablelands,Cool Temperate Moist,71,89,181,Cool Temperate Moist Forest on Tablelands,#4759B5
376,Vespa crabro,NA,"Schule, Heuweiler, 79194 Heuweiler, Deutschland",inat,7.91,48.05,0.9761979103088378,1033,364,97,Cool Temperate,Moist,Forest,Mountains,Cool Temperate Moist,6,64,0,Cool Temperate Moist Forest on Mountains,#064000
377,Vespa crabro,NA,"4280 Kranjska Gora, Slovenija",inat,13.8,46.49,0.3532656192779541,1852,1072,97,Cool Temperate,Moist,Forest,Mountains,Cool Temperate Moist,6,64,0,Cool Temperate Moist Forest on Mountains,#064000
378,Vespa crabro,FR,NA,gbif,2.63,48.44,1.0599989891052246,633,101,163,Warm Temperate,Moist,Forest,Hills,Warm Temperate Moist,47,146,24,Warm Temperate Moist Forest on Hills,#2F9218
379,Vespa crabro,NA,"Várasfenes, Románia",inat,22.29,46.62,0.7971958160400391,709,492,97,Cool Temperate,Moist,Forest,Mountains,Cool Temperate Moist,6,64,0,Cool Temperate Moist Forest on Mountains,#064000
380,Vespa crabro,NA,"Thrimley Lane, Bishop's Stortford, England, GB",inat,0.14,51.9,0.95281982421875,623,98,116,Cool Temperate,Moist,Cropland,Plains,Cool Temperate Moist,29,153,10,Cool Temperate Moist Cropland on Plains,#1D990A
381,Vespa crabro,NA,"Aspern, 1220 Vienna, Austria",inat,16.48,48.19,1.0255562782287595,572,155,111,Cool Temperate,Moist,Forest,Plains,Cool Temperate Moist,1,109,0,Cool Temperate Moist Forest on Plains,#016D00
382,Vespa crabro,CH,NA,gbif,8.76,47.68,0.8677364349365234,866,447,110,Cool Temperate,Moist,Cropland,Hills,Cool Temperate Moist,33,144,30,Cool Temperate Moist Cropland on Hills,#21901E
383,Vespa crabro,NA,"North Yorkshire, UK",inat,-1.19,54.13,0.9106926918029784,623,60,110,Cool Temperate,Moist,Cropland,Hills,Cool Temperate Moist,33,144,30,Cool Temperate Moist Cropland on Hills,#21901E
384,Vespa crabro,NA,"71 Sindelfingen, Deutschland",inat,9.01,48.71,0.8853989601135254,740,449,108,Cool Temperate,Moist,Settlement,Hills,Cool Temperate Moist,67,109,14,Cool Temperate Moist Settlement on Hills,#436D0E
385,Vespa crabro,SK,NA,gbif,17.1,48.17,0.914536476135254,702,246,113,Cool Temperate,Moist,Settlement,Mountains,Cool Temperate Moist,61,67,0,Cool Temperate Moist Settlement on Mountains,#3D4300
386,Vespa crabro,NL,NA,gbif,5.85,51.85,0.9808792114257812,791,18,120,Cool Temperate,Moist,Settlement,Plains,Cool Temperate Moist,78,119,2,Cool Temperate Moist Settlement on Plains,#4E7702
387,Vespa crabro,NA,德国明斯特邮政编码: 48,inat,7.59,51.94,0.96009578704834,768,63,120,Cool Temperate,Moist,Settlement,Plains,Cool Temperate Moist,78,119,2,Cool Temperate Moist Settlement on Plains,#4E7702
388,Vespa crabro,NL,NA,gbif,5.85,51.1,1.0099031448364255,731,27,116,Cool Temperate,Moist,Cropland,Plains,Cool Temperate Moist,29,153,10,Cool Temperate Moist Cropland on Plains,#1D990A
389,Vespa crabro,NL,NA,gbif,5.7,51.8,0.9782135009765623,760,7,116,Cool Temperate,Moist,Cropland,Plains,Cool Temperate Moist,29,153,10,Cool Temperate Moist Cropland on Plains,#1D990A
390,Vespa crabro,NA,"Elst, Netherlands",inat,5.53,51.99,0.967956256866455,791,29,111,Cool Temperate,Moist,Forest,Plains,Cool Temperate Moist,1,109,0,Cool Temperate Moist Forest on Plains,#016D00
391,Vespa crabro,DE,NA,gbif,9.88,52.45,0.9333937644958497,665,61,116,Cool Temperate,Moist,Cropland,Plains,Cool Temperate Moist,29,153,10,Cool Temperate Moist Cropland on Plains,#1D990A
392,Vespa crabro,AT,NA,gbif,15.88,46.83,0.9356552124023436,853,273,103,Cool Temperate,Moist,Cropland,Mountains,Cool Temperate Moist,33,102,5,Cool Temperate Moist Cropland on Mountains,#216605
393,Vespa crabro,NL,NA,gbif,5.05,52,0.9610124588012696,776,1,128,Cool Temperate,Moist,Grassland,Plains,Cool Temperate Moist,22,133,0,Cool Temperate Moist Grassland on Plains,#168500
394,Vespa crabro,NL,NA,gbif,6.3,52.9,0.9209405899047852,848,14,111,Cool Temperate,Moist,Forest,Plains,Cool Temperate Moist,1,109,0,Cool Temperate Moist Forest on Plains,#016D00
395,Vespa crabro,NL,NA,gbif,5.8,51.15,1.0033124923706054,720,28,116,Cool Temperate,Moist,Cropland,Plains,Cool Temperate Moist,29,153,10,Cool Temperate Moist Cropland on Plains,#1D990A
396,Vespa crabro,NA,"Llandough, UK",inat,-3.2,51.45,1.021825408935547,1019,41,108,Cool Temperate,Moist,Settlement,Hills,Cool Temperate Moist,67,109,14,Cool Temperate Moist Settlement on Hills,#436D0E
397,Vespa crabro,FR,NA,gbif,0.72,49.52,1.0478968620300293,764,43,NA,NA,NA,NA,NA,NA,NA,NA,NA,NA,NA
398,Vespa crabro,NL,NA,gbif,6.1,53.1,0.9211447715759278,829,1,120,Cool Temperate,Moist,Settlement,Plains,Cool Temperate Moist,78,119,2,Cool Temperate Moist Settlement on Plains,#4E7702
399,Vespa crabro,NA,"Blaisdon, UK",inat,-2.45,51.84,0.9912302017211914,756,67,114,Cool Temperate,Moist,Grassland,Hills,Cool Temperate Moist,22,124,10,Cool Temperate Moist Grassland on Hills,#167C0A
400,Vespa crabro,CH,NA,gbif,8.37,47.33,0.9247801780700684,1218,500,103,Cool Temperate,Moist,Cropland,Mountains,Cool Temperate Moist,33,102,5,Cool Temperate Moist Cropland on Mountains,#216605
401,Vespa crabro,NA,"Innsbruck, Österreich",inat,11.33,47.27,0.5379750251770019,1098,1092,97,Cool Temperate,Moist,Forest,Mountains,Cool Temperate Moist,6,64,0,Cool Temperate Moist Forest on Mountains,#064000
402,Vespa crabro,NL,NA,gbif,4.85,51.5,0.9976905822753906,802,12,116,Cool Temperate,Moist,Cropland,Plains,Cool Temperate Moist,29,153,10,Cool Temperate Moist Cropland on Plains,#1D990A
403,Vespa crabro,DE,NA,gbif,9.19,49.08,0.9608406066894531,783,233,110,Cool Temperate,Moist,Cropland,Hills,Cool Temperate Moist,33,144,30,Cool Temperate Moist Cropland on Hills,#21901E
404,Vespa crabro,NL,NA,gbif,5.6,51.75,0.9760427474975586,755,13,111,Cool Temperate,Moist,Forest,Plains,Cool Temperate Moist,1,109,0,Cool Temperate Moist Forest on Plains,#016D00
405,Vespa crabro,NA,"Broicher Waldweg, Mülheim an der Ruhr, Nordrhein-Westfalen, DE",inat,6.83,51.38,1.0796989440917968,819,67,105,Cool Temperate,Moist,Forest,Hills,Cool Temperate Moist,2,99,1,Cool Temperate Moist Forest on Hills,#026301
406,Vespa crabro,NL,NA,gbif,6.65,51.95,0.9658645629882812,771,28,128,Cool Temperate,Moist,Grassland,Plains,Cool Temperate Moist,22,133,0,Cool Temperate Moist Grassland on Plains,#168500
407,Vespa crabro,NA,"Gommecourt, France",inat,1.6,49.07,1.0553458213806153,635,46,168,Warm Temperate,Moist,Cropland,Hills,Warm Temperate Moist,112,198,86,Warm Temperate Moist Cropland on Hills,#70C656
408,Vespa crabro,DE,NA,gbif,10.62,52.33,0.9060322761535644,611,94,116,Cool Temperate,Moist,Cropland,Plains,Cool Temperate Moist,29,153,10,Cool Temperate Moist Cropland on Plains,#1D990A
409,Vespa crabro,NL,NA,gbif,4.6,51.85,0.9911375045776368,858,-1,120,Cool Temperate,Moist,Settlement,Plains,Cool Temperate Moist,78,119,2,Cool Temperate Moist Settlement on Plains,#4E7702
410,Vespa crabro,NA,"6274+VF NA JÁMÁCH, 503 46 Jeníkovice-Třebechovice pod Orebem, Czechia",inat,16,50.21,0.7997406005859375,520,260,110,Cool Temperate,Moist,Cropland,Hills,Cool Temperate Moist,33,144,30,Cool Temperate Moist Cropland on Hills,#21901E
411,Vespa crabro,DE,NA,gbif,9.93,52.18,0.9321844100952148,671,88,120,Cool Temperate,Moist,Settlement,Plains,Cool Temperate Moist,78,119,2,Cool Temperate Moist Settlement on Plains,#4E7702
412,Vespa crabro,DE,NA,gbif,7.05,51.81,0.9781885147094728,837,87,120,Cool Temperate,Moist,Settlement,Plains,Cool Temperate Moist,78,119,2,Cool Temperate Moist Settlement on Plains,#4E7702
413,Vespa crabro,NA,"11420 Saint-Sernin, France",inat,1.82,43.21,1.2587156295776367,780,305,168,Warm Temperate,Moist,Cropland,Hills,Warm Temperate Moist,112,198,86,Warm Temperate Moist Cropland on Hills,#70C656
414,Vespa crabro,NL,NA,gbif,5.8,51.85,0.9700655937194824,799,9,116,Cool Temperate,Moist,Cropland,Plains,Cool Temperate Moist,29,153,10,Cool Temperate Moist Cropland on Plains,#1D990A
415,Vespa crabro,NL,NA,gbif,4,51.3,1.0351354598999023,797,-8,116,Cool Temperate,Moist,Cropland,Plains,Cool Temperate Moist,29,153,10,Cool Temperate Moist Cropland on Plains,#1D990A
416,Vespa crabro,SE,NA,gbif,15.21,62.4,0.2689281225204468,563,265,105,Cool Temperate,Moist,Forest,Hills,Cool Temperate Moist,2,99,1,Cool Temperate Moist Forest on Hills,#026301
417,Vespa crabro,NA,"Τοπική Κοινότητα Αρχαίας Φενεού, Φενεός 200 14, Grèce",inat,22.28,37.93,1.0133853912353517,878,1288,NA,NA,NA,NA,NA,NA,NA,NA,NA,NA,NA
418,Vespa crabro,NL,NA,gbif,6.1,51.9,0.9773374557495116,766,11,128,Cool Temperate,Moist,Grassland,Plains,Cool Temperate Moist,22,133,0,Cool Temperate Moist Grassland on Plains,#168500
419,Vespa crabro,NL,NA,gbif,5.65,52,0.967956256866455,791,9,128,Cool Temperate,Moist,Grassland,Plains,Cool Temperate Moist,22,133,0,Cool Temperate Moist Grassland on Plains,#168500
420,Vespa crabro,DE,NA,gbif,7.94,49.8,0.9289312362670898,564,174,110,Cool Temperate,Moist,Cropland,Hills,Cool Temperate Moist,33,144,30,Cool Temperate Moist Cropland on Hills,#21901E
421,Vespa crabro,DE,NA,gbif,8.83,48.87,0.9109313011169432,896,438,102,Cool Temperate,Moist,Cropland,Tablelands,Cool Temperate Moist,99,97,160,Cool Temperate Moist Cropland on Tablelands,#6361A0
422,Vespa crabro,NA,"Ávila, España",inat,-5.03,40.23,1.1363759994506837,584,618,186,Warm Temperate,Dry,Grassland,Mountains,Warm Temperate Dry,132,162,55,Warm Temperate Dry Grassland on Mountains,#84A237
423,Vespa crabro,FR,NA,gbif,5.13,45.62,1.105828094482422,930,294,168,Warm Temperate,Moist,Cropland,Hills,Warm Temperate Moist,112,198,86,Warm Temperate Moist Cropland on Hills,#70C656
424,Vespa crabro,NL,NA,gbif,6,51.85,0.9773374557495116,766,11,116,Cool Temperate,Moist,Cropland,Plains,Cool Temperate Moist,29,153,10,Cool Temperate Moist Cropland on Plains,#1D990A
425,Vespa crabro,NL,NA,gbif,5.85,51.85,0.9808792114257812,791,18,120,Cool Temperate,Moist,Settlement,Plains,Cool Temperate Moist,78,119,2,Cool Temperate Moist Settlement on Plains,#4E7702
426,Vespa crabro,NL,NA,gbif,4.9,51.75,0.97971773147583,794,-21,116,Cool Temperate,Moist,Cropland,Plains,Cool Temperate Moist,29,153,10,Cool Temperate Moist Cropland on Plains,#1D990A
427,Vespa crabro,NA,Troisdorf,inat,7.14,50.82,1.0298375129699706,717,75,108,Cool Temperate,Moist,Settlement,Hills,Cool Temperate Moist,67,109,14,Cool Temperate Moist Settlement on Hills,#436D0E
428,Vespa crabro,NA,"Fen End Road West, Solihull, England, GB",inat,-1.7,52.38,0.9318979263305665,715,106,116,Cool Temperate,Moist,Cropland,Plains,Cool Temperate Moist,29,153,10,Cool Temperate Moist Cropland on Plains,#1D990A
429,Vespa crabro,GB,NA,gbif,0.13,51.49,1.0168333053588867,665,36,169,Warm Temperate,Moist,Settlement,Hills,Warm Temperate Moist,136,158,52,Warm Temperate Moist Settlement on Hills,#889E34
430,Vespa crabro,NA,"ул. „Въстаническа“, 7863 Медовина, България",inat,26.17,43.32,1.1008447647094726,598,315,169,Warm Temperate,Moist,Settlement,Hills,Warm Temperate Moist,136,158,52,Warm Temperate Moist Settlement on Hills,#889E34
431,Vespa crabro,DE,NA,gbif,11.62,48.15,0.8841385841369629,1006,518,120,Cool Temperate,Moist,Settlement,Plains,Cool Temperate Moist,78,119,2,Cool Temperate Moist Settlement on Plains,#4E7702
432,Vespa crabro,DE,NA,gbif,13.8,51.19,0.9227531433105468,640,182,105,Cool Temperate,Moist,Forest,Hills,Cool Temperate Moist,2,99,1,Cool Temperate Moist Forest on Hills,#026301
433,Vespa crabro,NL,NA,gbif,4.6,51.85,0.9911375045776368,858,-1,120,Cool Temperate,Moist,Settlement,Plains,Cool Temperate Moist,78,119,2,Cool Temperate Moist Settlement on Plains,#4E7702
434,Vespa crabro,DE,NA,gbif,7,51.54,1.0221354484558105,872,41,166,Warm Temperate,Moist,Forest,Plains,Warm Temperate Moist,45,158,6,Warm Temperate Moist Forest on Plains,#2D9E06
435,Vespa crabro,NL,NA,gbif,5.1,52.05,0.9803396224975586,797,3,116,Cool Temperate,Moist,Cropland,Plains,Cool Temperate Moist,29,153,10,Cool Temperate Moist Cropland on Plains,#1D990A
436,Vespa crabro,NA,"B2209, Dorking, England, GB",inat,-0.32,51.26,0.9929760932922364,713,93,105,Cool Temperate,Moist,Forest,Hills,Cool Temperate Moist,2,99,1,Cool Temperate Moist Forest on Hills,#026301
437,Vespa crabro,NO,NA,gbif,10.74,59.7,0.5936834335327148,740,70,110,Cool Temperate,Moist,Cropland,Hills,Cool Temperate Moist,33,144,30,Cool Temperate Moist Cropland on Hills,#21901E
438,Vespa crabro,NL,NA,gbif,4.5,52.25,0.9717395782470704,824,2,120,Cool Temperate,Moist,Settlement,Plains,Cool Temperate Moist,78,119,2,Cool Temperate Moist Settlement on Plains,#4E7702
439,Vespa crabro,NA,"33161 Hövelhof-Klausheide, Deutschland",inat,8.68,51.8,0.927272891998291,934,112,116,Cool Temperate,Moist,Cropland,Plains,Cool Temperate Moist,29,153,10,Cool Temperate Moist Cropland on Plains,#1D990A
440,Vespa crabro,NA,"18 Sehlen, Deutschland",inat,13.39,54.38,0.8154932022094726,590,30,128,Cool Temperate,Moist,Grassland,Plains,Cool Temperate Moist,22,133,0,Cool Temperate Moist Grassland on Plains,#168500
441,Vespa crabro,NA,"Rue de Besançon, Novillars, Bourgogne-Franche-Comté, FR",inat,6.14,47.29,0.9826781272888184,1156,323,103,Cool Temperate,Moist,Cropland,Mountains,Cool Temperate Moist,33,102,5,Cool Temperate Moist Cropland on Mountains,#216605
442,Vespa crabro,NA,"Schuby Dorf, 24850 Schuby, Deutschland",inat,9.48,54.52,0.8306427001953125,851,29,116,Cool Temperate,Moist,Cropland,Plains,Cool Temperate Moist,29,153,10,Cool Temperate Moist Cropland on Plains,#1D990A
443,Vespa crabro,NA,"Bremen-Ost, 28 Bremen-Oberneuland, Deutschland",inat,8.88,53.09,0.8958739280700684,689,4,120,Cool Temperate,Moist,Settlement,Plains,Cool Temperate Moist,78,119,2,Cool Temperate Moist Settlement on Plains,#4E7702
444,Vespa crabro,NA,Burok-völgy,inat,18.11,47.25,0.9683562278747558,587,414,101,Cool Temperate,Moist,Forest,Tablelands,Cool Temperate Moist,71,89,181,Cool Temperate Moist Forest on Tablelands,#4759B5
445,Vespa crabro,NL,NA,gbif,5.05,51.65,0.9860114097595216,794,12,111,Cool Temperate,Moist,Forest,Plains,Cool Temperate Moist,1,109,0,Cool Temperate Moist Forest on Plains,#016D00
446,Vespa crabro,NA,"Landsberger Straße, Mulheim an der Ruhr, North Rhine-Westphalia, DE",inat,6.88,51.4,1.0297656059265137,883,58,108,Cool Temperate,Moist,Settlement,Hills,Cool Temperate Moist,67,109,14,Cool Temperate Moist Settlement on Hills,#436D0E
447,Vespa crabro,NA,"Ober-Olm, Rhineland-Palatinate, DE",inat,8.17,49.96,1.0134291648864746,587,233,101,Cool Temperate,Moist,Forest,Tablelands,Cool Temperate Moist,71,89,181,Cool Temperate Moist Forest on Tablelands,#4759B5
448,Vespa crabro,NL,NA,gbif,4,51.8,0.9995707511901856,787,-3,NA,NA,NA,NA,NA,NA,NA,NA,NA,NA,NA
449,Vespa crabro,DE,NA,gbif,7.2,50.97,0.937600040435791,967,197,109,Cool Temperate,Moist,Grassland,Tablelands,Cool Temperate Moist,78,92,155,Cool Temperate Moist Grassland on Tablelands,#4E5C9B
450,Vespa crabro,NL,NA,gbif,5.1,52.2,0.9512177467346192,822,-2,111,Cool Temperate,Moist,Forest,Plains,Cool Temperate Moist,1,109,0,Cool Temperate Moist Forest on Plains,#016D00
451,Vespa crabro,NL,NA,gbif,5.6,51.5,0.9889156341552734,757,19,128,Cool Temperate,Moist,Grassland,Plains,Cool Temperate Moist,22,133,0,Cool Temperate Moist Grassland on Plains,#168500
452,Vespa crabro,DE,NA,gbif,7.56,50.77,0.8859739303588867,1034,235,113,Cool Temperate,Moist,Settlement,Mountains,Cool Temperate Moist,61,67,0,Cool Temperate Moist Settlement on Mountains,#3D4300
453,Vespa crabro,NA,"Sevilla la Nueva, 28609, Madrid, España",inat,-4.04,40.37,1.4200010299682615,363,632,199,Warm Temperate,Dry,Forest,Hills,Warm Temperate Dry,91,175,66,Warm Temperate Dry Forest on Hills,#5BAF42
454,Vespa crabro,DE,NA,gbif,11.19,48.02,0.8233562469482422,994,591,NA,NA,NA,NA,NA,NA,NA,NA,NA,NA,NA
455,Vespa crabro,NL,NA,gbif,5.2,51.8,0.9796489715576172,776,2,120,Cool Temperate,Moist,Settlement,Plains,Cool Temperate Moist,78,119,2,Cool Temperate Moist Settlement on Plains,#4E7702
456,Vespa crabro,IT,NA,gbif,12.59,41.89,1.5642478942871094,760,41,161,Warm Temperate,Moist,Settlement,Plains,Warm Temperate Moist,163,170,28,Warm Temperate Moist Settlement on Plains,#A3AA1C
457,Vespa crabro,IT,NA,gbif,9.13,45.58,1.2410552024841308,1087,175,161,Warm Temperate,Moist,Settlement,Plains,Warm Temperate Moist,163,170,28,Warm Temperate Moist Settlement on Plains,#A3AA1C
458,Vespa crabro,FR,NA,gbif,4.14,49.1,1.0098270416259765,632,207,101,Cool Temperate,Moist,Forest,Tablelands,Cool Temperate Moist,71,89,181,Cool Temperate Moist Forest on Tablelands,#4759B5
459,Vespa crabro,NA,"30 Hannover-Südstadt-Bult, Deutschland",inat,9.77,52.36,0.950290584564209,654,62,120,Cool Temperate,Moist,Settlement,Plains,Cool Temperate Moist,78,119,2,Cool Temperate Moist Settlement on Plains,#4E7702
460,Vespa crabro,DE,NA,gbif,6.49,51.53,1.006418800354004,737,40,116,Cool Temperate,Moist,Cropland,Plains,Cool Temperate Moist,29,153,10,Cool Temperate Moist Cropland on Plains,#1D990A
461,Vespa crabro,NA,"73663 Berglen-Streich, Deutschland",inat,9.5,48.85,0.8363228797912597,1081,363,107,Cool Temperate,Moist,Grassland,Mountains,Cool Temperate Moist,26,83,0,Cool Temperate Moist Grassland on Mountains,#1A5300
462,Vespa crabro,FR,NA,gbif,2.4,51,1.0317396163940429,682,0,160,Warm Temperate,Moist,Cropland,Plains,Warm Temperate Moist,105,207,54,Warm Temperate Moist Cropland on Plains,#69CF36
463,Vespa crabro,NL,NA,gbif,5.45,52.45,0.9534229278564452,781,-4,116,Cool Temperate,Moist,Cropland,Plains,Cool Temperate Moist,29,153,10,Cool Temperate Moist Cropland on Plains,#1D990A
464,Vespa crabro,DE,NA,gbif,8.43,53.03,0.89059476852417,722,33,116,Cool Temperate,Moist,Cropland,Plains,Cool Temperate Moist,29,153,10,Cool Temperate Moist Cropland on Plains,#1D990A
465,Vespa crabro,NA,"Parc Duquesne, 69006, France",inat,4.86,45.78,1.1894624710083008,844,193,161,Warm Temperate,Moist,Settlement,Plains,Warm Temperate Moist,163,170,28,Warm Temperate Moist Settlement on Plains,#A3AA1C
466,Vespa crabro,NL,NA,gbif,5.8,51.6,0.9794114112854004,751,26,116,Cool Temperate,Moist,Cropland,Plains,Cool Temperate Moist,29,153,10,Cool Temperate Moist Cropland on Plains,#1D990A
467,Vespa crabro,DE,NA,gbif,8.17,49.46,1.0166802406311035,624,178,113,Cool Temperate,Moist,Settlement,Mountains,Cool Temperate Moist,61,67,0,Cool Temperate Moist Settlement on Mountains,#3D4300
468,Vespa crabro,DE,NA,gbif,6.47,51.46,1.0225020408630372,743,40,116,Cool Temperate,Moist,Cropland,Plains,Cool Temperate Moist,29,153,10,Cool Temperate Moist Cropland on Plains,#1D990A
469,Vespa crabro,NA,"Alterlaa, 1230 Wien, Österreich",inat,16.31,48.15,0.9499468803405762,609,204,113,Cool Temperate,Moist,Settlement,Mountains,Cool Temperate Moist,61,67,0,Cool Temperate Moist Settlement on Mountains,#3D4300
470,Vespa crabro,NA,"51301, Golik, Kroatien",inat,14.87,45.47,0.7983927249908447,1488,411,97,Cool Temperate,Moist,Forest,Mountains,Cool Temperate Moist,6,64,0,Cool Temperate Moist Forest on Mountains,#064000
471,Vespa crabro,NA,"Oxford Road, Abingdon, England, GB",inat,-1.36,51.67,0.9933551788330078,646,71,116,Cool Temperate,Moist,Cropland,Plains,Cool Temperate Moist,29,153,10,Cool Temperate Moist Cropland on Plains,#1D990A
472,Vespa crabro,NL,NA,gbif,4.15,51.6,1.0141395568847655,791,-3,115,Cool Temperate,Moist,Shrubland,Plains,Cool Temperate Moist,26,131,0,Cool Temperate Moist Shrubland on Plains,#1A8300
473,Vespa crabro,NL,NA,gbif,6.1,52.5,0.9653812408447264,821,2,120,Cool Temperate,Moist,Settlement,Plains,Cool Temperate Moist,78,119,2,Cool Temperate Moist Settlement on Plains,#4E7702
474,Vespa crabro,SE,NA,gbif,16.32,57.99,0.6471968650817871,612,81,105,Cool Temperate,Moist,Forest,Hills,Cool Temperate Moist,2,99,1,Cool Temperate Moist Forest on Hills,#026301
475,Vespa crabro,FR,NA,gbif,6.85,49.19,0.9382645606994628,919,230,105,Cool Temperate,Moist,Forest,Hills,Cool Temperate Moist,2,99,1,Cool Temperate Moist Forest on Hills,#026301
476,Vespa crabro,NA,"14 Nauen, Deutschland",inat,12.87,52.61,0.9083447456359864,536,32,116,Cool Temperate,Moist,Cropland,Plains,Cool Temperate Moist,29,153,10,Cool Temperate Moist Cropland on Plains,#1D990A
477,Vespa crabro,NA,"20250 Corte, France",inat,9.15,42.31,0.8865530967712403,919,507,172,Warm Temperate,Moist,Settlement,Mountains,Warm Temperate Moist,105,89,18,Warm Temperate Moist Settlement on Mountains,#695912
478,Vespa crabro,NA,"07029 Tempio Pausania SS, Italia",inat,9.13,40.91,1.3895166397094727,722,473,173,Warm Temperate,Moist,Cropland,Mountains,Warm Temperate Moist,100,150,37,Warm Temperate Moist Cropland on Mountains,#649625
479,Vespa crabro,NO,NA,gbif,11.41,59.97,0.4614916801452637,813,253,101,Cool Temperate,Moist,Forest,Tablelands,Cool Temperate Moist,71,89,181,Cool Temperate Moist Forest on Tablelands,#4759B5
480,Vespa crabro,NL,NA,gbif,5.6,51.45,0.9889156341552734,757,21,116,Cool Temperate,Moist,Cropland,Plains,Cool Temperate Moist,29,153,10,Cool Temperate Moist Cropland on Plains,#1D990A
481,Vespa crabro,NL,NA,gbif,4.65,51.45,1.0171833038330078,811,10,116,Cool Temperate,Moist,Cropland,Plains,Cool Temperate Moist,29,153,10,Cool Temperate Moist Cropland on Plains,#1D990A
482,Vespa crabro,NA,"Schnufenhofen, 92358 Seubersdorf in der Oberpfalz, Deutschland",inat,11.6,49.15,0.7952593803405762,803,524,110,Cool Temperate,Moist,Cropland,Hills,Cool Temperate Moist,33,144,30,Cool Temperate Moist Cropland on Hills,#21901E
483,Vespa crabro,NA,"Västra Götaland, SE",inat,11.7,57.66,0.7542543888092041,656,-9,NA,NA,NA,NA,NA,NA,NA,NA,NA,NA,NA
484,Vespa crabro,NL,NA,gbif,5.5,51.4,0.9889156341552734,757,24,116,Cool Temperate,Moist,Cropland,Plains,Cool Temperate Moist,29,153,10,Cool Temperate Moist Cropland on Plains,#1D990A
485,Vespa crabro,NL,NA,gbif,4.5,52.25,0.9717395782470704,824,2,120,Cool Temperate,Moist,Settlement,Plains,Cool Temperate Moist,78,119,2,Cool Temperate Moist Settlement on Plains,#4E7702
486,Vespa crabro,NL,NA,gbif,4.75,51.65,1.0014093399047852,815,-2,116,Cool Temperate,Moist,Cropland,Plains,Cool Temperate Moist,29,153,10,Cool Temperate Moist Cropland on Plains,#1D990A
487,Vespa crabro,NA,"68300 Saint-Louis, France",inat,7.57,47.59,1.0200145721435547,805,241,161,Warm Temperate,Moist,Settlement,Plains,Warm Temperate Moist,163,170,28,Warm Temperate Moist Settlement on Plains,#A3AA1C
488,Vespa crabro,DE,NA,gbif,13.64,51.09,0.9254405975341796,663,131,120,Cool Temperate,Moist,Settlement,Plains,Cool Temperate Moist,78,119,2,Cool Temperate Moist Settlement on Plains,#4E7702
489,Vespa crabro,DE,NA,gbif,11.01,49.6,0.8589104652404785,745,295,108,Cool Temperate,Moist,Settlement,Hills,Cool Temperate Moist,67,109,14,Cool Temperate Moist Settlement on Hills,#436D0E
490,Vespa crabro,NA,"Wageningen, NL-GE, NL",inat,5.67,51.99,0.9700655937194824,799,16,116,Cool Temperate,Moist,Cropland,Plains,Cool Temperate Moist,29,153,10,Cool Temperate Moist Cropland on Plains,#1D990A
491,Vespa crabro,NL,NA,gbif,5.35,52.15,0.953948974609375,836,9,111,Cool Temperate,Moist,Forest,Plains,Cool Temperate Moist,1,109,0,Cool Temperate Moist Forest on Plains,#016D00
492,Vespa crabro,ES,NA,gbif,-2.05,42.68,1.0451187133789062,810,497,173,Warm Temperate,Moist,Cropland,Mountains,Warm Temperate Moist,100,150,37,Warm Temperate Moist Cropland on Mountains,#649625
493,Vespa crabro,FR,NA,gbif,7.77,48.56,1.061342716217041,735,140,161,Warm Temperate,Moist,Settlement,Plains,Warm Temperate Moist,163,170,28,Warm Temperate Moist Settlement on Plains,#A3AA1C
494,Vespa crabro,DE,NA,gbif,13.09,52.59,0.9248781204223632,544,33,111,Cool Temperate,Moist,Forest,Plains,Cool Temperate Moist,1,109,0,Cool Temperate Moist Forest on Plains,#016D00
495,Vespa crabro,DE,NA,gbif,6.69,49.74,0.8938666343688965,873,266,113,Cool Temperate,Moist,Settlement,Mountains,Cool Temperate Moist,61,67,0,Cool Temperate Moist Settlement on Mountains,#3D4300
496,Vespa crabro,NL,NA,gbif,5.85,52.4,0.9568479537963868,801,13,111,Cool Temperate,Moist,Forest,Plains,Cool Temperate Moist,1,109,0,Cool Temperate Moist Forest on Plains,#016D00
497,Vespa crabro,NA,"Ávila, España",inat,-5.02,40.29,1.1363759994506837,584,919,194,Warm Temperate,Dry,Forest,Mountains,Warm Temperate Dry,96,139,37,Warm Temperate Dry Forest on Mountains,#608B25
498,Vespa crabro,NL,NA,gbif,6.65,52.3,0.9446489334106444,791,10,116,Cool Temperate,Moist,Cropland,Plains,Cool Temperate Moist,29,153,10,Cool Temperate Moist Cropland on Plains,#1D990A
499,Vespa crabro,NL,NA,gbif,4.7,52.6,0.9629875183105469,823,0,120,Cool Temperate,Moist,Settlement,Plains,Cool Temperate Moist,78,119,2,Cool Temperate Moist Settlement on Plains,#4E7702
500,Vespa crabro,NA,"Chránená Krajinná Oblasť Dunajské luhy, Bratislava V, Bratislavský kraj, SK",inat,17.18,48.05,1.005454158782959,606,130,111,Cool Temperate,Moist,Forest,Plains,Cool Temperate Moist,1,109,0,Cool Temperate Moist Forest on Plains,#016D00
501,Vespa crabro,NA,"Via della Torre, Pavullo nel Frignano, Emilia–Romagna, IT",inat,10.88,44.4,1.1924572944641114,843,381,173,Warm Temperate,Moist,Cropland,Mountains,Warm Temperate Moist,100,150,37,Warm Temperate Moist Cropland on Mountains,#649625
502,Vespa crabro,NL,NA,gbif,5.65,52,0.967956256866455,791,9,128,Cool Temperate,Moist,Grassland,Plains,Cool Temperate Moist,22,133,0,Cool Temperate Moist Grassland on Plains,#168500
503,Vespa crabro,NA,"Rives Dervoises, Grand Est, FR",inat,4.77,48.53,1.071943759918213,781,133,166,Warm Temperate,Moist,Forest,Plains,Warm Temperate Moist,45,158,6,Warm Temperate Moist Forest on Plains,#2D9E06
504,Vespa crabro,NA,"Trauttmansdorff, 39012 Merano BZ, Italia",inat,11.19,46.66,0.7907280921936035,676,591,103,Cool Temperate,Moist,Cropland,Mountains,Cool Temperate Moist,33,102,5,Cool Temperate Moist Cropland on Mountains,#216605
505,Vespa crabro,NA,"Königsdorf, Österreich",inat,16.17,47.03,0.9342499732971192,735,277,101,Cool Temperate,Moist,Forest,Tablelands,Cool Temperate Moist,71,89,181,Cool Temperate Moist Forest on Tablelands,#4759B5
506,Vespa crabro,NL,NA,gbif,4.55,52.3,0.9717395782470704,824,3,116,Cool Temperate,Moist,Cropland,Plains,Cool Temperate Moist,29,153,10,Cool Temperate Moist Cropland on Plains,#1D990A
507,Vespa crabro,NL,NA,gbif,4.45,51.85,0.997988510131836,863,-1,116,Cool Temperate,Moist,Cropland,Plains,Cool Temperate Moist,29,153,10,Cool Temperate Moist Cropland on Plains,#1D990A
508,Vespa crabro,NL,NA,gbif,5.7,50.9,1.0079051971435546,754,41,NA,NA,NA,NA,NA,NA,NA,NA,NA,NA,NA
509,Vespa crabro,NL,NA,gbif,4.65,51.55,1.0070833206176757,804,9,116,Cool Temperate,Moist,Cropland,Plains,Cool Temperate Moist,29,153,10,Cool Temperate Moist Cropland on Plains,#1D990A
510,Vespa crabro,NL,NA,gbif,6.4,53,0.911302089691162,855,12,116,Cool Temperate,Moist,Cropland,Plains,Cool Temperate Moist,29,153,10,Cool Temperate Moist Cropland on Plains,#1D990A
511,Vespa crabro,NL,NA,gbif,5.9,50.75,0.9454999923706054,888,201,105,Cool Temperate,Moist,Forest,Hills,Cool Temperate Moist,2,99,1,Cool Temperate Moist Forest on Hills,#026301
512,Vespa crabro,NL,NA,gbif,4.9,52.3,0.9645885467529296,826,1,128,Cool Temperate,Moist,Grassland,Plains,Cool Temperate Moist,22,133,0,Cool Temperate Moist Grassland on Plains,#168500
513,Vespa crabro,NA,"Beaumont-sur-Oise, France",inat,2.28,49.14,1.074205207824707,645,49,169,Warm Temperate,Moist,Settlement,Hills,Warm Temperate Moist,136,158,52,Warm Temperate Moist Settlement on Hills,#889E34
514,Vespa crabro,NA,"Kent Business School, Canterbury CT2 7PE, UK",inat,1.06,51.3,0.9907583236694336,658,58,102,Cool Temperate,Moist,Cropland,Tablelands,Cool Temperate Moist,99,97,160,Cool Temperate Moist Cropland on Tablelands,#6361A0
515,Vespa crabro,AT,NA,gbif,16.41,48.17,1.0255562782287595,572,186,108,Cool Temperate,Moist,Settlement,Hills,Cool Temperate Moist,67,109,14,Cool Temperate Moist Settlement on Hills,#436D0E
516,Vespa crabro,NL,NA,gbif,6.05,53.05,0.9211447715759278,829,1,128,Cool Temperate,Moist,Grassland,Plains,Cool Temperate Moist,22,133,0,Cool Temperate Moist Grassland on Plains,#168500
517,Vespa crabro,NA,"Midshires Way, Matlock, England, GB",inat,-1.58,53.09,0.84500732421875,878,240,108,Cool Temperate,Moist,Settlement,Hills,Cool Temperate Moist,67,109,14,Cool Temperate Moist Settlement on Hills,#436D0E
518,Vespa crabro,FR,NA,gbif,0.8,45.63,1.1582124710083008,958,328,180,Warm Temperate,Moist,Forest,Tablelands,Warm Temperate Moist,69,72,136,Warm Temperate Moist Forest on Tablelands,#454888
519,Vespa crabro,NA,"Lymm, UK",inat,-2.47,53.39,0.9737885475158692,814,24,116,Cool Temperate,Moist,Cropland,Plains,Cool Temperate Moist,29,153,10,Cool Temperate Moist Cropland on Plains,#1D990A
520,Vespa crabro,NA,"Кам'янець-Подільський, Хмельницька область, Україна",inat,26.58,48.68,0.8226676940917969,590,209,108,Cool Temperate,Moist,Settlement,Hills,Cool Temperate Moist,67,109,14,Cool Temperate Moist Settlement on Hills,#436D0E
521,Vespa crabro,NL,NA,gbif,5.65,51.95,0.967956256866455,791,7,116,Cool Temperate,Moist,Cropland,Plains,Cool Temperate Moist,29,153,10,Cool Temperate Moist Cropland on Plains,#1D990A
522,Vespa crabro,CZ,NA,gbif,16.66,49.19,0.8612343788146972,515,229,108,Cool Temperate,Moist,Settlement,Hills,Cool Temperate Moist,67,109,14,Cool Temperate Moist Settlement on Hills,#436D0E
523,Vespa crabro,NA,"15140 Saint-Martin-Valmeroux, France",inat,2.43,45.12,0.9152447700500488,853,774,107,Cool Temperate,Moist,Grassland,Mountains,Cool Temperate Moist,26,83,0,Cool Temperate Moist Grassland on Mountains,#1A5300
524,Vespa crabro,GB,NA,gbif,-0.69,50.99,0.9997750282287596,882,38,110,Cool Temperate,Moist,Cropland,Hills,Cool Temperate Moist,33,144,30,Cool Temperate Moist Cropland on Hills,#21901E
525,Vespa crabro,NA,"Powiat olsztyński, Polska",inat,21.03,53.91,0.7132312297821045,555,165,111,Cool Temperate,Moist,Forest,Plains,Cool Temperate Moist,1,109,0,Cool Temperate Moist Forest on Plains,#016D00
526,Vespa crabro,NL,NA,gbif,6.35,53.35,0.8999107360839844,809,-1,128,Cool Temperate,Moist,Grassland,Plains,Cool Temperate Moist,22,133,0,Cool Temperate Moist Grassland on Plains,#168500
527,Vespa crabro,NA,"91014 Castellammare del Golfo TP, Italia",inat,12.84,38.06,1.731064796447754,490,-76,NA,NA,NA,NA,NA,NA,NA,NA,NA,NA,NA
528,Vespa crabro,NA,"St Marys Lodge, York, England, GB",inat,-1.09,53.96,0.9251280784606932,595,15,120,Cool Temperate,Moist,Settlement,Plains,Cool Temperate Moist,78,119,2,Cool Temperate Moist Settlement on Plains,#4E7702
529,Vespa crabro,NA,"Calle Loredo, Ribamontán al Mar, Cantabria, ES",inat,-3.72,43.47,1.4061168670654296,1168,3,169,Warm Temperate,Moist,Settlement,Hills,Warm Temperate Moist,136,158,52,Warm Temperate Moist Settlement on Hills,#889E34
530,Vespa crabro,NL,NA,gbif,5.05,52,0.9610124588012696,776,1,128,Cool Temperate,Moist,Grassland,Plains,Cool Temperate Moist,22,133,0,Cool Temperate Moist Grassland on Plains,#168500
531,Vespa crabro,NL,NA,gbif,5.95,53.3,0.9081333160400392,814,-2,128,Cool Temperate,Moist,Grassland,Plains,Cool Temperate Moist,22,133,0,Cool Temperate Moist Grassland on Plains,#168500
532,Vespa crabro,NA,"Forêt de Rambouillet, Rambouillet, Île-de-France, FR",inat,1.81,48.67,1.0272135734558103,626,171,111,Cool Temperate,Moist,Forest,Plains,Cool Temperate Moist,1,109,0,Cool Temperate Moist Forest on Plains,#016D00
533,Vespa crabro,NA,"Westcott, Dorking RH4 3JU, UK",inat,-0.35,51.23,0.9951166152954102,714,101,114,Cool Temperate,Moist,Grassland,Hills,Cool Temperate Moist,22,124,10,Cool Temperate Moist Grassland on Hills,#167C0A
534,Vespa crabro,NL,NA,gbif,5.6,51.9,0.967956256866455,791,5,NA,NA,NA,NA,NA,NA,NA,NA,NA,NA,NA
535,Vespa crabro,NA,"Rożnowice 32, 64-610, Polska",inat,16.86,52.7,0.8334333419799804,516,70,116,Cool Temperate,Moist,Cropland,Plains,Cool Temperate Moist,29,153,10,Cool Temperate Moist Cropland on Plains,#1D990A
536,Vespa crabro,IT,NA,gbif,9.08,45.7,1.1673916816711425,1263,286,169,Warm Temperate,Moist,Settlement,Hills,Warm Temperate Moist,136,158,52,Warm Temperate Moist Settlement on Hills,#889E34
537,Vespa crabro,NA,"Dulwich, London, UK",inat,-0.06,51.45,1.0485145568847656,661,45,169,Warm Temperate,Moist,Settlement,Hills,Warm Temperate Moist,136,158,52,Warm Temperate Moist Settlement on Hills,#889E34
538,Vespa crabro,DE,NA,gbif,7.07,50.73,1.0298375129699706,717,82,120,Cool Temperate,Moist,Settlement,Plains,Cool Temperate Moist,78,119,2,Cool Temperate Moist Settlement on Plains,#4E7702
539,Vespa crabro,NL,NA,gbif,5.75,51.95,0.9700655937194824,799,7,116,Cool Temperate,Moist,Cropland,Plains,Cool Temperate Moist,29,153,10,Cool Temperate Moist Cropland on Plains,#1D990A
540,Vespa crabro,NL,NA,gbif,5.15,52.3,0.9512177467346192,822,-1,120,Cool Temperate,Moist,Settlement,Plains,Cool Temperate Moist,78,119,2,Cool Temperate Moist Settlement on Plains,#4E7702
541,Vespa crabro,NA,"Tierp, Sverige",inat,17.69,60.22,0.5373104095458985,613,20,111,Cool Temperate,Moist,Forest,Plains,Cool Temperate Moist,1,109,0,Cool Temperate Moist Forest on Plains,#016D00
542,Vespa crabro,FR,NA,gbif,4.12,46.74,1.0340457916259769,797,287,164,Warm Temperate,Moist,Grassland,Hills,Warm Temperate Moist,86,172,49,Warm Temperate Moist Grassland on Hills,#56AC31
543,Vespa crabro,AT,NA,gbif,15.87,46.81,0.9356552124023436,853,276,103,Cool Temperate,Moist,Cropland,Mountains,Cool Temperate Moist,33,102,5,Cool Temperate Moist Cropland on Mountains,#216605
544,Vespa crabro,NA,"Poznań, PL-WP, PL",inat,17.02,52.31,0.8466291427612305,503,72,116,Cool Temperate,Moist,Cropland,Plains,Cool Temperate Moist,29,153,10,Cool Temperate Moist Cropland on Plains,#1D990A
545,Vespa crabro,NL,NA,gbif,5.45,51.5,0.9980051994323732,773,18,120,Cool Temperate,Moist,Settlement,Plains,Cool Temperate Moist,78,119,2,Cool Temperate Moist Settlement on Plains,#4E7702
546,Vespa crabro,NA,"Lisbon, Portugal",inat,-9.15,38.77,1.6865142822265624,703,111,169,Warm Temperate,Moist,Settlement,Hills,Warm Temperate Moist,136,158,52,Warm Temperate Moist Settlement on Hills,#889E34
547,Vespa crabro,NL,NA,gbif,3.95,51.3,1.0390030860900878,773,-21,116,Cool Temperate,Moist,Cropland,Plains,Cool Temperate Moist,29,153,10,Cool Temperate Moist Cropland on Plains,#1D990A
548,Vespa crabro,NA,"Giardini Biennale ""A"", 30132 Venezia VE, Italie",inat,12.36,45.43,1.3089293479919433,757,1,NA,NA,NA,NA,NA,NA,NA,NA,NA,NA,NA
549,Vespa crabro,NA,"Pest, HU",inat,19.28,47.36,1.0550156593322757,522,113,187,Warm Temperate,Dry,Cropland,Plains,Warm Temperate Dry,155,228,99,Warm Temperate Dry Cropland on Plains,#9BE463
550,Vespa crabro,PL,NA,gbif,20.98,52.22,0.8092989921569824,508,113,120,Cool Temperate,Moist,Settlement,Plains,Cool Temperate Moist,78,119,2,Cool Temperate Moist Settlement on Plains,#4E7702
551,Vespa crabro,DE,NA,gbif,11.95,51.49,0.9405635833740236,516,85,145,Cool Temperate,Dry,Cropland,Plains,Cool Temperate Dry,89,191,56,Cool Temperate Dry Cropland on Plains,#59BF38
552,Vespa crabro,NA,"Steinfort, Luxemburg",inat,5.91,49.67,0.8880406379699707,893,319,105,Cool Temperate,Moist,Forest,Hills,Cool Temperate Moist,2,99,1,Cool Temperate Moist Forest on Hills,#026301
553,Vespa crabro,IT,NA,gbif,8.13,44.05,1.35385103225708,805,141,173,Warm Temperate,Moist,Cropland,Mountains,Warm Temperate Moist,100,150,37,Warm Temperate Moist Cropland on Mountains,#649625
554,Vespa crabro,FR,NA,gbif,-0.46,47.24,1.1593009948730468,729,53,160,Warm Temperate,Moist,Cropland,Plains,Warm Temperate Moist,105,207,54,Warm Temperate Moist Cropland on Plains,#69CF36
555,Vespa crabro,NA,"41200 Romorantin-Lanthenay, France",inat,1.76,47.35,1.1346593856811524,675,95,161,Warm Temperate,Moist,Settlement,Plains,Warm Temperate Moist,163,170,28,Warm Temperate Moist Settlement on Plains,#A3AA1C
556,Vespa crabro,NL,NA,gbif,4.3,51.4,1.0319975852966308,791,0,116,Cool Temperate,Moist,Cropland,Plains,Cool Temperate Moist,29,153,10,Cool Temperate Moist Cropland on Plains,#1D990A
557,Vespa crabro,NA,"Province of L'Aquila, Italy",inat,13.34,42.14,0.960084342956543,868,1337,103,Cool Temperate,Moist,Cropland,Mountains,Cool Temperate Moist,33,102,5,Cool Temperate Moist Cropland on Mountains,#216605
558,Vespa crabro,NA,"Cáceres, España",inat,-5.28,39.6,1.3524749755859375,536,633,194,Warm Temperate,Dry,Forest,Mountains,Warm Temperate Dry,96,139,37,Warm Temperate Dry Forest on Mountains,#608B25
559,Vespa crabro,DE,NA,gbif,9.37,48.95,0.8998364448547364,916,292,110,Cool Temperate,Moist,Cropland,Hills,Cool Temperate Moist,33,144,30,Cool Temperate Moist Cropland on Hills,#21901E
560,Vespa crabro,NL,NA,gbif,5.5,52.1,0.9649312019348144,817,8,128,Cool Temperate,Moist,Grassland,Plains,Cool Temperate Moist,22,133,0,Cool Temperate Moist Grassland on Plains,#168500
561,Vespa crabro,NL,NA,gbif,4.05,51.25,1.0351354598999023,797,6,116,Cool Temperate,Moist,Cropland,Plains,Cool Temperate Moist,29,153,10,Cool Temperate Moist Cropland on Plains,#1D990A
562,Vespa crabro,NA,"Wittstocker Allee, Neuruppin, Brandenburg, DE",inat,12.81,52.94,0.8880208015441895,541,46,120,Cool Temperate,Moist,Settlement,Plains,Cool Temperate Moist,78,119,2,Cool Temperate Moist Settlement on Plains,#4E7702
563,Vespa crabro,NA,"06886 Wittenberg, Deutschland",inat,12.64,51.87,0.8787937164306641,576,72,120,Cool Temperate,Moist,Settlement,Plains,Cool Temperate Moist,78,119,2,Cool Temperate Moist Settlement on Plains,#4E7702
564,Vespa crabro,NL,NA,gbif,5.85,51.95,0.9808792114257812,791,5,120,Cool Temperate,Moist,Settlement,Plains,Cool Temperate Moist,78,119,2,Cool Temperate Moist Settlement on Plains,#4E7702
565,Vespa crabro,AT,NA,gbif,13.09,47.82,0.8130990028381347,1307,563,107,Cool Temperate,Moist,Grassland,Mountains,Cool Temperate Moist,26,83,0,Cool Temperate Moist Grassland on Mountains,#1A5300
566,Vespa crabro,NA,"Doctors Hill, Bromsgrove, England, GB",inat,-2.08,52.36,0.8957937240600586,1073,135,114,Cool Temperate,Moist,Grassland,Hills,Cool Temperate Moist,22,124,10,Cool Temperate Moist Grassland on Hills,#167C0A
567,Vespa crabro,NL,NA,gbif,5.95,50.75,0.9454999923706054,888,184,110,Cool Temperate,Moist,Cropland,Hills,Cool Temperate Moist,33,144,30,Cool Temperate Moist Cropland on Hills,#21901E
568,Vespa crabro,AT,NA,gbif,16.39,48.2,1.0255562782287595,572,172,169,Warm Temperate,Moist,Settlement,Hills,Warm Temperate Moist,136,158,52,Warm Temperate Moist Settlement on Hills,#889E34
569,Vespa crabro,NL,NA,gbif,6.05,51.95,0.9773374557495116,766,9,116,Cool Temperate,Moist,Cropland,Plains,Cool Temperate Moist,29,153,10,Cool Temperate Moist Cropland on Plains,#1D990A
570,Vespa crabro,NA,"Somerset, UK",inat,-3.1,51.14,1.025291633605957,954,38,103,Cool Temperate,Moist,Cropland,Mountains,Cool Temperate Moist,33,102,5,Cool Temperate Moist Cropland on Mountains,#216605
571,Vespa crabro,DE,NA,gbif,9.39,54.79,0.8220789909362793,875,46,111,Cool Temperate,Moist,Forest,Plains,Cool Temperate Moist,1,109,0,Cool Temperate Moist Forest on Plains,#016D00
572,Vespa crabro,DE,NA,gbif,6.13,50.97,0.990902042388916,782,90,110,Cool Temperate,Moist,Cropland,Hills,Cool Temperate Moist,33,144,30,Cool Temperate Moist Cropland on Hills,#21901E
573,Vespa crabro,FR,NA,gbif,2.08,48.87,1.1072250366210938,626,140,177,Warm Temperate,Moist,Settlement,Tablelands,Warm Temperate Moist,62,63,152,Warm Temperate Moist Settlement on Tablelands,#3E3F98
574,Vespa crabro,NA,"38364 Schöningen-Esbeck, Deutschland",inat,10.96,52.16,0.8689833641052246,582,136,108,Cool Temperate,Moist,Settlement,Hills,Cool Temperate Moist,67,109,14,Cool Temperate Moist Settlement on Hills,#436D0E
575,Vespa crabro,DE,NA,gbif,7.39,50.07,0.8375947952270508,758,397,101,Cool Temperate,Moist,Forest,Tablelands,Cool Temperate Moist,71,89,181,Cool Temperate Moist Forest on Tablelands,#4759B5
576,Vespa crabro,NA,"Città metropolitana di Roma Capitale, Italia",inat,12,42.05,1.4577115058898926,255,214,173,Warm Temperate,Moist,Cropland,Mountains,Warm Temperate Moist,100,150,37,Warm Temperate Moist Cropland on Mountains,#649625
577,Vespa crabro,NA,"15 Zossen-Wünsdorf, Deutschland",inat,13.46,52.17,0.8966843605041503,545,45,120,Cool Temperate,Moist,Settlement,Plains,Cool Temperate Moist,78,119,2,Cool Temperate Moist Settlement on Plains,#4E7702
578,Vespa crabro,NA,"Warwickshire, UK",inat,-1.43,52.38,0.9469947814941406,637,83,128,Cool Temperate,Moist,Grassland,Plains,Cool Temperate Moist,22,133,0,Cool Temperate Moist Grassland on Plains,#168500
579,Vespa crabro,NL,NA,gbif,6.65,52.9,0.9060968399047852,829,20,111,Cool Temperate,Moist,Forest,Plains,Cool Temperate Moist,1,109,0,Cool Temperate Moist Forest on Plains,#016D00
580,Vespa crabro,FR,NA,gbif,0.4,47.05,1.1421468734741211,678,94,160,Warm Temperate,Moist,Cropland,Plains,Warm Temperate Moist,105,207,54,Warm Temperate Moist Cropland on Plains,#69CF36
581,Vespa crabro,DE,NA,gbif,11.17,50.36,0.6715218544006347,971,427,113,Cool Temperate,Moist,Settlement,Mountains,Cool Temperate Moist,61,67,0,Cool Temperate Moist Settlement on Mountains,#3D4300
582,Vespa crabro,DK,NA,gbif,12.35,55.75,0.8220802307128906,613,29,120,Cool Temperate,Moist,Settlement,Plains,Cool Temperate Moist,78,119,2,Cool Temperate Moist Settlement on Plains,#4E7702
583,Vespa crabro,FR,NA,gbif,2.06,48.94,1.1072250366210938,626,37,169,Warm Temperate,Moist,Settlement,Hills,Warm Temperate Moist,136,158,52,Warm Temperate Moist Settlement on Hills,#889E34
584,Vespa crabro,NA,"Castellón, España",inat,0.06,40.64,1.1697906494140624,517,980,176,Warm Temperate,Moist,Forest,Mountains,Warm Temperate Moist,49,105,3,Warm Temperate Moist Forest on Mountains,#316903
585,Vespa crabro,GB,NA,gbif,0.4,51.57,0.996620273590088,587,46,110,Cool Temperate,Moist,Cropland,Hills,Cool Temperate Moist,33,144,30,Cool Temperate Moist Cropland on Hills,#21901E
586,Vespa crabro,AT,NA,gbif,15.41,47.11,0.8947572708129883,862,385,113,Cool Temperate,Moist,Settlement,Mountains,Cool Temperate Moist,61,67,0,Cool Temperate Moist Settlement on Mountains,#3D4300
587,Vespa crabro,NA,"Broadmeads, Ware, England, GB",inat,-0.03,51.81,0.9853885650634766,626,56,108,Cool Temperate,Moist,Settlement,Hills,Cool Temperate Moist,67,109,14,Cool Temperate Moist Settlement on Hills,#436D0E
588,Vespa crabro,NA,"Sołtysowice, Wrocław, Polska",inat,17.08,51.16,0.8825676918029786,560,116,128,Cool Temperate,Moist,Grassland,Plains,Cool Temperate Moist,22,133,0,Cool Temperate Moist Grassland on Plains,#168500
589,Vespa crabro,NA,"Temple Farm, Solihull, England, GB",inat,-1.7,52.38,0.9318979263305665,715,106,116,Cool Temperate,Moist,Cropland,Plains,Cool Temperate Moist,29,153,10,Cool Temperate Moist Cropland on Plains,#1D990A
590,Vespa crabro,NL,NA,gbif,5.95,50.75,0.9454999923706054,888,184,110,Cool Temperate,Moist,Cropland,Hills,Cool Temperate Moist,33,144,30,Cool Temperate Moist Cropland on Hills,#21901E
591,Vespa crabro,NL,NA,gbif,5.65,51.95,0.967956256866455,791,7,116,Cool Temperate,Moist,Cropland,Plains,Cool Temperate Moist,29,153,10,Cool Temperate Moist Cropland on Plains,#1D990A
592,Vespa crabro,NL,NA,gbif,6.2,51.95,0.9738615036010744,761,14,128,Cool Temperate,Moist,Grassland,Plains,Cool Temperate Moist,22,133,0,Cool Temperate Moist Grassland on Plains,#168500
593,Vespa crabro,GB,NA,gbif,0.83,51.07,1.006264591217041,701,25,116,Cool Temperate,Moist,Cropland,Plains,Cool Temperate Moist,29,153,10,Cool Temperate Moist Cropland on Plains,#1D990A
594,Vespa crabro,NA,"Chardonne, Switzerland",inat,6.83,46.48,0.8990625381469727,1306,702,103,Cool Temperate,Moist,Cropland,Mountains,Cool Temperate Moist,33,102,5,Cool Temperate Moist Cropland on Mountains,#216605
595,Vespa crabro,NA,NA,inat,20.56,44.79,1.130035400390625,666,205,168,Warm Temperate,Moist,Cropland,Hills,Warm Temperate Moist,112,198,86,Warm Temperate Moist Cropland on Hills,#70C656
596,Vespa crabro,NL,NA,gbif,6.35,52,0.9709635734558104,742,17,120,Cool Temperate,Moist,Settlement,Plains,Cool Temperate Moist,78,119,2,Cool Temperate Moist Settlement on Plains,#4E7702
597,Vespa crabro,NL,NA,gbif,5.72,51.99,0.9700655937194824,799,36,111,Cool Temperate,Moist,Forest,Plains,Cool Temperate Moist,1,109,0,Cool Temperate Moist Forest on Plains,#016D00
598,Vespa crabro,JE,NA,gbif,-2.05,49.02,1.1854166984558103,800,-16,NA,NA,NA,NA,NA,NA,NA,NA,NA,NA,NA
599,Vespa crabro,NA,"Rue George Sand, Saint-Firmin-des-Prés, Centre-Val de Loire, FR",inat,1.11,47.84,1.0640239715576172,681,96,160,Warm Temperate,Moist,Cropland,Plains,Warm Temperate Moist,105,207,54,Warm Temperate Moist Cropland on Plains,#69CF36
600,Vespa crabro,NA,"Granada, España",inat,-3.49,36.92,1.2916072845458983,544,833,185,Warm Temperate,Dry,Settlement,Mountains,Warm Temperate Dry,144,124,59,Warm Temperate Dry Settlement on Mountains,#907C3B
601,Vespa crabro,NA,"Mayenne, Pays de la Loire, France",inat,-0.79,48.05,1.1442572593688964,747,101,178,Warm Temperate,Moist,Cropland,Tablelands,Warm Temperate Moist,61,89,194,Warm Temperate Moist Cropland on Tablelands,#3D59C2
602,Vespa crabro,NA,"88021 Borgia CZ, Italia",inat,16.59,38.81,1.6938373565673828,910,8,173,Warm Temperate,Moist,Cropland,Mountains,Warm Temperate Moist,100,150,37,Warm Temperate Moist Cropland on Mountains,#649625
603,Vespa crabro,NA,"Castellón, España",inat,0.23,40.52,1.466893768310547,516,313,184,Warm Temperate,Dry,Cropland,Mountains,Warm Temperate Dry,141,179,80,Warm Temperate Dry Cropland on Mountains,#8DB350
604,Vespa crabro,NL,NA,gbif,6.8,53.2,0.913628101348877,801,-2,128,Cool Temperate,Moist,Grassland,Plains,Cool Temperate Moist,22,133,0,Cool Temperate Moist Grassland on Plains,#168500
605,Vespa crabro,NA,"06 Sandersdorf-Brehna, Germany",inat,12.3,51.58,0.9271124839782716,521,87,111,Cool Temperate,Moist,Forest,Plains,Cool Temperate Moist,1,109,0,Cool Temperate Moist Forest on Plains,#016D00
606,Vespa crabro,NA,"39600 Les Planches-près-Arbois, France",inat,5.81,46.88,1.026941680908203,1147,484,97,Cool Temperate,Moist,Forest,Mountains,Cool Temperate Moist,6,64,0,Cool Temperate Moist Forest on Mountains,#064000
607,Vespa crabro,NA,"U Lomu, Prague 15, Prague, CZ",inat,14.58,50.06,0.9254937171936036,498,268,154,Cool Temperate,Dry,Settlement,Hills,Cool Temperate Dry,122,154,61,Cool Temperate Dry Settlement on Hills,#7A9A3D
608,Vespa crabro,NL,NA,gbif,4.7,52,0.9664947509765623,818,-1,120,Cool Temperate,Moist,Settlement,Plains,Cool Temperate Moist,78,119,2,Cool Temperate Moist Settlement on Plains,#4E7702
609,Vespa crabro,NA,"Gárdony, Gárdony, vasútállomás, 2483 Magyarország",inat,18.63,47.21,1.063756275177002,534,106,NA,NA,NA,NA,NA,NA,NA,NA,NA,NA,NA
610,Vespa crabro,NL,NA,gbif,6.2,53,0.9209405899047852,848,3,128,Cool Temperate,Moist,Grassland,Plains,Cool Temperate Moist,22,133,0,Cool Temperate Moist Grassland on Plains,#168500
611,Vespa crabro,DE,NA,gbif,8.48,50.13,0.9793051719665528,641,186,103,Cool Temperate,Moist,Cropland,Mountains,Cool Temperate Moist,33,102,5,Cool Temperate Moist Cropland on Mountains,#216605
612,Vespa crabro,NA,"Wimborne, England, GB",inat,-2.03,50.81,1.0281149864196777,791,35,128,Cool Temperate,Moist,Grassland,Plains,Cool Temperate Moist,22,133,0,Cool Temperate Moist Grassland on Plains,#168500
613,Vespa crabro,NL,NA,gbif,5.35,52.1,0.953948974609375,836,28,115,Cool Temperate,Moist,Shrubland,Plains,Cool Temperate Moist,26,131,0,Cool Temperate Moist Shrubland on Plains,#1A8300
614,Vespa crabro,NA,"The Mews, Ottery St Mary, England, GB",inat,-3.3,50.77,1.012636661529541,987,88,114,Cool Temperate,Moist,Grassland,Hills,Cool Temperate Moist,22,124,10,Cool Temperate Moist Grassland on Hills,#167C0A
615,Vespa crabro,NA,"69150 Décines-Charpieu, France",inat,4.96,45.79,1.1894624710083008,844,174,160,Warm Temperate,Moist,Cropland,Plains,Warm Temperate Moist,105,207,54,Warm Temperate Moist Cropland on Plains,#69CF36
616,Vespa crabro,AT,NA,gbif,16.55,48.21,1.0173728942871094,582,153,116,Cool Temperate,Moist,Cropland,Plains,Cool Temperate Moist,29,153,10,Cool Temperate Moist Cropland on Plains,#1D990A
617,Vespa crabro,NL,NA,gbif,4.3,52.1,0.9714204788208008,837,7,120,Cool Temperate,Moist,Settlement,Plains,Cool Temperate Moist,78,119,2,Cool Temperate Moist Settlement on Plains,#4E7702
618,Vespa crabro,HU,NA,gbif,19.29,47.62,1.0304552078247071,540,189,146,Cool Temperate,Dry,Cropland,Hills,Cool Temperate Dry,97,186,84,Cool Temperate Dry Cropland on Hills,#61BA54
619,Vespa crabro,FR,NA,gbif,4.99,45.77,1.1894624710083008,844,209,169,Warm Temperate,Moist,Settlement,Hills,Warm Temperate Moist,136,158,52,Warm Temperate Moist Settlement on Hills,#889E34
620,Vespa crabro,NA,"Kaivokorvenkatu, Lappeenranta, Etelä-Karjala, FI",inat,28.09,61.05,0.3916801929473877,635,91,105,Cool Temperate,Moist,Forest,Hills,Cool Temperate Moist,2,99,1,Cool Temperate Moist Forest on Hills,#026301
621,Vespa crabro,NA,"Place de la République, Droué, Centre-Val de Loire, FR",inat,1.08,48.04,1.043891716003418,665,158,160,Warm Temperate,Moist,Cropland,Plains,Warm Temperate Moist,105,207,54,Warm Temperate Moist Cropland on Plains,#69CF36
622,Vespa crabro,NA,"Le Château-d'Olonne, 85180 Les Sables-d'Olonne, France",inat,-1.73,46.51,1.253140926361084,754,33,160,Warm Temperate,Moist,Cropland,Plains,Warm Temperate Moist,105,207,54,Warm Temperate Moist Cropland on Plains,#69CF36
623,Vespa crabro,NA,"Matyldów 19, 09-520, Polska",inat,19.68,52.45,0.8127968788146973,520,81,116,Cool Temperate,Moist,Cropland,Plains,Cool Temperate Moist,29,153,10,Cool Temperate Moist Cropland on Plains,#1D990A
624,Vespa crabro,DE,NA,gbif,7.54,51.71,0.9568103790283204,802,71,120,Cool Temperate,Moist,Settlement,Plains,Cool Temperate Moist,78,119,2,Cool Temperate Moist Settlement on Plains,#4E7702
625,Vespa crabro,NL,NA,gbif,5.1,52,0.9610124588012696,776,3,128,Cool Temperate,Moist,Grassland,Plains,Cool Temperate Moist,22,133,0,Cool Temperate Moist Grassland on Plains,#168500
626,Vespa crabro,DE,NA,gbif,10.28,52.19,0.9242062568664552,654,95,110,Cool Temperate,Moist,Cropland,Hills,Cool Temperate Moist,33,144,30,Cool Temperate Moist Cropland on Hills,#21901E
627,Vespa crabro,NL,NA,gbif,4.95,51.8,0.97971773147583,794,2,116,Cool Temperate,Moist,Cropland,Plains,Cool Temperate Moist,29,153,10,Cool Temperate Moist Cropland on Plains,#1D990A
628,Vespa crabro,NA,"Ócsa, 2364 Hungary",inat,19.21,47.3,1.0521187782287598,510,105,187,Warm Temperate,Dry,Cropland,Plains,Warm Temperate Dry,155,228,99,Warm Temperate Dry Cropland on Plains,#9BE463
629,Vespa crabro,IT,NA,gbif,9.82,44.1,1.255716323852539,1166,24,172,Warm Temperate,Moist,Settlement,Mountains,Warm Temperate Moist,105,89,18,Warm Temperate Moist Settlement on Mountains,#695912
630,Vespa crabro,DE,NA,gbif,8.65,50.09,1.0215635299682615,620,105,161,Warm Temperate,Moist,Settlement,Plains,Warm Temperate Moist,163,170,28,Warm Temperate Moist Settlement on Plains,#A3AA1C
631,Vespa crabro,GB,NA,gbif,1.66,52.44,0.971108341217041,577,9,116,Cool Temperate,Moist,Cropland,Plains,Cool Temperate Moist,29,153,10,Cool Temperate Moist Cropland on Plains,#1D990A
632,Vespa crabro,NL,NA,gbif,5.25,51.65,0.9838749885559082,773,7,111,Cool Temperate,Moist,Forest,Plains,Cool Temperate Moist,1,109,0,Cool Temperate Moist Forest on Plains,#016D00
633,Vespa crabro,NA,"Woluwe-Saint-Pierre, Belgium",inat,4.43,50.84,1.0497979164123534,783,73,108,Cool Temperate,Moist,Settlement,Hills,Cool Temperate Moist,67,109,14,Cool Temperate Moist Settlement on Hills,#436D0E
634,Vespa crabro,NA,"Chemin des Sablons de la Montagne, Marly-le-Roi, Île-de-France, FR",inat,2.08,48.87,1.1072250366210938,626,140,177,Warm Temperate,Moist,Settlement,Tablelands,Warm Temperate Moist,62,63,152,Warm Temperate Moist Settlement on Tablelands,#3E3F98
635,Vespa crabro,NA,"4260 Bled, Slovenia",inat,14.09,46.36,0.6098395824432373,1779,539,NA,NA,NA,NA,NA,NA,NA,NA,NA,NA,NA
636,Vespa crabro,NA,"13260 Cassis, France",inat,5.53,43.21,1.4447969436645507,647,63,NA,NA,NA,NA,NA,NA,NA,NA,NA,NA,NA
637,Vespa crabro,NA,Pont-du-Château,inat,3.25,45.8,1.086703109741211,612,348,169,Warm Temperate,Moist,Settlement,Hills,Warm Temperate Moist,136,158,52,Warm Temperate Moist Settlement on Hills,#889E34
638,Vespa crabro,NA,"Cádiz, España",inat,-5.5,36.08,1.7524999618530273,792,287,172,Warm Temperate,Moist,Settlement,Mountains,Warm Temperate Moist,105,89,18,Warm Temperate Moist Settlement on Mountains,#695912
639,Vespa crabro,NL,NA,gbif,3.45,51.35,1.031646156311035,772,-20,116,Cool Temperate,Moist,Cropland,Plains,Cool Temperate Moist,29,153,10,Cool Temperate Moist Cropland on Plains,#1D990A
640,Vespa crabro,NL,NA,gbif,5.95,52.25,0.9391374588012696,876,19,128,Cool Temperate,Moist,Grassland,Plains,Cool Temperate Moist,22,133,0,Cool Temperate Moist Grassland on Plains,#168500
641,Vespa crabro,AT,NA,gbif,11.75,47.37,0.6445718765258789,1223,775,97,Cool Temperate,Moist,Forest,Mountains,Cool Temperate Moist,6,64,0,Cool Temperate Moist Forest on Mountains,#064000
642,Vespa crabro,NA,"5310 St. Lorenz, Österreich",inat,13.33,47.84,0.773898983001709,1266,616,107,Cool Temperate,Moist,Grassland,Mountains,Cool Temperate Moist,26,83,0,Cool Temperate Moist Grassland on Mountains,#1A5300
643,Vespa crabro,NL,NA,gbif,5.05,51.55,0.9860114097595216,794,16,120,Cool Temperate,Moist,Settlement,Plains,Cool Temperate Moist,78,119,2,Cool Temperate Moist Settlement on Plains,#4E7702
644,Vespa crabro,NA,"Esposende, 4740, Portugal",inat,-8.75,41.61,1.404978370666504,1497,55,173,Warm Temperate,Moist,Cropland,Mountains,Warm Temperate Moist,100,150,37,Warm Temperate Moist Cropland on Mountains,#649625
645,Vespa crabro,GB,NA,gbif,-0.27,51.44,1.0673229217529296,633,32,167,Warm Temperate,Moist,Shrubland,Plains,Warm Temperate Moist,101,184,9,Warm Temperate Moist Shrubland on Plains,#65B809
646,Vespa crabro,DE,NA,gbif,8.49,49.44,1.051504135131836,669,95,166,Warm Temperate,Moist,Forest,Plains,Warm Temperate Moist,45,158,6,Warm Temperate Moist Forest on Plains,#2D9E06
647,Vespa crabro,FR,NA,gbif,7.77,48.62,1.061342716217041,735,136,161,Warm Temperate,Moist,Settlement,Plains,Warm Temperate Moist,163,170,28,Warm Temperate Moist Settlement on Plains,#A3AA1C
648,Vespa crabro,NA,"Poueyferré - Mairie, 65100 Poueyferré, France",inat,-0.08,43.12,1.1778489112854005,1049,454,171,Warm Temperate,Moist,Grassland,Mountains,Warm Temperate Moist,86,129,14,Warm Temperate Moist Grassland on Mountains,#56810E
649,Vespa crabro,NL,NA,gbif,5.95,50.75,0.9454999923706054,888,184,110,Cool Temperate,Moist,Cropland,Hills,Cool Temperate Moist,33,144,30,Cool Temperate Moist Cropland on Hills,#21901E
650,Vespa crabro,NA,"Calle de la Cañada, Rionegro del Puente, Zamora, ES",inat,-6.23,42,1.0972323417663574,813,821,192,Warm Temperate,Dry,Grassland,Hills,Warm Temperate Dry,133,198,95,Warm Temperate Dry Grassland on Hills,#85C65F
651,Vespa crabro,AT,NA,gbif,10.9,47.2,0.5111124992370606,1085,1225,113,Cool Temperate,Moist,Settlement,Mountains,Cool Temperate Moist,61,67,0,Cool Temperate Moist Settlement on Mountains,#3D4300
652,Vespa crabro,NL,NA,gbif,5.15,52,0.9610124588012696,776,1,128,Cool Temperate,Moist,Grassland,Plains,Cool Temperate Moist,22,133,0,Cool Temperate Moist Grassland on Plains,#168500
653,Vespa crabro,NA,"Antibes, France",inat,7.12,43.61,1.4755531311035155,854,18,169,Warm Temperate,Moist,Settlement,Hills,Warm Temperate Moist,136,158,52,Warm Temperate Moist Settlement on Hills,#889E34
654,Vespa crabro,NA,"City Centre, Oxford, UK",inat,-1.25,51.75,1.0110572814941403,646,61,108,Cool Temperate,Moist,Settlement,Hills,Cool Temperate Moist,67,109,14,Cool Temperate Moist Settlement on Hills,#436D0E
655,Vespa crabro,AT,NA,gbif,16.31,48.12,0.9499468803405762,609,203,NA,NA,NA,NA,NA,NA,NA,NA,NA,NA,NA
656,Vespa crabro,NA,"Maurica, Stroud, England, GB",inat,-2.12,51.79,0.925447940826416,883,250,102,Cool Temperate,Moist,Cropland,Tablelands,Cool Temperate Moist,99,97,160,Cool Temperate Moist Cropland on Tablelands,#6361A0
657,Vespa crabro,FR,NA,gbif,2.11,50.22,0.9973041534423828,723,70,110,Cool Temperate,Moist,Cropland,Hills,Cool Temperate Moist,33,144,30,Cool Temperate Moist Cropland on Hills,#21901E
658,Vespa crabro,NA,"Stålværksvej (Strandvejen), 3300 Frederiksværk, Denmark",inat,12.02,55.96,0.7934613704681397,581,21,116,Cool Temperate,Moist,Cropland,Plains,Cool Temperate Moist,29,153,10,Cool Temperate Moist Cropland on Plains,#1D990A
659,Vespa crabro,NA,"Bátonyterenye, Kisterenye, 3078 Magyarország",inat,19.8,48.01,0.8922207832336426,556,222,146,Cool Temperate,Dry,Cropland,Hills,Cool Temperate Dry,97,186,84,Cool Temperate Dry Cropland on Hills,#61BA54
660,Vespa crabro,DE,NA,gbif,8.83,48.87,0.9109313011169432,896,438,102,Cool Temperate,Moist,Cropland,Tablelands,Cool Temperate Moist,99,97,160,Cool Temperate Moist Cropland on Tablelands,#6361A0
661,Vespa crabro,NA,"Veresegyház, Viczián Utca, 2112 Magyarország",inat,19.28,47.67,1.0170323371887209,542,175,146,Cool Temperate,Dry,Cropland,Hills,Cool Temperate Dry,97,186,84,Cool Temperate Dry Cropland on Hills,#61BA54
662,Vespa crabro,NA,"Six-Fours-les-Plages, Provence-Alpes-Côte d'Azur, FR",inat,5.83,43.07,1.5043931961059571,638,75,176,Warm Temperate,Moist,Forest,Mountains,Warm Temperate Moist,49,105,3,Warm Temperate Moist Forest on Mountains,#316903
663,Vespa crabro,DE,NA,gbif,8.06,52.63,0.9364489555358888,781,29,116,Cool Temperate,Moist,Cropland,Plains,Cool Temperate Moist,29,153,10,Cool Temperate Moist Cropland on Plains,#1D990A
664,Vespa crabro,GB,NA,gbif,-1.38,51.67,0.9933551788330078,646,72,116,Cool Temperate,Moist,Cropland,Plains,Cool Temperate Moist,29,153,10,Cool Temperate Moist Cropland on Plains,#1D990A
665,Vespa crabro,NA,Roosdaal,inat,4.08,50.84,1.040187454223633,782,44,108,Cool Temperate,Moist,Settlement,Hills,Cool Temperate Moist,67,109,14,Cool Temperate Moist Settlement on Hills,#436D0E
666,Vespa crabro,NA,"Tribulaunstraße, 81 München, Deutschland",inat,11.65,48.09,0.8841385841369629,1006,544,120,Cool Temperate,Moist,Settlement,Plains,Cool Temperate Moist,78,119,2,Cool Temperate Moist Settlement on Plains,#4E7702
667,Vespa crabro,NA,"Egger Seepromenade, Villach, Carinthia, AT",inat,13.93,46.59,0.7058145999908447,1373,547,97,Cool Temperate,Moist,Forest,Mountains,Cool Temperate Moist,6,64,0,Cool Temperate Moist Forest on Mountains,#064000
668,Vespa crabro,NA,"O Verdeal, 27438 Pantón, Lugo, Spain",inat,-7.61,42.52,1.2676395416259765,1643,377,173,Warm Temperate,Moist,Cropland,Mountains,Warm Temperate Moist,100,150,37,Warm Temperate Moist Cropland on Mountains,#649625
669,Vespa crabro,NA,"Silkeborg, Danmark",inat,9.63,56.14,0.7427760601043701,735,62,105,Cool Temperate,Moist,Forest,Hills,Cool Temperate Moist,2,99,1,Cool Temperate Moist Forest on Hills,#026301
670,Vespa crabro,NA,"Fyn, Årslev, Region Syddanmark, DK",inat,10.38,55.3,0.8398958206176758,637,39,116,Cool Temperate,Moist,Cropland,Plains,Cool Temperate Moist,29,153,10,Cool Temperate Moist Cropland on Plains,#1D990A
671,Vespa crabro,NA,"Île-de-France, FR",inat,2.19,48.83,1.1138312339782714,643,131,180,Warm Temperate,Moist,Forest,Tablelands,Warm Temperate Moist,69,72,136,Warm Temperate Moist Forest on Tablelands,#454888
672,Vespa crabro,CH,NA,gbif,7.68,47.31,0.8970728874206543,1172,637,113,Cool Temperate,Moist,Settlement,Mountains,Cool Temperate Moist,61,67,0,Cool Temperate Moist Settlement on Mountains,#3D4300
673,Vespa crabro,NA,"Nußallee, Bonn, North Rhine-Westphalia, DE",inat,7.09,50.73,1.0298375129699706,717,78,161,Warm Temperate,Moist,Settlement,Plains,Warm Temperate Moist,163,170,28,Warm Temperate Moist Settlement on Plains,#A3AA1C
674,Vespa crabro,NA,"Gatterholzgasse, 1120 Wien, Österreich",inat,16.32,48.18,0.9368698120117188,598,210,113,Cool Temperate,Moist,Settlement,Mountains,Cool Temperate Moist,61,67,0,Cool Temperate Moist Settlement on Mountains,#3D4300
675,Vespa crabro,NA,"Rhenen, Netherlands",inat,5.6,51.95,0.967956256866455,791,15,111,Cool Temperate,Moist,Forest,Plains,Cool Temperate Moist,1,109,0,Cool Temperate Moist Forest on Plains,#016D00
676,Vespa crabro,DE,NA,gbif,8.53,49.05,1.0160676956176755,824,138,120,Cool Temperate,Moist,Settlement,Plains,Cool Temperate Moist,78,119,2,Cool Temperate Moist Settlement on Plains,#4E7702
677,Vespa crabro,DE,NA,gbif,7.22,50.12,0.8874073028564453,746,186,97,Cool Temperate,Moist,Forest,Mountains,Cool Temperate Moist,6,64,0,Cool Temperate Moist Forest on Mountains,#064000
678,Vespa crabro,NA,"Merchtem, 1785 Merchtem, België",inat,4.26,50.96,1.029301071166992,790,34,116,Cool Temperate,Moist,Cropland,Plains,Cool Temperate Moist,29,153,10,Cool Temperate Moist Cropland on Plains,#1D990A
679,Vespa crabro,NA,"Strada Grande Torino, Sanremo, IT",inat,7.75,43.8,1.4734963417053222,813,11,NA,NA,NA,NA,NA,NA,NA,NA,NA,NA,NA
680,Vespa crabro,DE,NA,gbif,9.8,52.41,0.950290584564209,654,54,120,Cool Temperate,Moist,Settlement,Plains,Cool Temperate Moist,78,119,2,Cool Temperate Moist Settlement on Plains,#4E7702
681,Vespa crabro,NA,"Birdworld, Farnham GU10 4LE, UK",inat,-0.84,51.18,1.0008916854858398,798,101,105,Cool Temperate,Moist,Forest,Hills,Cool Temperate Moist,2,99,1,Cool Temperate Moist Forest on Hills,#026301
682,Vespa crabro,DE,NA,gbif,9.11,49.93,0.9606249809265136,805,112,116,Cool Temperate,Moist,Cropland,Plains,Cool Temperate Moist,29,153,10,Cool Temperate Moist Cropland on Plains,#1D990A
683,Vespa crabro,NA,"Purleigh, Chelmsford, England, GB",inat,0.64,51.7,0.9842833518981934,563,46,114,Cool Temperate,Moist,Grassland,Hills,Cool Temperate Moist,22,124,10,Cool Temperate Moist Grassland on Hills,#167C0A
684,Vespa crabro,NL,NA,gbif,5.7,50.75,0.9797103881835938,819,63,108,Cool Temperate,Moist,Settlement,Hills,Cool Temperate Moist,67,109,14,Cool Temperate Moist Settlement on Hills,#436D0E
685,Vespa crabro,DE,NA,gbif,7.22,50.9,0.937600040435791,967,172,109,Cool Temperate,Moist,Grassland,Tablelands,Cool Temperate Moist,78,92,155,Cool Temperate Moist Grassland on Tablelands,#4E5C9B
686,Vespa crabro,NL,NA,gbif,5.6,51.45,0.9889156341552734,757,21,116,Cool Temperate,Moist,Cropland,Plains,Cool Temperate Moist,29,153,10,Cool Temperate Moist Cropland on Plains,#1D990A
687,Vespa crabro,NA,"55800 Revigny-sur-Ornain, France",inat,4.96,48.82,1.055275058746338,803,133,160,Warm Temperate,Moist,Cropland,Plains,Warm Temperate Moist,105,207,54,Warm Temperate Moist Cropland on Plains,#69CF36
688,Vespa crabro,NL,NA,gbif,5.75,51.7,0.9782135009765623,760,16,NA,NA,NA,NA,NA,NA,NA,NA,NA,NA,NA
689,Vespa crabro,NA,"49320 Blaison-Saint-Sulpice, France",inat,-0.37,47.4,1.1772989273071288,714,46,160,Warm Temperate,Moist,Cropland,Plains,Warm Temperate Moist,105,207,54,Warm Temperate Moist Cropland on Plains,#69CF36
690,Vespa crabro,DE,NA,gbif,9.94,51.52,0.8735249519348145,714,159,113,Cool Temperate,Moist,Settlement,Mountains,Cool Temperate Moist,61,67,0,Cool Temperate Moist Settlement on Mountains,#3D4300
691,Vespa crabro,NA,"Schlosspark Laxenburg, Österreich",inat,16.37,48.06,1.019963550567627,571,179,111,Cool Temperate,Moist,Forest,Plains,Cool Temperate Moist,1,109,0,Cool Temperate Moist Forest on Plains,#016D00
692,Vespa crabro,DE,NA,gbif,6.91,49.84,0.9555583000183104,783,194,107,Cool Temperate,Moist,Grassland,Mountains,Cool Temperate Moist,26,83,0,Cool Temperate Moist Grassland on Mountains,#1A5300
693,Vespa crabro,NA,"8820 Torhout, België",inat,3.07,51.09,1.0103198051452638,773,31,116,Cool Temperate,Moist,Cropland,Plains,Cool Temperate Moist,29,153,10,Cool Temperate Moist Cropland on Plains,#1D990A
694,Vespa crabro,NA,"Imst, Österreich",inat,10.76,47.22,0.5254760265350342,1069,853,97,Cool Temperate,Moist,Forest,Mountains,Cool Temperate Moist,6,64,0,Cool Temperate Moist Forest on Mountains,#064000
695,Vespa crabro,NA,"Bad zur Sonne/Stadtbibliothek, 8020 Graz, Österreich",inat,15.43,47.07,0.8947572708129883,862,348,113,Cool Temperate,Moist,Settlement,Mountains,Cool Temperate Moist,61,67,0,Cool Temperate Moist Settlement on Mountains,#3D4300
696,Vespa crabro,NA,Portugal,inat,-9.09,39.17,1.555065631866455,705,244,173,Warm Temperate,Moist,Cropland,Mountains,Warm Temperate Moist,100,150,37,Warm Temperate Moist Cropland on Mountains,#649625
697,Vespa crabro,NL,NA,gbif,4.65,52.55,0.952672290802002,829,6,116,Cool Temperate,Moist,Cropland,Plains,Cool Temperate Moist,29,153,10,Cool Temperate Moist Cropland on Plains,#1D990A
698,Vespa crabro,NL,NA,gbif,6.55,51.9,0.9658645629882812,771,21,116,Cool Temperate,Moist,Cropland,Plains,Cool Temperate Moist,29,153,10,Cool Temperate Moist Cropland on Plains,#1D990A
699,Vespa crabro,ES,NA,gbif,-0.69,40.82,0.9889135360717772,491,1107,183,Warm Temperate,Dry,Shrubland,Mountains,Warm Temperate Dry,144,160,38,Warm Temperate Dry Shrubland on Mountains,#90A026
700,Vespa crabro,ES,NA,gbif,-5.74,40.11,1.3364906311035156,632,649,184,Warm Temperate,Dry,Cropland,Mountains,Warm Temperate Dry,141,179,80,Warm Temperate Dry Cropland on Mountains,#8DB350
701,Vespa crabro,NA,"56500 Radenac, France",inat,-2.73,47.96,1.1595989227294925,912,106,168,Warm Temperate,Moist,Cropland,Hills,Warm Temperate Moist,112,198,86,Warm Temperate Moist Cropland on Hills,#70C656
702,Vespa crabro,DE,NA,gbif,9.19,48.91,0.9495219230651856,735,266,101,Cool Temperate,Moist,Forest,Tablelands,Cool Temperate Moist,71,89,181,Cool Temperate Moist Forest on Tablelands,#4759B5
703,Vespa crabro,NA,"Pte. de Lima, 4990, Portugal",inat,-8.59,41.77,1.3829906463623047,1527,42,173,Warm Temperate,Moist,Cropland,Mountains,Warm Temperate Moist,100,150,37,Warm Temperate Moist Cropland on Mountains,#649625
704,Vespa crabro,NL,NA,gbif,3.55,51.5,1.040852928161621,757,-2,116,Cool Temperate,Moist,Cropland,Plains,Cool Temperate Moist,29,153,10,Cool Temperate Moist Cropland on Plains,#1D990A
705,Vespa crabro,NL,NA,gbif,7,53.05,0.9178801536560058,763,0,116,Cool Temperate,Moist,Cropland,Plains,Cool Temperate Moist,29,153,10,Cool Temperate Moist Cropland on Plains,#1D990A
706,Vespa crabro,IT,NA,gbif,10.25,45.52,1.1451041221618652,856,201,161,Warm Temperate,Moist,Settlement,Plains,Warm Temperate Moist,163,170,28,Warm Temperate Moist Settlement on Plains,#A3AA1C
707,Vespa crabro,NL,NA,gbif,5.7,50.9,1.0079051971435546,754,41,NA,NA,NA,NA,NA,NA,NA,NA,NA,NA,NA
708,Vespa crabro,AT,NA,gbif,15.4,47.04,0.8947572708129883,862,384,120,Cool Temperate,Moist,Settlement,Plains,Cool Temperate Moist,78,119,2,Cool Temperate Moist Settlement on Plains,#4E7702
709,Vespa crabro,PT,NA,gbif,-9.17,38.74,1.6334726333618164,722,100,169,Warm Temperate,Moist,Settlement,Hills,Warm Temperate Moist,136,158,52,Warm Temperate Moist Settlement on Hills,#889E34
710,Vespa crabro,NA,"Drežnik Grad, Croazia",inat,15.67,44.94,1.0213375091552734,1293,394,103,Cool Temperate,Moist,Cropland,Mountains,Cool Temperate Moist,33,102,5,Cool Temperate Moist Cropland on Mountains,#216605
711,Vespa crabro,NA,"Castellón, España",inat,-0.1,40.44,1.154587459564209,496,1089,107,Cool Temperate,Moist,Grassland,Mountains,Cool Temperate Moist,26,83,0,Cool Temperate Moist Grassland on Mountains,#1A5300
712,Vespa crabro,NA,"Pola De Lena/La Pola, Pola de Lena, 33630 Lena, Asturias, España",inat,-5.83,43.16,0.9599843978881836,1009,453,172,Warm Temperate,Moist,Settlement,Mountains,Warm Temperate Moist,105,89,18,Warm Temperate Moist Settlement on Mountains,#695912
713,Vespa crabro,NA,"8163 Fladnitz an der Teichalm, Österreich",inat,15.48,47.28,0.7291510581970215,1001,652,107,Cool Temperate,Moist,Grassland,Mountains,Cool Temperate Moist,26,83,0,Cool Temperate Moist Grassland on Mountains,#1A5300
714,Vespa crabro,DE,NA,gbif,6.17,50.75,0.9189249992370604,871,243,114,Cool Temperate,Moist,Grassland,Hills,Cool Temperate Moist,22,124,10,Cool Temperate Moist Grassland on Hills,#167C0A
715,Vespa crabro,AT,NA,gbif,15.64,47.22,0.7613895893096924,979,524,103,Cool Temperate,Moist,Cropland,Mountains,Cool Temperate Moist,33,102,5,Cool Temperate Moist Cropland on Mountains,#216605
716,Vespa crabro,NL,NA,gbif,5.05,52.25,0.9512177467346192,822,-2,116,Cool Temperate,Moist,Cropland,Plains,Cool Temperate Moist,29,153,10,Cool Temperate Moist Cropland on Plains,#1D990A
717,Vespa crabro,NA,"Piata Spaniei, București, România",inat,26.11,44.45,1.0631781578063966,579,82,188,Warm Temperate,Dry,Settlement,Plains,Warm Temperate Dry,189,190,72,Warm Temperate Dry Settlement on Plains,#BDBE48
718,Vespa crabro,DE,NA,gbif,9.17,48.87,0.9495219230651856,735,310,110,Cool Temperate,Moist,Cropland,Hills,Cool Temperate Moist,33,144,30,Cool Temperate Moist Cropland on Hills,#21901E
719,Vespa crabro,DE,NA,gbif,8.69,49.38,0.9509333610534668,953,138,161,Warm Temperate,Moist,Settlement,Plains,Warm Temperate Moist,163,170,28,Warm Temperate Moist Settlement on Plains,#A3AA1C
720,Vespa crabro,NA,"Ham Link, Bristol, England, GB",inat,-2.75,51.33,0.9927770614624024,932,179,107,Cool Temperate,Moist,Grassland,Mountains,Cool Temperate Moist,26,83,0,Cool Temperate Moist Grassland on Mountains,#1A5300
721,Vespa crabro,NL,NA,gbif,4.6,52.4,0.9709492683410644,828,14,111,Cool Temperate,Moist,Forest,Plains,Cool Temperate Moist,1,109,0,Cool Temperate Moist Forest on Plains,#016D00
722,Vespa crabro,DE,NA,gbif,7.48,51.62,0.9850656509399414,857,55,111,Cool Temperate,Moist,Forest,Plains,Cool Temperate Moist,1,109,0,Cool Temperate Moist Forest on Plains,#016D00
723,Vespa crabro,NA,"38 Braunschweig-Wabe-Schunter-Beberbach, Deutschland",inat,10.59,52.27,0.9060322761535644,611,83,111,Cool Temperate,Moist,Forest,Plains,Cool Temperate Moist,1,109,0,Cool Temperate Moist Forest on Plains,#016D00
724,Vespa crabro,NL,NA,gbif,6.2,52.2,0.9648281097412108,788,8,120,Cool Temperate,Moist,Settlement,Plains,Cool Temperate Moist,78,119,2,Cool Temperate Moist Settlement on Plains,#4E7702
725,Vespa crabro,NL,NA,gbif,5.25,52.05,0.9599833488464355,815,3,128,Cool Temperate,Moist,Grassland,Plains,Cool Temperate Moist,22,133,0,Cool Temperate Moist Grassland on Plains,#168500
726,Vespa crabro,NL,NA,gbif,5.4,51.4,0.9980051994323732,773,20,120,Cool Temperate,Moist,Settlement,Plains,Cool Temperate Moist,78,119,2,Cool Temperate Moist Settlement on Plains,#4E7702
727,Vespa crabro,NA,"J98W+V4, 3810 Oliveirinha, Portugal",inat,-8.6,40.62,1.4932135581970214,978,46,168,Warm Temperate,Moist,Cropland,Hills,Warm Temperate Moist,112,198,86,Warm Temperate Moist Cropland on Hills,#70C656
728,Vespa crabro,NL,NA,gbif,3.95,51.3,1.0390030860900878,773,-21,116,Cool Temperate,Moist,Cropland,Plains,Cool Temperate Moist,29,153,10,Cool Temperate Moist Cropland on Plains,#1D990A
729,Vespa crabro,GB,NA,gbif,-4.11,50.41,1.0294598579406735,1057,72,168,Warm Temperate,Moist,Cropland,Hills,Warm Temperate Moist,112,198,86,Warm Temperate Moist Cropland on Hills,#70C656
730,Vespa crabro,NL,NA,gbif,4.85,51.8,0.97971773147583,794,-7,NA,NA,NA,NA,NA,NA,NA,NA,NA,NA,NA
731,Vespa crabro,PL,NA,gbif,18.66,50.04,0.8474156379699707,703,267,116,Cool Temperate,Moist,Cropland,Plains,Cool Temperate Moist,29,153,10,Cool Temperate Moist Cropland on Plains,#1D990A
732,Vespa crabro,NA,"694G+F3, 56254 Moselkern, Tyskland",inat,7.38,50.21,0.9308843612670898,667,221,103,Cool Temperate,Moist,Cropland,Mountains,Cool Temperate Moist,33,102,5,Cool Temperate Moist Cropland on Mountains,#216605
733,Vespa crabro,NA,"Радомишльський район, Житомирська область, Україна",inat,29.46,50.39,0.7001760482788086,620,188,116,Cool Temperate,Moist,Cropland,Plains,Cool Temperate Moist,29,153,10,Cool Temperate Moist Cropland on Plains,#1D990A
734,Vespa crabro,NA,"Vojens, Danmark",inat,9.23,55.26,0.7846447944641113,849,46,116,Cool Temperate,Moist,Cropland,Plains,Cool Temperate Moist,29,153,10,Cool Temperate Moist Cropland on Plains,#1D990A
735,Vespa crabro,NA,"Бандхолм, Дания",inat,11.51,54.83,0.8744621276855469,595,4,111,Cool Temperate,Moist,Forest,Plains,Cool Temperate Moist,1,109,0,Cool Temperate Moist Forest on Plains,#016D00
736,Vespa crabro,NA,"Penzing, 1140 Wien, Österreich",inat,16.26,48.2,0.9368698120117188,598,287,113,Cool Temperate,Moist,Settlement,Mountains,Cool Temperate Moist,61,67,0,Cool Temperate Moist Settlement on Mountains,#3D4300
737,Vespa crabro,NL,NA,gbif,4.7,52.7,0.9533771514892578,814,7,111,Cool Temperate,Moist,Forest,Plains,Cool Temperate Moist,1,109,0,Cool Temperate Moist Forest on Plains,#016D00
738,Vespa crabro,PT,NA,gbif,-9.31,38.79,1.6334726333618164,722,175,173,Warm Temperate,Moist,Cropland,Mountains,Warm Temperate Moist,100,150,37,Warm Temperate Moist Cropland on Mountains,#649625
739,Vespa crabro,DE,NA,gbif,8.69,50.54,0.9095281600952148,681,198,105,Cool Temperate,Moist,Forest,Hills,Cool Temperate Moist,2,99,1,Cool Temperate Moist Forest on Hills,#026301
740,Vespa crabro,DE,NA,gbif,8.48,49.99,1.0403801918029785,579,100,111,Cool Temperate,Moist,Forest,Plains,Cool Temperate Moist,1,109,0,Cool Temperate Moist Forest on Plains,#016D00
741,Vespa crabro,FR,NA,gbif,-1.42,43.36,1.3987072944641112,1242,61,171,Warm Temperate,Moist,Grassland,Mountains,Warm Temperate Moist,86,129,14,Warm Temperate Moist Grassland on Mountains,#56810E
742,Vespa crabro,AT,NA,gbif,16.3,48.2,0.9368698120117188,598,240,113,Cool Temperate,Moist,Settlement,Mountains,Cool Temperate Moist,61,67,0,Cool Temperate Moist Settlement on Mountains,#3D4300
743,Vespa crabro,NL,NA,gbif,3.55,51.45,1.040852928161621,757,-1,NA,NA,NA,NA,NA,NA,NA,NA,NA,NA,NA
744,Vespa crabro,NL,NA,gbif,5.9,51.75,0.9752073287963868,758,48,105,Cool Temperate,Moist,Forest,Hills,Cool Temperate Moist,2,99,1,Cool Temperate Moist Forest on Hills,#026301
745,Vespa crabro,NA,"Ailsworth, England, UK",inat,-0.35,52.6,0.9580864906311036,606,36,111,Cool Temperate,Moist,Forest,Plains,Cool Temperate Moist,1,109,0,Cool Temperate Moist Forest on Plains,#016D00
746,Vespa crabro,NL,NA,gbif,5.85,51.25,1.0021281242370603,732,28,120,Cool Temperate,Moist,Settlement,Plains,Cool Temperate Moist,78,119,2,Cool Temperate Moist Settlement on Plains,#4E7702
747,Vespa crabro,NL,NA,gbif,5.35,51.65,0.9877718925476074,767,6,116,Cool Temperate,Moist,Cropland,Plains,Cool Temperate Moist,29,153,10,Cool Temperate Moist Cropland on Plains,#1D990A
748,Vespa crabro,FR,NA,gbif,7.56,47.63,1.0200145721435547,805,234,160,Warm Temperate,Moist,Cropland,Plains,Warm Temperate Moist,105,207,54,Warm Temperate Moist Cropland on Plains,#69CF36
749,Vespa crabro,NA,"23 Lübeck-St. Lorenz Süd, Deutschland",inat,10.66,53.85,0.84296875,725,9,120,Cool Temperate,Moist,Settlement,Plains,Cool Temperate Moist,78,119,2,Cool Temperate Moist Settlement on Plains,#4E7702
750,Vespa crabro,NA,"Ballrechten WG, Ballrechten-Dottingen, 79282 Ballrechten-Dottingen, Deutschland",inat,7.7,47.86,0.9775771141052246,969,303,113,Cool Temperate,Moist,Settlement,Mountains,Cool Temperate Moist,61,67,0,Cool Temperate Moist Settlement on Mountains,#3D4300
751,Vespa crabro,NA,"Osburg, Rhineland-Palatinate, DE",inat,6.78,49.7,0.8938666343688965,873,475,97,Cool Temperate,Moist,Forest,Mountains,Cool Temperate Moist,6,64,0,Cool Temperate Moist Forest on Mountains,#064000
752,Vespa crabro,NL,NA,gbif,5.15,52,0.9610124588012696,776,1,128,Cool Temperate,Moist,Grassland,Plains,Cool Temperate Moist,22,133,0,Cool Temperate Moist Grassland on Plains,#168500
753,Vespa crabro,NA,"Ardon, Centre-Val de Loire, FR",inat,1.92,47.81,1.0978083610534668,652,115,166,Warm Temperate,Moist,Forest,Plains,Warm Temperate Moist,45,158,6,Warm Temperate Moist Forest on Plains,#2D9E06
754,Vespa crabro,NL,NA,gbif,5.35,52.1,0.953948974609375,836,28,115,Cool Temperate,Moist,Shrubland,Plains,Cool Temperate Moist,26,131,0,Cool Temperate Moist Shrubland on Plains,#1A8300
755,Vespa crabro,NL,NA,gbif,4.85,51.9,0.9609541893005372,800,-1,128,Cool Temperate,Moist,Grassland,Plains,Cool Temperate Moist,22,133,0,Cool Temperate Moist Grassland on Plains,#168500
756,Vespa crabro,NA,"Schönbrunn, 1130 Wien, Österreich",inat,16.3,48.18,0.9368698120117188,598,209,97,Cool Temperate,Moist,Forest,Mountains,Cool Temperate Moist,6,64,0,Cool Temperate Moist Forest on Mountains,#064000
757,Vespa crabro,GB,NA,gbif,-1.42,51.82,0.9933551788330078,646,108,110,Cool Temperate,Moist,Cropland,Hills,Cool Temperate Moist,33,144,30,Cool Temperate Moist Cropland on Hills,#21901E
758,Vespa crabro,NA,"Botanischer Garten Frankfurt, Siesmayerstraße 72, 60323 Frankfurt am Main, Deutschland",inat,8.66,50.13,1.0215635299682615,620,118,111,Cool Temperate,Moist,Forest,Plains,Cool Temperate Moist,1,109,0,Cool Temperate Moist Forest on Plains,#016D00
759,Vespa crabro,NA,"Eger, Eger, Gárdonyi-ház, 3300 Magyarország",inat,20.38,47.9,0.9499364852905272,537,187,158,Cool Temperate,Dry,Settlement,Mountains,Cool Temperate Dry,111,110,35,Cool Temperate Dry Settlement on Mountains,#6F6E23
760,Vespa crabro,NA,"Breda West, Breda, Nederland",inat,4.75,51.59,1.0014093399047852,815,2,120,Cool Temperate,Moist,Settlement,Plains,Cool Temperate Moist,78,119,2,Cool Temperate Moist Settlement on Plains,#4E7702
761,Vespa crabro,DE,NA,gbif,8.71,50.79,0.8750062942504883,702,268,105,Cool Temperate,Moist,Forest,Hills,Cool Temperate Moist,2,99,1,Cool Temperate Moist Forest on Hills,#026301
762,Vespa crabro,DE,NA,gbif,11.11,48.64,0.8120979309082031,792,416,108,Cool Temperate,Moist,Settlement,Hills,Cool Temperate Moist,67,109,14,Cool Temperate Moist Settlement on Hills,#436D0E
763,Vespa crabro,DE,NA,gbif,13.54,52.45,0.912586498260498,547,36,120,Cool Temperate,Moist,Settlement,Plains,Cool Temperate Moist,78,119,2,Cool Temperate Moist Settlement on Plains,#4E7702
764,Vespa crabro,NL,NA,gbif,5.55,52.3,0.9519353866577148,819,-1,NA,NA,NA,NA,NA,NA,NA,NA,NA,NA,NA
765,Vespa crabro,NA,"Cochem-Zell, Rheinland-Pfalz, Germany",inat,7.16,50.15,0.8878832817077636,778,274,103,Cool Temperate,Moist,Cropland,Mountains,Cool Temperate Moist,33,102,5,Cool Temperate Moist Cropland on Mountains,#216605
766,Vespa crabro,NA,"Érd, Magyarország",inat,18.95,47.35,1.0841916084289551,535,105,NA,NA,NA,NA,NA,NA,NA,NA,NA,NA,NA
767,Vespa crabro,NA,"Bor, Česko",inat,12.78,49.73,0.7184083461761475,654,483,114,Cool Temperate,Moist,Grassland,Hills,Cool Temperate Moist,22,124,10,Cool Temperate Moist Grassland on Hills,#167C0A
768,Vespa crabro,NL,NA,gbif,5.7,51.9,0.9700655937194824,799,7,128,Cool Temperate,Moist,Grassland,Plains,Cool Temperate Moist,22,133,0,Cool Temperate Moist Grassland on Plains,#168500
769,Vespa crabro,NA,"Ashpole Road, Braintree, England, GB",inat,0.57,51.91,0.9627947807312012,581,71,116,Cool Temperate,Moist,Cropland,Plains,Cool Temperate Moist,29,153,10,Cool Temperate Moist Cropland on Plains,#1D990A
770,Vespa crabro,NL,NA,gbif,5.6,51.95,0.967956256866455,791,15,111,Cool Temperate,Moist,Forest,Plains,Cool Temperate Moist,1,109,0,Cool Temperate Moist Forest on Plains,#016D00
771,Vespa crabro,NA,"Student Health Centre, Exeter EX4 4QP, UK",inat,-3.54,50.74,1.0325854301452635,949,55,165,Warm Temperate,Moist,Shrubland,Hills,Warm Temperate Moist,88,172,29,Warm Temperate Moist Shrubland on Hills,#58AC1D
772,Vespa crabro,DE,NA,gbif,13.53,52.75,0.8786260604858398,611,80,111,Cool Temperate,Moist,Forest,Plains,Cool Temperate Moist,1,109,0,Cool Temperate Moist Forest on Plains,#016D00
773,Vespa crabro,FR,NA,gbif,0.77,44.31,1.24341459274292,923,162,168,Warm Temperate,Moist,Cropland,Hills,Warm Temperate Moist,112,198,86,Warm Temperate Moist Cropland on Hills,#70C656
774,Vespa crabro,AT,NA,gbif,9.83,47.15,0.3286812543869019,1525,730,113,Cool Temperate,Moist,Settlement,Mountains,Cool Temperate Moist,61,67,0,Cool Temperate Moist Settlement on Mountains,#3D4300
775,Vespa crabro,IT,NA,gbif,8.64,45.87,1.0934072494506837,1199,259,173,Warm Temperate,Moist,Cropland,Mountains,Warm Temperate Moist,100,150,37,Warm Temperate Moist Cropland on Mountains,#649625
776,Vespa crabro,NA,"62, 8345 Ziegel, Österreich",inat,15.91,46.81,0.9356552124023436,853,337,97,Cool Temperate,Moist,Forest,Mountains,Cool Temperate Moist,6,64,0,Cool Temperate Moist Forest on Mountains,#064000
777,Vespa crabro,NA,"Chalfont St Giles, England, GB",inat,-0.54,51.64,1.025422954559326,655,110,109,Cool Temperate,Moist,Grassland,Tablelands,Cool Temperate Moist,78,92,155,Cool Temperate Moist Grassland on Tablelands,#4E5C9B
778,Vespa crabro,NL,NA,gbif,3.55,51.55,1.0425701141357422,767,-4,116,Cool Temperate,Moist,Cropland,Plains,Cool Temperate Moist,29,153,10,Cool Temperate Moist Cropland on Plains,#1D990A
779,Vespa crabro,DE,NA,gbif,6.93,51.68,0.9867343902587892,822,41,120,Cool Temperate,Moist,Settlement,Plains,Cool Temperate Moist,78,119,2,Cool Temperate Moist Settlement on Plains,#4E7702
780,Vespa crabro,AT,NA,gbif,15.92,46.86,0.9042864799499511,829,346,103,Cool Temperate,Moist,Cropland,Mountains,Cool Temperate Moist,33,102,5,Cool Temperate Moist Cropland on Mountains,#216605
781,Vespa crabro,NA,"68300 Saint-Louis, France",inat,7.55,47.62,1.0200145721435547,805,237,116,Cool Temperate,Moist,Cropland,Plains,Cool Temperate Moist,29,153,10,Cool Temperate Moist Cropland on Plains,#1D990A
782,Vespa crabro,DE,NA,gbif,8.19,53.14,0.9053750038146972,742,5,120,Cool Temperate,Moist,Settlement,Plains,Cool Temperate Moist,78,119,2,Cool Temperate Moist Settlement on Plains,#4E7702
783,Vespa crabro,NA,"Vuurkruisersstraat, Zwevegem, West-Vlaanderen, BE",inat,3.36,50.75,1.0314833641052246,767,21,116,Cool Temperate,Moist,Cropland,Plains,Cool Temperate Moist,29,153,10,Cool Temperate Moist Cropland on Plains,#1D990A
784,Vespa crabro,DE,NA,gbif,8.24,49.99,1.0134291648864746,587,120,110,Cool Temperate,Moist,Cropland,Hills,Cool Temperate Moist,33,144,30,Cool Temperate Moist Cropland on Hills,#21901E
785,Vespa crabro,DE,NA,gbif,11.16,49.53,0.8589104652404785,745,378,108,Cool Temperate,Moist,Settlement,Hills,Cool Temperate Moist,67,109,14,Cool Temperate Moist Settlement on Hills,#436D0E
786,Vespa crabro,NA,"Utrecht, NL-UT, NL",inat,5.15,52.07,0.9803396224975586,797,4,128,Cool Temperate,Moist,Grassland,Plains,Cool Temperate Moist,22,133,0,Cool Temperate Moist Grassland on Plains,#168500
787,Vespa crabro,NL,NA,gbif,4.8,52,0.9664947509765623,818,-2,128,Cool Temperate,Moist,Grassland,Plains,Cool Temperate Moist,22,133,0,Cool Temperate Moist Grassland on Plains,#168500
788,Vespa crabro,NA,"91 Wiesenthau, Deutschland",inat,11.16,49.71,0.8481552124023437,747,359,107,Cool Temperate,Moist,Grassland,Mountains,Cool Temperate Moist,26,83,0,Cool Temperate Moist Grassland on Mountains,#1A5300
789,Vespa crabro,NA,"Žitenice 604, 411 41 Žitenice, Česko",inat,14.16,50.55,0.8654885292053223,627,250,103,Cool Temperate,Moist,Cropland,Mountains,Cool Temperate Moist,33,102,5,Cool Temperate Moist Cropland on Mountains,#216605
790,Vespa crabro,NA,"35017 Piombino Dese PD, Italia",inat,12.03,45.64,1.3012083053588868,881,23,160,Warm Temperate,Moist,Cropland,Plains,Warm Temperate Moist,105,207,54,Warm Temperate Moist Cropland on Plains,#69CF36
791,Vespa crabro,NL,NA,gbif,4.65,51.9,0.9911375045776368,858,-2,128,Cool Temperate,Moist,Grassland,Plains,Cool Temperate Moist,22,133,0,Cool Temperate Moist Grassland on Plains,#168500
792,Vespa crabro,NL,NA,gbif,5.1,52.2,0.9512177467346192,822,-2,111,Cool Temperate,Moist,Forest,Plains,Cool Temperate Moist,1,109,0,Cool Temperate Moist Forest on Plains,#016D00
793,Vespa crabro,NA,"Gebze/Kocaeli, Türkiye",inat,29.53,41.01,1.3350114822387695,830,239,180,Warm Temperate,Moist,Forest,Tablelands,Warm Temperate Moist,69,72,136,Warm Temperate Moist Forest on Tablelands,#454888
794,Vespa crabro,NA,"Am Ried, 78315 Radolfzell am Bodensee, Deutschland",inat,9,47.77,0.8956812858581543,876,507,103,Cool Temperate,Moist,Cropland,Mountains,Cool Temperate Moist,33,102,5,Cool Temperate Moist Cropland on Mountains,#216605
795,Vespa crabro,DE,NA,gbif,7.62,52.35,0.9470125198364258,764,44,116,Cool Temperate,Moist,Cropland,Plains,Cool Temperate Moist,29,153,10,Cool Temperate Moist Cropland on Plains,#1D990A
796,Vespa crabro,NL,NA,gbif,5.9,51.95,0.9808792114257812,791,6,120,Cool Temperate,Moist,Settlement,Plains,Cool Temperate Moist,78,119,2,Cool Temperate Moist Settlement on Plains,#4E7702
797,Vespa crabro,IT,NA,gbif,10.25,45.52,1.1451041221618652,856,201,161,Warm Temperate,Moist,Settlement,Plains,Warm Temperate Moist,163,170,28,Warm Temperate Moist Settlement on Plains,#A3AA1C
798,Vespa crabro,NL,NA,gbif,4.95,51.95,0.9609541893005372,800,1,128,Cool Temperate,Moist,Grassland,Plains,Cool Temperate Moist,22,133,0,Cool Temperate Moist Grassland on Plains,#168500
799,Vespa crabro,NA,"10373 Cabañas del Castillo, Cáceres, Spanje",inat,-5.51,39.55,1.4498969078063966,529,634,194,Warm Temperate,Dry,Forest,Mountains,Warm Temperate Dry,96,139,37,Warm Temperate Dry Forest on Mountains,#608B25
800,Vespa crabro,AT,NA,gbif,16.48,48.18,1.0255562782287595,572,156,NA,NA,NA,NA,NA,NA,NA,NA,NA,NA,NA
801,Vespa crabro,NA,"Vascões, Paredes de Coura, Portugal",inat,-8.49,41.91,1.3074697494506835,1490,569,171,Warm Temperate,Moist,Grassland,Mountains,Warm Temperate Moist,86,129,14,Warm Temperate Moist Grassland on Mountains,#56810E
802,Vespa crabro,NA,"53721 Siegburg, Deutschland",inat,7.24,50.8,0.968272876739502,827,77,105,Cool Temperate,Moist,Forest,Hills,Cool Temperate Moist,2,99,1,Cool Temperate Moist Forest on Hills,#026301
803,Vespa crabro,NA,"Ormesson-sur-Marne, France",inat,2.54,48.79,1.082697868347168,638,92,177,Warm Temperate,Moist,Settlement,Tablelands,Warm Temperate Moist,62,63,152,Warm Temperate Moist Settlement on Tablelands,#3E3F98
804,Vespa crabro,NL,NA,gbif,4.1,51.75,0.9995707511901856,787,-2,120,Cool Temperate,Moist,Settlement,Plains,Cool Temperate Moist,78,119,2,Cool Temperate Moist Settlement on Plains,#4E7702
805,Vespa crabro,DK,NA,gbif,10.23,56.18,0.7734972953796386,648,22,111,Cool Temperate,Moist,Forest,Plains,Cool Temperate Moist,1,109,0,Cool Temperate Moist Forest on Plains,#016D00
806,Vespa crabro,NA,"Rue de la Montagne, Junglinster, District Grevenmacher, LU",inat,6.26,49.71,0.8899781227111816,817,334,110,Cool Temperate,Moist,Cropland,Hills,Cool Temperate Moist,33,144,30,Cool Temperate Moist Cropland on Hills,#21901E
807,Vespa crabro,NL,NA,gbif,4.6,52.55,0.952672290802002,829,5,NA,NA,NA,NA,NA,NA,NA,NA,NA,NA,NA
808,Vespa crabro,NL,NA,gbif,5.85,51.1,1.0099031448364255,731,27,116,Cool Temperate,Moist,Cropland,Plains,Cool Temperate Moist,29,153,10,Cool Temperate Moist Cropland on Plains,#1D990A
809,Vespa crabro,PT,NA,gbif,-8.56,41.1,1.4505515098571775,1231,85,169,Warm Temperate,Moist,Settlement,Hills,Warm Temperate Moist,136,158,52,Warm Temperate Moist Settlement on Hills,#889E34
810,Vespa crabro,NL,NA,gbif,6.5,53.2,0.8977239608764649,804,-2,128,Cool Temperate,Moist,Grassland,Plains,Cool Temperate Moist,22,133,0,Cool Temperate Moist Grassland on Plains,#168500
811,Vespa crabro,NL,NA,gbif,6.5,53.2,0.8977239608764649,804,-2,128,Cool Temperate,Moist,Grassland,Plains,Cool Temperate Moist,22,133,0,Cool Temperate Moist Grassland on Plains,#168500
812,Vespa crabro,DE,NA,gbif,11.7,48.28,0.8517885208129883,882,469,111,Cool Temperate,Moist,Forest,Plains,Cool Temperate Moist,1,109,0,Cool Temperate Moist Forest on Plains,#016D00
813,Vespa crabro,NA,"83454 Anger, Germany",inat,12.84,47.8,0.7479114532470703,1468,645,107,Cool Temperate,Moist,Grassland,Mountains,Cool Temperate Moist,26,83,0,Cool Temperate Moist Grassland on Mountains,#1A5300
814,Vespa crabro,GB,NA,gbif,-0.07,51.43,1.0485145568847656,661,63,177,Warm Temperate,Moist,Settlement,Tablelands,Warm Temperate Moist,62,63,152,Warm Temperate Moist Settlement on Tablelands,#3E3F98
815,Vespa crabro,DE,NA,gbif,10.14,53.67,0.8562197685241699,812,36,120,Cool Temperate,Moist,Settlement,Plains,Cool Temperate Moist,78,119,2,Cool Temperate Moist Settlement on Plains,#4E7702
816,Vespa crabro,NL,NA,gbif,5.05,52.05,0.9803396224975586,797,0,116,Cool Temperate,Moist,Cropland,Plains,Cool Temperate Moist,29,153,10,Cool Temperate Moist Cropland on Plains,#1D990A
817,Vespa crabro,NA,"Cáceres, España",inat,-6.08,39.81,1.5837270736694335,530,309,183,Warm Temperate,Dry,Shrubland,Mountains,Warm Temperate Dry,144,160,38,Warm Temperate Dry Shrubland on Mountains,#90A026
818,Vespa crabro,NL,NA,gbif,4.65,51.75,0.9967260360717772,816,0,116,Cool Temperate,Moist,Cropland,Plains,Cool Temperate Moist,29,153,10,Cool Temperate Moist Cropland on Plains,#1D990A
819,Vespa crabro,FR,NA,gbif,1.54,43.54,1.281265640258789,705,161,168,Warm Temperate,Moist,Cropland,Hills,Warm Temperate Moist,112,198,86,Warm Temperate Moist Cropland on Hills,#70C656
820,Vespa crabro,NA,"Allée des Lavandes, Saint-Zacharie, Provence-Alpes-Côte d'Azur, FR",inat,5.7,43.38,1.292286491394043,731,339,173,Warm Temperate,Moist,Cropland,Mountains,Warm Temperate Moist,100,150,37,Warm Temperate Moist Cropland on Mountains,#649625
821,Vespa crabro,IT,NA,gbif,10.49,44.58,1.151988506317139,1049,419,171,Warm Temperate,Moist,Grassland,Mountains,Warm Temperate Moist,86,129,14,Warm Temperate Moist Grassland on Mountains,#56810E
822,Vespa crabro,NL,NA,gbif,6.2,52.25,0.9648281097412108,788,7,120,Cool Temperate,Moist,Settlement,Plains,Cool Temperate Moist,78,119,2,Cool Temperate Moist Settlement on Plains,#4E7702
823,Vespa crabro,NL,NA,gbif,5.4,52,0.9671229362487792,780,8,128,Cool Temperate,Moist,Grassland,Plains,Cool Temperate Moist,22,133,0,Cool Temperate Moist Grassland on Plains,#168500
824,Vespa crabro,NL,NA,gbif,3.85,51.2,1.0390030860900878,773,5,116,Cool Temperate,Moist,Cropland,Plains,Cool Temperate Moist,29,153,10,Cool Temperate Moist Cropland on Plains,#1D990A
825,Vespa crabro,NL,NA,gbif,5.85,51,0.9916646003723144,781,49,120,Cool Temperate,Moist,Settlement,Plains,Cool Temperate Moist,78,119,2,Cool Temperate Moist Settlement on Plains,#4E7702
826,Vespa crabro,CZ,NA,gbif,12.71,49.95,0.6609593868255615,660,628,113,Cool Temperate,Moist,Settlement,Mountains,Cool Temperate Moist,61,67,0,Cool Temperate Moist Settlement on Mountains,#3D4300
827,Vespa crabro,NA,"Via Roma, Revine Lago, Veneto, IT",inat,12.26,46,1.2267666816711429,975,412,173,Warm Temperate,Moist,Cropland,Mountains,Warm Temperate Moist,100,150,37,Warm Temperate Moist Cropland on Mountains,#649625
828,Vespa crabro,NA,"Baden, Österreich",inat,16.04,48.03,0.8605771064758301,680,504,97,Cool Temperate,Moist,Forest,Mountains,Cool Temperate Moist,6,64,0,Cool Temperate Moist Forest on Mountains,#064000
829,Vespa crabro,NA,"Rua da Rainha, Gatão, Norte, PT",inat,-8.07,41.28,1.3693145751953124,1309,146,173,Warm Temperate,Moist,Cropland,Mountains,Warm Temperate Moist,100,150,37,Warm Temperate Moist Cropland on Mountains,#649625
830,Vespa crabro,NL,NA,gbif,6.1,52.35,0.9653812408447264,821,3,NA,NA,NA,NA,NA,NA,NA,NA,NA,NA,NA
831,Vespa crabro,DE,NA,gbif,7.18,51.26,0.8812573432922364,1153,249,108,Cool Temperate,Moist,Settlement,Hills,Cool Temperate Moist,67,109,14,Cool Temperate Moist Settlement on Hills,#436D0E
832,Vespa crabro,NL,NA,gbif,6,51.85,0.9773374557495116,766,11,116,Cool Temperate,Moist,Cropland,Plains,Cool Temperate Moist,29,153,10,Cool Temperate Moist Cropland on Plains,#1D990A
833,Vespa crabro,NA,"Fontenay-lès-Briis, France",inat,2.17,48.6,1.0837947845458984,625,111,168,Warm Temperate,Moist,Cropland,Hills,Warm Temperate Moist,112,198,86,Warm Temperate Moist Cropland on Hills,#70C656
834,Vespa crabro,DE,NA,gbif,9.22,50.36,0.7808437347412109,1057,319,114,Cool Temperate,Moist,Grassland,Hills,Cool Temperate Moist,22,124,10,Cool Temperate Moist Grassland on Hills,#167C0A
835,Vespa crabro,NL,NA,gbif,5.4,51.4,0.9980051994323732,773,20,120,Cool Temperate,Moist,Settlement,Plains,Cool Temperate Moist,78,119,2,Cool Temperate Moist Settlement on Plains,#4E7702
836,Vespa crabro,DE,NA,gbif,6.64,51.36,1.06216459274292,770,33,161,Warm Temperate,Moist,Settlement,Plains,Warm Temperate Moist,163,170,28,Warm Temperate Moist Settlement on Plains,#A3AA1C
837,Vespa crabro,NA,"Leer, DE-NI, DE",inat,7.55,53.2,0.8992708206176758,786,-1,128,Cool Temperate,Moist,Grassland,Plains,Cool Temperate Moist,22,133,0,Cool Temperate Moist Grassland on Plains,#168500
838,Vespa crabro,NA,"Pappelteich, 1230 Wien, Österreich",inat,16.25,48.15,0.9499468803405762,609,304,97,Cool Temperate,Moist,Forest,Mountains,Cool Temperate Moist,6,64,0,Cool Temperate Moist Forest on Mountains,#064000
839,Vespa crabro,NA,"Provincia di Grosseto, Italia",inat,11.37,42.4,1.5038017272949218,530,3,NA,NA,NA,NA,NA,NA,NA,NA,NA,NA,NA
840,Vespa crabro,FR,NA,gbif,-3.54,48.62,1.08183650970459,1058,108,168,Warm Temperate,Moist,Cropland,Hills,Warm Temperate Moist,112,198,86,Warm Temperate Moist Cropland on Hills,#70C656
841,Vespa crabro,NL,NA,gbif,5.85,51.9,0.9808792114257812,791,9,116,Cool Temperate,Moist,Cropland,Plains,Cool Temperate Moist,29,153,10,Cool Temperate Moist Cropland on Plains,#1D990A
842,Vespa crabro,NA,"23010 Buglio In Monte SO, Italia",inat,9.68,46.18,0.15217812061309816,931,541,97,Cool Temperate,Moist,Forest,Mountains,Cool Temperate Moist,6,64,0,Cool Temperate Moist Forest on Mountains,#064000
843,Vespa crabro,FR,NA,gbif,5.16,45,1.1264177322387696,974,317,173,Warm Temperate,Moist,Cropland,Mountains,Warm Temperate Moist,100,150,37,Warm Temperate Moist Cropland on Mountains,#649625
844,Vespa crabro,NL,NA,gbif,3.95,51.2,1.0390030860900878,773,3,116,Cool Temperate,Moist,Cropland,Plains,Cool Temperate Moist,29,153,10,Cool Temperate Moist Cropland on Plains,#1D990A
845,Vespa crabro,DE,NA,gbif,8.81,50.81,0.8750062942504883,702,309,102,Cool Temperate,Moist,Cropland,Tablelands,Cool Temperate Moist,99,97,160,Cool Temperate Moist Cropland on Tablelands,#6361A0
846,Vespa crabro,NA,"00166 Roma RM, Italia",inat,12.29,41.88,1.545767116546631,536,48,166,Warm Temperate,Moist,Forest,Plains,Warm Temperate Moist,45,158,6,Warm Temperate Moist Forest on Plains,#2D9E06
847,Vespa crabro,DE,NA,gbif,7.03,50.71,1.0298375129699706,717,121,108,Cool Temperate,Moist,Settlement,Hills,Cool Temperate Moist,67,109,14,Cool Temperate Moist Settlement on Hills,#436D0E
848,Vespa crabro,RO,NA,gbif,24.14,45.78,0.8117541313171387,649,437,108,Cool Temperate,Moist,Settlement,Hills,Cool Temperate Moist,67,109,14,Cool Temperate Moist Settlement on Hills,#436D0E
849,Vespa crabro,NA,"Parc de l'Étang, la Bruyère, Lieu-dit, 42600 Savigneux, France",inat,4.09,45.61,1.057913589477539,732,370,NA,NA,NA,NA,NA,NA,NA,NA,NA,NA,NA
850,Vespa crabro,NA,"Eure, Haute-Normandie, FR",inat,0.86,48.96,1.0121155738830567,679,169,105,Cool Temperate,Moist,Forest,Hills,Cool Temperate Moist,2,99,1,Cool Temperate Moist Forest on Hills,#026301
851,Vespa crabro,NA,"Nettuno, Lazio, IT",inat,12.72,41.48,1.611362648010254,885,32,160,Warm Temperate,Moist,Cropland,Plains,Warm Temperate Moist,105,207,54,Warm Temperate Moist Cropland on Plains,#69CF36
852,Vespa crabro,DE,NA,gbif,8.65,49.68,1.022700023651123,684,187,103,Cool Temperate,Moist,Cropland,Mountains,Cool Temperate Moist,33,102,5,Cool Temperate Moist Cropland on Mountains,#216605
853,Vespa crabro,NL,NA,gbif,5.85,51.25,1.0021281242370603,732,28,120,Cool Temperate,Moist,Settlement,Plains,Cool Temperate Moist,78,119,2,Cool Temperate Moist Settlement on Plains,#4E7702
854,Vespa crabro,FR,NA,gbif,0.26,48,1.1344947814941406,678,69,159,Warm Temperate,Moist,Grassland,Plains,Warm Temperate Moist,91,184,24,Warm Temperate Moist Grassland on Plains,#5BB818
855,Vespa crabro,NA,"Κεντρική Μακεδονία, Ελλάδα",inat,23.11,40.6,1.3503520965576172,467,717,194,Warm Temperate,Dry,Forest,Mountains,Warm Temperate Dry,96,139,37,Warm Temperate Dry Forest on Mountains,#608B25
856,Vespa crabro,NA,"Schönholzer Straße, Berlin, DE",inat,13.4,52.57,0.9484271049499512,572,47,120,Cool Temperate,Moist,Settlement,Plains,Cool Temperate Moist,78,119,2,Cool Temperate Moist Settlement on Plains,#4E7702
857,Vespa crabro,DE,NA,gbif,7.13,52.51,0.9370916366577148,756,20,116,Cool Temperate,Moist,Cropland,Plains,Cool Temperate Moist,29,153,10,Cool Temperate Moist Cropland on Plains,#1D990A
858,Vespa crabro,NA,"Bear Road Flyover (Stop B), Feltham TW13 6QH, UK",inat,-0.4,51.43,1.0744176864624024,608,18,160,Warm Temperate,Moist,Cropland,Plains,Warm Temperate Moist,105,207,54,Warm Temperate Moist Cropland on Plains,#69CF36
859,Vespa crabro,DE,NA,gbif,6.92,51.36,1.0297656059265137,883,97,105,Cool Temperate,Moist,Forest,Hills,Cool Temperate Moist,2,99,1,Cool Temperate Moist Forest on Hills,#026301
860,Vespa crabro,NL,NA,gbif,5.05,51.55,0.9860114097595216,794,16,120,Cool Temperate,Moist,Settlement,Plains,Cool Temperate Moist,78,119,2,Cool Temperate Moist Settlement on Plains,#4E7702
861,Vespa crabro,NA,"85408 Gammelsdorf-Katharinazell, Deutschland",inat,11.91,48.58,0.818736457824707,819,485,110,Cool Temperate,Moist,Cropland,Hills,Cool Temperate Moist,33,144,30,Cool Temperate Moist Cropland on Hills,#21901E
862,Vespa crabro,NA,"Soimi 164 A, Bihor, Romania, Șoimi 417555, Románia",inat,22.12,46.68,1.007827091217041,599,188,103,Cool Temperate,Moist,Cropland,Mountains,Cool Temperate Moist,33,102,5,Cool Temperate Moist Cropland on Mountains,#216605
863,Vespa crabro,NA,"Weyer, Österreich",inat,14.67,47.86,0.7437749862670898,880,512,113,Cool Temperate,Moist,Settlement,Mountains,Cool Temperate Moist,61,67,0,Cool Temperate Moist Settlement on Mountains,#3D4300
864,Vespa crabro,NL,NA,gbif,6.5,52.35,0.941880226135254,780,7,128,Cool Temperate,Moist,Grassland,Plains,Cool Temperate Moist,22,133,0,Cool Temperate Moist Grassland on Plains,#168500
865,Vespa crabro,NA,"Trnovec, Hrvatska",inat,16.4,46.29,1.0263176918029786,853,161,120,Cool Temperate,Moist,Settlement,Plains,Cool Temperate Moist,78,119,2,Cool Temperate Moist Settlement on Plains,#4E7702
866,Vespa crabro,NL,NA,gbif,5.4,52.45,0.9534229278564452,781,-4,NA,NA,NA,NA,NA,NA,NA,NA,NA,NA,NA
867,Vespa crabro,NL,NA,gbif,4.3,51.65,1.013334369659424,790,-2,NA,NA,NA,NA,NA,NA,NA,NA,NA,NA,NA
868,Vespa crabro,NA,"Ávila, ES-CL, ES",inat,-4.49,40.59,1.0322646141052243,504,1377,156,Cool Temperate,Dry,Grassland,Tablelands,Cool Temperate Dry,107,121,172,Cool Temperate Dry Grassland on Tablelands,#6B79AC
869,Vespa crabro,NA,"Saint-Vaast-du-Val, Normandie, FR",inat,1,49.68,1.0224937438964845,773,144,105,Cool Temperate,Moist,Forest,Hills,Cool Temperate Moist,2,99,1,Cool Temperate Moist Forest on Hills,#026301
870,Vespa crabro,NA,"67310 Romanswiller, France",inat,7.38,48.63,0.95220308303833,778,361,97,Cool Temperate,Moist,Forest,Mountains,Cool Temperate Moist,6,64,0,Cool Temperate Moist Forest on Mountains,#064000
871,Vespa crabro,NL,NA,gbif,5.85,52.8,0.9702646255493164,821,-1,128,Cool Temperate,Moist,Grassland,Plains,Cool Temperate Moist,22,133,0,Cool Temperate Moist Grassland on Plains,#168500
872,Vespa crabro,GB,NA,gbif,-1.47,51.01,0.99877290725708,749,42,114,Cool Temperate,Moist,Grassland,Hills,Cool Temperate Moist,22,124,10,Cool Temperate Moist Grassland on Hills,#167C0A
873,Vespa crabro,NA,"Dabas, 2370 Dabas, Kossuth utca 5/a, 2370 Hungary",inat,19.31,47.19,1.0521187782287598,510,100,187,Warm Temperate,Dry,Cropland,Plains,Warm Temperate Dry,155,228,99,Warm Temperate Dry Cropland on Plains,#9BE463
874,Vespa crabro,NL,NA,gbif,5.9,51.2,1.0021281242370603,732,27,111,Cool Temperate,Moist,Forest,Plains,Cool Temperate Moist,1,109,0,Cool Temperate Moist Forest on Plains,#016D00
875,Vespa crabro,IT,NA,gbif,12.53,41.95,1.5642478942871094,760,39,169,Warm Temperate,Moist,Settlement,Hills,Warm Temperate Moist,136,158,52,Warm Temperate Moist Settlement on Hills,#889E34
876,Vespa crabro,NL,NA,gbif,6.05,53.25,0.907870864868164,828,-1,128,Cool Temperate,Moist,Grassland,Plains,Cool Temperate Moist,22,133,0,Cool Temperate Moist Grassland on Plains,#168500
877,Vespa crabro,NA,"Młociny, Warszawa, Polska",inat,20.9,52.31,0.8092989921569824,508,94,111,Cool Temperate,Moist,Forest,Plains,Cool Temperate Moist,1,109,0,Cool Temperate Moist Forest on Plains,#016D00
878,Vespa crabro,DE,NA,gbif,13.62,52.33,0.8976739883422852,549,48,120,Cool Temperate,Moist,Settlement,Plains,Cool Temperate Moist,78,119,2,Cool Temperate Moist Settlement on Plains,#4E7702
879,Vespa crabro,DE,NA,gbif,6.19,50.91,0.9941916465759276,748,126,120,Cool Temperate,Moist,Settlement,Plains,Cool Temperate Moist,78,119,2,Cool Temperate Moist Settlement on Plains,#4E7702
880,Vespa crabro,NA,"22240 Plurien, France",inat,-2.4,48.63,1.1539353370666503,833,48,168,Warm Temperate,Moist,Cropland,Hills,Warm Temperate Moist,112,198,86,Warm Temperate Moist Cropland on Hills,#70C656
881,Vespa crabro,NA,"73800 Coise-Saint-Jean-Pied-Gauthier, France",inat,6.12,45.53,0.8544395446777344,1180,419,176,Warm Temperate,Moist,Forest,Mountains,Warm Temperate Moist,49,105,3,Warm Temperate Moist Forest on Mountains,#316903
882,Vespa crabro,DE,NA,gbif,12.5,52.49,0.93208646774292,555,40,115,Cool Temperate,Moist,Shrubland,Plains,Cool Temperate Moist,26,131,0,Cool Temperate Moist Shrubland on Plains,#1A8300
883,Vespa crabro,NA,"8323 Tirschenberg, Österreich",inat,15.72,47.02,0.8973989486694336,828,376,102,Cool Temperate,Moist,Cropland,Tablelands,Cool Temperate Moist,99,97,160,Cool Temperate Moist Cropland on Tablelands,#6361A0
884,Vespa crabro,NL,NA,gbif,5.8,51.95,0.9700655937194824,799,8,116,Cool Temperate,Moist,Cropland,Plains,Cool Temperate Moist,29,153,10,Cool Temperate Moist Cropland on Plains,#1D990A
885,Vespa crabro,NA,"04 Markkleeberg, Germany",inat,12.37,51.25,0.9444021224975586,567,119,128,Cool Temperate,Moist,Grassland,Plains,Cool Temperate Moist,22,133,0,Cool Temperate Moist Grassland on Plains,#168500
886,Vespa crabro,NL,NA,gbif,4,51.3,1.0351354598999023,797,-8,116,Cool Temperate,Moist,Cropland,Plains,Cool Temperate Moist,29,153,10,Cool Temperate Moist Cropland on Plains,#1D990A
887,Vespa crabro,NL,NA,gbif,4.75,52.35,0.973214626312256,830,-4,116,Cool Temperate,Moist,Cropland,Plains,Cool Temperate Moist,29,153,10,Cool Temperate Moist Cropland on Plains,#1D990A
888,Vespa crabro,NA,"Av.Constitucion-Alfonso Xiii, 28280 El Escorial, Madrid, España",inat,-4.12,40.58,1.2152562141418457,431,896,186,Warm Temperate,Dry,Grassland,Mountains,Warm Temperate Dry,132,162,55,Warm Temperate Dry Grassland on Mountains,#84A237
889,Vespa crabro,NA,"Rue Aloyse Hoffmann, Roodt-sur-Syre, Grevenmacher, LU",inat,6.31,49.67,0.8899781227111816,817,283,110,Cool Temperate,Moist,Cropland,Hills,Cool Temperate Moist,33,144,30,Cool Temperate Moist Cropland on Hills,#21901E
890,Vespa crabro,NA,via lungo gavine,inat,11.18,43.82,1.4581802368164063,880,36,160,Warm Temperate,Moist,Cropland,Plains,Warm Temperate Moist,105,207,54,Warm Temperate Moist Cropland on Plains,#69CF36
891,Vespa crabro,NL,NA,gbif,5.9,51.95,0.9808792114257812,791,6,120,Cool Temperate,Moist,Settlement,Plains,Cool Temperate Moist,78,119,2,Cool Temperate Moist Settlement on Plains,#4E7702
892,Vespa crabro,NL,NA,gbif,5.85,52,0.9808792114257812,791,44,105,Cool Temperate,Moist,Forest,Hills,Cool Temperate Moist,2,99,1,Cool Temperate Moist Forest on Hills,#026301
893,Vespa crabro,NL,NA,gbif,3.9,51.6,1.0235614776611328,779,-2,NA,NA,NA,NA,NA,NA,NA,NA,NA,NA,NA
894,Vespa crabro,NL,NA,gbif,5.05,52,0.9610124588012696,776,1,128,Cool Temperate,Moist,Grassland,Plains,Cool Temperate Moist,22,133,0,Cool Temperate Moist Grassland on Plains,#168500
895,Vespa crabro,NA,"Idstein Busbahnhof, 65510 Idstein, Deutschland",inat,8.27,50.22,0.8777406692504883,729,321,113,Cool Temperate,Moist,Settlement,Mountains,Cool Temperate Moist,61,67,0,Cool Temperate Moist Settlement on Mountains,#3D4300
896,Vespa crabro,NL,NA,gbif,5.75,51.7,0.9782135009765623,760,16,NA,NA,NA,NA,NA,NA,NA,NA,NA,NA,NA
897,Vespa crabro,NA,Netherlands,inat,6.2,50.92,0.9941916465759276,748,116,120,Cool Temperate,Moist,Settlement,Plains,Cool Temperate Moist,78,119,2,Cool Temperate Moist Settlement on Plains,#4E7702
898,Vespa crabro,BE,NA,gbif,3.37,51.03,1.0276729583740234,812,18,116,Cool Temperate,Moist,Cropland,Plains,Cool Temperate Moist,29,153,10,Cool Temperate Moist Cropland on Plains,#1D990A
899,Vespa crabro,NL,NA,gbif,5.9,50.95,0.9916646003723144,781,98,116,Cool Temperate,Moist,Cropland,Plains,Cool Temperate Moist,29,153,10,Cool Temperate Moist Cropland on Plains,#1D990A
900,Vespa crabro,NA,"Laube, Heuweiler, 79211 Denzlingen, Deutschland",inat,7.91,48.05,0.9761979103088378,1033,364,97,Cool Temperate,Moist,Forest,Mountains,Cool Temperate Moist,6,64,0,Cool Temperate Moist Forest on Mountains,#064000
901,Vespa crabro,DE,NA,gbif,9.12,48.72,0.8853989601135254,740,440,129,Cool Temperate,Moist,Settlement,Tablelands,Cool Temperate Moist,47,63,130,Cool Temperate Moist Settlement on Tablelands,#2F3F82
902,Vespa crabro,IT,NA,gbif,7.97,45.14,1.2054041862487792,731,286,176,Warm Temperate,Moist,Forest,Mountains,Warm Temperate Moist,49,105,3,Warm Temperate Moist Forest on Mountains,#316903
903,Vespa crabro,NL,NA,gbif,5.2,51.9,0.9631781578063964,761,0,128,Cool Temperate,Moist,Grassland,Plains,Cool Temperate Moist,22,133,0,Cool Temperate Moist Grassland on Plains,#168500
904,Vespa crabro,NA,"Seujet, Genève, Suisse",inat,6.13,46.2,0.973855209350586,1039,407,113,Cool Temperate,Moist,Settlement,Mountains,Cool Temperate Moist,61,67,0,Cool Temperate Moist Settlement on Mountains,#3D4300
905,Vespa crabro,NA,"TIVOLI | Piazza Garibaldi (Villa d'Este) # f11836, 00019 Tivoli RM, Италия",inat,12.8,41.96,1.5321395874023438,843,239,172,Warm Temperate,Moist,Settlement,Mountains,Warm Temperate Moist,105,89,18,Warm Temperate Moist Settlement on Mountains,#695912
906,Vespa crabro,NA,"Negrești, România",inat,27.46,46.83,0.9083312034606934,552,147,154,Cool Temperate,Dry,Settlement,Hills,Cool Temperate Dry,122,154,61,Cool Temperate Dry Settlement on Hills,#7A9A3D
907,Vespa crabro,NA,"37290 Preuilly-sur-Claise, France",inat,0.93,46.86,1.135896873474121,703,106,160,Warm Temperate,Moist,Cropland,Plains,Warm Temperate Moist,105,207,54,Warm Temperate Moist Cropland on Plains,#69CF36
908,Vespa crabro,NA,"Leicestershire, UK",inat,-1.33,52.81,0.927540683746338,660,80,110,Cool Temperate,Moist,Cropland,Hills,Cool Temperate Moist,33,144,30,Cool Temperate Moist Cropland on Hills,#21901E
909,Vespa crabro,DE,NA,gbif,7.7,47.73,0.7811521053314209,1405,614,97,Cool Temperate,Moist,Forest,Mountains,Cool Temperate Moist,6,64,0,Cool Temperate Moist Forest on Mountains,#064000
910,Vespa crabro,NA,"Caravate, XXV Aprile 53, 21032 Caravate VA, Italia",inat,8.64,45.87,1.0934072494506837,1199,259,173,Warm Temperate,Moist,Cropland,Mountains,Warm Temperate Moist,100,150,37,Warm Temperate Moist Cropland on Mountains,#649625
911,Vespa crabro,NL,NA,gbif,4.65,51.55,1.0070833206176757,804,9,116,Cool Temperate,Moist,Cropland,Plains,Cool Temperate Moist,29,153,10,Cool Temperate Moist Cropland on Plains,#1D990A
912,Vespa crabro,NO,NA,gbif,9.38,59.28,0.6673364639282227,913,39,NA,NA,NA,NA,NA,NA,NA,NA,NA,NA,NA
913,Vespa crabro,NA,"Czaplinek, Polska",inat,16.23,53.56,0.7979875087738038,666,140,120,Cool Temperate,Moist,Settlement,Plains,Cool Temperate Moist,78,119,2,Cool Temperate Moist Settlement on Plains,#4E7702
914,Vespa crabro,DE,NA,gbif,10.92,48.89,0.7976916790008545,767,536,102,Cool Temperate,Moist,Cropland,Tablelands,Cool Temperate Moist,99,97,160,Cool Temperate Moist Cropland on Tablelands,#6361A0
915,Vespa crabro,NA,"Wachau, Krems an der Donau, Lower Austria, AT",inat,15.56,48.43,0.8586822509765625,594,377,97,Cool Temperate,Moist,Forest,Mountains,Cool Temperate Moist,6,64,0,Cool Temperate Moist Forest on Mountains,#064000
916,Vespa crabro,NL,NA,gbif,4.9,52.3,0.9645885467529296,826,1,128,Cool Temperate,Moist,Grassland,Plains,Cool Temperate Moist,22,133,0,Cool Temperate Moist Grassland on Plains,#168500
917,Vespa crabro,NA,Советск,inat,21.9,55.08,0.7101375102996826,735,9,120,Cool Temperate,Moist,Settlement,Plains,Cool Temperate Moist,78,119,2,Cool Temperate Moist Settlement on Plains,#4E7702
918,Vespa crabro,NL,NA,gbif,5.9,51.9,0.9808792114257812,791,10,116,Cool Temperate,Moist,Cropland,Plains,Cool Temperate Moist,29,153,10,Cool Temperate Moist Cropland on Plains,#1D990A
919,Vespa crabro,NL,NA,gbif,5.95,51.45,0.9843155860900878,737,31,116,Cool Temperate,Moist,Cropland,Plains,Cool Temperate Moist,29,153,10,Cool Temperate Moist Cropland on Plains,#1D990A
920,Vespa crabro,NL,NA,gbif,6.45,53.1,0.8974020957946778,835,5,128,Cool Temperate,Moist,Grassland,Plains,Cool Temperate Moist,22,133,0,Cool Temperate Moist Grassland on Plains,#168500
921,Vespa crabro,DE,NA,gbif,8.48,47.95,0.6829677104949952,1019,728,110,Cool Temperate,Moist,Cropland,Hills,Cool Temperate Moist,33,144,30,Cool Temperate Moist Cropland on Hills,#21901E
922,Vespa crabro,NA,"Glesingerstraße, 8053 Graz, Österreich",inat,15.4,47.04,0.8947572708129883,862,384,120,Cool Temperate,Moist,Settlement,Plains,Cool Temperate Moist,78,119,2,Cool Temperate Moist Settlement on Plains,#4E7702
923,Vespa crabro,HR,NA,gbif,16.56,46.22,1.031236457824707,812,235,97,Cool Temperate,Moist,Forest,Mountains,Cool Temperate Moist,6,64,0,Cool Temperate Moist Forest on Mountains,#064000
924,Vespa crabro,NA,"Ranica Europa 4, 24020 Ranica BG, Italia",inat,9.71,45.73,1.0968093872070312,1017,376,172,Warm Temperate,Moist,Settlement,Mountains,Warm Temperate Moist,105,89,18,Warm Temperate Moist Settlement on Mountains,#695912
925,Vespa crabro,NA,"Horsted Keynes, Haywards Heath RH17, UK",inat,-0.03,51.03,0.9736645698547364,782,71,114,Cool Temperate,Moist,Grassland,Hills,Cool Temperate Moist,22,124,10,Cool Temperate Moist Grassland on Hills,#167C0A
926,Vespa crabro,DE,NA,gbif,7.2,51.51,0.9944573402404784,888,66,108,Cool Temperate,Moist,Settlement,Hills,Cool Temperate Moist,67,109,14,Cool Temperate Moist Settlement on Hills,#436D0E
927,Vespa crabro,NL,NA,gbif,3.55,51.45,1.040852928161621,757,-1,NA,NA,NA,NA,NA,NA,NA,NA,NA,NA,NA
928,Vespa crabro,NL,NA,gbif,4.5,52.05,0.96343231201171875,842,-4,120,Cool Temperate,Moist,Settlement,Plains,Cool Temperate Moist,78,119,2,Cool Temperate Moist Settlement on Plains,#4E7702
929,Vespa crabro,AT,NA,gbif,11.47,47.09,0.4237437248229981,1009,1273,107,Cool Temperate,Moist,Grassland,Mountains,Cool Temperate Moist,26,83,0,Cool Temperate Moist Grassland on Mountains,#1A5300
930,Vespa crabro,NA,"Turkey Road, Bexhill-On-Sea, England, GB",inat,0.46,50.86,1.022257137298584,790,26,108,Cool Temperate,Moist,Settlement,Hills,Cool Temperate Moist,67,109,14,Cool Temperate Moist Settlement on Hills,#436D0E
931,Vespa crabro,NL,NA,gbif,5.65,51.65,0.9889708518981932,754,17,120,Cool Temperate,Moist,Settlement,Plains,Cool Temperate Moist,78,119,2,Cool Temperate Moist Settlement on Plains,#4E7702
932,Vespa crabro,NA,"Dillenburg Mittelfeld, 35683 Dillenburg, Deutschland",inat,8.29,50.73,0.8186979293823242,893,289,113,Cool Temperate,Moist,Settlement,Mountains,Cool Temperate Moist,61,67,0,Cool Temperate Moist Settlement on Mountains,#3D4300
933,Vespa crabro,NL,NA,gbif,5.7,51.95,0.9700655937194824,799,9,116,Cool Temperate,Moist,Cropland,Plains,Cool Temperate Moist,29,153,10,Cool Temperate Moist Cropland on Plains,#1D990A
934,Vespa crabro,NL,NA,gbif,5.5,51.95,0.967956256866455,791,2,128,Cool Temperate,Moist,Grassland,Plains,Cool Temperate Moist,22,133,0,Cool Temperate Moist Grassland on Plains,#168500
935,Vespa crabro,NA,"Derbyshire, UK",inat,-1.65,53.19,0.8316635131835938,988,167,114,Cool Temperate,Moist,Grassland,Hills,Cool Temperate Moist,22,124,10,Cool Temperate Moist Grassland on Hills,#167C0A
936,Vespa crabro,NA,"Aspenweg, Waldbröl, North Rhine-Westphalia, DE",inat,7.66,50.89,0.8634385108947754,1143,338,109,Cool Temperate,Moist,Grassland,Tablelands,Cool Temperate Moist,78,92,155,Cool Temperate Moist Grassland on Tablelands,#4E5C9B
937,Vespa crabro,NL,NA,gbif,5.35,51.8,0.9804583549499511,776,4,128,Cool Temperate,Moist,Grassland,Plains,Cool Temperate Moist,22,133,0,Cool Temperate Moist Grassland on Plains,#168500
938,Vespa crabro,NL,NA,gbif,4.5,52.25,0.9717395782470704,824,2,120,Cool Temperate,Moist,Settlement,Plains,Cool Temperate Moist,78,119,2,Cool Temperate Moist Settlement on Plains,#4E7702
939,Vespa crabro,CZ,NA,gbif,14.9,50.43,0.879339599609375,552,236,108,Cool Temperate,Moist,Settlement,Hills,Cool Temperate Moist,67,109,14,Cool Temperate Moist Settlement on Hills,#436D0E
940,Vespa crabro,NA,"Sicó/Alvaiazere, Pussos, Centro, PT",inat,-8.39,39.78,1.5509208679199218,853,286,173,Warm Temperate,Moist,Cropland,Mountains,Warm Temperate Moist,100,150,37,Warm Temperate Moist Cropland on Mountains,#649625
941,Vespa crabro,NA,"6135 GE Sittard, Nederland",inat,5.85,51,0.9916646003723144,781,49,120,Cool Temperate,Moist,Settlement,Plains,Cool Temperate Moist,78,119,2,Cool Temperate Moist Settlement on Plains,#4E7702
942,Vespa crabro,FR,NA,gbif,2.29,48.86,1.160487461090088,632,46,169,Warm Temperate,Moist,Settlement,Hills,Warm Temperate Moist,136,158,52,Warm Temperate Moist Settlement on Hills,#889E34
943,Vespa crabro,NA,"Hangenbieten, France",inat,7.61,48.56,1.0174448013305664,684,164,120,Cool Temperate,Moist,Settlement,Plains,Cool Temperate Moist,78,119,2,Cool Temperate Moist Settlement on Plains,#4E7702
944,Vespa crabro,NL,NA,gbif,4.8,51.65,1.0014093399047852,815,2,128,Cool Temperate,Moist,Grassland,Plains,Cool Temperate Moist,22,133,0,Cool Temperate Moist Grassland on Plains,#168500
945,Vespa crabro,AT,NA,gbif,16.78,47.95,1.0081208229064942,586,119,110,Cool Temperate,Moist,Cropland,Hills,Cool Temperate Moist,33,144,30,Cool Temperate Moist Cropland on Hills,#21901E
946,Vespa crabro,NA,"Heinzelstraße, Görlitz, Saxony, DE",inat,14.98,51.14,0.8464781761169433,676,213,108,Cool Temperate,Moist,Settlement,Hills,Cool Temperate Moist,67,109,14,Cool Temperate Moist Settlement on Hills,#436D0E
947,Vespa crabro,NA,"Grafham, Huntingdon PE28 0BE, UK",inat,-0.32,52.3,0.9747572898864746,582,40,NA,NA,NA,NA,NA,NA,NA,NA,NA,NA,NA
948,Vespa crabro,NA,"Rue Rham, Junglinster, Distrikt Grevenmacher, LU",inat,6.25,49.71,0.8899781227111816,817,334,108,Cool Temperate,Moist,Settlement,Hills,Cool Temperate Moist,67,109,14,Cool Temperate Moist Settlement on Hills,#436D0E
949,Vespa crabro,NA,"Приозерский р-н, Ленинградская обл., Россия",inat,29.86,61.11,0.41256041526794435,615,17,111,Cool Temperate,Moist,Forest,Plains,Cool Temperate Moist,1,109,0,Cool Temperate Moist Forest on Plains,#016D00
950,Vespa crabro,DE,NA,gbif,9.36,50.3,0.8309926986694336,962,234,107,Cool Temperate,Moist,Grassland,Mountains,Cool Temperate Moist,26,83,0,Cool Temperate Moist Grassland on Mountains,#1A5300
951,Vespa crabro,NA,"Lugo, España",inat,-7.11,42.61,0.9595104217529296,1344,1180,97,Cool Temperate,Moist,Forest,Mountains,Cool Temperate Moist,6,64,0,Cool Temperate Moist Forest on Mountains,#064000
952,Vespa crabro,IT,NA,gbif,9.33,45.52,1.2678531646728517,1068,131,161,Warm Temperate,Moist,Settlement,Plains,Warm Temperate Moist,163,170,28,Warm Temperate Moist Settlement on Plains,#A3AA1C
953,Vespa crabro,NA,"Thames Meadow, Shepperton, England, GB",inat,-0.44,51.39,1.0744176864624024,608,18,120,Cool Temperate,Moist,Settlement,Plains,Cool Temperate Moist,78,119,2,Cool Temperate Moist Settlement on Plains,#4E7702
954,Vespa crabro,DE,NA,gbif,7.11,50.73,1.0298375129699706,717,65,161,Warm Temperate,Moist,Settlement,Plains,Warm Temperate Moist,163,170,28,Warm Temperate Moist Settlement on Plains,#A3AA1C
955,Vespa crabro,NA,"Innsbruck, Österreich",inat,11.33,47.27,0.5379750251770019,1098,1092,97,Cool Temperate,Moist,Forest,Mountains,Cool Temperate Moist,6,64,0,Cool Temperate Moist Forest on Mountains,#064000
956,Vespa crabro,NA,"Chulmleigh EX18, UK",inat,-3.87,50.91,0.9922687530517578,1121,114,114,Cool Temperate,Moist,Grassland,Hills,Cool Temperate Moist,22,124,10,Cool Temperate Moist Grassland on Hills,#167C0A
957,Vespa crabro,NA,"Southwest Finland, FI-LS, FI",inat,22.71,60.17,0.5199013233184815,677,28,111,Cool Temperate,Moist,Forest,Plains,Cool Temperate Moist,1,109,0,Cool Temperate Moist Forest on Plains,#016D00
958,Vespa crabro,NA,"3601 Dürnstein, Österreich",inat,15.52,48.39,0.8586822509765625,594,345,NA,NA,NA,NA,NA,NA,NA,NA,NA,NA,NA
959,Vespa crabro,NA,"7C59+2FJ, 6215-151 Cortes do Meio, Portugal",inat,-7.58,40.26,1.2362229347229003,1315,924,176,Warm Temperate,Moist,Forest,Mountains,Warm Temperate Moist,49,105,3,Warm Temperate Moist Forest on Mountains,#316903
960,Vespa crabro,FR,NA,gbif,-0.12,48.42,1.037557315826416,771,218,164,Warm Temperate,Moist,Grassland,Hills,Warm Temperate Moist,86,172,49,Warm Temperate Moist Grassland on Hills,#56AC31
961,Vespa crabro,NA,"Dieweg, Uccle, Brussels-Capital Region, BE",inat,4.34,50.79,1.0074718475341795,805,78,108,Cool Temperate,Moist,Settlement,Hills,Cool Temperate Moist,67,109,14,Cool Temperate Moist Settlement on Hills,#436D0E
962,Vespa crabro,NL,NA,gbif,5.45,52.05,0.953948974609375,836,13,128,Cool Temperate,Moist,Grassland,Plains,Cool Temperate Moist,22,133,0,Cool Temperate Moist Grassland on Plains,#168500
963,Vespa crabro,NA,"Latteridge, Bristol BS37, UK",inat,-2.49,51.56,0.9950249671936036,797,61,128,Cool Temperate,Moist,Grassland,Plains,Cool Temperate Moist,22,133,0,Cool Temperate Moist Grassland on Plains,#168500
964,Vespa crabro,NL,NA,gbif,4,51.4,1.028324794769287,799,-3,NA,NA,NA,NA,NA,NA,NA,NA,NA,NA,NA
965,Vespa crabro,DE,NA,gbif,11.58,48.18,0.8684281349182129,889,511,120,Cool Temperate,Moist,Settlement,Plains,Cool Temperate Moist,78,119,2,Cool Temperate Moist Settlement on Plains,#4E7702
966,Vespa crabro,NA,"Bratislava V, Bratislava, SK",inat,17.17,48.04,1.005454158782959,606,131,111,Cool Temperate,Moist,Forest,Plains,Cool Temperate Moist,1,109,0,Cool Temperate Moist Forest on Plains,#016D00
967,Vespa crabro,NL,NA,gbif,5.25,52.05,0.9599833488464355,815,3,128,Cool Temperate,Moist,Grassland,Plains,Cool Temperate Moist,22,133,0,Cool Temperate Moist Grassland on Plains,#168500
968,Vespa crabro,DE,NA,gbif,10,54.1,0.8427531242370605,817,27,120,Cool Temperate,Moist,Settlement,Plains,Cool Temperate Moist,78,119,2,Cool Temperate Moist Settlement on Plains,#4E7702
969,Vespa crabro,NL,NA,gbif,4.6,52.4,0.9709492683410644,828,14,111,Cool Temperate,Moist,Forest,Plains,Cool Temperate Moist,1,109,0,Cool Temperate Moist Forest on Plains,#016D00
970,Vespa crabro,NA,"Praha - západ, Středočeský, Czechia",inat,14.32,49.99,0.8207864761352539,525,326,150,Cool Temperate,Dry,Cropland,Tablelands,Cool Temperate Dry,128,127,176,Cool Temperate Dry Cropland on Tablelands,#807FB0
971,Vespa crabro,NL,NA,gbif,5.15,51.35,0.9912364959716796,790,30,116,Cool Temperate,Moist,Cropland,Plains,Cool Temperate Moist,29,153,10,Cool Temperate Moist Cropland on Plains,#1D990A
972,Vespa crabro,NA,"Hessen, DE",inat,9.45,51.2,0.848146915435791,707,178,103,Cool Temperate,Moist,Cropland,Mountains,Cool Temperate Moist,33,102,5,Cool Temperate Moist Cropland on Mountains,#216605
973,Vespa crabro,NA,"99947 Weberstedt, Deutschland",inat,10.5,51.11,0.840106201171875,646,248,103,Cool Temperate,Moist,Cropland,Mountains,Cool Temperate Moist,33,102,5,Cool Temperate Moist Cropland on Mountains,#216605
974,Vespa crabro,NA,"86 Kaufering, Germany",inat,10.86,48.09,0.7819083213806153,969,588,108,Cool Temperate,Moist,Settlement,Hills,Cool Temperate Moist,67,109,14,Cool Temperate Moist Settlement on Hills,#436D0E
975,Vespa crabro,NL,NA,gbif,5.85,50.75,0.9454999923706054,888,227,109,Cool Temperate,Moist,Grassland,Tablelands,Cool Temperate Moist,78,92,155,Cool Temperate Moist Grassland on Tablelands,#4E5C9B
976,Vespa crabro,DE,NA,gbif,9.78,54.51,0.8322978973388672,878,15,116,Cool Temperate,Moist,Cropland,Plains,Cool Temperate Moist,29,153,10,Cool Temperate Moist Cropland on Plains,#1D990A
977,Vespa crabro,NA,"81360 Montredon-Labessonnié, France",inat,2.34,43.73,1.1199937820434571,818,489,173,Warm Temperate,Moist,Cropland,Mountains,Warm Temperate Moist,100,150,37,Warm Temperate Moist Cropland on Mountains,#649625
978,Vespa crabro,NA,"Montreux, Schweiz",inat,6.91,46.43,0.839759349822998,1314,564,NA,NA,NA,NA,NA,NA,NA,NA,NA,NA,NA
979,Vespa crabro,NA,"9353 Bettendorf, Luxemburg",inat,6.23,49.87,0.8926301956176758,842,282,114,Cool Temperate,Moist,Grassland,Hills,Cool Temperate Moist,22,124,10,Cool Temperate Moist Grassland on Hills,#167C0A
980,Vespa crabro,DE,NA,gbif,11.62,48.22,0.8684281349182129,889,492,128,Cool Temperate,Moist,Grassland,Plains,Cool Temperate Moist,22,133,0,Cool Temperate Moist Grassland on Plains,#168500
981,Vespa crabro,NA,"Poppendorf, Österreich",inat,15.86,46.87,0.9042864799499511,829,325,97,Cool Temperate,Moist,Forest,Mountains,Cool Temperate Moist,6,64,0,Cool Temperate Moist Forest on Mountains,#064000
982,Vespa crabro,NA,"Dunapataj, Szeliditópart, 6328 Magyarország",inat,19.05,46.63,1.0842145919799804,522,91,196,Warm Temperate,Dry,Shrubland,Plains,Warm Temperate Dry,142,207,45,Warm Temperate Dry Shrubland on Plains,#8ECF2D
983,Vespa crabro,NA,"Oltre il Colle - via roma, 60, 24013 Oltre Il Colle BG, Italia",inat,9.77,45.89,0.6378854274749756,908,1241,97,Cool Temperate,Moist,Forest,Mountains,Cool Temperate Moist,6,64,0,Cool Temperate Moist Forest on Mountains,#064000
984,Vespa crabro,NA,"Ávila, España",inat,-5.13,40.21,1.1363759994506837,584,799,194,Warm Temperate,Dry,Forest,Mountains,Warm Temperate Dry,96,139,37,Warm Temperate Dry Forest on Mountains,#608B25
985,Vespa crabro,NL,NA,gbif,4.65,51.8,0.9967260360717772,816,0,120,Cool Temperate,Moist,Settlement,Plains,Cool Temperate Moist,78,119,2,Cool Temperate Moist Settlement on Plains,#4E7702
986,Vespa crabro,NL,NA,gbif,6.05,52.75,0.9534812927246094,811,-4,128,Cool Temperate,Moist,Grassland,Plains,Cool Temperate Moist,22,133,0,Cool Temperate Moist Grassland on Plains,#168500
987,Vespa crabro,NA,"Bannau Brycheiniog National Park, Crickhowell, Wales, GB",inat,-3.17,51.86,0.8880072593688965,1247,249,107,Cool Temperate,Moist,Grassland,Mountains,Cool Temperate Moist,26,83,0,Cool Temperate Moist Grassland on Mountains,#1A5300
988,Vespa crabro,NA,"Zeebrugge, Bruges, Belgium",inat,3.21,51.28,1.029801559448242,783,3,116,Cool Temperate,Moist,Cropland,Plains,Cool Temperate Moist,29,153,10,Cool Temperate Moist Cropland on Plains,#1D990A
989,Vespa crabro,DE,NA,gbif,8.6,53.59,0.920223331451416,726,6,120,Cool Temperate,Moist,Settlement,Plains,Cool Temperate Moist,78,119,2,Cool Temperate Moist Settlement on Plains,#4E7702
990,Vespa crabro,NL,NA,gbif,5.45,51.85,0.9671229362487792,780,3,128,Cool Temperate,Moist,Grassland,Plains,Cool Temperate Moist,22,133,0,Cool Temperate Moist Grassland on Plains,#168500
991,Vespa crabro,PT,NA,gbif,-8.37,39.61,1.607213592529297,768,99,168,Warm Temperate,Moist,Cropland,Hills,Warm Temperate Moist,112,198,86,Warm Temperate Moist Cropland on Hills,#70C656
992,Vespa crabro,NA,"Lošonec 442, 919 04 Lošonec, Slovakia",inat,17.4,48.49,0.9187958717346192,709,328,97,Cool Temperate,Moist,Forest,Mountains,Cool Temperate Moist,6,64,0,Cool Temperate Moist Forest on Mountains,#064000
993,Vespa crabro,HU,NA,gbif,20.44,48.04,0.79508957862854,594,658,97,Cool Temperate,Moist,Forest,Mountains,Cool Temperate Moist,6,64,0,Cool Temperate Moist Forest on Mountains,#064000
994,Vespa crabro,NA,"Mossingen, Baden-Württemberg, DE",inat,9.05,48.38,0.7882729053497315,832,632,97,Cool Temperate,Moist,Forest,Mountains,Cool Temperate Moist,6,64,0,Cool Temperate Moist Forest on Mountains,#064000
995,Vespa crabro,DE,NA,gbif,10.64,51.12,0.840106201171875,646,191,108,Cool Temperate,Moist,Settlement,Hills,Cool Temperate Moist,67,109,14,Cool Temperate Moist Settlement on Hills,#436D0E
996,Vespa crabro,DE,NA,gbif,8.53,49.17,1.0643312454223632,750,113,160,Warm Temperate,Moist,Cropland,Plains,Warm Temperate Moist,105,207,54,Warm Temperate Moist Cropland on Plains,#69CF36
997,Vespa crabro,DE,NA,gbif,9,50.73,0.8309228897094727,775,287,108,Cool Temperate,Moist,Settlement,Hills,Cool Temperate Moist,67,109,14,Cool Temperate Moist Settlement on Hills,#436D0E
998,Vespa crabro,NA,"Saint-Gingolph, France",inat,6.78,46.39,0.8990625381469727,1306,669,97,Cool Temperate,Moist,Forest,Mountains,Cool Temperate Moist,6,64,0,Cool Temperate Moist Forest on Mountains,#064000
999,Vespa crabro,NL,NA,gbif,5.75,53.2,0.9075902938842774,811,0,128,Cool Temperate,Moist,Grassland,Plains,Cool Temperate Moist,22,133,0,Cool Temperate Moist Grassland on Plains,#168500
1000,Vespa crabro,NA,"Route les Sables, Azay-sur-Cher, Centre-Val de Loire, FR",inat,0.86,47.31,1.1361239433288577,678,94,160,Warm Temperate,Moist,Cropland,Plains,Warm Temperate Moist,105,207,54,Warm Temperate Moist Cropland on Plains,#69CF36
1001,Vespa crabro,NA,"77165 Saint-Soupplets, France",inat,2.79,49.02,1.0260062217712402,643,126,105,Cool Temperate,Moist,Forest,Hills,Cool Temperate Moist,2,99,1,Cool Temperate Moist Forest on Hills,#026301
1002,Vespa crabro,NA,"Route de St-Sauveur, Saint-Andiol, Provence-Alpes-Côte d'Azur, FR",inat,4.95,43.84,1.4526844024658203,747,60,161,Warm Temperate,Moist,Settlement,Plains,Warm Temperate Moist,163,170,28,Warm Temperate Moist Settlement on Plains,#A3AA1C
1003,Vespa crabro,NA,"38440 Moidieu-Détourbe, France",inat,5.01,45.52,1.105828094482422,930,292,168,Warm Temperate,Moist,Cropland,Hills,Warm Temperate Moist,112,198,86,Warm Temperate Moist Cropland on Hills,#70C656
1004,Vespa crabro,DE,NA,gbif,6.99,50.83,1.005074977874756,678,53,160,Warm Temperate,Moist,Cropland,Plains,Warm Temperate Moist,105,207,54,Warm Temperate Moist Cropland on Plains,#69CF36
1005,Vespa crabro,NA,"Sady Żoliborskie 05, Warszawa, Polska",inat,20.97,52.27,0.8092989921569824,508,95,120,Cool Temperate,Moist,Settlement,Plains,Cool Temperate Moist,78,119,2,Cool Temperate Moist Settlement on Plains,#4E7702
1006,Vespa crabro,NL,NA,gbif,4.6,51.9,0.9911375045776368,858,0,128,Cool Temperate,Moist,Grassland,Plains,Cool Temperate Moist,22,133,0,Cool Temperate Moist Grassland on Plains,#168500
1007,Vespa crabro,NL,NA,gbif,4.6,52.5,0.9709492683410644,828,9,116,Cool Temperate,Moist,Cropland,Plains,Cool Temperate Moist,29,153,10,Cool Temperate Moist Cropland on Plains,#1D990A
1008,Vespa crabro,GB,NA,gbif,-1.44,54.06,0.9084968566894532,643,40,120,Cool Temperate,Moist,Settlement,Plains,Cool Temperate Moist,78,119,2,Cool Temperate Moist Settlement on Plains,#4E7702
1009,Vespa crabro,NA,"Ávila, España",inat,-5.02,40.25,1.1363759994506837,584,631,184,Warm Temperate,Dry,Cropland,Mountains,Warm Temperate Dry,141,179,80,Warm Temperate Dry Cropland on Mountains,#8DB350
1010,Vespa crabro,DE,NA,gbif,11.5,48.16,0.8841385841369629,1006,521,116,Cool Temperate,Moist,Cropland,Plains,Cool Temperate Moist,29,153,10,Cool Temperate Moist Cropland on Plains,#1D990A
1011,Vespa crabro,NA,"Hundeauslaufzone, A22, 39051, 39051 Pfatten, Autonome Provinz Bozen - Südtirol, Italien",inat,11.26,46.45,0.9285968780517578,685,538,103,Cool Temperate,Moist,Cropland,Mountains,Cool Temperate Moist,33,102,5,Cool Temperate Moist Cropland on Mountains,#216605
1012,Vespa crabro,NL,NA,gbif,6.3,52.1,0.9676468849182128,789,13,116,Cool Temperate,Moist,Cropland,Plains,Cool Temperate Moist,29,153,10,Cool Temperate Moist Cropland on Plains,#1D990A
1013,Vespa crabro,NL,NA,gbif,6.15,52.1,0.9595292091369628,817,10,120,Cool Temperate,Moist,Settlement,Plains,Cool Temperate Moist,78,119,2,Cool Temperate Moist Settlement on Plains,#4E7702
1014,Vespa crabro,NA,"Kenilworth Road, Solihull, England, GB",inat,-1.7,52.38,0.9318979263305665,715,106,116,Cool Temperate,Moist,Cropland,Plains,Cool Temperate Moist,29,153,10,Cool Temperate Moist Cropland on Plains,#1D990A
1015,Vespa crabro,DE,NA,gbif,10.69,53.86,0.8582394599914551,674,8,120,Cool Temperate,Moist,Settlement,Plains,Cool Temperate Moist,78,119,2,Cool Temperate Moist Settlement on Plains,#4E7702
1016,Vespa crabro,DE,NA,gbif,7.19,50.7,0.968272876739502,827,111,97,Cool Temperate,Moist,Forest,Mountains,Cool Temperate Moist,6,64,0,Cool Temperate Moist Forest on Mountains,#064000
1017,Vespa crabro,NA,"Sjælland, Karlslunde, Region Sjælland, DK",inat,12.23,55.57,0.8342547416687012,615,10,120,Cool Temperate,Moist,Settlement,Plains,Cool Temperate Moist,78,119,2,Cool Temperate Moist Settlement on Plains,#4E7702
1018,Vespa crabro,NA,"Gävle, Sverige",inat,17.19,60.65,0.5325221061706543,625,20,111,Cool Temperate,Moist,Forest,Plains,Cool Temperate Moist,1,109,0,Cool Temperate Moist Forest on Plains,#016D00
1019,Vespa crabro,NL,NA,gbif,6.6,53.4,0.9070029258728028,829,-2,116,Cool Temperate,Moist,Cropland,Plains,Cool Temperate Moist,29,153,10,Cool Temperate Moist Cropland on Plains,#1D990A
1020,Vespa crabro,NA,"Malemort-du-Comtat, Frankreich",inat,5.16,44.02,1.369518756866455,800,236,172,Warm Temperate,Moist,Settlement,Mountains,Warm Temperate Moist,105,89,18,Warm Temperate Moist Settlement on Mountains,#695912
1021,Vespa crabro,NA,"33010 Bordano UD, Italia",inat,13.11,46.31,1.1376708030700684,1603,360,173,Warm Temperate,Moist,Cropland,Mountains,Warm Temperate Moist,100,150,37,Warm Temperate Moist Cropland on Mountains,#649625
1022,Vespa crabro,NA,"41200 Romorantin-Lanthenay, France",inat,1.76,47.35,1.1346593856811524,675,95,161,Warm Temperate,Moist,Settlement,Plains,Warm Temperate Moist,163,170,28,Warm Temperate Moist Settlement on Plains,#A3AA1C
1023,Vespa crabro,NA,"Θεσσαλία, Ελλάδα",inat,21.59,39.72,1.378056240081787,715,210,184,Warm Temperate,Dry,Cropland,Mountains,Warm Temperate Dry,141,179,80,Warm Temperate Dry Cropland on Mountains,#8DB350
1024,Vespa crabro,NL,NA,gbif,5.4,51.45,0.9980051994323732,773,20,120,Cool Temperate,Moist,Settlement,Plains,Cool Temperate Moist,78,119,2,Cool Temperate Moist Settlement on Plains,#4E7702
1025,Vespa crabro,NL,NA,gbif,4.7,51.75,0.9918021202087404,806,-2,116,Cool Temperate,Moist,Cropland,Plains,Cool Temperate Moist,29,153,10,Cool Temperate Moist Cropland on Plains,#1D990A
1026,Vespa crabro,NL,NA,gbif,5.65,50.85,0.9943770408630372,774,72,110,Cool Temperate,Moist,Cropland,Hills,Cool Temperate Moist,33,144,30,Cool Temperate Moist Cropland on Hills,#21901E
1027,Vespa crabro,NA,"Der Breite Waldweg, Koblenz, Rheinland-Pfalz, DE",inat,7.65,50.33,0.9187614440917968,729,253,97,Cool Temperate,Moist,Forest,Mountains,Cool Temperate Moist,6,64,0,Cool Temperate Moist Forest on Mountains,#064000
1028,Vespa crabro,NA,"Unterfeld, Kraubath an der Mur, Steiermark, AT",inat,14.94,47.3,0.6277937412261962,1042,739,107,Cool Temperate,Moist,Grassland,Mountains,Cool Temperate Moist,26,83,0,Cool Temperate Moist Grassland on Mountains,#1A5300
1029,Vespa crabro,NL,NA,gbif,4.6,51.55,1.0070833206176757,804,8,116,Cool Temperate,Moist,Cropland,Plains,Cool Temperate Moist,29,153,10,Cool Temperate Moist Cropland on Plains,#1D990A
1030,Vespa crabro,NA,"83340 Le Cannet-des-Maures, France",inat,6.34,43.38,1.4457780838012697,769,152,176,Warm Temperate,Moist,Forest,Mountains,Warm Temperate Moist,49,105,3,Warm Temperate Moist Forest on Mountains,#316903
1031,Vespa crabro,DE,NA,gbif,13.96,53.19,0.858131217956543,494,79,110,Cool Temperate,Moist,Cropland,Hills,Cool Temperate Moist,33,144,30,Cool Temperate Moist Cropland on Hills,#21901E
1032,Vespa crabro,NA,"Verona, VR, Italy",inat,11,45.41,1.312080192565918,824,54,160,Warm Temperate,Moist,Cropland,Plains,Warm Temperate Moist,105,207,54,Warm Temperate Moist Cropland on Plains,#69CF36
1033,Vespa crabro,NA,"Mougás, Oia, Pontevedra, España",inat,-8.88,42.05,1.3191458702087402,1641,108,173,Warm Temperate,Moist,Cropland,Mountains,Warm Temperate Moist,100,150,37,Warm Temperate Moist Cropland on Mountains,#649625
1034,Vespa crabro,NA,"00060 Canale Monterano RM, Italia",inat,12.07,42.14,1.4577115058898926,255,318,173,Warm Temperate,Moist,Cropland,Mountains,Warm Temperate Moist,100,150,37,Warm Temperate Moist Cropland on Mountains,#649625
1035,Vespa crabro,NA,Casa Vilajuïga,inat,3.09,42.32,1.514659404754639,546,32,184,Warm Temperate,Dry,Cropland,Mountains,Warm Temperate Dry,141,179,80,Warm Temperate Dry Cropland on Mountains,#8DB350
1036,Vespa crabro,DE,NA,gbif,8.77,48.88,0.9109313011169432,896,391,101,Cool Temperate,Moist,Forest,Tablelands,Cool Temperate Moist,71,89,181,Cool Temperate Moist Forest on Tablelands,#4759B5
1037,Vespa crabro,NA,"Weyer, Österreich",inat,14.67,47.86,0.7437749862670898,880,512,113,Cool Temperate,Moist,Settlement,Mountains,Cool Temperate Moist,61,67,0,Cool Temperate Moist Settlement on Mountains,#3D4300
1038,Vespa crabro,NA,"Fenn Street, Rochester, England, GB",inat,0.59,51.45,1.025844383239746,590,31,116,Cool Temperate,Moist,Cropland,Plains,Cool Temperate Moist,29,153,10,Cool Temperate Moist Cropland on Plains,#1D990A
1039,Vespa crabro,DE,NA,gbif,10.25,50.19,0.8346135139465332,675,308,110,Cool Temperate,Moist,Cropland,Hills,Cool Temperate Moist,33,144,30,Cool Temperate Moist Cropland on Hills,#21901E
1040,Vespa crabro,NL,NA,gbif,4.45,51.55,1.0125802040100098,791,3,120,Cool Temperate,Moist,Settlement,Plains,Cool Temperate Moist,78,119,2,Cool Temperate Moist Settlement on Plains,#4E7702
1041,Vespa crabro,NA,"Riedgraben, Bad Kissingen, 97688 Bad Kissingen, Deutschland",inat,10.06,50.19,0.848783302307129,736,268,110,Cool Temperate,Moist,Cropland,Hills,Cool Temperate Moist,33,144,30,Cool Temperate Moist Cropland on Hills,#21901E
1042,Vespa crabro,NA,"Parco Nord Milano - Bresso - MI, Italia",inat,9.2,45.53,1.2678531646728517,1068,145,161,Warm Temperate,Moist,Settlement,Plains,Warm Temperate Moist,163,170,28,Warm Temperate Moist Settlement on Plains,#A3AA1C
1043,Vespa crabro,NA,Furmany,inat,21.8,50.61,0.8176572799682618,550,143,116,Cool Temperate,Moist,Cropland,Plains,Cool Temperate Moist,29,153,10,Cool Temperate Moist Cropland on Plains,#1D990A
1044,Vespa crabro,NL,NA,gbif,5.6,51.95,0.967956256866455,791,15,111,Cool Temperate,Moist,Forest,Plains,Cool Temperate Moist,1,109,0,Cool Temperate Moist Forest on Plains,#016D00
1045,Vespa crabro,NA,"Leipheimer Moos, Schwarzfelder Weg 3, 89340 Leipheim, Deutschland",inat,10.22,48.48,0.8334229469299317,822,447,128,Cool Temperate,Moist,Grassland,Plains,Cool Temperate Moist,22,133,0,Cool Temperate Moist Grassland on Plains,#168500
1046,Vespa crabro,NA,"1,Jennersdorf, Österreich",inat,16.16,46.96,0.9148364067077636,779,288,101,Cool Temperate,Moist,Forest,Tablelands,Cool Temperate Moist,71,89,181,Cool Temperate Moist Forest on Tablelands,#4759B5
1047,Vespa crabro,FR,NA,gbif,-1.5,48.08,1.1285624504089355,751,69,166,Warm Temperate,Moist,Forest,Plains,Warm Temperate Moist,45,158,6,Warm Temperate Moist Forest on Plains,#2D9E06
1048,Vespa crabro,NA,"13520 Maussane-les-Alpilles, Frankreich",inat,4.8,43.72,1.4690479278564452,730,53,173,Warm Temperate,Moist,Cropland,Mountains,Warm Temperate Moist,100,150,37,Warm Temperate Moist Cropland on Mountains,#649625
1049,Vespa crabro,NL,NA,gbif,6.2,51.85,0.9738615036010744,761,17,116,Cool Temperate,Moist,Cropland,Plains,Cool Temperate Moist,29,153,10,Cool Temperate Moist Cropland on Plains,#1D990A
1050,Vespa crabro,NA,"557195 Racoviţa, România",inat,24.34,45.68,0.8293770790100098,628,379,113,Cool Temperate,Moist,Settlement,Mountains,Cool Temperate Moist,61,67,0,Cool Temperate Moist Settlement on Mountains,#3D4300
1051,Vespa crabro,ES,NA,gbif,-6.31,43.27,1.0618687629699708,1106,651,176,Warm Temperate,Moist,Forest,Mountains,Warm Temperate Moist,49,105,3,Warm Temperate Moist Forest on Mountains,#316903
1052,Vespa crabro,DE,NA,gbif,7.24,50.7,0.968272876739502,827,250,107,Cool Temperate,Moist,Grassland,Mountains,Cool Temperate Moist,26,83,0,Cool Temperate Moist Grassland on Mountains,#1A5300
1053,Vespa crabro,NA,"Municipality of Debarca, North Macedonia",inat,20.82,41.32,0.9744791984558104,874,813,97,Cool Temperate,Moist,Forest,Mountains,Cool Temperate Moist,6,64,0,Cool Temperate Moist Forest on Mountains,#064000
1054,Vespa crabro,DE,NA,gbif,11.89,54.11,0.852837085723877,609,34,110,Cool Temperate,Moist,Cropland,Hills,Cool Temperate Moist,33,144,30,Cool Temperate Moist Cropland on Hills,#21901E
1055,Vespa crabro,NL,NA,gbif,3.9,51.65,1.0235614776611328,779,-4,120,Cool Temperate,Moist,Settlement,Plains,Cool Temperate Moist,78,119,2,Cool Temperate Moist Settlement on Plains,#4E7702
1056,Vespa crabro,DE,NA,gbif,8.51,48.35,0.7874000072479248,1076,640,129,Cool Temperate,Moist,Settlement,Tablelands,Cool Temperate Moist,47,63,130,Cool Temperate Moist Settlement on Tablelands,#2F3F82
1057,Vespa crabro,NA,"88693 Deggenhausertal, Germany",inat,9.37,47.8,0.8688416481018066,972,625,97,Cool Temperate,Moist,Forest,Mountains,Cool Temperate Moist,6,64,0,Cool Temperate Moist Forest on Mountains,#064000
1058,Vespa crabro,NA,"Steinen, Baden-Württemberg, DE",inat,7.74,47.64,0.9520146369934082,1067,392,103,Cool Temperate,Moist,Cropland,Mountains,Cool Temperate Moist,33,102,5,Cool Temperate Moist Cropland on Mountains,#216605
1059,Vespa crabro,NA,"Soimi 164 A, Bihor, Romania, Șoimi 417555, Románia",inat,22.12,46.68,1.007827091217041,599,188,103,Cool Temperate,Moist,Cropland,Mountains,Cool Temperate Moist,33,102,5,Cool Temperate Moist Cropland on Mountains,#216605
1060,Vespa crabro,NA,"Wiesbaden, Hessen, Germany",inat,8.29,50.11,0.9595843315124511,653,278,103,Cool Temperate,Moist,Cropland,Mountains,Cool Temperate Moist,33,102,5,Cool Temperate Moist Cropland on Mountains,#216605
1061,Vespa crabro,NL,NA,gbif,4.45,51.9,0.997988510131836,863,3,NA,NA,NA,NA,NA,NA,NA,NA,NA,NA,NA
1062,Vespa crabro,BE,NA,gbif,3.73,51.05,1.0652593612670898,792,9,120,Cool Temperate,Moist,Settlement,Plains,Cool Temperate Moist,78,119,2,Cool Temperate Moist Settlement on Plains,#4E7702
1063,Vespa crabro,NA,"Soimi, Románia",inat,22.13,46.68,1.007827091217041,599,209,97,Cool Temperate,Moist,Forest,Mountains,Cool Temperate Moist,6,64,0,Cool Temperate Moist Forest on Mountains,#064000
1064,Vespa crabro,NA,"Újudvar, 8778 Magyarország",inat,17.02,46.57,1.0071072578430176,698,239,101,Cool Temperate,Moist,Forest,Tablelands,Cool Temperate Moist,71,89,181,Cool Temperate Moist Forest on Tablelands,#4759B5
1065,Vespa crabro,DE,NA,gbif,8.23,49.1,1.0336833000183103,748,121,111,Cool Temperate,Moist,Forest,Plains,Cool Temperate Moist,1,109,0,Cool Temperate Moist Forest on Plains,#016D00
1066,Vespa crabro,NL,NA,gbif,5.5,51.55,0.9889708518981932,754,13,111,Cool Temperate,Moist,Forest,Plains,Cool Temperate Moist,1,109,0,Cool Temperate Moist Forest on Plains,#016D00
1067,Vespa crabro,NA,"Brumovice, Brumovice, South Moravian Region, CZ",inat,16.9,48.97,0.9397354125976564,589,202,110,Cool Temperate,Moist,Cropland,Hills,Cool Temperate Moist,33,144,30,Cool Temperate Moist Cropland on Hills,#21901E
1068,Vespa crabro,NL,NA,gbif,5.85,51,0.9916646003723144,781,49,120,Cool Temperate,Moist,Settlement,Plains,Cool Temperate Moist,78,119,2,Cool Temperate Moist Settlement on Plains,#4E7702
1069,Vespa crabro,DK,NA,gbif,10.78,54.92,0.8663847923278809,575,17,111,Cool Temperate,Moist,Forest,Plains,Cool Temperate Moist,1,109,0,Cool Temperate Moist Forest on Plains,#016D00
1070,Vespa crabro,FR,NA,gbif,3.04,50.64,1.039511489868164,716,21,161,Warm Temperate,Moist,Settlement,Plains,Warm Temperate Moist,163,170,28,Warm Temperate Moist Settlement on Plains,#A3AA1C
1071,Vespa crabro,DE,NA,gbif,7.45,53.08,0.9136083602905274,780,4,120,Cool Temperate,Moist,Settlement,Plains,Cool Temperate Moist,78,119,2,Cool Temperate Moist Settlement on Plains,#4E7702
1072,Vespa crabro,NL,NA,gbif,5.15,51.95,0.9610124588012696,776,-7,128,Cool Temperate,Moist,Grassland,Plains,Cool Temperate Moist,22,133,0,Cool Temperate Moist Grassland on Plains,#168500
1073,Vespa crabro,NL,NA,gbif,4.5,52.15,0.96343231201171875,842,3,120,Cool Temperate,Moist,Settlement,Plains,Cool Temperate Moist,78,119,2,Cool Temperate Moist Settlement on Plains,#4E7702
1074,Vespa crabro,DE,NA,gbif,8.48,49.76,1.0541364669799804,590,88,NA,NA,NA,NA,NA,NA,NA,NA,NA,NA,NA
1075,Vespa crabro,IT,NA,gbif,11.8,45.67,1.2566499710083008,984,52,160,Warm Temperate,Moist,Cropland,Plains,Warm Temperate Moist,105,207,54,Warm Temperate Moist Cropland on Plains,#69CF36
1076,Vespa crabro,NA,"Rue de Bâle, Geispolsheim, Grand Est, FR",inat,7.68,48.52,1.061342716217041,735,143,120,Cool Temperate,Moist,Settlement,Plains,Cool Temperate Moist,78,119,2,Cool Temperate Moist Settlement on Plains,#4E7702
1077,Vespa crabro,FR,NA,gbif,-0.78,46.5,1.2296541213989258,772,64,163,Warm Temperate,Moist,Forest,Hills,Warm Temperate Moist,47,146,24,Warm Temperate Moist Forest on Hills,#2F9218
1078,Vespa crabro,FR,NA,gbif,-0.12,49.04,1.1221447944641114,715,55,168,Warm Temperate,Moist,Cropland,Hills,Warm Temperate Moist,112,198,86,Warm Temperate Moist Cropland on Hills,#70C656
1079,Vespa crabro,DE,NA,gbif,8.58,50.01,1.0215635299682615,620,106,120,Cool Temperate,Moist,Settlement,Plains,Cool Temperate Moist,78,119,2,Cool Temperate Moist Settlement on Plains,#4E7702
1080,Vespa crabro,DE,NA,gbif,14,51.53,0.9201781272888184,608,105,108,Cool Temperate,Moist,Settlement,Hills,Cool Temperate Moist,67,109,14,Cool Temperate Moist Settlement on Hills,#436D0E
1081,Vespa crabro,NL,NA,gbif,6.2,52.15,0.9676468849182128,789,7,120,Cool Temperate,Moist,Settlement,Plains,Cool Temperate Moist,78,119,2,Cool Temperate Moist Settlement on Plains,#4E7702
1082,Vespa crabro,FR,NA,gbif,1.9,47.9,1.1175864219665528,641,103,161,Warm Temperate,Moist,Settlement,Plains,Warm Temperate Moist,163,170,28,Warm Temperate Moist Settlement on Plains,#A3AA1C
1083,Vespa crabro,NA,"Hohenzollerndamm, Berlin, Berlin, DE",inat,13.32,52.49,0.919979190826416,558,43,120,Cool Temperate,Moist,Settlement,Plains,Cool Temperate Moist,78,119,2,Cool Temperate Moist Settlement on Plains,#4E7702
1084,Vespa crabro,NA,"High Road, Willowfield, Basildon SS15 6DQ, UK",inat,0.42,51.58,0.996620273590088,587,43,108,Cool Temperate,Moist,Settlement,Hills,Cool Temperate Moist,67,109,14,Cool Temperate Moist Settlement on Hills,#436D0E
1085,Vespa crabro,GB,NA,gbif,-0.15,51.43,1.0485145568847656,661,28,169,Warm Temperate,Moist,Settlement,Hills,Warm Temperate Moist,136,158,52,Warm Temperate Moist Settlement on Hills,#889E34
1086,Vespa crabro,NL,NA,gbif,5.35,51.7,0.9804583549499511,776,4,120,Cool Temperate,Moist,Settlement,Plains,Cool Temperate Moist,78,119,2,Cool Temperate Moist Settlement on Plains,#4E7702
1087,Vespa crabro,NL,NA,gbif,4.85,51.9,0.9609541893005372,800,-1,128,Cool Temperate,Moist,Grassland,Plains,Cool Temperate Moist,22,133,0,Cool Temperate Moist Grassland on Plains,#168500
1088,Vespa crabro,NL,NA,gbif,4.9,52.3,0.9645885467529296,826,1,128,Cool Temperate,Moist,Grassland,Plains,Cool Temperate Moist,22,133,0,Cool Temperate Moist Grassland on Plains,#168500
1089,Vespa crabro,GB,NA,gbif,-1.93,53.04,0.8015041351318359,1022,302,109,Cool Temperate,Moist,Grassland,Tablelands,Cool Temperate Moist,78,92,155,Cool Temperate Moist Grassland on Tablelands,#4E5C9B
1090,Vespa crabro,GB,NA,gbif,1.38,52.34,0.965174961090088,594,50,116,Cool Temperate,Moist,Cropland,Plains,Cool Temperate Moist,29,153,10,Cool Temperate Moist Cropland on Plains,#1D990A
1091,Vespa crabro,NA,"39122 Magdeburg-Salbke, Deutschland",inat,11.67,52.08,0.935713577270508,508,51,116,Cool Temperate,Moist,Cropland,Plains,Cool Temperate Moist,29,153,10,Cool Temperate Moist Cropland on Plains,#1D990A
1092,Vespa crabro,NL,NA,gbif,6.15,52.1,0.9595292091369628,817,10,120,Cool Temperate,Moist,Settlement,Plains,Cool Temperate Moist,78,119,2,Cool Temperate Moist Settlement on Plains,#4E7702
1093,Vespa crabro,NL,NA,gbif,5.5,51.35,0.9889156341552734,757,29,111,Cool Temperate,Moist,Forest,Plains,Cool Temperate Moist,1,109,0,Cool Temperate Moist Forest on Plains,#016D00
1094,Vespa crabro,CZ,NA,gbif,13.51,49.17,0.7175687313079834,898,588,97,Cool Temperate,Moist,Forest,Mountains,Cool Temperate Moist,6,64,0,Cool Temperate Moist Forest on Mountains,#064000
1095,Vespa crabro,DE,NA,gbif,7.17,51.02,0.8803229331970215,1126,186,101,Cool Temperate,Moist,Forest,Tablelands,Cool Temperate Moist,71,89,181,Cool Temperate Moist Forest on Tablelands,#4759B5
1096,Vespa crabro,NA,Belgium,inat,4.51,50.63,0.9876062393188476,797,116,102,Cool Temperate,Moist,Cropland,Tablelands,Cool Temperate Moist,99,97,160,Cool Temperate Moist Cropland on Tablelands,#6361A0
1097,Vespa crabro,NL,NA,gbif,5.65,51.95,0.967956256866455,791,7,116,Cool Temperate,Moist,Cropland,Plains,Cool Temperate Moist,29,153,10,Cool Temperate Moist Cropland on Plains,#1D990A
1098,Vespa crabro,PL,NA,gbif,16.66,52.26,0.8341562271118164,514,84,116,Cool Temperate,Moist,Cropland,Plains,Cool Temperate Moist,29,153,10,Cool Temperate Moist Cropland on Plains,#1D990A
1099,Vespa crabro,DE,NA,gbif,9.12,49.92,0.9606249809265136,805,112,116,Cool Temperate,Moist,Cropland,Plains,Cool Temperate Moist,29,153,10,Cool Temperate Moist Cropland on Plains,#1D990A
1100,Vespa crabro,NL,NA,gbif,6.25,52.3,0.9648281097412108,788,7,128,Cool Temperate,Moist,Grassland,Plains,Cool Temperate Moist,22,133,0,Cool Temperate Moist Grassland on Plains,#168500
1101,Vespa crabro,NL,NA,gbif,4.95,51.9,0.9609541893005372,800,-2,128,Cool Temperate,Moist,Grassland,Plains,Cool Temperate Moist,22,133,0,Cool Temperate Moist Grassland on Plains,#168500
1102,Vespa crabro,NA,"Innsbruck, Tirol, Austria",inat,11.33,47.27,0.5379750251770019,1098,1092,97,Cool Temperate,Moist,Forest,Mountains,Cool Temperate Moist,6,64,0,Cool Temperate Moist Forest on Mountains,#064000
1103,Vespa crabro,NA,Portugal,inat,-7.83,40.04,1.3918135643005372,1167,479,176,Warm Temperate,Moist,Forest,Mountains,Warm Temperate Moist,49,105,3,Warm Temperate Moist Forest on Mountains,#316903
1104,Vespa crabro,NA,"Cataluña, ES",inat,2.63,41.85,1.2681073188781735,806,366,176,Warm Temperate,Moist,Forest,Mountains,Warm Temperate Moist,49,105,3,Warm Temperate Moist Forest on Mountains,#316903
1105,Vespa crabro,GB,NA,gbif,-1.04,53.26,0.919782257080078,632,53,105,Cool Temperate,Moist,Forest,Hills,Cool Temperate Moist,2,99,1,Cool Temperate Moist Forest on Hills,#026301
1106,Vespa crabro,NL,NA,gbif,6.1,52.2,0.9708478927612304,835,8,NA,NA,NA,NA,NA,NA,NA,NA,NA,NA,NA
1107,Vespa crabro,NL,NA,gbif,4.6,52.35,0.9709492683410644,828,7,128,Cool Temperate,Moist,Grassland,Plains,Cool Temperate Moist,22,133,0,Cool Temperate Moist Grassland on Plains,#168500
1108,Vespa crabro,DE,NA,gbif,8.27,48.97,1.03507604598999,871,108,116,Cool Temperate,Moist,Cropland,Plains,Cool Temperate Moist,29,153,10,Cool Temperate Moist Cropland on Plains,#1D990A
1109,Vespa crabro,NA,"Chemin du Ramierou, Montauban, Occitanie, FR",inat,1.39,44.02,1.2861332893371582,741,108,168,Warm Temperate,Moist,Cropland,Hills,Warm Temperate Moist,112,198,86,Warm Temperate Moist Cropland on Hills,#70C656
1110,Vespa crabro,IT,NA,gbif,7.69,45.06,1.237971878051758,800,273,172,Warm Temperate,Moist,Settlement,Mountains,Warm Temperate Moist,105,89,18,Warm Temperate Moist Settlement on Mountains,#695912
1111,Vespa crabro,NL,NA,gbif,4.55,51.85,0.9911375045776368,858,-4,120,Cool Temperate,Moist,Settlement,Plains,Cool Temperate Moist,78,119,2,Cool Temperate Moist Settlement on Plains,#4E7702
1112,Vespa crabro,NL,NA,gbif,6.35,53.15,0.8974020957946778,835,1,128,Cool Temperate,Moist,Grassland,Plains,Cool Temperate Moist,22,133,0,Cool Temperate Moist Grassland on Plains,#168500
1113,Vespa crabro,NA,"Fulbrook, Burford OX18 4DB, UK",inat,-1.6,51.82,0.9750781059265136,663,153,102,Cool Temperate,Moist,Cropland,Tablelands,Cool Temperate Moist,99,97,160,Cool Temperate Moist Cropland on Tablelands,#6361A0
1114,Vespa crabro,DE,NA,gbif,6.93,50.93,1.0670458793640136,745,53,161,Warm Temperate,Moist,Settlement,Plains,Warm Temperate Moist,163,170,28,Warm Temperate Moist Settlement on Plains,#A3AA1C
1115,Vespa crabro,NL,NA,gbif,5.85,51.05,1.0099031448364255,731,31,116,Cool Temperate,Moist,Cropland,Plains,Cool Temperate Moist,29,153,10,Cool Temperate Moist Cropland on Plains,#1D990A
1116,Vespa crabro,NA,"Pickersdane, Ashford, England, GB",inat,0.97,51.17,0.9861823081970216,684,114,110,Cool Temperate,Moist,Cropland,Hills,Cool Temperate Moist,33,144,30,Cool Temperate Moist Cropland on Hills,#21901E
1117,Vespa crabro,NL,NA,gbif,5.7,52.6,0.9825124740600586,794,-3,NA,NA,NA,NA,NA,NA,NA,NA,NA,NA,NA
1118,Vespa crabro,NL,NA,gbif,6.45,52.35,0.9452625274658204,791,26,111,Cool Temperate,Moist,Forest,Plains,Cool Temperate Moist,1,109,0,Cool Temperate Moist Forest on Plains,#016D00
1119,Vespa crabro,NA,"Düsseldorf, Nordrhein-Westfalen, Germany",inat,6.86,51.2,1.0064468383789062,905,46,166,Warm Temperate,Moist,Forest,Plains,Warm Temperate Moist,45,158,6,Warm Temperate Moist Forest on Plains,#2D9E06
1120,Vespa crabro,DE,NA,gbif,7.07,51.6,1.0221354484558105,872,78,108,Cool Temperate,Moist,Settlement,Hills,Cool Temperate Moist,67,109,14,Cool Temperate Moist Settlement on Hills,#436D0E
1121,Vespa crabro,NA,"2495 Fátima, Portugal",inat,-8.68,39.63,1.458556270599365,862,369,178,Warm Temperate,Moist,Cropland,Tablelands,Warm Temperate Moist,61,89,194,Warm Temperate Moist Cropland on Tablelands,#3D59C2
1122,Vespa crabro,NA,"Forlì-Cesena, Italië",inat,11.99,44.03,1.244136428833008,884,322,176,Warm Temperate,Moist,Forest,Mountains,Warm Temperate Moist,49,105,3,Warm Temperate Moist Forest on Mountains,#316903
1123,Vespa crabro,FR,NA,gbif,7.26,48.14,0.9235551834106446,841,419,113,Cool Temperate,Moist,Settlement,Mountains,Cool Temperate Moist,61,67,0,Cool Temperate Moist Settlement on Mountains,#3D4300
1124,Vespa crabro,FR,NA,gbif,7.7,48.57,1.061342716217041,735,141,161,Warm Temperate,Moist,Settlement,Plains,Warm Temperate Moist,163,170,28,Warm Temperate Moist Settlement on Plains,#A3AA1C
1125,Vespa crabro,NA,"78125 Gazeran, France",inat,1.78,48.67,1.0272135734558103,626,167,111,Cool Temperate,Moist,Forest,Plains,Cool Temperate Moist,1,109,0,Cool Temperate Moist Forest on Plains,#016D00
1126,Vespa crabro,NA,"Hely: 47,614650, 19,422400",inat,19.42,47.61,0.9852531433105468,535,223,101,Cool Temperate,Moist,Forest,Tablelands,Cool Temperate Moist,71,89,181,Cool Temperate Moist Forest on Tablelands,#4759B5
1127,Vespa crabro,NA,"Lgt Armi/Monte Grappa, 00195 Roma RM, Italy",inat,12.47,41.92,1.5392760276794433,601,45,169,Warm Temperate,Moist,Settlement,Hills,Warm Temperate Moist,136,158,52,Warm Temperate Moist Settlement on Hills,#889E34
1128,Vespa crabro,NA,"Koburger Straße, Leipzig, Saxony, DE",inat,12.37,51.3,0.9444021224975586,567,116,111,Cool Temperate,Moist,Forest,Plains,Cool Temperate Moist,1,109,0,Cool Temperate Moist Forest on Plains,#016D00
1129,Vespa crabro,DE,NA,gbif,6.77,51.25,1.0587124824523926,788,40,161,Warm Temperate,Moist,Settlement,Plains,Warm Temperate Moist,163,170,28,Warm Temperate Moist Settlement on Plains,#A3AA1C
1130,Vespa crabro,NA,"Rijssen, Netherlands",inat,6.47,52.31,0.9475176811218262,793,17,128,Cool Temperate,Moist,Grassland,Plains,Cool Temperate Moist,22,133,0,Cool Temperate Moist Grassland on Plains,#168500
1131,Vespa crabro,NL,NA,gbif,6.05,51.2,1.0026583671569824,734,27,111,Cool Temperate,Moist,Forest,Plains,Cool Temperate Moist,1,109,0,Cool Temperate Moist Forest on Plains,#016D00
1132,Vespa crabro,CZ,NA,gbif,14.31,50.07,0.8207219123840332,504,352,129,Cool Temperate,Moist,Settlement,Tablelands,Cool Temperate Moist,47,63,130,Cool Temperate Moist Settlement on Tablelands,#2F3F82
1133,Vespa crabro,HR,NA,gbif,16.47,46.23,1.0263176918029786,853,207,103,Cool Temperate,Moist,Cropland,Mountains,Cool Temperate Moist,33,102,5,Cool Temperate Moist Cropland on Mountains,#216605
1134,Vespa crabro,NA,"Mågevej (Faaborg Midtfyn), 5772 Kværndrup, Danmark",inat,10.52,55.18,0.8323729515075684,621,74,120,Cool Temperate,Moist,Settlement,Plains,Cool Temperate Moist,78,119,2,Cool Temperate Moist Settlement on Plains,#4E7702
1135,Vespa crabro,NL,NA,gbif,4.4,52.1,0.971110725402832,849,0,120,Cool Temperate,Moist,Settlement,Plains,Cool Temperate Moist,78,119,2,Cool Temperate Moist Settlement on Plains,#4E7702
1136,Vespa crabro,NA,"Plaisance-du-Touch, Occitanie, FR",inat,1.27,43.56,1.2634156227111817,739,180,168,Warm Temperate,Moist,Cropland,Hills,Warm Temperate Moist,112,198,86,Warm Temperate Moist Cropland on Hills,#70C656
1137,Vespa crabro,NA,"Pragrande, Pula, Hrvatska",inat,13.86,44.86,1.3711278915405274,824,26,168,Warm Temperate,Moist,Cropland,Hills,Warm Temperate Moist,112,198,86,Warm Temperate Moist Cropland on Hills,#70C656
1138,Vespa crabro,NA,"Colico - Villatico (chiesa), 23823 Colico LC, Italia",inat,9.37,46.13,0.7759593963623047,1164,283,171,Warm Temperate,Moist,Grassland,Mountains,Warm Temperate Moist,86,129,14,Warm Temperate Moist Grassland on Mountains,#56810E
1139,Vespa crabro,NA,"Strandbad, 68199 Mannheim, Deutschland",inat,8.45,49.45,1.051504135131836,669,94,166,Warm Temperate,Moist,Forest,Plains,Warm Temperate Moist,45,158,6,Warm Temperate Moist Forest on Plains,#2D9E06
1140,Vespa crabro,NL,NA,gbif,3.9,51.25,1.0390030860900878,773,2,116,Cool Temperate,Moist,Cropland,Plains,Cool Temperate Moist,29,153,10,Cool Temperate Moist Cropland on Plains,#1D990A
1141,Vespa crabro,NL,NA,gbif,4.05,51.55,1.0141395568847655,791,-2,NA,NA,NA,NA,NA,NA,NA,NA,NA,NA,NA
1142,Vespa crabro,NA,"39044 Neumarkt, Autonome Provinz Bozen - Südtirol, Italien",inat,11.28,46.31,0.8883832931518555,638,661,97,Cool Temperate,Moist,Forest,Mountains,Cool Temperate Moist,6,64,0,Cool Temperate Moist Forest on Mountains,#064000
1143,Vespa crabro,NL,NA,gbif,4.9,51.4,0.9976905822753906,802,23,116,Cool Temperate,Moist,Cropland,Plains,Cool Temperate Moist,29,153,10,Cool Temperate Moist Cropland on Plains,#1D990A
1144,Vespa crabro,NL,NA,gbif,5.85,51,0.9916646003723144,781,49,120,Cool Temperate,Moist,Settlement,Plains,Cool Temperate Moist,78,119,2,Cool Temperate Moist Settlement on Plains,#4E7702
1145,Vespa crabro,FR,NA,gbif,4.8,45.24,1.1537489891052246,861,211,172,Warm Temperate,Moist,Settlement,Mountains,Warm Temperate Moist,105,89,18,Warm Temperate Moist Settlement on Mountains,#695912
1146,Vespa crabro,GB,NA,gbif,-1.98,51.51,0.9666000366210936,681,110,129,Cool Temperate,Moist,Settlement,Tablelands,Cool Temperate Moist,47,63,130,Cool Temperate Moist Settlement on Tablelands,#2F3F82
1147,Vespa crabro,NA,"Cern, 1217 Meyrin, Switzerland",inat,6.06,46.23,0.973855209350586,1039,427,103,Cool Temperate,Moist,Cropland,Mountains,Cool Temperate Moist,33,102,5,Cool Temperate Moist Cropland on Mountains,#216605
1148,Vespa crabro,DE,NA,gbif,11.33,50.24,0.8166146278381348,749,351,113,Cool Temperate,Moist,Settlement,Mountains,Cool Temperate Moist,61,67,0,Cool Temperate Moist Settlement on Mountains,#3D4300
1149,Vespa crabro,GB,NA,gbif,-2.07,52.29,0.9326791763305664,805,77,110,Cool Temperate,Moist,Cropland,Hills,Cool Temperate Moist,33,144,30,Cool Temperate Moist Cropland on Hills,#21901E
1150,Vespa crabro,NA,"Comuna Șimian, România",inat,22.69,44.61,1.162085437774658,619,63,NA,NA,NA,NA,NA,NA,NA,NA,NA,NA,NA
1151,Vespa crabro,NA,"Schmölzingerweg, Villach, Carinthia, AT",inat,13.82,46.6,0.6615333080291748,1499,538,103,Cool Temperate,Moist,Cropland,Mountains,Cool Temperate Moist,33,102,5,Cool Temperate Moist Cropland on Mountains,#216605
1152,Vespa crabro,NL,NA,gbif,6,51.25,1.0026583671569824,734,18,116,Cool Temperate,Moist,Cropland,Plains,Cool Temperate Moist,29,153,10,Cool Temperate Moist Cropland on Plains,#1D990A
1153,Vespa crabro,NA,"Novara, Italia",inat,8.61,45.45,1.1822479248046875,903,154,161,Warm Temperate,Moist,Settlement,Plains,Warm Temperate Moist,163,170,28,Warm Temperate Moist Settlement on Plains,#A3AA1C
1154,Vespa crabro,NA,"83050 Senerchia AV, Italia",inat,15.2,40.74,1.2076229095458983,764,550,173,Warm Temperate,Moist,Cropland,Mountains,Warm Temperate Moist,100,150,37,Warm Temperate Moist Cropland on Mountains,#649625
1155,Vespa crabro,ES,NA,gbif,-4.15,40.57,1.2152562141418457,431,1056,184,Warm Temperate,Dry,Cropland,Mountains,Warm Temperate Dry,141,179,80,Warm Temperate Dry Cropland on Mountains,#8DB350
1156,Vespa crabro,FR,NA,gbif,5.91,45.31,0.8785896301269531,1134,587,171,Warm Temperate,Moist,Grassland,Mountains,Warm Temperate Moist,86,129,14,Warm Temperate Moist Grassland on Mountains,#56810E
1157,Vespa crabro,NA,"Park Lane, Tamworth, England, GB",inat,-1.71,52.62,0.937080192565918,696,67,116,Cool Temperate,Moist,Cropland,Plains,Cool Temperate Moist,29,153,10,Cool Temperate Moist Cropland on Plains,#1D990A
1158,Vespa crabro,NA,"708 00 Ostrava-Poruba, Česko",inat,18.17,49.83,0.85047607421875,701,250,108,Cool Temperate,Moist,Settlement,Hills,Cool Temperate Moist,67,109,14,Cool Temperate Moist Settlement on Hills,#436D0E
1159,Vespa crabro,NA,"Kwiatkowskiej 01, 81-578 Gdynia, Polska",inat,18.43,54.49,0.7288093566894531,674,159,102,Cool Temperate,Moist,Cropland,Tablelands,Cool Temperate Moist,99,97,160,Cool Temperate Moist Cropland on Tablelands,#6361A0
1160,Vespa crabro,NA,"Evangelischer Friedhof Simmering, Wien, Wien, AT",inat,16.43,48.16,1.019963550567627,571,179,108,Cool Temperate,Moist,Settlement,Hills,Cool Temperate Moist,67,109,14,Cool Temperate Moist Settlement on Hills,#436D0E
1161,Vespa crabro,DE,NA,gbif,9.49,51.3,0.848146915435791,707,159,97,Cool Temperate,Moist,Forest,Mountains,Cool Temperate Moist,6,64,0,Cool Temperate Moist Forest on Mountains,#064000
1162,Vespa crabro,NL,NA,gbif,6.55,52.2,0.9446489334106444,791,15,128,Cool Temperate,Moist,Grassland,Plains,Cool Temperate Moist,22,133,0,Cool Temperate Moist Grassland on Plains,#168500
1163,Vespa crabro,NA,"Central Macedonia, Greece",inat,23.28,40.52,1.3323895454406738,471,603,184,Warm Temperate,Dry,Cropland,Mountains,Warm Temperate Dry,141,179,80,Warm Temperate Dry Cropland on Mountains,#8DB350
1164,Vespa crabro,NA,"49320 Blaison-Saint-Sulpice, France",inat,-0.37,47.4,1.1772989273071288,714,46,160,Warm Temperate,Moist,Cropland,Plains,Warm Temperate Moist,105,207,54,Warm Temperate Moist Cropland on Plains,#69CF36
1165,Vespa crabro,NA,"Bielsko-Biała, Polska",inat,19.05,49.77,0.7171854019165039,933,514,97,Cool Temperate,Moist,Forest,Mountains,Cool Temperate Moist,6,64,0,Cool Temperate Moist Forest on Mountains,#064000
1166,Vespa crabro,NA,"Brzeźnica 342, 39-207, Polska",inat,21.49,50.1,0.8256843566894532,642,183,116,Cool Temperate,Moist,Cropland,Plains,Cool Temperate Moist,29,153,10,Cool Temperate Moist Cropland on Plains,#1D990A
1167,Vespa crabro,NA,"Vogelschutzgebiet 'Rieselfelder Münster', Coermühle 181, 48157 Münster, Germany",inat,7.65,52.03,0.95678129196167,747,48,116,Cool Temperate,Moist,Cropland,Plains,Cool Temperate Moist,29,153,10,Cool Temperate Moist Cropland on Plains,#1D990A
1168,Vespa crabro,NA,"Cotterstock, Peterborough PE8, UK",inat,-0.47,52.5,0.9524499893188476,614,33,110,Cool Temperate,Moist,Cropland,Hills,Cool Temperate Moist,33,144,30,Cool Temperate Moist Cropland on Hills,#21901E
1169,Vespa crabro,NA,"Erdőtelek, 3358 Magyarország",inat,20.35,47.7,1.0430989265441897,504,107,187,Warm Temperate,Dry,Cropland,Plains,Warm Temperate Dry,155,228,99,Warm Temperate Dry Cropland on Plains,#9BE463
1170,Vespa crabro,NA,"Schinveld, Nederland",inat,6.03,50.98,0.990902042388916,782,71,116,Cool Temperate,Moist,Cropland,Plains,Cool Temperate Moist,29,153,10,Cool Temperate Moist Cropland on Plains,#1D990A
1171,Vespa crabro,AT,NA,gbif,15.75,47.01,0.8973989486694336,828,342,105,Cool Temperate,Moist,Forest,Hills,Cool Temperate Moist,2,99,1,Cool Temperate Moist Forest on Hills,#026301
1172,Vespa crabro,NL,NA,gbif,4.55,52.35,0.9709492683410644,828,11,128,Cool Temperate,Moist,Grassland,Plains,Cool Temperate Moist,22,133,0,Cool Temperate Moist Grassland on Plains,#168500
1173,Vespa crabro,NA,"66399 Mandelbachtal, Deutschland",inat,7.2,49.2,0.9124896049499512,919,332,102,Cool Temperate,Moist,Cropland,Tablelands,Cool Temperate Moist,99,97,160,Cool Temperate Moist Cropland on Tablelands,#6361A0
1174,Vespa crabro,SK,NA,gbif,18.58,48.78,0.8208874702453614,717,322,113,Cool Temperate,Moist,Settlement,Mountains,Cool Temperate Moist,61,67,0,Cool Temperate Moist Settlement on Mountains,#3D4300
1175,Vespa crabro,NA,"Granada, España",inat,-3.55,37.26,1.4439489364624023,456,1289,194,Warm Temperate,Dry,Forest,Mountains,Warm Temperate Dry,96,139,37,Warm Temperate Dry Forest on Mountains,#608B25
1176,Vespa crabro,NA,"55 Ingelheim am Rhein, Deutschland",inat,8.05,49.99,0.9874885559082032,573,91,116,Cool Temperate,Moist,Cropland,Plains,Cool Temperate Moist,29,153,10,Cool Temperate Moist Cropland on Plains,#1D990A
1177,Vespa crabro,PT,NA,gbif,-7.77,39.73,1.5760812759399414,838,263,176,Warm Temperate,Moist,Forest,Mountains,Warm Temperate Moist,49,105,3,Warm Temperate Moist Forest on Mountains,#316903
1178,Vespa crabro,AT,NA,gbif,13.97,46.68,0.4478426933288574,1541,647,103,Cool Temperate,Moist,Cropland,Mountains,Cool Temperate Moist,33,102,5,Cool Temperate Moist Cropland on Mountains,#216605
1179,Vespa crabro,NA,"00060 Canale Monterano RM, Italia",inat,12.05,42.13,1.4577115058898926,255,234,171,Warm Temperate,Moist,Grassland,Mountains,Warm Temperate Moist,86,129,14,Warm Temperate Moist Grassland on Mountains,#56810E
1180,Vespa crabro,NA,"Steinberg, 64285 Darmstadt-Bessungen, Germany",inat,8.66,49.86,1.020603084564209,638,184,108,Cool Temperate,Moist,Settlement,Hills,Cool Temperate Moist,67,109,14,Cool Temperate Moist Settlement on Hills,#436D0E
1181,Vespa crabro,NA,"Kiskunlacháza, 2340 Magyarország",inat,19,47.17,1.0827614784240722,513,97,188,Warm Temperate,Dry,Settlement,Plains,Warm Temperate Dry,189,190,72,Warm Temperate Dry Settlement on Plains,#BDBE48
1182,Vespa crabro,HR,NA,gbif,15.61,43.89,1.421220016479492,798,73,175,Warm Temperate,Moist,Shrubland,Mountains,Warm Temperate Moist,102,130,4,Warm Temperate Moist Shrubland on Mountains,#668204
1183,Vespa crabro,NA,"Obernau Am Obstkeller, Aschaffenburg, 63743 Aschaffenburg, Deutschland",inat,9.14,49.93,0.9606249809265136,805,118,103,Cool Temperate,Moist,Cropland,Mountains,Cool Temperate Moist,33,102,5,Cool Temperate Moist Cropland on Mountains,#216605
1184,Vespa crabro,NA,"68 Schwetzingen, Deutschland",inat,8.5,49.4,1.0747780799865725,726,96,166,Warm Temperate,Moist,Forest,Plains,Warm Temperate Moist,45,158,6,Warm Temperate Moist Forest on Plains,#2D9E06
1185,Vespa crabro,NA,"An der Liesing, 1230 Wien, Österreich",inat,16.26,48.14,0.9499468803405762,609,264,113,Cool Temperate,Moist,Settlement,Mountains,Cool Temperate Moist,61,67,0,Cool Temperate Moist Settlement on Mountains,#3D4300
1186,Vespa crabro,NA,"20093 Cologno Monzese MI, Italia",inat,9.26,45.53,1.2678531646728517,1068,140,161,Warm Temperate,Moist,Settlement,Plains,Warm Temperate Moist,163,170,28,Warm Temperate Moist Settlement on Plains,#A3AA1C
1187,Vespa crabro,NL,NA,gbif,4.65,51.75,0.9967260360717772,816,0,116,Cool Temperate,Moist,Cropland,Plains,Cool Temperate Moist,29,153,10,Cool Temperate Moist Cropland on Plains,#1D990A
1188,Vespa crabro,BE,NA,gbif,4.56,51.09,1.0294468879699707,777,6,116,Cool Temperate,Moist,Cropland,Plains,Cool Temperate Moist,29,153,10,Cool Temperate Moist Cropland on Plains,#1D990A
1189,Vespa crabro,NA,"45025 Fratta Polesine RO, Italia",inat,11.64,45.03,1.3635489463806152,703,4,160,Warm Temperate,Moist,Cropland,Plains,Warm Temperate Moist,105,207,54,Warm Temperate Moist Cropland on Plains,#69CF36
1190,Vespa crabro,NA,"Hou, 9370 Hals, Danmark",inat,10.38,57.05,0.7761559963226319,622,0,NA,NA,NA,NA,NA,NA,NA,NA,NA,NA,NA
1191,Vespa crabro,NA,"North Jutlandic Island, Snedsted, Region Nordjütland, DK",inat,8.45,56.9,0.7968364238739014,806,16,116,Cool Temperate,Moist,Cropland,Plains,Cool Temperate Moist,29,153,10,Cool Temperate Moist Cropland on Plains,#1D990A
1192,Vespa crabro,NA,"Cité du Rail, 68300 Saint-Louis, France",inat,7.55,47.6,1.0200145721435547,805,250,160,Warm Temperate,Moist,Cropland,Plains,Warm Temperate Moist,105,207,54,Warm Temperate Moist Cropland on Plains,#69CF36
1193,Vespa crabro,NL,NA,gbif,5.95,51.15,1.0099031448364255,731,28,116,Cool Temperate,Moist,Cropland,Plains,Cool Temperate Moist,29,153,10,Cool Temperate Moist Cropland on Plains,#1D990A
1194,Vespa crabro,NA,"Provincia di Frosinone, Italia",inat,13.01,41.78,1.398436450958252,1012,245,173,Warm Temperate,Moist,Cropland,Mountains,Warm Temperate Moist,100,150,37,Warm Temperate Moist Cropland on Mountains,#649625
1195,Vespa crabro,NA,"Shenstone, UK",inat,-1.84,52.65,0.919502067565918,853,98,110,Cool Temperate,Moist,Cropland,Hills,Cool Temperate Moist,33,144,30,Cool Temperate Moist Cropland on Hills,#21901E
1196,Vespa crabro,DE,NA,gbif,13.81,51.19,0.9227531433105468,640,185,105,Cool Temperate,Moist,Forest,Hills,Cool Temperate Moist,2,99,1,Cool Temperate Moist Forest on Hills,#026301
1197,Vespa crabro,NL,NA,gbif,5.35,51.65,0.9877718925476074,767,6,116,Cool Temperate,Moist,Cropland,Plains,Cool Temperate Moist,29,153,10,Cool Temperate Moist Cropland on Plains,#1D990A
1198,Vespa crabro,NA,"3865 Salreu, Portugal",inat,-8.59,40.73,1.46934814453125,1032,1,166,Warm Temperate,Moist,Forest,Plains,Warm Temperate Moist,45,158,6,Warm Temperate Moist Forest on Plains,#2D9E06
1199,Vespa crabro,DK,NA,gbif,9.23,55.48,0.7808541774749755,835,39,120,Cool Temperate,Moist,Settlement,Plains,Cool Temperate Moist,78,119,2,Cool Temperate Moist Settlement on Plains,#4E7702
1200,Vespa crabro,NA,"83580 Gassin, France",inat,6.56,43.23,1.4828852653503417,802,96,176,Warm Temperate,Moist,Forest,Mountains,Warm Temperate Moist,49,105,3,Warm Temperate Moist Forest on Mountains,#316903
1201,Vespa crabro,NL,NA,gbif,5.65,51.55,0.9889708518981932,754,13,116,Cool Temperate,Moist,Cropland,Plains,Cool Temperate Moist,29,153,10,Cool Temperate Moist Cropland on Plains,#1D990A
1202,Vespa crabro,NA,"West Macedonia Region, Greece",inat,21.13,40.8,0.9502374649047852,784,942,173,Warm Temperate,Moist,Cropland,Mountains,Warm Temperate Moist,100,150,37,Warm Temperate Moist Cropland on Mountains,#649625
1203,Vespa crabro,NA,"04 Regis-Breitingen, Germany",inat,12.44,51.08,0.931485366821289,610,152,105,Cool Temperate,Moist,Forest,Hills,Cool Temperate Moist,2,99,1,Cool Temperate Moist Forest on Hills,#026301
1204,Vespa crabro,NA,"68300 Saint-Louis, France",inat,7.55,47.62,1.0200145721435547,805,237,116,Cool Temperate,Moist,Cropland,Plains,Cool Temperate Moist,29,153,10,Cool Temperate Moist Cropland on Plains,#1D990A
1205,Vespa crabro,NA,"5220 Zatolmin, Slovenia",inat,13.74,46.2,0.5684999942779541,2127,381,97,Cool Temperate,Moist,Forest,Mountains,Cool Temperate Moist,6,64,0,Cool Temperate Moist Forest on Mountains,#064000
1206,Vespa crabro,NL,NA,gbif,4.8,51.55,1.0014093399047852,815,7,120,Cool Temperate,Moist,Settlement,Plains,Cool Temperate Moist,78,119,2,Cool Temperate Moist Settlement on Plains,#4E7702
1207,Vespa crabro,NL,NA,gbif,5.75,52.05,0.9482698440551758,841,32,111,Cool Temperate,Moist,Forest,Plains,Cool Temperate Moist,1,109,0,Cool Temperate Moist Forest on Plains,#016D00
1208,Vespa crabro,NA,"Regensburg, Bayern, Germany",inat,11.96,49.01,0.8111478805541992,721,433,110,Cool Temperate,Moist,Cropland,Hills,Cool Temperate Moist,33,144,30,Cool Temperate Moist Cropland on Hills,#21901E
1209,Vespa crabro,NL,NA,gbif,5.25,51.55,0.9838749885559082,773,11,116,Cool Temperate,Moist,Cropland,Plains,Cool Temperate Moist,29,153,10,Cool Temperate Moist Cropland on Plains,#1D990A
1210,Vespa crabro,NL,NA,gbif,5.35,51.35,0.9980051994323732,773,29,128,Cool Temperate,Moist,Grassland,Plains,Cool Temperate Moist,22,133,0,Cool Temperate Moist Grassland on Plains,#168500
1211,Vespa crabro,NA,"Dąbrówka Szlachecka, Warszawa, Polska",inat,20.95,52.35,0.7938687324523925,464,78,111,Cool Temperate,Moist,Forest,Plains,Cool Temperate Moist,1,109,0,Cool Temperate Moist Forest on Plains,#016D00
1212,Vespa crabro,NL,NA,gbif,6.05,53.35,0.9052278518676756,818,-1,128,Cool Temperate,Moist,Grassland,Plains,Cool Temperate Moist,22,133,0,Cool Temperate Moist Grassland on Plains,#168500
1213,Vespa crabro,NA,"Hofhaymer-Allee, Salzburg, Salzburg, AT",inat,13.06,47.79,0.8130990028381347,1307,422,107,Cool Temperate,Moist,Grassland,Mountains,Cool Temperate Moist,26,83,0,Cool Temperate Moist Grassland on Mountains,#1A5300
1214,Vespa crabro,GB,NA,gbif,-2.24,52.34,0.9134166717529296,938,56,110,Cool Temperate,Moist,Cropland,Hills,Cool Temperate Moist,33,144,30,Cool Temperate Moist Cropland on Hills,#21901E
1215,Vespa crabro,FR,NA,gbif,2.47,44.45,1.094112491607666,746,455,173,Warm Temperate,Moist,Cropland,Mountains,Warm Temperate Moist,100,150,37,Warm Temperate Moist Cropland on Mountains,#649625
1216,Vespa crabro,NL,NA,gbif,5.3,51.85,0.9631781578063964,761,3,128,Cool Temperate,Moist,Grassland,Plains,Cool Temperate Moist,22,133,0,Cool Temperate Moist Grassland on Plains,#168500
1217,Vespa crabro,NA,"8953 Dietikon, Schweiz",inat,8.39,47.41,0.9073719024658204,1137,414,113,Cool Temperate,Moist,Settlement,Mountains,Cool Temperate Moist,61,67,0,Cool Temperate Moist Settlement on Mountains,#3D4300
1218,Vespa crabro,GB,NA,gbif,-1.99,53.89,0.8448989868164063,1125,203,113,Cool Temperate,Moist,Settlement,Mountains,Cool Temperate Moist,61,67,0,Cool Temperate Moist Settlement on Mountains,#3D4300
1219,Vespa crabro,NA,"87600 Kaufbeuren-Oberbeuren, Deutschland",inat,10.6,47.87,0.7414958477020264,1168,770,108,Cool Temperate,Moist,Settlement,Hills,Cool Temperate Moist,67,109,14,Cool Temperate Moist Settlement on Hills,#436D0E
1220,Vespa crabro,NL,NA,gbif,5.9,51.95,0.9808792114257812,791,6,120,Cool Temperate,Moist,Settlement,Plains,Cool Temperate Moist,78,119,2,Cool Temperate Moist Settlement on Plains,#4E7702
1221,Vespa crabro,NA,"Mayenne, Pays de la Loire, France",inat,-1.04,48.23,1.0951427459716796,775,151,179,Warm Temperate,Moist,Grassland,Tablelands,Warm Temperate Moist,50,73,167,Warm Temperate Moist Grassland on Tablelands,#3249A7
1222,Vespa crabro,FR,NA,gbif,4.93,43.71,1.4275875091552734,734,140,173,Warm Temperate,Moist,Cropland,Mountains,Warm Temperate Moist,100,150,37,Warm Temperate Moist Cropland on Mountains,#649625
1223,Vespa crabro,NA,"76380 Canteleu, France",inat,1.01,49.43,1.0838677406311037,724,98,179,Warm Temperate,Moist,Grassland,Tablelands,Warm Temperate Moist,50,73,167,Warm Temperate Moist Grassland on Tablelands,#3249A7
1224,Vespa crabro,DE,NA,gbif,6.74,49.73,0.8938666343688965,873,295,97,Cool Temperate,Moist,Forest,Mountains,Cool Temperate Moist,6,64,0,Cool Temperate Moist Forest on Mountains,#064000
1225,Vespa crabro,MD,NA,gbif,28.86,47.05,0.982420825958252,545,94,154,Cool Temperate,Dry,Settlement,Hills,Cool Temperate Dry,122,154,61,Cool Temperate Dry Settlement on Hills,#7A9A3D
1226,Vespa crabro,NA,"Ashcott, UK",inat,-2.79,51.15,1.0318676948547365,799,13,115,Cool Temperate,Moist,Shrubland,Plains,Cool Temperate Moist,26,131,0,Cool Temperate Moist Shrubland on Plains,#1A8300
1227,Vespa crabro,DE,NA,gbif,6.63,51.79,0.9929187774658204,748,36,116,Cool Temperate,Moist,Cropland,Plains,Cool Temperate Moist,29,153,10,Cool Temperate Moist Cropland on Plains,#1D990A
1228,Vespa crabro,DE,NA,gbif,7.79,51.98,0.956306266784668,753,54,120,Cool Temperate,Moist,Settlement,Plains,Cool Temperate Moist,78,119,2,Cool Temperate Moist Settlement on Plains,#4E7702
1229,Vespa crabro,NA,"89100 Soucy, France",inat,3.36,48.25,1.034569835662842,654,160,110,Cool Temperate,Moist,Cropland,Hills,Cool Temperate Moist,33,144,30,Cool Temperate Moist Cropland on Hills,#21901E
1230,Vespa crabro,NA,"66680 Canohès, France",inat,2.83,42.65,1.406432247161865,619,72,191,Warm Temperate,Dry,Settlement,Hills,Warm Temperate Dry,173,187,99,Warm Temperate Dry Settlement on Hills,#ADBB63
1231,Vespa crabro,NA,"Mamers, Pays de la Loire, France",inat,-0.2,48.16,1.1265104293823245,757,183,168,Warm Temperate,Moist,Cropland,Hills,Warm Temperate Moist,112,198,86,Warm Temperate Moist Cropland on Hills,#70C656
1232,Vespa crabro,BE,NA,gbif,3.71,50.77,1.012112522125244,792,93,101,Cool Temperate,Moist,Forest,Tablelands,Cool Temperate Moist,71,89,181,Cool Temperate Moist Forest on Tablelands,#4759B5
1233,Vespa crabro,CH,NA,gbif,6.01,46.16,0.8976312637329101,1098,408,173,Warm Temperate,Moist,Cropland,Mountains,Warm Temperate Moist,100,150,37,Warm Temperate Moist Cropland on Mountains,#649625
1234,Vespa crabro,FR,NA,gbif,-3.96,47.93,1.1710904121398926,1035,74,164,Warm Temperate,Moist,Grassland,Hills,Warm Temperate Moist,86,172,49,Warm Temperate Moist Grassland on Hills,#56AC31
1235,Vespa crabro,SE,NA,gbif,18.37,59.32,0.6472183704376221,585,-8,111,Cool Temperate,Moist,Forest,Plains,Cool Temperate Moist,1,109,0,Cool Temperate Moist Forest on Plains,#016D00
1236,Vespa crabro,NL,NA,gbif,5.4,52,0.9671229362487792,780,8,128,Cool Temperate,Moist,Grassland,Plains,Cool Temperate Moist,22,133,0,Cool Temperate Moist Grassland on Plains,#168500
1237,Vespa crabro,NA,"07-306 Brok, Polska",inat,21.85,52.7,0.7604343891143799,496,110,120,Cool Temperate,Moist,Settlement,Plains,Cool Temperate Moist,78,119,2,Cool Temperate Moist Settlement on Plains,#4E7702
1238,Vespa crabro,NL,NA,gbif,4.05,51.25,1.0351354598999023,797,6,116,Cool Temperate,Moist,Cropland,Plains,Cool Temperate Moist,29,153,10,Cool Temperate Moist Cropland on Plains,#1D990A
1239,Vespa crabro,NL,NA,gbif,5.75,51.4,0.9874812126159668,737,24,120,Cool Temperate,Moist,Settlement,Plains,Cool Temperate Moist,78,119,2,Cool Temperate Moist Settlement on Plains,#4E7702
1240,Vespa crabro,DE,NA,gbif,9.12,49.93,0.9606249809265136,805,112,111,Cool Temperate,Moist,Forest,Plains,Cool Temperate Moist,1,109,0,Cool Temperate Moist Forest on Plains,#016D00
1241,Vespa crabro,NA,"Зеленоградск, Калининградская обл., Россия",inat,20.48,54.96,0.7614500045776367,784,0,120,Cool Temperate,Moist,Settlement,Plains,Cool Temperate Moist,78,119,2,Cool Temperate Moist Settlement on Plains,#4E7702
1242,Vespa crabro,IT,NA,gbif,9.5,45.62,1.258298969268799,1021,197,168,Warm Temperate,Moist,Cropland,Hills,Warm Temperate Moist,112,198,86,Warm Temperate Moist Cropland on Hills,#70C656
1243,Vespa crabro,NA,"Bad Wilsnacker Straße, Bad Wilsnack, Brandenburg, DE",inat,11.86,52.96,0.9347749710083008,573,24,116,Cool Temperate,Moist,Cropland,Plains,Cool Temperate Moist,29,153,10,Cool Temperate Moist Cropland on Plains,#1D990A
1244,Vespa crabro,NA,"Amstetten, AT-NO, AT",inat,14.86,48.23,0.7639562606811523,771,361,113,Cool Temperate,Moist,Settlement,Mountains,Cool Temperate Moist,61,67,0,Cool Temperate Moist Settlement on Mountains,#3D4300
1245,Vespa crabro,GB,NA,gbif,-0.57,53.24,0.9665260314941406,569,12,128,Cool Temperate,Moist,Grassland,Plains,Cool Temperate Moist,22,133,0,Cool Temperate Moist Grassland on Plains,#168500
1246,Vespa crabro,GB,NA,gbif,0.31,51.16,0.9762770652770996,794,91,101,Cool Temperate,Moist,Forest,Tablelands,Cool Temperate Moist,71,89,181,Cool Temperate Moist Forest on Tablelands,#4759B5
1247,Vespa crabro,NL,NA,gbif,3.75,51.3,1.0463364601135254,769,1,115,Cool Temperate,Moist,Shrubland,Plains,Cool Temperate Moist,26,131,0,Cool Temperate Moist Shrubland on Plains,#1A8300
1248,Vespa crabro,NL,NA,gbif,6,51.85,0.9773374557495116,766,11,116,Cool Temperate,Moist,Cropland,Plains,Cool Temperate Moist,29,153,10,Cool Temperate Moist Cropland on Plains,#1D990A
1249,Vespa crabro,GB,NA,gbif,-1.14,53.99,0.9251280784606932,595,15,116,Cool Temperate,Moist,Cropland,Plains,Cool Temperate Moist,29,153,10,Cool Temperate Moist Cropland on Plains,#1D990A
1250,Vespa crabro,NA,"G4W6+J3, 45889 Gelsenkirchen, Deutschland",inat,7.11,51.55,1.0221354484558105,872,41,105,Cool Temperate,Moist,Forest,Hills,Cool Temperate Moist,2,99,1,Cool Temperate Moist Forest on Hills,#026301
1251,Vespa crabro,FR,NA,gbif,0.64,48.3,1.0586853981018067,675,152,180,Warm Temperate,Moist,Forest,Tablelands,Warm Temperate Moist,69,72,136,Warm Temperate Moist Forest on Tablelands,#454888
1252,Vespa crabro,NL,NA,gbif,6.35,51.95,0.9709635734558104,742,17,116,Cool Temperate,Moist,Cropland,Plains,Cool Temperate Moist,29,153,10,Cool Temperate Moist Cropland on Plains,#1D990A
1253,Vespa crabro,NL,NA,gbif,5.85,51.85,0.9808792114257812,791,18,120,Cool Temperate,Moist,Settlement,Plains,Cool Temperate Moist,78,119,2,Cool Temperate Moist Settlement on Plains,#4E7702
1254,Vespa crabro,NA,"Asturias, España",inat,-5.52,43.53,1.3469687461853028,959,93,176,Warm Temperate,Moist,Forest,Mountains,Warm Temperate Moist,49,105,3,Warm Temperate Moist Forest on Mountains,#316903
1255,Vespa crabro,FR,NA,gbif,1.58,47.7,1.121596908569336,643,82,NA,NA,NA,NA,NA,NA,NA,NA,NA,NA,NA
1256,Vespa crabro,FR,NA,gbif,-0.82,45.15,1.2793657302856445,918,16,161,Warm Temperate,Moist,Settlement,Plains,Warm Temperate Moist,163,170,28,Warm Temperate Moist Settlement on Plains,#A3AA1C
1257,Vespa crabro,NL,NA,gbif,6.5,51.9,0.9658645629882812,771,18,128,Cool Temperate,Moist,Grassland,Plains,Cool Temperate Moist,22,133,0,Cool Temperate Moist Grassland on Plains,#168500
1258,Vespa crabro,ES,NA,gbif,-4.03,40.88,1.0492083549499511,522,1219,142,Cool Temperate,Dry,Grassland,Mountains,Cool Temperate Dry,82,134,31,Cool Temperate Dry Grassland on Mountains,#52861F
1259,Vespa crabro,NL,NA,gbif,5.65,52.5,0.9651364326477052,800,-5,116,Cool Temperate,Moist,Cropland,Plains,Cool Temperate Moist,29,153,10,Cool Temperate Moist Cropland on Plains,#1D990A
1260,Vespa crabro,NA,"The Avenue, Bedford, England, GB",inat,-0.51,52.21,0.9523354530334472,616,59,116,Cool Temperate,Moist,Cropland,Plains,Cool Temperate Moist,29,153,10,Cool Temperate Moist Cropland on Plains,#1D990A
1261,Vespa crabro,DE,NA,gbif,10.27,48.36,0.8334229469299317,822,489,105,Cool Temperate,Moist,Forest,Hills,Cool Temperate Moist,2,99,1,Cool Temperate Moist Forest on Hills,#026301
1262,Vespa crabro,NA,"85077 Manching-Pichl, Deutschland",inat,11.47,48.71,0.8617218971252442,743,367,120,Cool Temperate,Moist,Settlement,Plains,Cool Temperate Moist,78,119,2,Cool Temperate Moist Settlement on Plains,#4E7702
1263,Vespa crabro,NA,"Bogenhausen, München, Bayern, Deutschland",inat,11.63,48.14,0.8841385841369629,1006,526,120,Cool Temperate,Moist,Settlement,Plains,Cool Temperate Moist,78,119,2,Cool Temperate Moist Settlement on Plains,#4E7702
1264,Vespa crabro,NA,"Ingelheimer Straße, Darmstadt, Hessen, DE",inat,8.64,49.86,1.020603084564209,638,142,108,Cool Temperate,Moist,Settlement,Hills,Cool Temperate Moist,67,109,14,Cool Temperate Moist Settlement on Hills,#436D0E
1265,Vespa crabro,NA,"Modena, Emilia-Romagna, Italy",inat,10.94,44.26,1.0933635711669922,1102,788,97,Cool Temperate,Moist,Forest,Mountains,Cool Temperate Moist,6,64,0,Cool Temperate Moist Forest on Mountains,#064000
1266,Vespa crabro,NL,NA,gbif,6,52.1,0.9595292091369628,817,56,105,Cool Temperate,Moist,Forest,Hills,Cool Temperate Moist,2,99,1,Cool Temperate Moist Forest on Hills,#026301
1267,Vespa crabro,NA,"Schlosshof Garath, Düsseldorf, Nordrhein-Westfalen, DE",inat,6.91,51.14,1.057521915435791,811,48,120,Cool Temperate,Moist,Settlement,Plains,Cool Temperate Moist,78,119,2,Cool Temperate Moist Settlement on Plains,#4E7702
1268,Vespa crabro,DE,NA,gbif,6.25,50.76,0.9189249992370604,871,262,105,Cool Temperate,Moist,Forest,Hills,Cool Temperate Moist,2,99,1,Cool Temperate Moist Forest on Hills,#026301
1269,Vespa crabro,DE,NA,gbif,8.48,49.99,1.0403801918029785,579,100,111,Cool Temperate,Moist,Forest,Plains,Cool Temperate Moist,1,109,0,Cool Temperate Moist Forest on Plains,#016D00
1270,Vespa crabro,NA,"Odemira, Portugal",inat,-8.62,37.58,1.623336410522461,561,34,199,Warm Temperate,Dry,Forest,Hills,Warm Temperate Dry,91,175,66,Warm Temperate Dry Forest on Hills,#5BAF42
1271,Vespa crabro,NA,"Am Silberberg, Raaba-Grambach, Steiermark, AT",inat,15.5,47.04,0.8786749839782715,858,375,110,Cool Temperate,Moist,Cropland,Hills,Cool Temperate Moist,33,144,30,Cool Temperate Moist Cropland on Hills,#21901E
1272,Vespa crabro,NA,"68128 Rosenau, France",inat,7.55,47.62,1.0200145721435547,805,237,116,Cool Temperate,Moist,Cropland,Plains,Cool Temperate Moist,29,153,10,Cool Temperate Moist Cropland on Plains,#1D990A
1273,Vespa crabro,NA,"Montigny-sur-Loing, France",inat,2.75,48.34,1.0644302368164062,633,78,180,Warm Temperate,Moist,Forest,Tablelands,Warm Temperate Moist,69,72,136,Warm Temperate Moist Forest on Tablelands,#454888
1274,Vespa crabro,GB,NA,gbif,0.03,51.57,1.0349489212036134,611,21,161,Warm Temperate,Moist,Settlement,Plains,Warm Temperate Moist,163,170,28,Warm Temperate Moist Settlement on Plains,#A3AA1C
1275,Vespa crabro,ES,NA,gbif,-4.21,43.23,1.2260156631469727,904,512,176,Warm Temperate,Moist,Forest,Mountains,Warm Temperate Moist,49,105,3,Warm Temperate Moist Forest on Mountains,#316903
1276,Vespa crabro,AT,NA,gbif,16.28,48.15,0.9499468803405762,609,232,113,Cool Temperate,Moist,Settlement,Mountains,Cool Temperate Moist,61,67,0,Cool Temperate Moist Settlement on Mountains,#3D4300
1277,Vespa crabro,NA,"Kainalonpohjantie, Klamila, Kymenlaakso, FI",inat,27.46,60.49,0.4605208396911621,662,9,NA,NA,NA,NA,NA,NA,NA,NA,NA,NA,NA
1278,Vespa crabro,NA,"Auf der Wies, Linz, Oberösterreich, AT",inat,14.29,48.33,0.89486665725708,812,325,113,Cool Temperate,Moist,Settlement,Mountains,Cool Temperate Moist,61,67,0,Cool Temperate Moist Settlement on Mountains,#3D4300
1279,Vespa crabro,GB,NA,gbif,-1.53,51.51,0.957809352874756,702,157,108,Cool Temperate,Moist,Settlement,Hills,Cool Temperate Moist,67,109,14,Cool Temperate Moist Settlement on Hills,#436D0E
1280,Vespa crabro,NA,"Ésery, Reignier-Ésery, France",inat,6.24,46.14,0.8610094070434571,1135,582,107,Cool Temperate,Moist,Grassland,Mountains,Cool Temperate Moist,26,83,0,Cool Temperate Moist Grassland on Mountains,#1A5300
1281,Vespa crabro,NA,"Scherpenzeel, Netherlands",inat,5.52,52.08,0.9649312019348144,817,7,111,Cool Temperate,Moist,Forest,Plains,Cool Temperate Moist,1,109,0,Cool Temperate Moist Forest on Plains,#016D00
1282,Vespa crabro,DE,NA,gbif,7.89,50.45,0.8701239585876465,842,284,114,Cool Temperate,Moist,Grassland,Hills,Cool Temperate Moist,22,124,10,Cool Temperate Moist Grassland on Hills,#167C0A
1283,Vespa crabro,DE,NA,gbif,8.67,49.18,1.0041417121887206,850,160,108,Cool Temperate,Moist,Settlement,Hills,Cool Temperate Moist,67,109,14,Cool Temperate Moist Settlement on Hills,#436D0E
1284,Vespa crabro,NL,NA,gbif,4.9,52.35,0.9731207847595216,848,5,120,Cool Temperate,Moist,Settlement,Plains,Cool Temperate Moist,78,119,2,Cool Temperate Moist Settlement on Plains,#4E7702
1285,Vespa crabro,DE,NA,gbif,7.15,51.43,0.9963427543640136,967,104,108,Cool Temperate,Moist,Settlement,Hills,Cool Temperate Moist,67,109,14,Cool Temperate Moist Settlement on Hills,#436D0E
1286,Vespa crabro,SE,NA,gbif,14.39,56.91,0.6058823108673096,712,188,111,Cool Temperate,Moist,Forest,Plains,Cool Temperate Moist,1,109,0,Cool Temperate Moist Forest on Plains,#016D00
1287,Vespa crabro,NA,"Prádena del Rincón, 28191, Madrid, España",inat,-3.54,41.03,0.942829132080078,607,1069,186,Warm Temperate,Dry,Grassland,Mountains,Warm Temperate Dry,132,162,55,Warm Temperate Dry Grassland on Mountains,#84A237
1288,Vespa crabro,NA,"Mayenne, Pays de la Loire, France",inat,-0.51,48.19,1.1200708389282226,762,107,160,Warm Temperate,Moist,Cropland,Plains,Warm Temperate Moist,105,207,54,Warm Temperate Moist Cropland on Plains,#69CF36
1289,Vespa crabro,DE,NA,gbif,13.48,51.36,0.9392823219299316,571,109,111,Cool Temperate,Moist,Forest,Plains,Cool Temperate Moist,1,109,0,Cool Temperate Moist Forest on Plains,#016D00
1290,Vespa crabro,NA,"Saint-Coulomb, France",inat,-1.89,48.69,1.1884604454040528,745,21,160,Warm Temperate,Moist,Cropland,Plains,Warm Temperate Moist,105,207,54,Warm Temperate Moist Cropland on Plains,#69CF36
1291,Vespa crabro,DE,NA,gbif,10.12,53.71,0.8562197685241699,812,25,128,Cool Temperate,Moist,Grassland,Plains,Cool Temperate Moist,22,133,0,Cool Temperate Moist Grassland on Plains,#168500
1292,Vespa crabro,DE,NA,gbif,8.38,50,1.0403801918029785,579,120,NA,NA,NA,NA,NA,NA,NA,NA,NA,NA,NA
1293,Vespa crabro,NL,NA,gbif,5.55,51.35,0.9889156341552734,757,26,120,Cool Temperate,Moist,Settlement,Plains,Cool Temperate Moist,78,119,2,Cool Temperate Moist Settlement on Plains,#4E7702
1294,Vespa crabro,DE,NA,gbif,13.14,52.52,0.9248781204223632,544,37,111,Cool Temperate,Moist,Forest,Plains,Cool Temperate Moist,1,109,0,Cool Temperate Moist Forest on Plains,#016D00
1295,Vespa crabro,NA,Belgium,inat,4.48,50.78,1.0074718475341795,805,109,108,Cool Temperate,Moist,Settlement,Hills,Cool Temperate Moist,67,109,14,Cool Temperate Moist Settlement on Hills,#436D0E
1296,Vespa crabro,DE,NA,gbif,8.79,52.18,0.9378176689147948,774,156,110,Cool Temperate,Moist,Cropland,Hills,Cool Temperate Moist,33,144,30,Cool Temperate Moist Cropland on Hills,#21901E
1297,Vespa crabro,IT,NA,gbif,10.26,45.08,1.2663844108581543,754,28,160,Warm Temperate,Moist,Cropland,Plains,Warm Temperate Moist,105,207,54,Warm Temperate Moist Cropland on Plains,#69CF36
1298,Vespa crabro,NA,"The Abbey House, West Acre, King's Lynn PE32 1WB, UK",inat,0.63,52.7,0.9502896308898926,672,49,115,Cool Temperate,Moist,Shrubland,Plains,Cool Temperate Moist,26,131,0,Cool Temperate Moist Shrubland on Plains,#1A8300
1299,Vespa crabro,DE,NA,gbif,8.57,52.06,0.942315673828125,833,100,110,Cool Temperate,Moist,Cropland,Hills,Cool Temperate Moist,33,144,30,Cool Temperate Moist Cropland on Hills,#21901E
1300,Vespa crabro,NA,"Chrzanów, PL-MA, PL",inat,19.54,50.03,0.8204020500183106,702,241,105,Cool Temperate,Moist,Forest,Hills,Cool Temperate Moist,2,99,1,Cool Temperate Moist Forest on Hills,#026301
1301,Vespa crabro,NL,NA,gbif,5.45,52.55,0.9985572814941406,803,-1,NA,NA,NA,NA,NA,NA,NA,NA,NA,NA,NA
1302,Vespa crabro,NL,NA,gbif,5.6,51.5,0.9889156341552734,757,19,128,Cool Temperate,Moist,Grassland,Plains,Cool Temperate Moist,22,133,0,Cool Temperate Moist Grassland on Plains,#168500
1303,Vespa crabro,FR,NA,gbif,-2.69,48.48,1.098409366607666,947,62,168,Warm Temperate,Moist,Cropland,Hills,Warm Temperate Moist,112,198,86,Warm Temperate Moist Cropland on Hills,#70C656
1304,Vespa crabro,AT,NA,gbif,16.29,48.15,0.9499468803405762,609,232,113,Cool Temperate,Moist,Settlement,Mountains,Cool Temperate Moist,61,67,0,Cool Temperate Moist Settlement on Mountains,#3D4300
1305,Vespa crabro,NA,"Getestraat, Tienen, Flemish Brabant, BE",inat,4.94,50.8,1.0242583274841308,751,57,120,Cool Temperate,Moist,Settlement,Plains,Cool Temperate Moist,78,119,2,Cool Temperate Moist Settlement on Plains,#4E7702
1306,Vespa crabro,NA,"Kvilavegen, Ottestad, Innlandet, NO",inat,11.12,60.77,0.4420260429382325,549,174,110,Cool Temperate,Moist,Cropland,Hills,Cool Temperate Moist,33,144,30,Cool Temperate Moist Cropland on Hills,#21901E
1307,Vespa crabro,DE,NA,gbif,11.09,49.47,0.8993906021118164,700,318,120,Cool Temperate,Moist,Settlement,Plains,Cool Temperate Moist,78,119,2,Cool Temperate Moist Settlement on Plains,#4E7702
1308,Vespa crabro,NA,"Königsheideweg, Berlin, Berlin, DE",inat,13.48,52.45,0.9307083129882812,555,34,120,Cool Temperate,Moist,Settlement,Plains,Cool Temperate Moist,78,119,2,Cool Temperate Moist Settlement on Plains,#4E7702
1309,Vespa crabro,NA,"14400 Maisons, France",inat,-0.73,49.31,1.092914581298828,791,35,160,Warm Temperate,Moist,Cropland,Plains,Warm Temperate Moist,105,207,54,Warm Temperate Moist Cropland on Plains,#69CF36
1310,Vespa crabro,NA,"Przy Rondzie, Kraków, Lesser Poland, PL",inat,19.96,50.07,0.8696708679199219,687,204,120,Cool Temperate,Moist,Settlement,Plains,Cool Temperate Moist,78,119,2,Cool Temperate Moist Settlement on Plains,#4E7702
1311,Vespa crabro,NA,"Gamlitz, 8462, Österreich",inat,15.52,46.7,0.9184562683105468,971,430,97,Cool Temperate,Moist,Forest,Mountains,Cool Temperate Moist,6,64,0,Cool Temperate Moist Forest on Mountains,#064000
1312,Vespa crabro,GB,NA,gbif,-3.15,52.7,0.9085874557495116,827,118,107,Cool Temperate,Moist,Grassland,Mountains,Cool Temperate Moist,26,83,0,Cool Temperate Moist Grassland on Mountains,#1A5300
1313,Vespa crabro,DE,NA,gbif,7.92,50.97,0.8298406600952148,1059,409,107,Cool Temperate,Moist,Grassland,Mountains,Cool Temperate Moist,26,83,0,Cool Temperate Moist Grassland on Mountains,#1A5300
1314,Vespa crabro,NL,NA,gbif,4.3,52.05,0.9714204788208008,837,2,120,Cool Temperate,Moist,Settlement,Plains,Cool Temperate Moist,78,119,2,Cool Temperate Moist Settlement on Plains,#4E7702
1315,Vespa crabro,NL,NA,gbif,6.05,51.25,1.0026583671569824,734,25,111,Cool Temperate,Moist,Forest,Plains,Cool Temperate Moist,1,109,0,Cool Temperate Moist Forest on Plains,#016D00
1316,Vespa crabro,NA,"pl.Piłsudskiego 01, 83-110 Tczew, Polska",inat,18.79,54.09,0.788685417175293,616,22,120,Cool Temperate,Moist,Settlement,Plains,Cool Temperate Moist,78,119,2,Cool Temperate Moist Settlement on Plains,#4E7702
1317,Vespa crabro,NA,"Campus Bizzozero, 21100 Varese VA, Italia",inat,8.85,45.8,1.1496260643005372,1275,361,177,Warm Temperate,Moist,Settlement,Tablelands,Warm Temperate Moist,62,63,152,Warm Temperate Moist Settlement on Tablelands,#3E3F98
1318,Vespa crabro,GB,NA,gbif,1.24,52.62,0.9736385345458984,624,21,115,Cool Temperate,Moist,Shrubland,Plains,Cool Temperate Moist,26,131,0,Cool Temperate Moist Shrubland on Plains,#1A8300
1319,Vespa crabro,NA,"Auersbach, Österreich",inat,15.87,47.01,0.9075989723205566,796,360,110,Cool Temperate,Moist,Cropland,Hills,Cool Temperate Moist,33,144,30,Cool Temperate Moist Cropland on Hills,#21901E
1320,Vespa crabro,FR,NA,gbif,5.98,43.83,1.2667854309082032,734,592,178,Warm Temperate,Moist,Cropland,Tablelands,Warm Temperate Moist,61,89,194,Warm Temperate Moist Cropland on Tablelands,#3D59C2
1321,Vespa crabro,NL,NA,gbif,4.1,51.8,0.9995707511901856,787,-1,115,Cool Temperate,Moist,Shrubland,Plains,Cool Temperate Moist,26,131,0,Cool Temperate Moist Shrubland on Plains,#1A8300
1322,Vespa crabro,DE,NA,gbif,13.35,50.92,0.7980249881744385,804,407,129,Cool Temperate,Moist,Settlement,Tablelands,Cool Temperate Moist,47,63,130,Cool Temperate Moist Settlement on Tablelands,#2F3F82
1323,Vespa crabro,NA,"Sangiano, Besozzi/Carlo Alberto, 21038 Sangiano VA, Italia",inat,8.63,45.87,1.0934072494506837,1199,259,172,Warm Temperate,Moist,Settlement,Mountains,Warm Temperate Moist,105,89,18,Warm Temperate Moist Settlement on Mountains,#695912
1324,Vespa crabro,DE,NA,gbif,7.37,51.96,0.9437146186828612,795,138,102,Cool Temperate,Moist,Cropland,Tablelands,Cool Temperate Moist,99,97,160,Cool Temperate Moist Cropland on Tablelands,#6361A0
1325,Vespa crabro,GR,NA,gbif,21.63,37.64,1.6321418762207032,762,79,173,Warm Temperate,Moist,Cropland,Mountains,Warm Temperate Moist,100,150,37,Warm Temperate Moist Cropland on Mountains,#649625
1326,Vespa crabro,NL,NA,gbif,6.3,53.1,0.9074552536010744,854,4,128,Cool Temperate,Moist,Grassland,Plains,Cool Temperate Moist,22,133,0,Cool Temperate Moist Grassland on Plains,#168500
1327,Vespa crabro,NA,"Parma, Emilia-Romagna, IT",inat,10.1,44.75,1.2217364311218262,870,230,173,Warm Temperate,Moist,Cropland,Mountains,Warm Temperate Moist,100,150,37,Warm Temperate Moist Cropland on Mountains,#649625
1328,Vespa crabro,NA,"Via ai Monti, Grandola Ed Uniti, Lombardy, IT",inat,9.2,46.05,0.9370478630065918,1310,853,97,Cool Temperate,Moist,Forest,Mountains,Cool Temperate Moist,6,64,0,Cool Temperate Moist Forest on Mountains,#064000
1329,Vespa crabro,AT,NA,gbif,15.9,46.75,0.9356552124023436,853,229,110,Cool Temperate,Moist,Cropland,Hills,Cool Temperate Moist,33,144,30,Cool Temperate Moist Cropland on Hills,#21901E
1330,Vespa crabro,NL,NA,gbif,5.2,52.15,0.9599833488464355,815,9,111,Cool Temperate,Moist,Forest,Plains,Cool Temperate Moist,1,109,0,Cool Temperate Moist Forest on Plains,#016D00
1331,Vespa crabro,DE,NA,gbif,8.56,52.05,0.942315673828125,833,94,108,Cool Temperate,Moist,Settlement,Hills,Cool Temperate Moist,67,109,14,Cool Temperate Moist Settlement on Hills,#436D0E
1332,Vespa crabro,FR,NA,gbif,-1.05,46,1.293558120727539,791,1,160,Warm Temperate,Moist,Cropland,Plains,Warm Temperate Moist,105,207,54,Warm Temperate Moist Cropland on Plains,#69CF36
1333,Vespa crabro,DE,NA,gbif,11.01,49.6,0.8589104652404785,745,295,108,Cool Temperate,Moist,Settlement,Hills,Cool Temperate Moist,67,109,14,Cool Temperate Moist Settlement on Hills,#436D0E
1334,Vespa crabro,NA,"Budapest, Forrásliget lakópark, 1038 Magyarország",inat,19.04,47.58,1.1065521240234375,528,116,185,Warm Temperate,Dry,Settlement,Mountains,Warm Temperate Dry,144,124,59,Warm Temperate Dry Settlement on Mountains,#907C3B
1335,Vespa crabro,NL,NA,gbif,4.75,51.75,0.9918021202087404,806,1,NA,NA,NA,NA,NA,NA,NA,NA,NA,NA,NA
1336,Vespa crabro,NA,"GX4H+5C, 72108 Rottenburg am Neckar, Deutschland",inat,8.98,48.5,0.8368145942687988,792,338,110,Cool Temperate,Moist,Cropland,Hills,Cool Temperate Moist,33,144,30,Cool Temperate Moist Cropland on Hills,#21901E
1337,Vespa crabro,NL,NA,gbif,4.7,51.8,0.9918021202087404,806,0,120,Cool Temperate,Moist,Settlement,Plains,Cool Temperate Moist,78,119,2,Cool Temperate Moist Settlement on Plains,#4E7702
1338,Vespa crabro,NA,"Liège, Wallonie, BE",inat,5.29,50.55,0.9732250213623048,830,130,110,Cool Temperate,Moist,Cropland,Hills,Cool Temperate Moist,33,144,30,Cool Temperate Moist Cropland on Hills,#21901E
1339,Vespa crabro,DE,NA,gbif,9.91,53.13,0.8724531173706055,785,94,106,Cool Temperate,Moist,Shrubland,Hills,Cool Temperate Moist,23,123,2,Cool Temperate Moist Shrubland on Hills,#177B02
1340,Vespa crabro,NA,"49320 Blaison-Saint-Sulpice, France",inat,-0.37,47.4,1.1772989273071288,714,46,160,Warm Temperate,Moist,Cropland,Plains,Warm Temperate Moist,105,207,54,Warm Temperate Moist Cropland on Plains,#69CF36
1341,Vespa crabro,DE,NA,gbif,8.4,49.45,1.051504135131836,669,96,160,Warm Temperate,Moist,Cropland,Plains,Warm Temperate Moist,105,207,54,Warm Temperate Moist Cropland on Plains,#69CF36
1342,Vespa crabro,IT,NA,gbif,10.25,45.52,1.1451041221618652,856,201,161,Warm Temperate,Moist,Settlement,Plains,Warm Temperate Moist,163,170,28,Warm Temperate Moist Settlement on Plains,#A3AA1C
1343,Vespa crabro,NL,NA,gbif,5.65,51.9,0.967956256866455,791,7,128,Cool Temperate,Moist,Grassland,Plains,Cool Temperate Moist,22,133,0,Cool Temperate Moist Grassland on Plains,#168500
1344,Vespa crabro,NA,"Sychem Place, Tonbridge, England, GB",inat,0.35,51.18,1.0039145469665527,668,41,114,Cool Temperate,Moist,Grassland,Hills,Cool Temperate Moist,22,124,10,Cool Temperate Moist Grassland on Hills,#167C0A
1345,Vespa crabro,NL,NA,gbif,6.55,52.1,0.9498937606811524,776,17,128,Cool Temperate,Moist,Grassland,Plains,Cool Temperate Moist,22,133,0,Cool Temperate Moist Grassland on Plains,#168500
1346,Vespa crabro,NA,"13159 Berlin, Deutschland",inat,13.42,52.63,0.9484271049499512,572,50,116,Cool Temperate,Moist,Cropland,Plains,Cool Temperate Moist,29,153,10,Cool Temperate Moist Cropland on Plains,#1D990A
1347,Vespa crabro,NA,"Impasse de la Grave, Béraut, Occitanie, FR",inat,0.39,43.93,1.2741948127746583,1011,112,168,Warm Temperate,Moist,Cropland,Hills,Warm Temperate Moist,112,198,86,Warm Temperate Moist Cropland on Hills,#70C656
1348,Vespa crabro,NL,NA,gbif,5.75,51.75,0.9782135009765623,760,8,120,Cool Temperate,Moist,Settlement,Plains,Cool Temperate Moist,78,119,2,Cool Temperate Moist Settlement on Plains,#4E7702
1349,Vespa crabro,NL,NA,gbif,6.55,53.2,0.8977239608764649,804,1,120,Cool Temperate,Moist,Settlement,Plains,Cool Temperate Moist,78,119,2,Cool Temperate Moist Settlement on Plains,#4E7702
1350,Vespa crabro,NA,"16 Wandlitz-Stolzenhagen, Deutschland",inat,13.43,52.76,0.8852864265441894,579,53,116,Cool Temperate,Moist,Cropland,Plains,Cool Temperate Moist,29,153,10,Cool Temperate Moist Cropland on Plains,#1D990A
1351,Vespa crabro,AT,NA,gbif,15.47,47.03,0.8947572708129883,862,345,120,Cool Temperate,Moist,Settlement,Plains,Cool Temperate Moist,78,119,2,Cool Temperate Moist Settlement on Plains,#4E7702
1352,Vespa crabro,PT,NA,gbif,-8.71,41.64,1.404978370666504,1497,96,172,Warm Temperate,Moist,Settlement,Mountains,Warm Temperate Moist,105,89,18,Warm Temperate Moist Settlement on Mountains,#695912
1353,Vespa crabro,NL,NA,gbif,5.4,52.45,0.9534229278564452,781,-4,NA,NA,NA,NA,NA,NA,NA,NA,NA,NA,NA
1354,Vespa crabro,NA,"79 Müllheim im Markgräflerland, Deutschland",inat,7.6,47.84,1.0544635772705078,783,223,116,Cool Temperate,Moist,Cropland,Plains,Cool Temperate Moist,29,153,10,Cool Temperate Moist Cropland on Plains,#1D990A
1355,Vespa crabro,NA,"Innsbruck Klammgründe, 6020 Innsbruck, Österreich",inat,11.33,47.27,0.5379750251770019,1098,1092,97,Cool Temperate,Moist,Forest,Mountains,Cool Temperate Moist,6,64,0,Cool Temperate Moist Forest on Mountains,#064000
1356,Vespa crabro,NL,NA,gbif,5.8,51.15,1.0033124923706054,720,28,116,Cool Temperate,Moist,Cropland,Plains,Cool Temperate Moist,29,153,10,Cool Temperate Moist Cropland on Plains,#1D990A
1357,Vespa crabro,DE,NA,gbif,10.11,53.63,0.9138802528381348,761,30,120,Cool Temperate,Moist,Settlement,Plains,Cool Temperate Moist,78,119,2,Cool Temperate Moist Settlement on Plains,#4E7702
1358,Vespa crabro,NL,NA,gbif,4.05,51.85,0.9975513458251952,810,0,NA,NA,NA,NA,NA,NA,NA,NA,NA,NA,NA
1359,Vespa crabro,NA,"Tököl, Pest County, HU",inat,18.95,47.32,1.0911396026611329,518,103,187,Warm Temperate,Dry,Cropland,Plains,Warm Temperate Dry,155,228,99,Warm Temperate Dry Cropland on Plains,#9BE463
1360,Vespa crabro,DE,NA,gbif,11.86,48.16,0.8378749847412109,1047,518,116,Cool Temperate,Moist,Cropland,Plains,Cool Temperate Moist,29,153,10,Cool Temperate Moist Cropland on Plains,#1D990A
1361,Vespa crabro,NA,"Soimi, Románia",inat,22.14,46.67,1.007827091217041,599,253,97,Cool Temperate,Moist,Forest,Mountains,Cool Temperate Moist,6,64,0,Cool Temperate Moist Forest on Mountains,#064000
1362,Vespa crabro,DE,NA,gbif,12.35,51.24,0.9444021224975586,567,117,110,Cool Temperate,Moist,Cropland,Hills,Cool Temperate Moist,33,144,30,Cool Temperate Moist Cropland on Hills,#21901E
1363,Vespa crabro,NA,"Scharnhorst, Dortmund, North Rhine-Westphalia, DE",inat,7.54,51.58,0.9763291358947754,826,68,120,Cool Temperate,Moist,Settlement,Plains,Cool Temperate Moist,78,119,2,Cool Temperate Moist Settlement on Plains,#4E7702
1364,Vespa crabro,NA,"Bevtoft, Danmark",inat,9.17,55.22,0.7846447944641113,849,32,111,Cool Temperate,Moist,Forest,Plains,Cool Temperate Moist,1,109,0,Cool Temperate Moist Forest on Plains,#016D00
1365,Vespa crabro,NL,NA,gbif,4.6,52.4,0.9709492683410644,828,14,111,Cool Temperate,Moist,Forest,Plains,Cool Temperate Moist,1,109,0,Cool Temperate Moist Forest on Plains,#016D00
1366,Vespa crabro,DE,NA,gbif,8.47,48.98,0.9595218658447264,1036,208,105,Cool Temperate,Moist,Forest,Hills,Cool Temperate Moist,2,99,1,Cool Temperate Moist Forest on Hills,#026301
1367,Vespa crabro,PL,NA,gbif,23.85,52.71,0.6428593635559082,596,161,116,Cool Temperate,Moist,Cropland,Plains,Cool Temperate Moist,29,153,10,Cool Temperate Moist Cropland on Plains,#1D990A
1368,Vespa crabro,NA,"Buckinghamshire, England, GB",inat,-0.74,51.65,1.0078937530517578,681,141,109,Cool Temperate,Moist,Grassland,Tablelands,Cool Temperate Moist,78,92,155,Cool Temperate Moist Grassland on Tablelands,#4E5C9B
1369,Vespa crabro,NA,"Florence, Toscana, IT",inat,11.4,43.73,1.3681958198547364,1004,389,173,Warm Temperate,Moist,Cropland,Mountains,Warm Temperate Moist,100,150,37,Warm Temperate Moist Cropland on Mountains,#649625
1370,Vespa crabro,GR,NA,gbif,19.91,39.73,1.515049362182617,1207,213,173,Warm Temperate,Moist,Cropland,Mountains,Warm Temperate Moist,100,150,37,Warm Temperate Moist Cropland on Mountains,#649625
1371,Vespa crabro,AT,NA,gbif,14.2,46.77,0.6737427234649658,1163,1055,107,Cool Temperate,Moist,Grassland,Mountains,Cool Temperate Moist,26,83,0,Cool Temperate Moist Grassland on Mountains,#1A5300
1372,Vespa crabro,NL,NA,gbif,5.15,52.05,0.9803396224975586,797,2,128,Cool Temperate,Moist,Grassland,Plains,Cool Temperate Moist,22,133,0,Cool Temperate Moist Grassland on Plains,#168500
1373,Vespa crabro,NA,"47822 Santarcangelo di Romagna RN, Italia",inat,12.48,44.02,1.3714278221130372,833,73,173,Warm Temperate,Moist,Cropland,Mountains,Warm Temperate Moist,100,150,37,Warm Temperate Moist Cropland on Mountains,#649625
1374,Vespa crabro,NA,"Gounod, 83240 Cavalaire-sur-Mer, France",inat,6.52,43.17,1.4828852653503417,802,167,172,Warm Temperate,Moist,Settlement,Mountains,Warm Temperate Moist,105,89,18,Warm Temperate Moist Settlement on Mountains,#695912
1375,Vespa crabro,DE,NA,gbif,11.47,53.62,0.875852108001709,628,38,111,Cool Temperate,Moist,Forest,Plains,Cool Temperate Moist,1,109,0,Cool Temperate Moist Forest on Plains,#016D00
1376,Vespa crabro,GB,NA,gbif,-2.24,52.62,0.8992489814758301,887,133,102,Cool Temperate,Moist,Cropland,Tablelands,Cool Temperate Moist,99,97,160,Cool Temperate Moist Cropland on Tablelands,#6361A0
1377,Vespa crabro,NL,NA,gbif,4.55,51.85,0.9911375045776368,858,-4,120,Cool Temperate,Moist,Settlement,Plains,Cool Temperate Moist,78,119,2,Cool Temperate Moist Settlement on Plains,#4E7702
1378,Vespa crabro,NA,"Via Orto Botanico, 15, 35123 Padova PD, Itália",inat,11.88,45.4,1.32218017578125,829,12,161,Warm Temperate,Moist,Settlement,Plains,Warm Temperate Moist,163,170,28,Warm Temperate Moist Settlement on Plains,#A3AA1C
1379,Vespa crabro,NA,Kielce,inat,20.61,50.88,0.758384370803833,625,273,108,Cool Temperate,Moist,Settlement,Hills,Cool Temperate Moist,67,109,14,Cool Temperate Moist Settlement on Hills,#436D0E
1380,Vespa crabro,NL,NA,gbif,5.7,50.75,0.9797103881835938,819,63,108,Cool Temperate,Moist,Settlement,Hills,Cool Temperate Moist,67,109,14,Cool Temperate Moist Settlement on Hills,#436D0E
1381,Vespa crabro,NA,"West Fishleigh, Okehampton, England, GB",inat,-4.08,50.83,0.9606791496276856,1177,82,114,Cool Temperate,Moist,Grassland,Hills,Cool Temperate Moist,22,124,10,Cool Temperate Moist Grassland on Hills,#167C0A
1382,Vespa crabro,AT,NA,gbif,13.48,48.11,0.765540599822998,1191,605,97,Cool Temperate,Moist,Forest,Mountains,Cool Temperate Moist,6,64,0,Cool Temperate Moist Forest on Mountains,#064000
1383,Vespa crabro,NA,"Niederösterreich, AT",inat,16.31,48.08,0.9499468803405762,609,192,113,Cool Temperate,Moist,Settlement,Mountains,Cool Temperate Moist,61,67,0,Cool Temperate Moist Settlement on Mountains,#3D4300
1384,Vespa crabro,NA,"Sielmanns Naturlandschaft Döberitzer Heide, Dallgow-Döberitz, Brandenburg, DE",inat,13.06,52.5,0.9229239463806151,546,47,111,Cool Temperate,Moist,Forest,Plains,Cool Temperate Moist,1,109,0,Cool Temperate Moist Forest on Plains,#016D00
1385,Vespa crabro,NA,"Seine-et-Marne, Île-de-France, France",inat,2.93,48.51,1.040753078460693,633,124,111,Cool Temperate,Moist,Forest,Plains,Cool Temperate Moist,1,109,0,Cool Temperate Moist Forest on Plains,#016D00
1386,Vespa crabro,RO,NA,gbif,21.27,45.8,1.0678229331970217,589,97,195,Warm Temperate,Dry,Forest,Plains,Warm Temperate Dry,94,186,42,Warm Temperate Dry Forest on Plains,#5EBA2A
1387,Vespa crabro,NL,NA,gbif,5.5,51.6,0.9889708518981932,754,10,116,Cool Temperate,Moist,Cropland,Plains,Cool Temperate Moist,29,153,10,Cool Temperate Moist Cropland on Plains,#1D990A
1388,Vespa crabro,NA,"Babadag, Romania",inat,28.69,44.87,1.093010425567627,426,156,199,Warm Temperate,Dry,Forest,Hills,Warm Temperate Dry,91,175,66,Warm Temperate Dry Forest on Hills,#5BAF42
1389,Vespa crabro,NA,"Gebze, TR-KC, TR",inat,29.53,40.93,1.3071739196777343,776,198,173,Warm Temperate,Moist,Cropland,Mountains,Warm Temperate Moist,100,150,37,Warm Temperate Moist Cropland on Mountains,#649625
1390,Vespa crabro,NA,"Magyarhertelend, 7394 Magyarország",inat,18.15,46.19,1.062598991394043,620,184,173,Warm Temperate,Moist,Cropland,Mountains,Warm Temperate Moist,100,150,37,Warm Temperate Moist Cropland on Mountains,#649625
1391,Vespa crabro,NL,NA,gbif,5.05,52.1,0.9803396224975586,797,-1,120,Cool Temperate,Moist,Settlement,Plains,Cool Temperate Moist,78,119,2,Cool Temperate Moist Settlement on Plains,#4E7702
1392,Vespa crabro,NA,"40230 Saubrigues, France",inat,-1.34,43.59,1.4052215576171876,1249,23,168,Warm Temperate,Moist,Cropland,Hills,Warm Temperate Moist,112,198,86,Warm Temperate Moist Cropland on Hills,#70C656
1393,Vespa crabro,DE,NA,gbif,8.14,49.31,0.9409354209899904,767,176,103,Cool Temperate,Moist,Cropland,Mountains,Cool Temperate Moist,33,102,5,Cool Temperate Moist Cropland on Mountains,#216605
1394,Vespa crabro,NA,"Friedensstr., 69121 Heidelberg, Deutschland",inat,8.68,49.43,0.9509333610534668,953,160,161,Warm Temperate,Moist,Settlement,Plains,Warm Temperate Moist,163,170,28,Warm Temperate Moist Settlement on Plains,#A3AA1C
1395,Vespa crabro,FR,NA,gbif,-1.49,47.3,1.1883874893188475,775,16,161,Warm Temperate,Moist,Settlement,Plains,Warm Temperate Moist,163,170,28,Warm Temperate Moist Settlement on Plains,#A3AA1C
1396,Vespa crabro,NA,"Western Greece, Greece",inat,22.23,38.08,1.1566645622253418,811,984,176,Warm Temperate,Moist,Forest,Mountains,Warm Temperate Moist,49,105,3,Warm Temperate Moist Forest on Mountains,#316903
1397,Vespa crabro,NL,NA,gbif,5.8,51.8,0.9782135009765623,760,12,116,Cool Temperate,Moist,Cropland,Plains,Cool Temperate Moist,29,153,10,Cool Temperate Moist Cropland on Plains,#1D990A
1398,Vespa crabro,NA,"36300 Le Blanc, France",inat,1.1,46.64,1.1675010681152345,742,109,159,Warm Temperate,Moist,Grassland,Plains,Warm Temperate Moist,91,184,24,Warm Temperate Moist Grassland on Plains,#5BB818
1399,Vespa crabro,NL,NA,gbif,5.15,52.2,0.9512177467346192,822,6,111,Cool Temperate,Moist,Forest,Plains,Cool Temperate Moist,1,109,0,Cool Temperate Moist Forest on Plains,#016D00
1400,Vespa crabro,NL,NA,gbif,5.6,51.65,0.9889708518981932,754,11,116,Cool Temperate,Moist,Cropland,Plains,Cool Temperate Moist,29,153,10,Cool Temperate Moist Cropland on Plains,#1D990A
1401,Vespa crabro,NL,NA,gbif,5.35,51.55,0.9877718925476074,767,13,111,Cool Temperate,Moist,Forest,Plains,Cool Temperate Moist,1,109,0,Cool Temperate Moist Forest on Plains,#016D00
1402,Vespa crabro,NA,"Rue de Cournoue, Barbuise, Grand Est, FR",inat,3.57,48.55,1.038880252838135,624,60,168,Warm Temperate,Moist,Cropland,Hills,Warm Temperate Moist,112,198,86,Warm Temperate Moist Cropland on Hills,#70C656
1403,Vespa crabro,NA,"42800 Saint-Martin-la-Plaine, France",inat,4.6,45.55,1.026913547515869,886,396,173,Warm Temperate,Moist,Cropland,Mountains,Warm Temperate Moist,100,150,37,Warm Temperate Moist Cropland on Mountains,#649625
1404,Vespa crabro,FR,NA,gbif,1.45,46.48,1.1271249771118164,863,218,178,Warm Temperate,Moist,Cropland,Tablelands,Warm Temperate Moist,61,89,194,Warm Temperate Moist Cropland on Tablelands,#3D59C2
1405,Vespa crabro,NL,NA,gbif,6,52,0.9773374557495116,766,27,114,Cool Temperate,Moist,Grassland,Hills,Cool Temperate Moist,22,124,10,Cool Temperate Moist Grassland on Hills,#167C0A
1406,Vespa crabro,NA,"8820 Torhout, België",inat,3.07,51.09,1.0103198051452638,773,31,116,Cool Temperate,Moist,Cropland,Plains,Cool Temperate Moist,29,153,10,Cool Temperate Moist Cropland on Plains,#1D990A
1407,Vespa crabro,DE,NA,gbif,9.65,54.6,0.8237709045410156,872,23,116,Cool Temperate,Moist,Cropland,Plains,Cool Temperate Moist,29,153,10,Cool Temperate Moist Cropland on Plains,#1D990A
1408,Vespa crabro,NA,"21020 Pacit VA, Italia",inat,8.69,45.8,1.1357104301452636,1211,278,171,Warm Temperate,Moist,Grassland,Mountains,Warm Temperate Moist,86,129,14,Warm Temperate Moist Grassland on Mountains,#56810E
1409,Vespa crabro,NL,NA,gbif,5.15,52,0.9610124588012696,776,1,128,Cool Temperate,Moist,Grassland,Plains,Cool Temperate Moist,22,133,0,Cool Temperate Moist Grassland on Plains,#168500
1410,Vespa crabro,AT,NA,gbif,16.46,48.45,0.971961498260498,579,280,105,Cool Temperate,Moist,Forest,Hills,Cool Temperate Moist,2,99,1,Cool Temperate Moist Forest on Hills,#026301
1411,Vespa crabro,DE,NA,gbif,7.07,50.73,1.0298375129699706,717,82,120,Cool Temperate,Moist,Settlement,Plains,Cool Temperate Moist,78,119,2,Cool Temperate Moist Settlement on Plains,#4E7702
1412,Vespa crabro,NL,NA,gbif,5.55,51.75,0.9760427474975586,755,11,111,Cool Temperate,Moist,Forest,Plains,Cool Temperate Moist,1,109,0,Cool Temperate Moist Forest on Plains,#016D00
1413,Vespa crabro,NA,"Technologická, 779 00 Olomouc-Olomouc 9, Česko",inat,17.28,49.58,0.8660093307495117,572,212,116,Cool Temperate,Moist,Cropland,Plains,Cool Temperate Moist,29,153,10,Cool Temperate Moist Cropland on Plains,#1D990A
1414,Vespa crabro,DK,NA,gbif,11.91,55.64,0.8226364135742188,625,32,116,Cool Temperate,Moist,Cropland,Plains,Cool Temperate Moist,29,153,10,Cool Temperate Moist Cropland on Plains,#1D990A
1415,Vespa crabro,NA,"Moorburg, Hamburg, Hamburg, DE",inat,9.9,53.49,0.8900676727294922,746,0,128,Cool Temperate,Moist,Grassland,Plains,Cool Temperate Moist,22,133,0,Cool Temperate Moist Grassland on Plains,#168500
1416,Vespa crabro,FR,NA,gbif,-2.15,48.08,1.1370062828063965,813,119,163,Warm Temperate,Moist,Forest,Hills,Warm Temperate Moist,47,146,24,Warm Temperate Moist Forest on Hills,#2F9218
1417,Vespa crabro,NA,"39 Magdeburg-Stadtfeld Ost, Deutschland",inat,11.62,52.13,0.9160634994506835,506,53,120,Cool Temperate,Moist,Settlement,Plains,Cool Temperate Moist,78,119,2,Cool Temperate Moist Settlement on Plains,#4E7702
1418,Vespa crabro,CZ,NA,gbif,17.17,49.57,0.8660093307495117,572,238,110,Cool Temperate,Moist,Cropland,Hills,Cool Temperate Moist,33,144,30,Cool Temperate Moist Cropland on Hills,#21901E
1419,Vespa crabro,DE,NA,gbif,10.28,48.62,0.8256197929382324,807,488,110,Cool Temperate,Moist,Cropland,Hills,Cool Temperate Moist,33,144,30,Cool Temperate Moist Cropland on Hills,#21901E
1420,Vespa crabro,NA,"Pyrénées-Orientales, Languedoc-Roussillon, FR",inat,2.3,42.48,0.41934895515441895,1320,1757,97,Cool Temperate,Moist,Forest,Mountains,Cool Temperate Moist,6,64,0,Cool Temperate Moist Forest on Mountains,#064000
1421,Vespa crabro,GB,NA,gbif,0.03,51.57,1.0349489212036134,611,21,161,Warm Temperate,Moist,Settlement,Plains,Warm Temperate Moist,163,170,28,Warm Temperate Moist Settlement on Plains,#A3AA1C
1422,Vespa crabro,NL,NA,gbif,6.1,52.1,0.9595292091369628,817,14,128,Cool Temperate,Moist,Grassland,Plains,Cool Temperate Moist,22,133,0,Cool Temperate Moist Grassland on Plains,#168500
1423,Vespa crabro,NA,"Cottenham, Cambridge, England, GB",inat,0.16,52.29,0.9961083412170412,551,6,116,Cool Temperate,Moist,Cropland,Plains,Cool Temperate Moist,29,153,10,Cool Temperate Moist Cropland on Plains,#1D990A
1424,Vespa crabro,NA,"Manteigas, Portugal",inat,-7.51,40.42,1.0276437759399415,1509,993,176,Warm Temperate,Moist,Forest,Mountains,Warm Temperate Moist,49,105,3,Warm Temperate Moist Forest on Mountains,#316903
1425,Vespa crabro,NA,"Nordrhein-Westfalen, DE",inat,6.87,50.96,1.0670458793640136,745,59,160,Warm Temperate,Moist,Cropland,Plains,Warm Temperate Moist,105,207,54,Warm Temperate Moist Cropland on Plains,#69CF36
1426,Vespa crabro,NA,"Höffenklinge, Winterbach, Baden-Württemberg, DE",inat,9.49,48.81,0.9031718254089356,865,315,110,Cool Temperate,Moist,Cropland,Hills,Cool Temperate Moist,33,144,30,Cool Temperate Moist Cropland on Hills,#21901E
1427,Vespa crabro,NL,NA,gbif,5.1,52.05,0.9803396224975586,797,3,116,Cool Temperate,Moist,Cropland,Plains,Cool Temperate Moist,29,153,10,Cool Temperate Moist Cropland on Plains,#1D990A
1428,Vespa crabro,PT,NA,gbif,-7.94,39.76,1.4898104667663574,946,484,176,Warm Temperate,Moist,Forest,Mountains,Warm Temperate Moist,49,105,3,Warm Temperate Moist Forest on Mountains,#316903
1429,Vespa crabro,NL,NA,gbif,6.75,52.65,0.9254510879516602,767,10,116,Cool Temperate,Moist,Cropland,Plains,Cool Temperate Moist,29,153,10,Cool Temperate Moist Cropland on Plains,#1D990A
1430,Vespa crabro,NL,NA,gbif,6,51.1,1.0012770652770997,719,41,128,Cool Temperate,Moist,Grassland,Plains,Cool Temperate Moist,22,133,0,Cool Temperate Moist Grassland on Plains,#168500
1431,Vespa crabro,GB,NA,gbif,-2.18,51.42,0.9780625343322754,774,94,110,Cool Temperate,Moist,Cropland,Hills,Cool Temperate Moist,33,144,30,Cool Temperate Moist Cropland on Hills,#21901E
1432,Vespa crabro,NA,"Mainz, Rhineland-Palatinate, DE",inat,8.16,50,0.9874885559082032,573,97,105,Cool Temperate,Moist,Forest,Hills,Cool Temperate Moist,2,99,1,Cool Temperate Moist Forest on Hills,#026301
1433,Vespa crabro,NL,NA,gbif,4.75,51.7,0.9918021202087404,806,2,116,Cool Temperate,Moist,Cropland,Plains,Cool Temperate Moist,29,153,10,Cool Temperate Moist Cropland on Plains,#1D990A
1434,Vespa crabro,DE,NA,gbif,7.44,51.6,0.9850656509399414,857,80,120,Cool Temperate,Moist,Settlement,Plains,Cool Temperate Moist,78,119,2,Cool Temperate Moist Settlement on Plains,#4E7702
1435,Vespa crabro,DE,NA,gbif,7.77,50.09,0.8776531219482422,677,239,97,Cool Temperate,Moist,Forest,Mountains,Cool Temperate Moist,6,64,0,Cool Temperate Moist Forest on Mountains,#064000
1436,Vespa crabro,NA,"17 Brüssow, Deutschland",inat,14.11,53.43,0.8384864807128907,498,52,105,Cool Temperate,Moist,Forest,Hills,Cool Temperate Moist,2,99,1,Cool Temperate Moist Forest on Hills,#026301
1437,Vespa crabro,NL,NA,gbif,6.6,52.65,0.9325135231018068,785,9,116,Cool Temperate,Moist,Cropland,Plains,Cool Temperate Moist,29,153,10,Cool Temperate Moist Cropland on Plains,#1D990A
1438,Vespa crabro,NA,"Golik, Kroatien",inat,14.88,45.47,0.7983927249908447,1488,345,97,Cool Temperate,Moist,Forest,Mountains,Cool Temperate Moist,6,64,0,Cool Temperate Moist Forest on Mountains,#064000
1439,Vespa crabro,NL,NA,gbif,5.7,51.95,0.9700655937194824,799,9,116,Cool Temperate,Moist,Cropland,Plains,Cool Temperate Moist,29,153,10,Cool Temperate Moist Cropland on Plains,#1D990A
1440,Vespa crabro,BE,NA,gbif,5.08,50.59,0.9758322715759278,801,167,116,Cool Temperate,Moist,Cropland,Plains,Cool Temperate Moist,29,153,10,Cool Temperate Moist Cropland on Plains,#1D990A
1441,Vespa crabro,ES,NA,gbif,-0.57,39.91,1.338686466217041,409,539,185,Warm Temperate,Dry,Settlement,Mountains,Warm Temperate Dry,144,124,59,Warm Temperate Dry Settlement on Mountains,#907C3B
1442,Vespa crabro,NA,Kœnigsmacker,inat,6.28,49.39,0.9871552467346192,796,166,108,Cool Temperate,Moist,Settlement,Hills,Cool Temperate Moist,67,109,14,Cool Temperate Moist Settlement on Hills,#436D0E
1443,Vespa crabro,NA,"Bunscha, 30-392 Kraków, Poland",inat,19.88,50.01,0.8696708679199219,687,225,110,Cool Temperate,Moist,Cropland,Hills,Cool Temperate Moist,33,144,30,Cool Temperate Moist Cropland on Hills,#21901E
1444,Vespa crabro,NL,NA,gbif,6.25,52.15,0.9676468849182128,789,11,128,Cool Temperate,Moist,Grassland,Plains,Cool Temperate Moist,22,133,0,Cool Temperate Moist Grassland on Plains,#168500
1445,Vespa crabro,NA,"England, GB",inat,-1.95,51.71,0.9461447715759276,775,116,120,Cool Temperate,Moist,Settlement,Plains,Cool Temperate Moist,78,119,2,Cool Temperate Moist Settlement on Plains,#4E7702
1446,Vespa crabro,DE,NA,gbif,13.81,51.19,0.9227531433105468,640,185,105,Cool Temperate,Moist,Forest,Hills,Cool Temperate Moist,2,99,1,Cool Temperate Moist Forest on Hills,#026301
1447,Vespa crabro,DK,NA,gbif,9.81,56.6,0.7540173530578613,683,38,116,Cool Temperate,Moist,Cropland,Plains,Cool Temperate Moist,29,153,10,Cool Temperate Moist Cropland on Plains,#1D990A
1448,Vespa crabro,NL,NA,gbif,4.6,52.4,0.9709492683410644,828,14,111,Cool Temperate,Moist,Forest,Plains,Cool Temperate Moist,1,109,0,Cool Temperate Moist Forest on Plains,#016D00
1449,Vespa crabro,DE,NA,gbif,7.07,49.27,0.928123950958252,927,290,105,Cool Temperate,Moist,Forest,Hills,Cool Temperate Moist,2,99,1,Cool Temperate Moist Forest on Hills,#026301
1450,Vespa crabro,NL,NA,gbif,5.9,51.4,0.9843155860900878,737,34,116,Cool Temperate,Moist,Cropland,Plains,Cool Temperate Moist,29,153,10,Cool Temperate Moist Cropland on Plains,#1D990A
1451,Vespa crabro,NA,"Castellón, España",inat,-0.14,40.39,1.154587459564209,496,866,184,Warm Temperate,Dry,Cropland,Mountains,Warm Temperate Dry,141,179,80,Warm Temperate Dry Cropland on Mountains,#8DB350
1452,Vespa crabro,DE,NA,gbif,7.56,49.56,0.8823333740234375,713,390,107,Cool Temperate,Moist,Grassland,Mountains,Cool Temperate Moist,26,83,0,Cool Temperate Moist Grassland on Mountains,#1A5300
1453,Vespa crabro,FR,NA,gbif,1,47.32,1.1323437690734863,686,76,161,Warm Temperate,Moist,Settlement,Plains,Warm Temperate Moist,163,170,28,Warm Temperate Moist Settlement on Plains,#A3AA1C
1454,Vespa crabro,AT,NA,gbif,16.32,47.98,0.9801198005676268,599,211,116,Cool Temperate,Moist,Cropland,Plains,Cool Temperate Moist,29,153,10,Cool Temperate Moist Cropland on Plains,#1D990A
1455,Vespa crabro,NL,NA,gbif,4.55,51.95,0.9911375045776368,858,-4,120,Cool Temperate,Moist,Settlement,Plains,Cool Temperate Moist,78,119,2,Cool Temperate Moist Settlement on Plains,#4E7702
1456,Vespa crabro,NA,"Province of Lecco, Italy",inat,9.45,45.7,1.156432247161865,1143,283,174,Warm Temperate,Moist,Sparsely or Non vegetated,Mountains,Warm Temperate Moist,126,149,37,Warm Temperate Moist Sparsely or Non vegetated on Mountains,#7E9525
1457,Vespa crabro,NL,NA,gbif,6.05,51.15,1.0012770652770997,719,29,116,Cool Temperate,Moist,Cropland,Plains,Cool Temperate Moist,29,153,10,Cool Temperate Moist Cropland on Plains,#1D990A
1458,Vespa crabro,NA,"Naturpark Frankenhöhe, 羅滕堡, 巴伐利亞, DE",inat,10.18,49.37,0.8332094192504883,713,406,110,Cool Temperate,Moist,Cropland,Hills,Cool Temperate Moist,33,144,30,Cool Temperate Moist Cropland on Hills,#21901E
1459,Vespa crabro,NL,NA,gbif,5.35,51.7,0.9804583549499511,776,4,120,Cool Temperate,Moist,Settlement,Plains,Cool Temperate Moist,78,119,2,Cool Temperate Moist Settlement on Plains,#4E7702
1460,Vespa crabro,NL,NA,gbif,4.5,51.65,1.0070833206176757,804,-2,116,Cool Temperate,Moist,Cropland,Plains,Cool Temperate Moist,29,153,10,Cool Temperate Moist Cropland on Plains,#1D990A
1461,Vespa crabro,NL,NA,gbif,6.55,52.1,0.9498937606811524,776,17,128,Cool Temperate,Moist,Grassland,Plains,Cool Temperate Moist,22,133,0,Cool Temperate Moist Grassland on Plains,#168500
1462,Vespa crabro,LU,NA,gbif,6,49.51,0.9220864295959472,866,303,110,Cool Temperate,Moist,Cropland,Hills,Cool Temperate Moist,33,144,30,Cool Temperate Moist Cropland on Hills,#21901E
1463,Vespa crabro,IT,NA,gbif,11.12,46.06,0.955135440826416,651,237,172,Warm Temperate,Moist,Settlement,Mountains,Warm Temperate Moist,105,89,18,Warm Temperate Moist Settlement on Mountains,#695912
1464,Vespa crabro,NA,"28212 Navalagamella, Madrid, España",inat,-4.12,40.47,1.4200010299682615,363,773,194,Warm Temperate,Dry,Forest,Mountains,Warm Temperate Dry,96,139,37,Warm Temperate Dry Forest on Mountains,#608B25
1465,Vespa crabro,NA,"N302 6-8, 3898 LK Zeewolde, Nederland",inat,5.6,52.37,0.9651364326477052,800,-3,128,Cool Temperate,Moist,Grassland,Plains,Cool Temperate Moist,22,133,0,Cool Temperate Moist Grassland on Plains,#168500
1466,Vespa crabro,NA,"Bratislava I, Bratislavský, Slovakia",inat,17.12,48.14,1.0115791320800782,599,148,120,Cool Temperate,Moist,Settlement,Plains,Cool Temperate Moist,78,119,2,Cool Temperate Moist Settlement on Plains,#4E7702
1467,Vespa crabro,DE,NA,gbif,9.94,51.36,0.8481562614440918,736,288,97,Cool Temperate,Moist,Forest,Mountains,Cool Temperate Moist,6,64,0,Cool Temperate Moist Forest on Mountains,#064000
1468,Vespa crabro,DE,NA,gbif,7.96,49.73,0.9289312362670898,564,285,102,Cool Temperate,Moist,Cropland,Tablelands,Cool Temperate Moist,99,97,160,Cool Temperate Moist Cropland on Tablelands,#6361A0
1469,Vespa crabro,NL,NA,gbif,5.85,50.85,0.9916646003723144,781,116,110,Cool Temperate,Moist,Cropland,Hills,Cool Temperate Moist,33,144,30,Cool Temperate Moist Cropland on Hills,#21901E
1470,Vespa crabro,NA,"Baden, Österreich",inat,16.49,47.99,0.99174165725708,590,180,116,Cool Temperate,Moist,Cropland,Plains,Cool Temperate Moist,29,153,10,Cool Temperate Moist Cropland on Plains,#1D990A
1471,Vespa crabro,NA,Aarhus N,inat,10.21,56.17,0.7734972953796386,648,40,120,Cool Temperate,Moist,Settlement,Plains,Cool Temperate Moist,78,119,2,Cool Temperate Moist Settlement on Plains,#4E7702
1472,Vespa crabro,NL,NA,gbif,5.9,50.8,0.9454999923706054,888,142,110,Cool Temperate,Moist,Cropland,Hills,Cool Temperate Moist,33,144,30,Cool Temperate Moist Cropland on Hills,#21901E
1473,Vespa crabro,NL,NA,gbif,5.85,51.8,0.9752073287963868,758,23,116,Cool Temperate,Moist,Cropland,Plains,Cool Temperate Moist,29,153,10,Cool Temperate Moist Cropland on Plains,#1D990A
1474,Vespa crabro,NA,"Hosszúhetény, 7694 Magyarország",inat,18.33,46.17,1.0351916313171388,612,339,97,Cool Temperate,Moist,Forest,Mountains,Cool Temperate Moist,6,64,0,Cool Temperate Moist Forest on Mountains,#064000
1475,Vespa crabro,NA,"Scholßstraße, Groß St. Florian, Styria, AT",inat,15.35,46.83,0.9012478828430176,1025,323,110,Cool Temperate,Moist,Cropland,Hills,Cool Temperate Moist,33,144,30,Cool Temperate Moist Cropland on Hills,#21901E
1476,Vespa crabro,NA,"Via Europa Via Della Brina (Usmate-Velate), 20865 Usmate Velate MB, Italia",inat,9.35,45.65,1.2513771057128906,1037,226,163,Warm Temperate,Moist,Forest,Hills,Warm Temperate Moist,47,146,24,Warm Temperate Moist Forest on Hills,#2F9218
1477,Vespa crabro,NA,"Zalesie, Wrocław, Polska",inat,17.08,51.11,0.8825676918029786,560,118,111,Cool Temperate,Moist,Forest,Plains,Cool Temperate Moist,1,109,0,Cool Temperate Moist Forest on Plains,#016D00
1478,Vespa crabro,NA,"Komló, Komló, Jó szerencsét utca 18., 7300 Magyarország",inat,18.26,46.18,1.0351916313171388,612,272,113,Cool Temperate,Moist,Settlement,Mountains,Cool Temperate Moist,61,67,0,Cool Temperate Moist Settlement on Mountains,#3D4300
1479,Vespa crabro,NL,NA,gbif,4.25,51.5,1.0319975852966308,791,0,NA,NA,NA,NA,NA,NA,NA,NA,NA,NA,NA
1480,Vespa crabro,NA,"Baños de Montemayor, 10750, Cáceres, Spain",inat,-5.86,40.31,1.231612491607666,787,888,194,Warm Temperate,Dry,Forest,Mountains,Warm Temperate Dry,96,139,37,Warm Temperate Dry Forest on Mountains,#608B25
1481,Vespa crabro,NA,"11310 Saissac, France",inat,2.17,43.41,1.071065616607666,910,718,101,Cool Temperate,Moist,Forest,Tablelands,Cool Temperate Moist,71,89,181,Cool Temperate Moist Forest on Tablelands,#4759B5
1482,Vespa crabro,DE,NA,gbif,6.71,51.82,0.9871582984924316,792,33,116,Cool Temperate,Moist,Cropland,Plains,Cool Temperate Moist,29,153,10,Cool Temperate Moist Cropland on Plains,#1D990A
1483,Vespa crabro,NA,"Murgleiter Etappe 2, Kobern-Gondorf, Rhineland-Palatinate, DE",inat,7.47,50.33,0.9308843612670898,667,201,102,Cool Temperate,Moist,Cropland,Tablelands,Cool Temperate Moist,99,97,160,Cool Temperate Moist Cropland on Tablelands,#6361A0
1484,Vespa crabro,DE,NA,gbif,13.8,51.19,0.9227531433105468,640,182,105,Cool Temperate,Moist,Forest,Hills,Cool Temperate Moist,2,99,1,Cool Temperate Moist Forest on Hills,#026301
1485,Vespa crabro,NL,NA,gbif,6.3,52.1,0.9676468849182128,789,13,116,Cool Temperate,Moist,Cropland,Plains,Cool Temperate Moist,29,153,10,Cool Temperate Moist Cropland on Plains,#1D990A
1486,Vespa crabro,NA,"Ottobrunn, Karl-Stieler-Str., 85521 Ottobrunn, Deutschland",inat,11.68,48.06,0.8620791435241699,1044,564,120,Cool Temperate,Moist,Settlement,Plains,Cool Temperate Moist,78,119,2,Cool Temperate Moist Settlement on Plains,#4E7702
1487,Vespa crabro,DE,NA,gbif,13.42,52.51,0.9484271049499512,572,41,120,Cool Temperate,Moist,Settlement,Plains,Cool Temperate Moist,78,119,2,Cool Temperate Moist Settlement on Plains,#4E7702
1488,Vespa crabro,NA,"1,Jennersdorf, Österreich",inat,16.16,46.96,0.9148364067077636,779,288,101,Cool Temperate,Moist,Forest,Tablelands,Cool Temperate Moist,71,89,181,Cool Temperate Moist Forest on Tablelands,#4759B5
1489,Vespa crabro,GB,NA,gbif,-2.26,51.62,0.9536770820617676,825,179,109,Cool Temperate,Moist,Grassland,Tablelands,Cool Temperate Moist,78,92,155,Cool Temperate Moist Grassland on Tablelands,#4E5C9B
1490,Vespa crabro,NA,"Nevers, Bourgogne-Franche-Comté, France",inat,3.49,47.13,1.0048989295959472,802,367,101,Cool Temperate,Moist,Forest,Tablelands,Cool Temperate Moist,71,89,181,Cool Temperate Moist Forest on Tablelands,#4759B5
1491,Vespa crabro,NA,"Penarth CF64, UK",inat,-3.2,51.45,1.021825408935547,1019,41,108,Cool Temperate,Moist,Settlement,Hills,Cool Temperate Moist,67,109,14,Cool Temperate Moist Settlement on Hills,#436D0E
1492,Vespa crabro,NA,"Haute-Savoie, Rhône-Alpes, FR",inat,6.27,46.12,0.8610094070434571,1135,547,103,Cool Temperate,Moist,Cropland,Mountains,Cool Temperate Moist,33,102,5,Cool Temperate Moist Cropland on Mountains,#216605
1493,Vespa crabro,IT,NA,gbif,12.19,42.1,1.4831978797912595,227,210,176,Warm Temperate,Moist,Forest,Mountains,Warm Temperate Moist,49,105,3,Warm Temperate Moist Forest on Mountains,#316903
1494,Vespa crabro,NL,NA,gbif,5.75,50.85,1.0079051971435546,754,63,110,Cool Temperate,Moist,Cropland,Hills,Cool Temperate Moist,33,144,30,Cool Temperate Moist Cropland on Hills,#21901E
1495,Vespa crabro,NA,"Drover Heide, Vettweiß, Nordrhein-Westfalen, DE",inat,6.54,50.74,0.97992706298828125,695,178,105,Cool Temperate,Moist,Forest,Hills,Cool Temperate Moist,2,99,1,Cool Temperate Moist Forest on Hills,#026301
1496,Vespa crabro,NA,"Raesfeld, Brökerstegge, 46348 Raesfeld, Deutschland",inat,6.84,51.77,0.9867343902587892,822,59,120,Cool Temperate,Moist,Settlement,Plains,Cool Temperate Moist,78,119,2,Cool Temperate Moist Settlement on Plains,#4E7702
1497,Vespa crabro,NL,NA,gbif,5.35,52.05,0.953948974609375,836,28,111,Cool Temperate,Moist,Forest,Plains,Cool Temperate Moist,1,109,0,Cool Temperate Moist Forest on Plains,#016D00
1498,Vespa crabro,NL,NA,gbif,3.65,51.55,1.0425701141357422,767,-1,111,Cool Temperate,Moist,Forest,Plains,Cool Temperate Moist,1,109,0,Cool Temperate Moist Forest on Plains,#016D00
1499,Vespa crabro,NA,"68128 Rosenau, France",inat,7.55,47.62,1.0200145721435547,805,237,116,Cool Temperate,Moist,Cropland,Plains,Cool Temperate Moist,29,153,10,Cool Temperate Moist Cropland on Plains,#1D990A
1500,Vespa crabro,NA,"Mortimer House, Cambridge, England, GB",inat,0.27,52.09,0.9698458671569824,593,73,110,Cool Temperate,Moist,Cropland,Hills,Cool Temperate Moist,33,144,30,Cool Temperate Moist Cropland on Hills,#21901E
1501,Vespa crabro,NL,NA,gbif,4.6,51.55,1.0070833206176757,804,8,116,Cool Temperate,Moist,Cropland,Plains,Cool Temperate Moist,29,153,10,Cool Temperate Moist Cropland on Plains,#1D990A
1502,Vespa crabro,SI,NA,gbif,14.08,46.36,0.6098395824432373,1779,539,97,Cool Temperate,Moist,Forest,Mountains,Cool Temperate Moist,6,64,0,Cool Temperate Moist Forest on Mountains,#064000
1503,Vespa crabro,NA,"5760 Saalfelden am Steinernen Meer, Österreich",inat,12.85,47.43,0.4057166576385498,1352,697,113,Cool Temperate,Moist,Settlement,Mountains,Cool Temperate Moist,61,67,0,Cool Temperate Moist Settlement on Mountains,#3D4300
1504,Vespa crabro,DE,NA,gbif,6.68,49.6,0.8014615058898926,1016,431,103,Cool Temperate,Moist,Cropland,Mountains,Cool Temperate Moist,33,102,5,Cool Temperate Moist Cropland on Mountains,#216605
1505,Vespa crabro,DE,NA,gbif,8.61,49.66,1.0386229515075684,691,91,159,Warm Temperate,Moist,Grassland,Plains,Warm Temperate Moist,91,184,24,Warm Temperate Moist Grassland on Plains,#5BB818
1506,Vespa crabro,NA,"England, GB",inat,-1.56,52.35,0.930471897125244,673,80,120,Cool Temperate,Moist,Settlement,Plains,Cool Temperate Moist,78,119,2,Cool Temperate Moist Settlement on Plains,#4E7702
1507,Vespa crabro,NL,NA,gbif,5.15,52.2,0.9512177467346192,822,6,111,Cool Temperate,Moist,Forest,Plains,Cool Temperate Moist,1,109,0,Cool Temperate Moist Forest on Plains,#016D00
1508,Vespa crabro,NA,"Orne, Basse-Normandie, FR",inat,0.14,48.84,1.0580281257629394,747,186,179,Warm Temperate,Moist,Grassland,Tablelands,Warm Temperate Moist,50,73,167,Warm Temperate Moist Grassland on Tablelands,#3249A7
1509,Vespa crabro,NL,NA,gbif,4.8,52.3,0.9654999732971192,833,0,116,Cool Temperate,Moist,Cropland,Plains,Cool Temperate Moist,29,153,10,Cool Temperate Moist Cropland on Plains,#1D990A
1510,Vespa crabro,NA,"Cáceres, España",inat,-5.3,39.59,1.3524749755859375,536,703,194,Warm Temperate,Dry,Forest,Mountains,Warm Temperate Dry,96,139,37,Warm Temperate Dry Forest on Mountains,#608B25
1511,Vespa crabro,CH,NA,gbif,8.01,47.53,0.8482301712036133,1286,345,103,Cool Temperate,Moist,Cropland,Mountains,Cool Temperate Moist,33,102,5,Cool Temperate Moist Cropland on Mountains,#216605
1512,Vespa crabro,NL,NA,gbif,4.7,52.65,0.9629875183105469,823,2,128,Cool Temperate,Moist,Grassland,Plains,Cool Temperate Moist,22,133,0,Cool Temperate Moist Grassland on Plains,#168500
1513,Vespa crabro,NL,NA,gbif,5.2,52.4,0.9625198364257812,797,-4,NA,NA,NA,NA,NA,NA,NA,NA,NA,NA,NA
1514,Vespa crabro,NL,NA,gbif,4.65,51.75,0.9967260360717772,816,0,116,Cool Temperate,Moist,Cropland,Plains,Cool Temperate Moist,29,153,10,Cool Temperate Moist Cropland on Plains,#1D990A
1515,Vespa crabro,NL,NA,gbif,6.4,51.95,0.9709635734558104,742,17,128,Cool Temperate,Moist,Grassland,Plains,Cool Temperate Moist,22,133,0,Cool Temperate Moist Grassland on Plains,#168500
1516,Vespa crabro,NA,"Vasevej, Randers NV, Central Denmark Region, DK",inat,9.84,56.48,0.7551395893096924,662,36,111,Cool Temperate,Moist,Forest,Plains,Cool Temperate Moist,1,109,0,Cool Temperate Moist Forest on Plains,#016D00
1517,Vespa crabro,AT,NA,gbif,15.89,46.76,0.9356552124023436,853,243,110,Cool Temperate,Moist,Cropland,Hills,Cool Temperate Moist,33,144,30,Cool Temperate Moist Cropland on Hills,#21901E
1518,Vespa crabro,NA,"77760 Larchant, France",inat,2.61,48.29,1.0686291694641112,643,85,166,Warm Temperate,Moist,Forest,Plains,Warm Temperate Moist,45,158,6,Warm Temperate Moist Forest on Plains,#2D9E06
1519,Vespa crabro,NA,"Günzburg, Bavaria, DE",inat,10.3,48.42,0.8334229469299317,822,497,105,Cool Temperate,Moist,Forest,Hills,Cool Temperate Moist,2,99,1,Cool Temperate Moist Forest on Hills,#026301
1520,Vespa crabro,NA,"Wendover, UK",inat,-0.76,51.77,0.9744885444641114,712,124,114,Cool Temperate,Moist,Grassland,Hills,Cool Temperate Moist,22,124,10,Cool Temperate Moist Grassland on Hills,#167C0A
1521,Vespa crabro,IT,NA,gbif,12.34,45.44,1.3089293479919433,757,0,NA,NA,NA,NA,NA,NA,NA,NA,NA,NA,NA
1522,Vespa crabro,DK,NA,gbif,9.37,55.33,0.7873229026794434,791,48,116,Cool Temperate,Moist,Cropland,Plains,Cool Temperate Moist,29,153,10,Cool Temperate Moist Cropland on Plains,#1D990A
1523,Vespa crabro,NL,NA,gbif,6.2,52.2,0.9648281097412108,788,8,120,Cool Temperate,Moist,Settlement,Plains,Cool Temperate Moist,78,119,2,Cool Temperate Moist Settlement on Plains,#4E7702
1524,Vespa crabro,NA,"85190 Beaulieu-sous-la-Roche, France",inat,-1.62,46.68,1.2077500343322751,759,49,160,Warm Temperate,Moist,Cropland,Plains,Warm Temperate Moist,105,207,54,Warm Temperate Moist Cropland on Plains,#69CF36
1525,Vespa crabro,NA,"79360 Villiers-en-Bois, France",inat,-0.42,46.15,1.22422399520874,853,71,166,Warm Temperate,Moist,Forest,Plains,Warm Temperate Moist,45,158,6,Warm Temperate Moist Forest on Plains,#2D9E06
1526,Vespa crabro,NL,NA,gbif,3.55,51.55,1.0425701141357422,767,-4,116,Cool Temperate,Moist,Cropland,Plains,Cool Temperate Moist,29,153,10,Cool Temperate Moist Cropland on Plains,#1D990A
1527,Vespa crabro,NL,NA,gbif,4.5,51.9,0.9911375045776368,858,3,120,Cool Temperate,Moist,Settlement,Plains,Cool Temperate Moist,78,119,2,Cool Temperate Moist Settlement on Plains,#4E7702
1528,Vespa crabro,NL,NA,gbif,5.25,52.2,0.9507135391235352,827,12,111,Cool Temperate,Moist,Forest,Plains,Cool Temperate Moist,1,109,0,Cool Temperate Moist Forest on Plains,#016D00
1529,Vespa crabro,NA,"02 Olbersdorf, Deutschland",inat,14.77,50.89,0.8024666786193848,751,254,107,Cool Temperate,Moist,Grassland,Mountains,Cool Temperate Moist,26,83,0,Cool Temperate Moist Grassland on Mountains,#1A5300
1530,Vespa crabro,NA,"Lobau, Wien, Österreich",inat,16.49,48.19,1.0255562782287595,572,155,111,Cool Temperate,Moist,Forest,Plains,Cool Temperate Moist,1,109,0,Cool Temperate Moist Forest on Plains,#016D00
1531,Vespa crabro,DE,NA,gbif,7.23,50.11,0.8874073028564453,746,216,103,Cool Temperate,Moist,Cropland,Mountains,Cool Temperate Moist,33,102,5,Cool Temperate Moist Cropland on Mountains,#216605
1532,Vespa crabro,NL,NA,gbif,3.9,51.25,1.0390030860900878,773,2,116,Cool Temperate,Moist,Cropland,Plains,Cool Temperate Moist,29,153,10,Cool Temperate Moist Cropland on Plains,#1D990A
1533,Vespa crabro,NA,"Istarska, HR",inat,13.88,45.15,1.2602229118347168,956,324,180,Warm Temperate,Moist,Forest,Tablelands,Warm Temperate Moist,69,72,136,Warm Temperate Moist Forest on Tablelands,#454888
1534,Vespa crabro,NL,NA,gbif,4.7,51.8,0.9918021202087404,806,0,120,Cool Temperate,Moist,Settlement,Plains,Cool Temperate Moist,78,119,2,Cool Temperate Moist Settlement on Plains,#4E7702
1535,Vespa crabro,NA,"Poljica, Hrvatska",inat,15.26,44.21,1.4084877967834473,908,20,168,Warm Temperate,Moist,Cropland,Hills,Warm Temperate Moist,112,198,86,Warm Temperate Moist Cropland on Hills,#70C656
1536,Vespa crabro,NA,"Sefaalan, 59600 Saray/Tekirdağ, Türkiye",inat,28.09,41.44,1.2546375274658204,629,230,173,Warm Temperate,Moist,Cropland,Mountains,Warm Temperate Moist,100,150,37,Warm Temperate Moist Cropland on Mountains,#649625
1537,Vespa crabro,NL,NA,gbif,6.2,52,0.9738615036010744,761,10,128,Cool Temperate,Moist,Grassland,Plains,Cool Temperate Moist,22,133,0,Cool Temperate Moist Grassland on Plains,#168500
1538,Vespa crabro,NA,Muiden,inat,5.07,52.36,0.9483625411987304,826,-1,NA,NA,NA,NA,NA,NA,NA,NA,NA,NA,NA
1539,Vespa crabro,NA,"Bularga, Iași, Romania",inat,27.61,47.14,0.9365583419799804,573,51,158,Cool Temperate,Dry,Settlement,Mountains,Cool Temperate Dry,111,110,35,Cool Temperate Dry Settlement on Mountains,#6F6E23
1540,Vespa crabro,GB,NA,gbif,-0.12,51.94,0.9489051818847656,647,107,116,Cool Temperate,Moist,Cropland,Plains,Cool Temperate Moist,29,153,10,Cool Temperate Moist Cropland on Plains,#1D990A
1541,Vespa crabro,IT,NA,gbif,9.18,45.74,1.1813281059265135,1209,354,163,Warm Temperate,Moist,Forest,Hills,Warm Temperate Moist,47,146,24,Warm Temperate Moist Forest on Hills,#2F9218
1542,Vespa crabro,DE,NA,gbif,8.13,48.66,0.9607260704040528,1162,248,97,Cool Temperate,Moist,Forest,Mountains,Cool Temperate Moist,6,64,0,Cool Temperate Moist Forest on Mountains,#064000
1543,Vespa crabro,NA,"Čačinci, HR-VP, HR",inat,17.73,45.54,1.045924949645996,790,362,97,Cool Temperate,Moist,Forest,Mountains,Cool Temperate Moist,6,64,0,Cool Temperate Moist Forest on Mountains,#064000
1544,Vespa crabro,DE,NA,gbif,8.24,49.91,1.0134291648864746,587,210,102,Cool Temperate,Moist,Cropland,Tablelands,Cool Temperate Moist,99,97,160,Cool Temperate Moist Cropland on Tablelands,#6361A0
1545,Vespa crabro,NA,"29510 Langolen, France",inat,-3.91,48.06,1.1160573005676269,1089,129,168,Warm Temperate,Moist,Cropland,Hills,Warm Temperate Moist,112,198,86,Warm Temperate Moist Cropland on Hills,#70C656
1546,Vespa crabro,NL,NA,gbif,5.45,51.6,0.9877718925476074,767,10,116,Cool Temperate,Moist,Cropland,Plains,Cool Temperate Moist,29,153,10,Cool Temperate Moist Cropland on Plains,#1D990A
1547,Vespa crabro,DE,NA,gbif,9.82,53.56,0.8971062660217285,748,23,120,Cool Temperate,Moist,Settlement,Plains,Cool Temperate Moist,78,119,2,Cool Temperate Moist Settlement on Plains,#4E7702
1548,Vespa crabro,DE,NA,gbif,13.64,51.06,0.9254405975341796,663,211,110,Cool Temperate,Moist,Cropland,Hills,Cool Temperate Moist,33,144,30,Cool Temperate Moist Cropland on Hills,#21901E
1549,Vespa crabro,NA,"V.Le Piave, 20129 Milano MI, Italia",inat,9.21,45.47,1.2738364219665528,924,126,161,Warm Temperate,Moist,Settlement,Plains,Warm Temperate Moist,163,170,28,Warm Temperate Moist Settlement on Plains,#A3AA1C
1550,Vespa crabro,NA,"Dolmer Vænge, Grenaa, DK-82, DK",inat,10.86,56.43,0.802644920349121,557,19,116,Cool Temperate,Moist,Cropland,Plains,Cool Temperate Moist,29,153,10,Cool Temperate Moist Cropland on Plains,#1D990A
1551,Vespa crabro,DE,NA,gbif,10.07,52.18,0.9239437103271484,664,99,120,Cool Temperate,Moist,Settlement,Plains,Cool Temperate Moist,78,119,2,Cool Temperate Moist Settlement on Plains,#4E7702
1552,Vespa crabro,BE,NA,gbif,4.28,50.81,1.0301885604858398,788,28,120,Cool Temperate,Moist,Settlement,Plains,Cool Temperate Moist,78,119,2,Cool Temperate Moist Settlement on Plains,#4E7702
1553,Vespa crabro,FR,NA,gbif,-0.98,45.58,1.2880656242370605,852,9,166,Warm Temperate,Moist,Forest,Plains,Warm Temperate Moist,45,158,6,Warm Temperate Moist Forest on Plains,#2D9E06
1554,Vespa crabro,GB,NA,gbif,-2.83,52.99,0.9150124549865722,701,52,114,Cool Temperate,Moist,Grassland,Hills,Cool Temperate Moist,22,124,10,Cool Temperate Moist Grassland on Hills,#167C0A
1555,Vespa crabro,BE,NA,gbif,5.86,50.49,0.8368291854858398,1103,313,113,Cool Temperate,Moist,Settlement,Mountains,Cool Temperate Moist,61,67,0,Cool Temperate Moist Settlement on Mountains,#3D4300
1556,Vespa crabro,DK,NA,gbif,11.91,54.74,0.879460334777832,597,5,111,Cool Temperate,Moist,Forest,Plains,Cool Temperate Moist,1,109,0,Cool Temperate Moist Forest on Plains,#016D00
1557,Vespa crabro,DE,NA,gbif,11.64,48.07,0.8841385841369629,1006,547,128,Cool Temperate,Moist,Grassland,Plains,Cool Temperate Moist,22,133,0,Cool Temperate Moist Grassland on Plains,#168500
1558,Vespa crabro,NL,NA,gbif,5.75,51.25,0.9927103996276856,722,31,116,Cool Temperate,Moist,Cropland,Plains,Cool Temperate Moist,29,153,10,Cool Temperate Moist Cropland on Plains,#1D990A
1559,Vespa crabro,NL,NA,gbif,5.6,52.3,0.9519353866577148,819,9,111,Cool Temperate,Moist,Forest,Plains,Cool Temperate Moist,1,109,0,Cool Temperate Moist Forest on Plains,#016D00
1560,Vespa crabro,NL,NA,gbif,5.6,51.8,0.9760427474975586,755,6,116,Cool Temperate,Moist,Cropland,Plains,Cool Temperate Moist,29,153,10,Cool Temperate Moist Cropland on Plains,#1D990A
1561,Vespa crabro,DE,NA,gbif,7.05,51.26,0.9381072998046877,1087,171,110,Cool Temperate,Moist,Cropland,Hills,Cool Temperate Moist,33,144,30,Cool Temperate Moist Cropland on Hills,#21901E
1562,Vespa crabro,NA,"Parkdreef, Budel-Dorplein, Brabant, NL",inat,5.59,51.24,0.9874073028564452,732,35,116,Cool Temperate,Moist,Cropland,Plains,Cool Temperate Moist,29,153,10,Cool Temperate Moist Cropland on Plains,#1D990A
1563,Vespa crabro,NL,NA,gbif,6.1,52.2,0.9708478927612304,835,8,NA,NA,NA,NA,NA,NA,NA,NA,NA,NA,NA
1564,Vespa crabro,NA,"Laren, North Holland, NL",inat,5.21,52.24,0.9507135391235352,827,12,111,Cool Temperate,Moist,Forest,Plains,Cool Temperate Moist,1,109,0,Cool Temperate Moist Forest on Plains,#016D00
1565,Vespa crabro,NL,NA,gbif,4.55,51.8,0.9967260360717772,816,2,116,Cool Temperate,Moist,Cropland,Plains,Cool Temperate Moist,29,153,10,Cool Temperate Moist Cropland on Plains,#1D990A
1566,Vespa crabro,NA,"Breg-Turnišče, 2250 Ptuj, Eslovenia",inat,15.88,46.41,0.9759801864624024,985,218,NA,NA,NA,NA,NA,NA,NA,NA,NA,NA,NA
1567,Vespa crabro,NA,"Charente-Maritime, Poitou-Charentes, FR",inat,-0.62,45.83,1.2610896110534668,850,27,166,Warm Temperate,Moist,Forest,Plains,Warm Temperate Moist,45,158,6,Warm Temperate Moist Forest on Plains,#2D9E06
1568,Vespa crabro,GB,NA,gbif,0.15,52.21,0.9961083412170412,551,14,120,Cool Temperate,Moist,Settlement,Plains,Cool Temperate Moist,78,119,2,Cool Temperate Moist Settlement on Plains,#4E7702
1569,Vespa crabro,GB,NA,gbif,0.31,51.61,1.0054885864257812,609,95,108,Cool Temperate,Moist,Settlement,Hills,Cool Temperate Moist,67,109,14,Cool Temperate Moist Settlement on Hills,#436D0E
1570,Vespa crabro,NA,"Burford OX18, UK",inat,-1.63,51.81,0.9750781059265136,663,136,114,Cool Temperate,Moist,Grassland,Hills,Cool Temperate Moist,22,124,10,Cool Temperate Moist Grassland on Hills,#167C0A
1571,Vespa crabro,FR,NA,gbif,-1.03,44.65,1.294166660308838,944,0,NA,NA,NA,NA,NA,NA,NA,NA,NA,NA,NA
1572,Vespa crabro,DE,NA,gbif,8.2,50.4,0.9087791442871094,694,202,110,Cool Temperate,Moist,Cropland,Hills,Cool Temperate Moist,33,144,30,Cool Temperate Moist Cropland on Hills,#21901E
1573,Vespa crabro,DE,NA,gbif,6.88,51.38,1.0297656059265137,883,67,114,Cool Temperate,Moist,Grassland,Hills,Cool Temperate Moist,22,124,10,Cool Temperate Moist Grassland on Hills,#167C0A
1574,Vespa crabro,NL,NA,gbif,6.15,52.3,0.9708478927612304,835,8,128,Cool Temperate,Moist,Grassland,Plains,Cool Temperate Moist,22,133,0,Cool Temperate Moist Grassland on Plains,#168500
1575,Vespa crabro,NA,"Haunstetten, Offenbach Karree, 86179 Augsburg, Deutschland",inat,10.9,48.3,0.8093718528747559,902,509,120,Cool Temperate,Moist,Settlement,Plains,Cool Temperate Moist,78,119,2,Cool Temperate Moist Settlement on Plains,#4E7702
1576,Vespa crabro,DE,NA,gbif,12.26,48.19,0.827763557434082,924,545,102,Cool Temperate,Moist,Cropland,Tablelands,Cool Temperate Moist,99,97,160,Cool Temperate Moist Cropland on Tablelands,#6361A0
1577,Vespa crabro,NL,NA,gbif,6.55,52,0.9658645629882812,771,19,128,Cool Temperate,Moist,Grassland,Plains,Cool Temperate Moist,22,133,0,Cool Temperate Moist Grassland on Plains,#168500
1578,Vespa crabro,NL,NA,gbif,5.4,51.85,0.9671229362487792,780,4,128,Cool Temperate,Moist,Grassland,Plains,Cool Temperate Moist,22,133,0,Cool Temperate Moist Grassland on Plains,#168500
1579,Vespa crabro,NA,"77694 Kehl-Auenheim, Deutschland",inat,7.83,48.6,1.061342716217041,735,134,120,Cool Temperate,Moist,Settlement,Plains,Cool Temperate Moist,78,119,2,Cool Temperate Moist Settlement on Plains,#4E7702
1580,Vespa crabro,NA,"Riserva Naturale dell'Insugherata, Roma, Lazio, IT",inat,12.42,41.95,1.5392760276794433,601,114,180,Warm Temperate,Moist,Forest,Tablelands,Warm Temperate Moist,69,72,136,Warm Temperate Moist Forest on Tablelands,#454888
1581,Vespa crabro,NA,"Fränkisch-Crumbach, Hesse, DE",inat,8.86,49.76,0.9009937286376952,946,209,103,Cool Temperate,Moist,Cropland,Mountains,Cool Temperate Moist,33,102,5,Cool Temperate Moist Cropland on Mountains,#216605
1582,Vespa crabro,NL,NA,gbif,4.6,52.45,0.9709492683410644,828,11,116,Cool Temperate,Moist,Cropland,Plains,Cool Temperate Moist,29,153,10,Cool Temperate Moist Cropland on Plains,#1D990A
1583,Vespa crabro,DE,NA,gbif,9.98,53.56,0.9212406158447266,757,11,120,Cool Temperate,Moist,Settlement,Plains,Cool Temperate Moist,78,119,2,Cool Temperate Moist Settlement on Plains,#4E7702
1584,Vespa crabro,NL,NA,gbif,5.65,51.55,0.9889708518981932,754,13,116,Cool Temperate,Moist,Cropland,Plains,Cool Temperate Moist,29,153,10,Cool Temperate Moist Cropland on Plains,#1D990A
1585,Vespa crabro,NA,"Main-Kinzig-Kreis, DE-HE, DE",inat,9.27,50.33,0.8734979629516602,914,289,101,Cool Temperate,Moist,Forest,Tablelands,Cool Temperate Moist,71,89,181,Cool Temperate Moist Forest on Tablelands,#4759B5
1586,Vespa crabro,NL,NA,gbif,5.6,51.65,0.9889708518981932,754,11,116,Cool Temperate,Moist,Cropland,Plains,Cool Temperate Moist,29,153,10,Cool Temperate Moist Cropland on Plains,#1D990A
1587,Vespa crabro,SE,NA,gbif,13.55,58.52,0.6475395679473877,599,88,111,Cool Temperate,Moist,Forest,Plains,Cool Temperate Moist,1,109,0,Cool Temperate Moist Forest on Plains,#016D00
1588,Vespa crabro,RS,NA,gbif,20.4,44.8,1.166087532043457,675,76,161,Warm Temperate,Moist,Settlement,Plains,Warm Temperate Moist,163,170,28,Warm Temperate Moist Settlement on Plains,#A3AA1C
1589,Vespa crabro,NA,"Herrenhäuser Gärten, Hannover, Niedersachsen, DE",inat,9.7,52.39,0.950290584564209,654,55,120,Cool Temperate,Moist,Settlement,Plains,Cool Temperate Moist,78,119,2,Cool Temperate Moist Settlement on Plains,#4E7702
1590,Vespa crabro,NA,"Csopak, 8229 Magyarország",inat,17.92,46.98,1.0576739311218262,572,179,158,Cool Temperate,Dry,Settlement,Mountains,Cool Temperate Dry,111,110,35,Cool Temperate Dry Settlement on Mountains,#6F6E23
1591,Vespa crabro,FR,NA,gbif,4.66,49.55,0.9754583358764648,827,203,109,Cool Temperate,Moist,Grassland,Tablelands,Cool Temperate Moist,78,92,155,Cool Temperate Moist Grassland on Tablelands,#4E5C9B
1592,Vespa crabro,NL,NA,gbif,5.95,51.25,1.0021281242370603,732,28,111,Cool Temperate,Moist,Forest,Plains,Cool Temperate Moist,1,109,0,Cool Temperate Moist Forest on Plains,#016D00
1593,Vespa crabro,NL,NA,gbif,5.5,52.15,0.9649312019348144,817,5,128,Cool Temperate,Moist,Grassland,Plains,Cool Temperate Moist,22,133,0,Cool Temperate Moist Grassland on Plains,#168500
1594,Vespa crabro,NL,NA,gbif,5.7,51.35,0.9874812126159668,737,26,116,Cool Temperate,Moist,Cropland,Plains,Cool Temperate Moist,29,153,10,Cool Temperate Moist Cropland on Plains,#1D990A
1595,Vespa crabro,NA,"Baden-Württemberg, DE",inat,8.86,48.3,0.7030823230743408,942,528,107,Cool Temperate,Moist,Grassland,Mountains,Cool Temperate Moist,26,83,0,Cool Temperate Moist Grassland on Mountains,#1A5300
1596,Vespa crabro,NL,NA,gbif,5.75,53.2,0.9075902938842774,811,0,128,Cool Temperate,Moist,Grassland,Plains,Cool Temperate Moist,22,133,0,Cool Temperate Moist Grassland on Plains,#168500
1597,Vespa crabro,GB,NA,gbif,-2.24,52.62,0.8992489814758301,887,133,102,Cool Temperate,Moist,Cropland,Tablelands,Cool Temperate Moist,99,97,160,Cool Temperate Moist Cropland on Tablelands,#6361A0
1598,Vespa crabro,FR,NA,gbif,4.13,46.74,1.0340457916259769,797,309,168,Warm Temperate,Moist,Cropland,Hills,Warm Temperate Moist,112,198,86,Warm Temperate Moist Cropland on Hills,#70C656
1599,Vespa crabro,NL,NA,gbif,5.75,51.8,0.9782135009765623,760,9,116,Cool Temperate,Moist,Cropland,Plains,Cool Temperate Moist,29,153,10,Cool Temperate Moist Cropland on Plains,#1D990A
1600,Vespa crabro,NA,"Trnovec, Hrvatska",inat,16.4,46.3,1.0263176918029786,853,161,116,Cool Temperate,Moist,Cropland,Plains,Cool Temperate Moist,29,153,10,Cool Temperate Moist Cropland on Plains,#1D990A
1601,Vespa crabro,NA,"Via Vincenzo Monti, Nerviano, Lombardy, IT",inat,8.98,45.54,1.2022541999816894,1090,168,160,Warm Temperate,Moist,Cropland,Plains,Warm Temperate Moist,105,207,54,Warm Temperate Moist Cropland on Plains,#69CF36
1602,Vespa crabro,NA,"Palazzolo Milanese, Paderno Dugnano MI, Italia",inat,9.17,45.59,1.2678531646728517,1068,172,161,Warm Temperate,Moist,Settlement,Plains,Warm Temperate Moist,163,170,28,Warm Temperate Moist Settlement on Plains,#A3AA1C
1603,Vespa crabro,DE,NA,gbif,10.11,54.36,0.8416337013244629,781,24,120,Cool Temperate,Moist,Settlement,Plains,Cool Temperate Moist,78,119,2,Cool Temperate Moist Settlement on Plains,#4E7702
1604,Vespa crabro,NA,"Úri, 2244 Hungary",inat,19.52,47.4,1.0120052337646483,517,180,146,Cool Temperate,Dry,Cropland,Hills,Cool Temperate Dry,97,186,84,Cool Temperate Dry Cropland on Hills,#61BA54
1605,Vespa crabro,NA,"Wuppertal Diemeltreppe, 42107 Wuppertal, Deutschland",inat,7.16,51.26,0.9381072998046877,1087,226,105,Cool Temperate,Moist,Forest,Hills,Cool Temperate Moist,2,99,1,Cool Temperate Moist Forest on Hills,#026301
1606,Vespa crabro,GB,NA,gbif,-2.49,51.54,0.9950249671936036,797,54,120,Cool Temperate,Moist,Settlement,Plains,Cool Temperate Moist,78,119,2,Cool Temperate Moist Settlement on Plains,#4E7702
1607,Vespa crabro,NA,"QWGJ+7Q Nagymaros, Magyarország",inat,18.93,47.78,0.969893741607666,586,196,97,Cool Temperate,Moist,Forest,Mountains,Cool Temperate Moist,6,64,0,Cool Temperate Moist Forest on Mountains,#064000
1608,Vespa crabro,NL,NA,gbif,6.05,51.9,0.9773374557495116,766,10,116,Cool Temperate,Moist,Cropland,Plains,Cool Temperate Moist,29,153,10,Cool Temperate Moist Cropland on Plains,#1D990A
1609,Vespa crabro,NL,NA,gbif,4.45,52.15,0.971110725402832,849,2,120,Cool Temperate,Moist,Settlement,Plains,Cool Temperate Moist,78,119,2,Cool Temperate Moist Settlement on Plains,#4E7702
1610,Vespa crabro,NA,"Tisoi, 32100 Tisoi BL, Italia",inat,12.17,46.16,0.9562447547912598,987,677,107,Cool Temperate,Moist,Grassland,Mountains,Cool Temperate Moist,26,83,0,Cool Temperate Moist Grassland on Mountains,#1A5300
1611,Vespa crabro,NA,"Säuerhäuser, Auerbach, Saxony, DE",inat,12.42,50.51,0.7565093994140625,799,556,113,Cool Temperate,Moist,Settlement,Mountains,Cool Temperate Moist,61,67,0,Cool Temperate Moist Settlement on Mountains,#3D4300
1612,Vespa crabro,NA,"Merriott, UK",inat,-2.8,50.91,1.021023941040039,826,63,108,Cool Temperate,Moist,Settlement,Hills,Cool Temperate Moist,67,109,14,Cool Temperate Moist Settlement on Hills,#436D0E
1613,Vespa crabro,NL,NA,gbif,5.9,50.9,0.9916646003723144,781,83,110,Cool Temperate,Moist,Cropland,Hills,Cool Temperate Moist,33,144,30,Cool Temperate Moist Cropland on Hills,#21901E
1614,Vespa crabro,NA,"Akademija, Kauno r. sav., Lietuva",inat,23.84,54.9,0.6804375171661377,609,53,111,Cool Temperate,Moist,Forest,Plains,Cool Temperate Moist,1,109,0,Cool Temperate Moist Forest on Plains,#016D00
1615,Vespa crabro,NA,"3213 Kleinbösingen, Suisse",inat,7.22,46.9,0.8778406143188476,1001,519,110,Cool Temperate,Moist,Cropland,Hills,Cool Temperate Moist,33,144,30,Cool Temperate Moist Cropland on Hills,#21901E
1616,Vespa crabro,NL,NA,gbif,6.55,52,0.9658645629882812,771,19,128,Cool Temperate,Moist,Grassland,Plains,Cool Temperate Moist,22,133,0,Cool Temperate Moist Grassland on Plains,#168500
1617,Vespa velutina,NA,"Av Tomás Ribeiro 81a, 2790-464 Carnaxide, Portugal",inat,-9.25,38.72,1.6334726333618164,722,85,169,Warm Temperate,Moist,Settlement,Hills,Warm Temperate Moist,136,158,52,Warm Temperate Moist Settlement on Hills,#889E34
1618,Vespa velutina,NA,"Carnide, Lisboa, Portugal",inat,-9.19,38.76,1.6334726333618164,722,99,169,Warm Temperate,Moist,Settlement,Hills,Warm Temperate Moist,136,158,52,Warm Temperate Moist Settlement on Hills,#889E34
1619,Vespa velutina,NA,"08795 Olesa de Bonesvalls, Barcelona, España",inat,1.85,41.35,1.4701176643371583,644,353,175,Warm Temperate,Moist,Shrubland,Mountains,Warm Temperate Moist,102,130,4,Warm Temperate Moist Shrubland on Mountains,#668204
1620,Vespa velutina,BE,NA,gbif,4.78,50.92,1.0381396293640135,765,39,110,Cool Temperate,Moist,Cropland,Hills,Cool Temperate Moist,33,144,30,Cool Temperate Moist Cropland on Hills,#21901E
1621,Vespa velutina,BE,NA,gbif,5.49,50.92,1.0172677040100098,787,47,116,Cool Temperate,Moist,Cropland,Plains,Cool Temperate Moist,29,153,10,Cool Temperate Moist Cropland on Plains,#1D990A
1622,Vespa velutina,BE,NA,gbif,3.66,50.95,1.0466250419616698,795,10,128,Cool Temperate,Moist,Grassland,Plains,Cool Temperate Moist,22,133,0,Cool Temperate Moist Grassland on Plains,#168500
1623,Vespa velutina,NL,NA,gbif,5.8,50.8,0.9797103881835938,819,168,110,Cool Temperate,Moist,Cropland,Hills,Cool Temperate Moist,33,144,30,Cool Temperate Moist Cropland on Hills,#21901E
1624,Vespa velutina,BE,NA,gbif,4.49,51.03,1.039146900177002,785,6,120,Cool Temperate,Moist,Settlement,Plains,Cool Temperate Moist,78,119,2,Cool Temperate Moist Settlement on Plains,#4E7702
1625,Vespa velutina,BE,NA,gbif,4.04,50.96,1.040187454223633,782,10,161,Warm Temperate,Moist,Settlement,Plains,Warm Temperate Moist,163,170,28,Warm Temperate Moist Settlement on Plains,#A3AA1C
1626,Vespa velutina,ES,NA,gbif,2.21,41.8,1.2561854362487792,779,705,173,Warm Temperate,Moist,Cropland,Mountains,Warm Temperate Moist,100,150,37,Warm Temperate Moist Cropland on Mountains,#649625
1627,Vespa velutina,NA,"Rue des Champs Roger, Chatou, Île-de-France, FR",inat,2.16,48.9,1.1072250366210938,626,28,169,Warm Temperate,Moist,Settlement,Hills,Warm Temperate Moist,136,158,52,Warm Temperate Moist Settlement on Hills,#889E34
1628,Vespa velutina,NL,NA,gbif,5.85,50.75,0.9454999923706054,888,227,109,Cool Temperate,Moist,Grassland,Tablelands,Cool Temperate Moist,78,92,155,Cool Temperate Moist Grassland on Tablelands,#4E5C9B
1629,Vespa velutina,NA,"26110 Mirabel-aux-Baronnies, France",inat,5.1,44.3,1.279280185699463,872,299,173,Warm Temperate,Moist,Cropland,Mountains,Warm Temperate Moist,100,150,37,Warm Temperate Moist Cropland on Mountains,#649625
1630,Vespa velutina,NA,"Manternach, Luxemburg",inat,6.42,49.71,0.9227978706359864,800,270,114,Cool Temperate,Moist,Grassland,Hills,Cool Temperate Moist,22,124,10,Cool Temperate Moist Grassland on Hills,#167C0A
1631,Vespa velutina,CH,NA,gbif,7.58,47.57,1.0200145721435547,805,275,161,Warm Temperate,Moist,Settlement,Plains,Warm Temperate Moist,163,170,28,Warm Temperate Moist Settlement on Plains,#A3AA1C
1632,Vespa velutina,NA,"Lisbon, Portugal",inat,-9.18,38.71,1.6334726333618164,722,80,169,Warm Temperate,Moist,Settlement,Hills,Warm Temperate Moist,136,158,52,Warm Temperate Moist Settlement on Hills,#889E34
1633,Vespa velutina,BE,NA,gbif,3.76,50.47,1.0056135177612304,762,33,116,Cool Temperate,Moist,Cropland,Plains,Cool Temperate Moist,29,153,10,Cool Temperate Moist Cropland on Plains,#1D990A
1634,Vespa velutina,NA,"94170 Le Perreux-sur-Marne, Francia",inat,2.52,48.84,1.0977968215942382,635,52,161,Warm Temperate,Moist,Settlement,Plains,Warm Temperate Moist,163,170,28,Warm Temperate Moist Settlement on Plains,#A3AA1C
1635,Vespa velutina,NL,NA,gbif,5.65,50.8,0.9857937812805176,820,97,102,Cool Temperate,Moist,Cropland,Tablelands,Cool Temperate Moist,99,97,160,Cool Temperate Moist Cropland on Tablelands,#6361A0
1636,Vespa velutina,BE,NA,gbif,4.41,50.92,1.0497979164123534,783,23,166,Warm Temperate,Moist,Forest,Plains,Warm Temperate Moist,45,158,6,Warm Temperate Moist Forest on Plains,#2D9E06
1637,Vespa velutina,NA,"Liège, Wallonie, BE",inat,5.31,50.42,0.9122854232788086,883,241,110,Cool Temperate,Moist,Cropland,Hills,Cool Temperate Moist,33,144,30,Cool Temperate Moist Cropland on Hills,#21901E
1638,Vespa velutina,BE,NA,gbif,3.11,50.96,1.016388511657715,761,22,120,Cool Temperate,Moist,Settlement,Plains,Cool Temperate Moist,78,119,2,Cool Temperate Moist Settlement on Plains,#4E7702
1639,Vespa velutina,BE,NA,gbif,5.44,50.77,0.9828853607177734,821,91,116,Cool Temperate,Moist,Cropland,Plains,Cool Temperate Moist,29,153,10,Cool Temperate Moist Cropland on Plains,#1D990A
1640,Vespa velutina,NA,"Saint-Vaast, 7100 La Louvière, Belgique",inat,4.16,50.46,1.0019427299499513,791,90,110,Cool Temperate,Moist,Cropland,Hills,Cool Temperate Moist,33,144,30,Cool Temperate Moist Cropland on Hills,#21901E
1641,Vespa velutina,BE,NA,gbif,3.72,51.05,1.0652593612670898,792,9,120,Cool Temperate,Moist,Settlement,Plains,Cool Temperate Moist,78,119,2,Cool Temperate Moist Settlement on Plains,#4E7702
1642,Vespa velutina,NA,"4356 AR Oostkapelle, Nederland",inat,3.55,51.57,1.0425701141357422,767,-2,116,Cool Temperate,Moist,Cropland,Plains,Cool Temperate Moist,29,153,10,Cool Temperate Moist Cropland on Plains,#1D990A
1643,Vespa velutina,NL,NA,gbif,4.65,52.2,0.9717395782470704,824,-3,NA,NA,NA,NA,NA,NA,NA,NA,NA,NA,NA
1644,Vespa velutina,NA,"13390 Auriol, France",inat,5.67,43.35,1.292286491394043,731,393,176,Warm Temperate,Moist,Forest,Mountains,Warm Temperate Moist,49,105,3,Warm Temperate Moist Forest on Mountains,#316903
1645,Vespa velutina,BE,NA,gbif,5.3,50.94,1.0412812232971191,790,34,120,Cool Temperate,Moist,Settlement,Plains,Cool Temperate Moist,78,119,2,Cool Temperate Moist Settlement on Plains,#4E7702
1646,Vespa velutina,NA,"Lisboa, PT-LI, PT",inat,-9.15,38.72,1.6865142822265624,703,67,169,Warm Temperate,Moist,Settlement,Hills,Warm Temperate Moist,136,158,52,Warm Temperate Moist Settlement on Hills,#889E34
1647,Vespa velutina,NA,"Av. Teixidores - Can Fàbregas, 08100 Mollet del Vallès, Barcelona, Spain",inat,2.22,41.54,1.5025729179382323,659,80,172,Warm Temperate,Moist,Settlement,Mountains,Warm Temperate Moist,105,89,18,Warm Temperate Moist Settlement on Mountains,#695912
1648,Vespa velutina,BE,NA,gbif,4.85,51.31,1.02982816696167,791,25,116,Cool Temperate,Moist,Cropland,Plains,Cool Temperate Moist,29,153,10,Cool Temperate Moist Cropland on Plains,#1D990A
1649,Vespa velutina,BE,NA,gbif,3.03,51.21,1.0130767822265625,758,-7,116,Cool Temperate,Moist,Cropland,Plains,Cool Temperate Moist,29,153,10,Cool Temperate Moist Cropland on Plains,#1D990A
1650,Vespa velutina,NA,"Rue de Monstreux, Nivelles, Brabant wallon, BE",inat,4.31,50.6,1.0024656295776366,801,122,110,Cool Temperate,Moist,Cropland,Hills,Cool Temperate Moist,33,144,30,Cool Temperate Moist Cropland on Hills,#21901E
1651,Vespa velutina,NA,"4575 Torrão, Portugal",inat,-8.29,41.09,1.3851500511169434,1326,121,173,Warm Temperate,Moist,Cropland,Mountains,Warm Temperate Moist,100,150,37,Warm Temperate Moist Cropland on Mountains,#649625
1652,Vespa velutina,BE,NA,gbif,4.56,50.98,1.0223458290100098,773,8,161,Warm Temperate,Moist,Settlement,Plains,Warm Temperate Moist,163,170,28,Warm Temperate Moist Settlement on Plains,#A3AA1C
1653,Vespa velutina,BE,NA,gbif,4.5,51.1,1.0294468879699707,777,5,120,Cool Temperate,Moist,Settlement,Plains,Cool Temperate Moist,78,119,2,Cool Temperate Moist Settlement on Plains,#4E7702
1654,Vespa velutina,NA,"56330 Pluvigner, France",inat,-3,47.77,1.1876500129699707,912,64,168,Warm Temperate,Moist,Cropland,Hills,Warm Temperate Moist,112,198,86,Warm Temperate Moist Cropland on Hills,#70C656
1655,Vespa velutina,NL,NA,gbif,4.7,51.55,1.0014093399047852,815,6,128,Cool Temperate,Moist,Grassland,Plains,Cool Temperate Moist,22,133,0,Cool Temperate Moist Grassland on Plains,#168500
1656,Vespa velutina,NA,"Goes, Hilleweg, 4464 JB Goes, Nederland",inat,3.91,51.51,1.0235614776611328,779,2,120,Cool Temperate,Moist,Settlement,Plains,Cool Temperate Moist,78,119,2,Cool Temperate Moist Settlement on Plains,#4E7702
1657,Vespa velutina,BE,NA,gbif,4.26,50.79,1.0301885604858398,788,32,114,Cool Temperate,Moist,Grassland,Hills,Cool Temperate Moist,22,124,10,Cool Temperate Moist Grassland on Hills,#167C0A
1658,Vespa velutina,NA,"Provinz A Coruña, Spanien",inat,-8.9,43.29,1.3917661666870118,1048,81,163,Warm Temperate,Moist,Forest,Hills,Warm Temperate Moist,47,146,24,Warm Temperate Moist Forest on Hills,#2F9218
1659,Vespa velutina,BE,NA,gbif,3.91,51.12,1.0463322639465331,779,5,116,Cool Temperate,Moist,Cropland,Plains,Cool Temperate Moist,29,153,10,Cool Temperate Moist Cropland on Plains,#1D990A
1660,Vespa velutina,NA,"Carvalhal, Portugal",inat,-8.78,38.29,1.637095832824707,625,-6,NA,NA,NA,NA,NA,NA,NA,NA,NA,NA,NA
1661,Vespa velutina,NL,NA,gbif,5.95,51.9,0.9808792114257812,791,10,116,Cool Temperate,Moist,Cropland,Plains,Cool Temperate Moist,29,153,10,Cool Temperate Moist Cropland on Plains,#1D990A
1662,Vespa velutina,NL,NA,gbif,3.85,51.3,1.0390030860900878,773,2,120,Cool Temperate,Moist,Settlement,Plains,Cool Temperate Moist,78,119,2,Cool Temperate Moist Settlement on Plains,#4E7702
1663,Vespa velutina,BE,NA,gbif,4.42,50.48,0.99935941696167,810,145,116,Cool Temperate,Moist,Cropland,Plains,Cool Temperate Moist,29,153,10,Cool Temperate Moist Cropland on Plains,#1D990A
1664,Vespa velutina,NA,"Aalst TechniGo, 9300 Aalst, Belgium",inat,4.02,50.94,1.040187454223633,782,14,120,Cool Temperate,Moist,Settlement,Plains,Cool Temperate Moist,78,119,2,Cool Temperate Moist Settlement on Plains,#4E7702
1665,Vespa velutina,NA,"Janson, 1060 Saint-Gilles, Belgien",inat,4.36,50.83,1.0074718475341795,805,81,169,Warm Temperate,Moist,Settlement,Hills,Warm Temperate Moist,136,158,52,Warm Temperate Moist Settlement on Hills,#889E34
1666,Vespa velutina,NL,NA,gbif,5.2,51.35,0.9905437469482422,772,31,111,Cool Temperate,Moist,Forest,Plains,Cool Temperate Moist,1,109,0,Cool Temperate Moist Forest on Plains,#016D00
1667,Vespa velutina,ES,NA,gbif,-8.19,42.93,1.2629270553588867,1701,376,173,Warm Temperate,Moist,Cropland,Mountains,Warm Temperate Moist,100,150,37,Warm Temperate Moist Cropland on Mountains,#649625
1668,Vespa velutina,BE,NA,gbif,4.35,51.12,1.039146900177002,785,5,116,Cool Temperate,Moist,Cropland,Plains,Cool Temperate Moist,29,153,10,Cool Temperate Moist Cropland on Plains,#1D990A
1669,Vespa velutina,NA,"Plantentuin Meise, Meise, Vlaams-Brabant, BE",inat,4.33,50.93,1.029301071166992,790,42,116,Cool Temperate,Moist,Cropland,Plains,Cool Temperate Moist,29,153,10,Cool Temperate Moist Cropland on Plains,#1D990A
1670,Vespa velutina,BE,NA,gbif,3.26,51.21,1.029801559448242,783,4,116,Cool Temperate,Moist,Cropland,Plains,Cool Temperate Moist,29,153,10,Cool Temperate Moist Cropland on Plains,#1D990A
1671,Vespa velutina,NA,"Winseler, Luxembourg",inat,5.89,49.96,0.8336134910583496,929,443,105,Cool Temperate,Moist,Forest,Hills,Cool Temperate Moist,2,99,1,Cool Temperate Moist Forest on Hills,#026301
1672,Vespa velutina,BE,NA,gbif,3.87,50.76,1.0213645935058593,779,30,102,Cool Temperate,Moist,Cropland,Tablelands,Cool Temperate Moist,99,97,160,Cool Temperate Moist Cropland on Tablelands,#6361A0
1673,Vespa velutina,BE,NA,gbif,2.91,50.82,1.012989616394043,722,40,128,Cool Temperate,Moist,Grassland,Plains,Cool Temperate Moist,22,133,0,Cool Temperate Moist Grassland on Plains,#168500
1674,Vespa velutina,NL,NA,gbif,4.7,51.6,1.0014093399047852,815,4,116,Cool Temperate,Moist,Cropland,Plains,Cool Temperate Moist,29,153,10,Cool Temperate Moist Cropland on Plains,#1D990A
1675,Vespa velutina,NA,"Vizcaya, ES-PV, ES",inat,-2.88,43.4,1.3855283737182618,1218,106,176,Warm Temperate,Moist,Forest,Mountains,Warm Temperate Moist,49,105,3,Warm Temperate Moist Forest on Mountains,#316903
1676,Vespa velutina,NA,"El Baix Guinardó, Horta-Guinardó, Barcelona, España",inat,2.17,41.41,1.557114028930664,615,52,172,Warm Temperate,Moist,Settlement,Mountains,Warm Temperate Moist,105,89,18,Warm Temperate Moist Settlement on Mountains,#695912
1677,Vespa velutina,NA,"GX3W+Q7, 4149 Esch an der Alzette, Luxemburg",inat,6,49.5,0.9359707832336426,862,303,110,Cool Temperate,Moist,Cropland,Hills,Cool Temperate Moist,33,144,30,Cool Temperate Moist Cropland on Hills,#21901E
1678,Vespa velutina,BE,NA,gbif,4.72,51.3,1.0255916595458985,796,24,116,Cool Temperate,Moist,Cropland,Plains,Cool Temperate Moist,29,153,10,Cool Temperate Moist Cropland on Plains,#1D990A
1679,Vespa velutina,BE,NA,gbif,4.26,51.22,1.0467052459716797,796,3,120,Cool Temperate,Moist,Settlement,Plains,Cool Temperate Moist,78,119,2,Cool Temperate Moist Settlement on Plains,#4E7702
1680,Vespa velutina,NL,NA,gbif,4.2,51.5,1.0319975852966308,791,-2,NA,NA,NA,NA,NA,NA,NA,NA,NA,NA,NA
1681,Vespa velutina,NA,"Charles de Gaulle, 69160 Tassin-la-Demi-Lune, France",inat,4.78,45.76,1.1392176628112791,829,238,169,Warm Temperate,Moist,Settlement,Hills,Warm Temperate Moist,136,158,52,Warm Temperate Moist Settlement on Hills,#889E34
1682,Vespa velutina,BE,NA,gbif,4.58,51.25,1.0279624938964844,800,10,111,Cool Temperate,Moist,Forest,Plains,Cool Temperate Moist,1,109,0,Cool Temperate Moist Forest on Plains,#016D00
1683,Vespa velutina,NA,"Camí de Can Móra, Barcelona, Barcelona, ES",inat,2.15,41.41,1.5362238883972168,635,145,172,Warm Temperate,Moist,Settlement,Mountains,Warm Temperate Moist,105,89,18,Warm Temperate Moist Settlement on Mountains,#695912
1684,Vespa velutina,NA,"Urbi-Vouga / Alagoas B, 3810-164, Portugal",inat,-8.61,40.64,1.4932135581970214,978,38,169,Warm Temperate,Moist,Settlement,Hills,Warm Temperate Moist,136,158,52,Warm Temperate Moist Settlement on Hills,#889E34
1685,Vespa velutina,BE,NA,gbif,4.84,51.2,1.02982816696167,791,17,111,Cool Temperate,Moist,Forest,Plains,Cool Temperate Moist,1,109,0,Cool Temperate Moist Forest on Plains,#016D00
1686,Vespa velutina,BE,NA,gbif,5.32,50.91,1.0412812232971191,790,46,120,Cool Temperate,Moist,Settlement,Plains,Cool Temperate Moist,78,119,2,Cool Temperate Moist Settlement on Plains,#4E7702
1687,Vespa velutina,NL,NA,gbif,4.3,51.45,1.0319975852966308,791,8,116,Cool Temperate,Moist,Cropland,Plains,Cool Temperate Moist,29,153,10,Cool Temperate Moist Cropland on Plains,#1D990A
1688,Vespa velutina,NA,"50321 Brühl, Deutschland",inat,6.88,50.8,1.005074977874756,678,144,129,Cool Temperate,Moist,Settlement,Tablelands,Cool Temperate Moist,47,63,130,Cool Temperate Moist Settlement on Tablelands,#2F3F82
1689,Vespa velutina,NL,NA,gbif,6,50.75,0.9450010299682616,907,238,110,Cool Temperate,Moist,Cropland,Hills,Cool Temperate Moist,33,144,30,Cool Temperate Moist Cropland on Hills,#21901E
1690,Vespa velutina,BE,NA,gbif,3.61,51.11,1.041869831085205,812,5,116,Cool Temperate,Moist,Cropland,Plains,Cool Temperate Moist,29,153,10,Cool Temperate Moist Cropland on Plains,#1D990A
1691,Vespa velutina,NA,"Düdelingen, Luxemburg",inat,6.08,49.48,0.9359707832336426,862,333,108,Cool Temperate,Moist,Settlement,Hills,Cool Temperate Moist,67,109,14,Cool Temperate Moist Settlement on Hills,#436D0E
1692,Vespa velutina,NA,"Pafendall Lëtzebuerg, Luxembourg",inat,6.13,49.62,0.9220864295959472,866,299,108,Cool Temperate,Moist,Settlement,Hills,Cool Temperate Moist,67,109,14,Cool Temperate Moist Settlement on Hills,#436D0E
1693,Vespa velutina,NA,"Sussargues, Occitanie, FR",inat,4,43.7,1.4489864349365231,699,71,168,Warm Temperate,Moist,Cropland,Hills,Warm Temperate Moist,112,198,86,Warm Temperate Moist Cropland on Hills,#70C656
1694,Vespa velutina,NA,Parque José Gomes Ferreira,inat,-9.13,38.76,1.6865142822265624,703,93,169,Warm Temperate,Moist,Settlement,Hills,Warm Temperate Moist,136,158,52,Warm Temperate Moist Settlement on Hills,#889E34
1695,Vespa velutina,BE,NA,gbif,3.87,50.78,1.0213645935058593,779,33,110,Cool Temperate,Moist,Cropland,Hills,Cool Temperate Moist,33,144,30,Cool Temperate Moist Cropland on Hills,#21901E
1696,Vespa velutina,NA,"Bilbao, Biscay, Spain",inat,-2.93,43.26,1.3535219192504884,1158,93,172,Warm Temperate,Moist,Settlement,Mountains,Warm Temperate Moist,105,89,18,Warm Temperate Moist Settlement on Mountains,#695912
1697,Vespa velutina,NA,"Mouzos, 27612 Sarria, Lugo, Spain",inat,-7.47,42.78,1.2101219177246094,1509,601,173,Warm Temperate,Moist,Cropland,Mountains,Warm Temperate Moist,100,150,37,Warm Temperate Moist Cropland on Mountains,#649625
1698,Vespa velutina,NA,"Parc naturel régional des Monts d'Ardèche, Saint-Vincent-de-Durfort, Auvergne-Rhône-Alpes, FR",inat,4.64,44.8,1.0957228660583496,947,427,176,Warm Temperate,Moist,Forest,Mountains,Warm Temperate Moist,49,105,3,Warm Temperate Moist Forest on Mountains,#316903
1699,Vespa velutina,NA,"União das freguesias de Torres Novas (Santa Maria, Salvador e Santiago), 2350 Torres Novas, Portugal",inat,-8.56,39.47,1.6346406936645508,717,78,168,Warm Temperate,Moist,Cropland,Hills,Warm Temperate Moist,112,198,86,Warm Temperate Moist Cropland on Hills,#70C656
1700,Vespa velutina,BE,NA,gbif,4.32,50.97,1.029301071166992,790,23,116,Cool Temperate,Moist,Cropland,Plains,Cool Temperate Moist,29,153,10,Cool Temperate Moist Cropland on Plains,#1D990A
1701,Vespa velutina,BE,NA,gbif,4.19,50.97,1.029301071166992,790,22,120,Cool Temperate,Moist,Settlement,Plains,Cool Temperate Moist,78,119,2,Cool Temperate Moist Settlement on Plains,#4E7702
1702,Vespa velutina,BE,NA,gbif,4.63,50.93,1.0223458290100098,773,14,160,Warm Temperate,Moist,Cropland,Plains,Warm Temperate Moist,105,207,54,Warm Temperate Moist Cropland on Plains,#69CF36
1703,Vespa velutina,DE,NA,gbif,6.93,51.49,1.0297656059265137,883,59,120,Cool Temperate,Moist,Settlement,Plains,Cool Temperate Moist,78,119,2,Cool Temperate Moist Settlement on Plains,#4E7702
1704,Vespa velutina,NA,"Rovira i Virgili - Parc de la Pegaso, Sant Andreu, 08027 Barcelona, España",inat,2.19,41.43,1.557114028930664,615,38,172,Warm Temperate,Moist,Settlement,Mountains,Warm Temperate Moist,105,89,18,Warm Temperate Moist Settlement on Mountains,#695912
1705,Vespa velutina,DE,NA,gbif,6.67,51.49,1.0796989440917968,819,27,161,Warm Temperate,Moist,Settlement,Plains,Warm Temperate Moist,163,170,28,Warm Temperate Moist Settlement on Plains,#A3AA1C
1706,Vespa velutina,BE,NA,gbif,4.97,51.15,1.0535478591918943,777,21,116,Cool Temperate,Moist,Cropland,Plains,Cool Temperate Moist,29,153,10,Cool Temperate Moist Cropland on Plains,#1D990A
1707,Vespa velutina,BE,NA,gbif,4.47,51.19,1.0570364952087403,798,9,116,Cool Temperate,Moist,Cropland,Plains,Cool Temperate Moist,29,153,10,Cool Temperate Moist Cropland on Plains,#1D990A
1708,Vespa velutina,BE,NA,gbif,4.36,51.17,1.0570364952087403,798,9,120,Cool Temperate,Moist,Settlement,Plains,Cool Temperate Moist,78,119,2,Cool Temperate Moist Settlement on Plains,#4E7702
1709,Vespa velutina,BE,NA,gbif,4.45,51.17,1.0570364952087403,798,13,120,Cool Temperate,Moist,Settlement,Plains,Cool Temperate Moist,78,119,2,Cool Temperate Moist Settlement on Plains,#4E7702
1710,Vespa velutina,BE,NA,gbif,5.08,50.75,1.0245490074157717,768,83,108,Cool Temperate,Moist,Settlement,Hills,Cool Temperate Moist,67,109,14,Cool Temperate Moist Settlement on Hills,#436D0E
1711,Vespa velutina,BE,NA,gbif,4.71,50.99,1.0381396293640135,765,12,116,Cool Temperate,Moist,Cropland,Plains,Cool Temperate Moist,29,153,10,Cool Temperate Moist Cropland on Plains,#1D990A
1712,Vespa velutina,CH,NA,gbif,6.35,46.49,1.0434999465942385,1078,573,103,Cool Temperate,Moist,Cropland,Mountains,Cool Temperate Moist,33,102,5,Cool Temperate Moist Cropland on Mountains,#216605
1713,Vespa velutina,NA,"Place Gabriel Fauré, Annecy, Auvergne-Rhône-Alpes, FR",inat,6.14,45.92,0.9617656707763672,1054,488,113,Cool Temperate,Moist,Settlement,Mountains,Cool Temperate Moist,61,67,0,Cool Temperate Moist Settlement on Mountains,#3D4300
1714,Vespa velutina,NL,NA,gbif,5.75,51.7,0.9782135009765623,760,16,NA,NA,NA,NA,NA,NA,NA,NA,NA,NA,NA
1715,Vespa velutina,BE,NA,gbif,3.6,50.82,1.0210312843322753,786,27,110,Cool Temperate,Moist,Cropland,Hills,Cool Temperate Moist,33,144,30,Cool Temperate Moist Cropland on Hills,#21901E
1716,Vespa velutina,NA,"Groesbeek, Nederland",inat,5.92,51.79,0.9752073287963868,758,79,109,Cool Temperate,Moist,Grassland,Tablelands,Cool Temperate Moist,78,92,155,Cool Temperate Moist Grassland on Tablelands,#4E5C9B
1717,Vespa velutina,NA,"Tuileries, 75001 Paris, France",inat,2.33,48.86,1.160487461090088,632,49,169,Warm Temperate,Moist,Settlement,Hills,Warm Temperate Moist,136,158,52,Warm Temperate Moist Settlement on Hills,#889E34
1718,Vespa velutina,BE,NA,gbif,3.28,51.22,1.029801559448242,783,-2,120,Cool Temperate,Moist,Settlement,Plains,Cool Temperate Moist,78,119,2,Cool Temperate Moist Settlement on Plains,#4E7702
1719,Vespa velutina,NA,"Rotunda 1º de Maio, 4440-502 Valongo, Portugal",inat,-8.5,41.19,1.3860833168029785,1373,187,172,Warm Temperate,Moist,Settlement,Mountains,Warm Temperate Moist,105,89,18,Warm Temperate Moist Settlement on Mountains,#695912
1720,Vespa velutina,BE,NA,gbif,3.88,50.78,1.0213645935058593,779,32,110,Cool Temperate,Moist,Cropland,Hills,Cool Temperate Moist,33,144,30,Cool Temperate Moist Cropland on Hills,#21901E
1721,Vespa velutina,BE,NA,gbif,3.8,50.98,1.0391103744506835,795,19,160,Warm Temperate,Moist,Cropland,Plains,Warm Temperate Moist,105,207,54,Warm Temperate Moist Cropland on Plains,#69CF36
1722,Vespa velutina,BE,NA,gbif,4.04,50.84,1.040187454223633,782,18,120,Cool Temperate,Moist,Settlement,Plains,Cool Temperate Moist,78,119,2,Cool Temperate Moist Settlement on Plains,#4E7702
1723,Vespa velutina,BE,NA,gbif,4.86,50.46,0.9631041526794434,813,119,108,Cool Temperate,Moist,Settlement,Hills,Cool Temperate Moist,67,109,14,Cool Temperate Moist Settlement on Hills,#436D0E
1724,Vespa velutina,BE,NA,gbif,3.71,50.98,1.0391103744506835,795,8,160,Warm Temperate,Moist,Cropland,Plains,Warm Temperate Moist,105,207,54,Warm Temperate Moist Cropland on Plains,#69CF36
1725,Vespa velutina,BE,NA,gbif,4.52,51.03,1.0294468879699707,777,4,111,Cool Temperate,Moist,Forest,Plains,Cool Temperate Moist,1,109,0,Cool Temperate Moist Forest on Plains,#016D00
1726,Vespa velutina,NA,"Bastia-2, 20200 Bastia, France",inat,9.45,42.7,1.437842845916748,897,24,172,Warm Temperate,Moist,Settlement,Mountains,Warm Temperate Moist,105,89,18,Warm Temperate Moist Settlement on Mountains,#695912
1727,Vespa velutina,NA,"Lameyplatz, 76185 Karlsruhe, Deutschland",inat,8.36,49.01,1.0572250366210938,765,116,161,Warm Temperate,Moist,Settlement,Plains,Warm Temperate Moist,163,170,28,Warm Temperate Moist Settlement on Plains,#A3AA1C
1728,Vespa velutina,NA,"Van der Does de Willeboissingel, 's‑Hertogenbosch, North Brabant, NL",inat,5.3,51.69,0.9796489715576172,776,5,120,Cool Temperate,Moist,Settlement,Plains,Cool Temperate Moist,78,119,2,Cool Temperate Moist Settlement on Plains,#4E7702
1729,Vespa velutina,NA,Schlosspark Weinheim,inat,8.67,49.54,0.9139698028564454,969,155,97,Cool Temperate,Moist,Forest,Mountains,Cool Temperate Moist,6,64,0,Cool Temperate Moist Forest on Mountains,#064000
1730,Vespa velutina,NA,"Cantabria, España",inat,-4.17,43.12,0.9467010498046876,906,826,97,Cool Temperate,Moist,Forest,Mountains,Cool Temperate Moist,6,64,0,Cool Temperate Moist Forest on Mountains,#064000
1731,Vespa velutina,BE,NA,gbif,5.48,50.86,1.0172677040100098,787,73,116,Cool Temperate,Moist,Cropland,Plains,Cool Temperate Moist,29,153,10,Cool Temperate Moist Cropland on Plains,#1D990A
1732,Vespa velutina,NA,NA,inat,5.94,49.58,0.9034072875976562,936,343,109,Cool Temperate,Moist,Grassland,Tablelands,Cool Temperate Moist,78,92,155,Cool Temperate Moist Grassland on Tablelands,#4E5C9B
1733,Vespa velutina,BE,NA,gbif,5.08,50.97,1.056206226348877,773,29,159,Warm Temperate,Moist,Grassland,Plains,Warm Temperate Moist,91,184,24,Warm Temperate Moist Grassland on Plains,#5BB818
1734,Vespa velutina,NA,"Annecy, Frankreich",inat,6.14,45.9,0.9617656707763672,1054,461,NA,NA,NA,NA,NA,NA,NA,NA,NA,NA,NA
1735,Vespa velutina,FR,NA,gbif,3.14,42.48,1.4138460159301758,604,21,NA,NA,NA,NA,NA,NA,NA,NA,NA,NA,NA
1736,Vespa velutina,BE,NA,gbif,4.82,50.92,1.0381396293640135,765,42,110,Cool Temperate,Moist,Cropland,Hills,Cool Temperate Moist,33,144,30,Cool Temperate Moist Cropland on Hills,#21901E
1737,Vespa velutina,NL,NA,gbif,4.6,52.35,0.9709492683410644,828,7,128,Cool Temperate,Moist,Grassland,Plains,Cool Temperate Moist,22,133,0,Cool Temperate Moist Grassland on Plains,#168500
1738,Vespa velutina,BE,NA,gbif,4.1,50.88,1.040187454223633,782,23,160,Warm Temperate,Moist,Cropland,Plains,Warm Temperate Moist,105,207,54,Warm Temperate Moist Cropland on Plains,#69CF36
1739,Vespa velutina,BE,NA,gbif,3.64,50.73,1.0210312843322753,786,93,102,Cool Temperate,Moist,Cropland,Tablelands,Cool Temperate Moist,99,97,160,Cool Temperate Moist Cropland on Tablelands,#6361A0
1740,Vespa velutina,NA,"Buztintxulo Kalea, Donostia / San Sebastián, Gipuzkoa, ES",inat,-1.95,43.31,1.3265643119812012,1330,59,172,Warm Temperate,Moist,Settlement,Mountains,Warm Temperate Moist,105,89,18,Warm Temperate Moist Settlement on Mountains,#695912
1741,Vespa velutina,NA,"Naturpark Our, Pütscheid, Distrikt Diekirch, LU",inat,6.14,49.96,0.8673364639282226,860,436,103,Cool Temperate,Moist,Cropland,Mountains,Cool Temperate Moist,33,102,5,Cool Temperate Moist Cropland on Mountains,#216605
1742,Vespa velutina,BE,NA,gbif,3.71,51.08,1.0652593612670898,792,7,120,Cool Temperate,Moist,Settlement,Plains,Cool Temperate Moist,78,119,2,Cool Temperate Moist Settlement on Plains,#4E7702
1743,Vespa velutina,FR,NA,gbif,2.42,48.83,1.1437250137329102,632,50,166,Warm Temperate,Moist,Forest,Plains,Warm Temperate Moist,45,158,6,Warm Temperate Moist Forest on Plains,#2D9E06
1744,Vespa velutina,NA,"Pforzheim, DE-BW, DE",inat,8.71,48.9,0.9109313011169432,896,315,108,Cool Temperate,Moist,Settlement,Hills,Cool Temperate Moist,67,109,14,Cool Temperate Moist Settlement on Hills,#436D0E
1745,Vespa velutina,NA,"02350 Bucy-lès-Pierrepont, France",inat,3.9,49.65,1.0027145385742189,733,105,116,Cool Temperate,Moist,Cropland,Plains,Cool Temperate Moist,29,153,10,Cool Temperate Moist Cropland on Plains,#1D990A
1746,Vespa velutina,NA,"Villagarcía de Arosa, 36600, Pontevedra, España",inat,-8.77,42.6,1.4116792678833008,1504,19,NA,NA,NA,NA,NA,NA,NA,NA,NA,NA,NA
1747,Vespa velutina,DE,NA,gbif,6.52,51.37,1.06216459274292,770,37,120,Cool Temperate,Moist,Settlement,Plains,Cool Temperate Moist,78,119,2,Cool Temperate Moist Settlement on Plains,#4E7702
1748,Vespa velutina,BE,NA,gbif,3.4,50.9,1.0440187454223633,791,11,120,Cool Temperate,Moist,Settlement,Plains,Cool Temperate Moist,78,119,2,Cool Temperate Moist Settlement on Plains,#4E7702
1749,Vespa velutina,BE,NA,gbif,4.18,50.9,1.029301071166992,790,56,116,Cool Temperate,Moist,Cropland,Plains,Cool Temperate Moist,29,153,10,Cool Temperate Moist Cropland on Plains,#1D990A
1750,Vespa velutina,BE,NA,gbif,3.65,51.15,1.041869831085205,812,5,116,Cool Temperate,Moist,Cropland,Plains,Cool Temperate Moist,29,153,10,Cool Temperate Moist Cropland on Plains,#1D990A
1751,Vespa velutina,BE,NA,gbif,4.15,51.11,1.0435916900634763,789,16,116,Cool Temperate,Moist,Cropland,Plains,Cool Temperate Moist,29,153,10,Cool Temperate Moist Cropland on Plains,#1D990A
1752,Vespa velutina,NA,"04800 Gréoux-les-Bains, France",inat,5.89,43.76,1.2667854309082032,734,382,172,Warm Temperate,Moist,Settlement,Mountains,Warm Temperate Moist,105,89,18,Warm Temperate Moist Settlement on Mountains,#695912
1753,Vespa velutina,BE,NA,gbif,4.96,51.24,1.02982816696167,791,22,120,Cool Temperate,Moist,Settlement,Plains,Cool Temperate Moist,78,119,2,Cool Temperate Moist Settlement on Plains,#4E7702
1754,Vespa velutina,BE,NA,gbif,4.74,50.94,1.0381396293640135,765,22,116,Cool Temperate,Moist,Cropland,Plains,Cool Temperate Moist,29,153,10,Cool Temperate Moist Cropland on Plains,#1D990A
1755,Vespa velutina,NA,"Bern, CH-BE, CH",inat,7.4,46.98,0.844139575958252,1079,590,103,Cool Temperate,Moist,Cropland,Mountains,Cool Temperate Moist,33,102,5,Cool Temperate Moist Cropland on Mountains,#216605
1756,Vespa velutina,NL,NA,gbif,4.7,52.4,0.973214626312256,830,1,128,Cool Temperate,Moist,Grassland,Plains,Cool Temperate Moist,22,133,0,Cool Temperate Moist Grassland on Plains,#168500
1757,Vespa velutina,NA,"Drôme, Rhône-Alpes, FR",inat,5.14,45.05,1.1987364768981934,909,190,173,Warm Temperate,Moist,Cropland,Mountains,Warm Temperate Moist,100,150,37,Warm Temperate Moist Cropland on Mountains,#649625
1758,Vespa velutina,BE,NA,gbif,4.51,50.88,1.0223458290100098,773,58,108,Cool Temperate,Moist,Settlement,Hills,Cool Temperate Moist,67,109,14,Cool Temperate Moist Settlement on Hills,#436D0E
1759,Vespa velutina,NA,"74340 Samoëns, France",inat,6.73,46.08,0.46822395324707033,1508,836,113,Cool Temperate,Moist,Settlement,Mountains,Cool Temperate Moist,61,67,0,Cool Temperate Moist Settlement on Mountains,#3D4300
1760,Vespa velutina,NA,"Lugar Viduedo, Triacastela, Lugo, ES",inat,-7.18,42.74,1.0537166595458984,1432,1117,97,Cool Temperate,Moist,Forest,Mountains,Cool Temperate Moist,6,64,0,Cool Temperate Moist Forest on Mountains,#064000
1761,Vespa velutina,BE,NA,gbif,4.73,50.87,1.0381396293640135,765,40,105,Cool Temperate,Moist,Forest,Hills,Cool Temperate Moist,2,99,1,Cool Temperate Moist Forest on Hills,#026301
1762,Vespa velutina,BE,NA,gbif,4.62,50.38,0.9846739768981934,803,205,110,Cool Temperate,Moist,Cropland,Hills,Cool Temperate Moist,33,144,30,Cool Temperate Moist Cropland on Hills,#21901E
1763,Vespa velutina,NL,NA,gbif,5.3,52.1,0.9599833488464355,815,21,111,Cool Temperate,Moist,Forest,Plains,Cool Temperate Moist,1,109,0,Cool Temperate Moist Forest on Plains,#016D00
1764,Vespa velutina,BE,NA,gbif,4.06,51.08,1.0435916900634763,789,3,160,Warm Temperate,Moist,Cropland,Plains,Warm Temperate Moist,105,207,54,Warm Temperate Moist Cropland on Plains,#69CF36
1765,Vespa velutina,NA,"Carrer d'Olot, Barcelona, Barcelona, ES",inat,2.15,41.41,1.5362238883972168,635,145,172,Warm Temperate,Moist,Settlement,Mountains,Warm Temperate Moist,105,89,18,Warm Temperate Moist Settlement on Mountains,#695912
1766,Vespa velutina,BE,NA,gbif,4.27,51.07,1.0402281761169434,786,3,160,Warm Temperate,Moist,Cropland,Plains,Warm Temperate Moist,105,207,54,Warm Temperate Moist Cropland on Plains,#69CF36
1767,Vespa velutina,NA,"18240 Boulleret, France",inat,2.89,47.41,1.0636781692504882,725,162,168,Warm Temperate,Moist,Cropland,Hills,Warm Temperate Moist,112,198,86,Warm Temperate Moist Cropland on Hills,#70C656
1768,Vespa velutina,NL,NA,gbif,5.9,51.1,1.0099031448364255,731,32,116,Cool Temperate,Moist,Cropland,Plains,Cool Temperate Moist,29,153,10,Cool Temperate Moist Cropland on Plains,#1D990A
1769,Vespa velutina,BE,NA,gbif,4.14,50.92,1.040187454223633,782,47,116,Cool Temperate,Moist,Cropland,Plains,Cool Temperate Moist,29,153,10,Cool Temperate Moist Cropland on Plains,#1D990A
1770,Vespa velutina,NA,"Rue des Bois, Holtz, District Diekirch, LU",inat,5.79,49.8,0.8467562675476075,997,427,101,Cool Temperate,Moist,Forest,Tablelands,Cool Temperate Moist,71,89,181,Cool Temperate Moist Forest on Tablelands,#4759B5
1771,Vespa velutina,NL,NA,gbif,4.75,51.55,1.0014093399047852,815,7,128,Cool Temperate,Moist,Grassland,Plains,Cool Temperate Moist,22,133,0,Cool Temperate Moist Grassland on Plains,#168500
1772,Vespa velutina,BE,NA,gbif,5.21,51.22,1.0049365043640135,795,38,111,Cool Temperate,Moist,Forest,Plains,Cool Temperate Moist,1,109,0,Cool Temperate Moist Forest on Plains,#016D00
1773,Vespa velutina,NL,NA,gbif,4.3,52.05,0.9714204788208008,837,2,120,Cool Temperate,Moist,Settlement,Plains,Cool Temperate Moist,78,119,2,Cool Temperate Moist Settlement on Plains,#4E7702
1774,Vespa velutina,NL,NA,gbif,5.65,51.45,0.9889156341552734,757,20,128,Cool Temperate,Moist,Grassland,Plains,Cool Temperate Moist,22,133,0,Cool Temperate Moist Grassland on Plains,#168500
1775,Vespa velutina,BE,NA,gbif,3.15,51.18,1.0130767822265625,758,19,111,Cool Temperate,Moist,Forest,Plains,Cool Temperate Moist,1,109,0,Cool Temperate Moist Forest on Plains,#016D00
1776,Vespa velutina,DE,NA,gbif,8.36,49.84,1.0403801918029785,579,106,116,Cool Temperate,Moist,Cropland,Plains,Cool Temperate Moist,29,153,10,Cool Temperate Moist Cropland on Plains,#1D990A
1777,Vespa velutina,BE,NA,gbif,4.2,50.94,1.029301071166992,790,48,116,Cool Temperate,Moist,Cropland,Plains,Cool Temperate Moist,29,153,10,Cool Temperate Moist Cropland on Plains,#1D990A
1778,Vespa velutina,NA,"Naturpark Südschwarzwald, Wittnau, Baden-Württemberg, DE",inat,7.82,47.95,0.9775771141052246,969,425,107,Cool Temperate,Moist,Grassland,Mountains,Cool Temperate Moist,26,83,0,Cool Temperate Moist Grassland on Mountains,#1A5300
1779,Vespa velutina,BE,NA,gbif,4.3,51.13,1.0402281761169434,786,5,116,Cool Temperate,Moist,Cropland,Plains,Cool Temperate Moist,29,153,10,Cool Temperate Moist Cropland on Plains,#1D990A
1780,Vespa velutina,NA,"De Jamblinne de Meux, Belgium",inat,4.39,50.85,1.0497979164123534,783,62,169,Warm Temperate,Moist,Settlement,Hills,Warm Temperate Moist,136,158,52,Warm Temperate Moist Settlement on Hills,#889E34
1781,Vespa velutina,BE,NA,gbif,4.38,50.79,1.0074718475341795,805,109,108,Cool Temperate,Moist,Settlement,Hills,Cool Temperate Moist,67,109,14,Cool Temperate Moist Settlement on Hills,#436D0E
1782,Vespa velutina,BE,NA,gbif,4.56,50.98,1.0223458290100098,773,8,161,Warm Temperate,Moist,Settlement,Plains,Warm Temperate Moist,163,170,28,Warm Temperate Moist Settlement on Plains,#A3AA1C
1783,Vespa velutina,NA,"Hessen, DE",inat,8.71,50.14,1.014552116394043,674,133,110,Cool Temperate,Moist,Cropland,Hills,Cool Temperate Moist,33,144,30,Cool Temperate Moist Cropland on Hills,#21901E
1784,Vespa velutina,BE,NA,gbif,5.66,50.9,0.9943770408630372,774,53,120,Cool Temperate,Moist,Settlement,Plains,Cool Temperate Moist,78,119,2,Cool Temperate Moist Settlement on Plains,#4E7702
1785,Vespa velutina,DE,NA,gbif,6.32,49.85,0.8926301956176758,842,287,110,Cool Temperate,Moist,Cropland,Hills,Cool Temperate Moist,33,144,30,Cool Temperate Moist Cropland on Hills,#21901E
1786,Vespa velutina,BE,NA,gbif,4.51,51.01,1.0294468879699707,777,6,116,Cool Temperate,Moist,Cropland,Plains,Cool Temperate Moist,29,153,10,Cool Temperate Moist Cropland on Plains,#1D990A
1787,Vespa velutina,BE,NA,gbif,4.81,50.84,1.0381396293640135,765,69,116,Cool Temperate,Moist,Cropland,Plains,Cool Temperate Moist,29,153,10,Cool Temperate Moist Cropland on Plains,#1D990A
1788,Vespa velutina,DE,NA,gbif,8.3,49.38,1.0166802406311035,624,107,120,Cool Temperate,Moist,Settlement,Plains,Cool Temperate Moist,78,119,2,Cool Temperate Moist Settlement on Plains,#4E7702
1789,Vespa velutina,NA,"Liège, Wallonie, BE",inat,5.22,50.5,0.9122854232788086,883,187,102,Cool Temperate,Moist,Cropland,Tablelands,Cool Temperate Moist,99,97,160,Cool Temperate Moist Cropland on Tablelands,#6361A0
1790,Vespa velutina,BE,NA,gbif,4.72,51.09,1.0428604125976562,774,12,128,Cool Temperate,Moist,Grassland,Plains,Cool Temperate Moist,22,133,0,Cool Temperate Moist Grassland on Plains,#168500
1791,Vespa velutina,NA,"06380 Moulinet, France",inat,7.42,43.96,1.0484322547912597,894,1277,97,Cool Temperate,Moist,Forest,Mountains,Cool Temperate Moist,6,64,0,Cool Temperate Moist Forest on Mountains,#064000
1792,Vespa velutina,BE,NA,gbif,2.88,50.85,1.0072551727294925,735,18,120,Cool Temperate,Moist,Settlement,Plains,Cool Temperate Moist,78,119,2,Cool Temperate Moist Settlement on Plains,#4E7702
1793,Vespa velutina,NA,"Saint-Pierre, Brest, France",inat,-4.55,48.38,1.1350642204284669,1106,63,180,Warm Temperate,Moist,Forest,Tablelands,Warm Temperate Moist,69,72,136,Warm Temperate Moist Forest on Tablelands,#454888
1794,Vespa velutina,NA,"Montjuïc, Sants-Montjuïc, Barcelona, Spain",inat,2.16,41.36,1.5362238883972168,635,25,171,Warm Temperate,Moist,Grassland,Mountains,Warm Temperate Moist,86,129,14,Warm Temperate Moist Grassland on Mountains,#56810E
1795,Vespa velutina,BE,NA,gbif,5.28,51.04,1.0283103942871097,817,38,120,Cool Temperate,Moist,Settlement,Plains,Cool Temperate Moist,78,119,2,Cool Temperate Moist Settlement on Plains,#4E7702
1796,Vespa velutina,BE,NA,gbif,4.47,51.09,1.039146900177002,785,10,128,Cool Temperate,Moist,Grassland,Plains,Cool Temperate Moist,22,133,0,Cool Temperate Moist Grassland on Plains,#168500
1797,Vespa velutina,BE,NA,gbif,4.75,50.92,1.0381396293640135,765,32,108,Cool Temperate,Moist,Settlement,Hills,Cool Temperate Moist,67,109,14,Cool Temperate Moist Settlement on Hills,#436D0E
1798,Vespa velutina,BE,NA,gbif,4.78,50.91,1.0381396293640135,765,56,102,Cool Temperate,Moist,Cropland,Tablelands,Cool Temperate Moist,99,97,160,Cool Temperate Moist Cropland on Tablelands,#6361A0
1799,Vespa velutina,NA,"93300 Aubervilliers, France",inat,2.4,48.91,1.144812488555908,641,46,161,Warm Temperate,Moist,Settlement,Plains,Warm Temperate Moist,163,170,28,Warm Temperate Moist Settlement on Plains,#A3AA1C
1800,Vespa velutina,DE,NA,gbif,6.9,51.15,1.057521915435791,811,47,120,Cool Temperate,Moist,Settlement,Plains,Cool Temperate Moist,78,119,2,Cool Temperate Moist Settlement on Plains,#4E7702
1801,Vespa velutina,NL,NA,gbif,5.8,51.3,0.9927103996276856,722,30,116,Cool Temperate,Moist,Cropland,Plains,Cool Temperate Moist,29,153,10,Cool Temperate Moist Cropland on Plains,#1D990A
1802,Vespa velutina,NL,NA,gbif,3.6,51.45,1.040852928161621,757,1,NA,NA,NA,NA,NA,NA,NA,NA,NA,NA,NA
1803,Vespa velutina,FR,NA,gbif,4.35,46.68,1.0266302108764649,821,291,168,Warm Temperate,Moist,Cropland,Hills,Warm Temperate Moist,112,198,86,Warm Temperate Moist Cropland on Hills,#70C656
1804,Vespa velutina,NA,"3515 BE Utrecht, Nederland",inat,5.12,52.1,0.9803396224975586,797,4,120,Cool Temperate,Moist,Settlement,Plains,Cool Temperate Moist,78,119,2,Cool Temperate Moist Settlement on Plains,#4E7702
1805,Vespa velutina,BE,NA,gbif,4.64,50.82,1.0064770698547365,782,47,110,Cool Temperate,Moist,Cropland,Hills,Cool Temperate Moist,33,144,30,Cool Temperate Moist Cropland on Hills,#21901E
1806,Vespa velutina,BE,NA,gbif,3.67,51.13,1.0652593612670898,792,5,120,Cool Temperate,Moist,Settlement,Plains,Cool Temperate Moist,78,119,2,Cool Temperate Moist Settlement on Plains,#4E7702
1807,Vespa velutina,BE,NA,gbif,4.42,51.18,1.0570364952087403,798,13,161,Warm Temperate,Moist,Settlement,Plains,Warm Temperate Moist,163,170,28,Warm Temperate Moist Settlement on Plains,#A3AA1C
1808,Vespa velutina,BE,NA,gbif,5,50.78,1.0245490074157717,768,55,116,Cool Temperate,Moist,Cropland,Plains,Cool Temperate Moist,29,153,10,Cool Temperate Moist Cropland on Plains,#1D990A
1809,Vespa velutina,NA,"Álava, Spain",inat,-2.31,42.85,1.0452937126159667,970,775,97,Cool Temperate,Moist,Forest,Mountains,Cool Temperate Moist,6,64,0,Cool Temperate Moist Forest on Mountains,#064000
1810,Vespa velutina,NA,"Pont Saint-Guillaume, Strasbourg, Grand Est, FR",inat,7.76,48.58,1.061342716217041,735,140,161,Warm Temperate,Moist,Settlement,Plains,Warm Temperate Moist,163,170,28,Warm Temperate Moist Settlement on Plains,#A3AA1C
1811,Vespa velutina,NA,"Centre Commercial, 78310 Maurepas, France",inat,1.94,48.76,1.0464655876159668,635,160,120,Cool Temperate,Moist,Settlement,Plains,Cool Temperate Moist,78,119,2,Cool Temperate Moist Settlement on Plains,#4E7702
1812,Vespa velutina,NA,"80440 Boves, France",inat,2.38,49.85,1.0165677070617676,664,51,106,Cool Temperate,Moist,Shrubland,Hills,Cool Temperate Moist,23,123,2,Cool Temperate Moist Shrubland on Hills,#177B02
1813,Vespa velutina,NL,NA,gbif,3.55,51.55,1.0425701141357422,767,-4,116,Cool Temperate,Moist,Cropland,Plains,Cool Temperate Moist,29,153,10,Cool Temperate Moist Cropland on Plains,#1D990A
1814,Vespa velutina,BE,NA,gbif,3.48,50.89,1.0440187454223633,791,21,116,Cool Temperate,Moist,Cropland,Plains,Cool Temperate Moist,29,153,10,Cool Temperate Moist Cropland on Plains,#1D990A
1815,Vespa velutina,BE,NA,gbif,5.27,51.1,1.0283103942871097,817,53,111,Cool Temperate,Moist,Forest,Plains,Cool Temperate Moist,1,109,0,Cool Temperate Moist Forest on Plains,#016D00
1816,Vespa velutina,NA,"2775-239 Parede, Portugal",inat,-9.36,38.69,1.581121826171875,711,30,NA,NA,NA,NA,NA,NA,NA,NA,NA,NA,NA
1817,Vespa velutina,NL,NA,gbif,5.65,50.85,0.9943770408630372,774,72,110,Cool Temperate,Moist,Cropland,Hills,Cool Temperate Moist,33,144,30,Cool Temperate Moist Cropland on Hills,#21901E
1818,Vespa velutina,NA,"Arcozelo, 6290, Portugal",inat,-7.62,40.54,1.3668603897094729,1430,395,176,Warm Temperate,Moist,Forest,Mountains,Warm Temperate Moist,49,105,3,Warm Temperate Moist Forest on Mountains,#316903
1819,Vespa velutina,NA,"17310 Lloret de Mar, Prowincja Girona, Hiszpania",inat,2.85,41.73,1.432300853729248,703,160,176,Warm Temperate,Moist,Forest,Mountains,Warm Temperate Moist,49,105,3,Warm Temperate Moist Forest on Mountains,#316903
1820,Vespa velutina,NA,Strebelle kinesport,inat,3.95,50.39,1.006679153442383,777,77,110,Cool Temperate,Moist,Cropland,Hills,Cool Temperate Moist,33,144,30,Cool Temperate Moist Cropland on Hills,#21901E
1821,Vespa velutina,NA,"24370 Pechs-de-l'Espérance, France",inat,1.38,44.9,1.2323719024658204,874,177,163,Warm Temperate,Moist,Forest,Hills,Warm Temperate Moist,47,146,24,Warm Temperate Moist Forest on Hills,#2F9218
1822,Vespa velutina,NL,NA,gbif,3.75,51.45,1.0380054473876954,782,-14,116,Cool Temperate,Moist,Cropland,Plains,Cool Temperate Moist,29,153,10,Cool Temperate Moist Cropland on Plains,#1D990A
1823,Vespa velutina,NA,"Aalst TechniGo, 9300 Aalst, Belgium",inat,4.02,50.94,1.040187454223633,782,14,120,Cool Temperate,Moist,Settlement,Plains,Cool Temperate Moist,78,119,2,Cool Temperate Moist Settlement on Plains,#4E7702
1824,Vespa velutina,BE,NA,gbif,4.75,50.93,1.0381396293640135,765,22,116,Cool Temperate,Moist,Cropland,Plains,Cool Temperate Moist,29,153,10,Cool Temperate Moist Cropland on Plains,#1D990A
1825,Vespa velutina,NA,"Kortrijk, 8500 Kortrijk, Belgium",inat,3.29,50.83,1.0392760276794433,754,20,120,Cool Temperate,Moist,Settlement,Plains,Cool Temperate Moist,78,119,2,Cool Temperate Moist Settlement on Plains,#4E7702
1826,Vespa velutina,NA,"Ramon, Salles, Nouvelle-Aquitaine, FR",inat,0.87,44.54,1.2416895866394042,946,145,168,Warm Temperate,Moist,Cropland,Hills,Warm Temperate Moist,112,198,86,Warm Temperate Moist Cropland on Hills,#70C656
1827,Vespa velutina,ES,NA,gbif,1.87,41.55,1.4234187126159668,646,194,194,Warm Temperate,Dry,Forest,Mountains,Warm Temperate Dry,96,139,37,Warm Temperate Dry Forest on Mountains,#608B25
1828,Vespa velutina,BE,NA,gbif,4.31,51.35,1.0319975852966308,791,3,116,Cool Temperate,Moist,Cropland,Plains,Cool Temperate Moist,29,153,10,Cool Temperate Moist Cropland on Plains,#1D990A
1829,Vespa velutina,NA,"Girona, Spain",inat,2.81,41.99,1.4288000106811525,759,89,172,Warm Temperate,Moist,Settlement,Mountains,Warm Temperate Moist,105,89,18,Warm Temperate Moist Settlement on Mountains,#695912
1830,Vespa velutina,NA,"Place du Casino, 98000 Monaco",inat,7.43,43.74,1.3437254905700684,813,117,NA,NA,NA,NA,NA,NA,NA,NA,NA,NA,NA
1831,Vespa velutina,NA,"38400 Saint-Martin-d'Hères, France",inat,5.77,45.19,0.9415323257446288,1129,234,161,Warm Temperate,Moist,Settlement,Plains,Warm Temperate Moist,163,170,28,Warm Temperate Moist Settlement on Plains,#A3AA1C
1832,Vespa velutina,BE,NA,gbif,3.81,50.47,1.0056135177612304,762,37,120,Cool Temperate,Moist,Settlement,Plains,Cool Temperate Moist,78,119,2,Cool Temperate Moist Settlement on Plains,#4E7702
1833,Vespa velutina,NA,"Park, Leuven, België",inat,4.72,50.86,1.0381396293640135,765,47,110,Cool Temperate,Moist,Cropland,Hills,Cool Temperate Moist,33,144,30,Cool Temperate Moist Cropland on Hills,#21901E
1834,Vespa velutina,NA,"Arfons, France",inat,2.14,43.44,1.1860177040100095,844,712,97,Cool Temperate,Moist,Forest,Mountains,Cool Temperate Moist,6,64,0,Cool Temperate Moist Forest on Mountains,#064000
1835,Vespa velutina,NL,NA,gbif,4.8,51.55,1.0014093399047852,815,7,120,Cool Temperate,Moist,Settlement,Plains,Cool Temperate Moist,78,119,2,Cool Temperate Moist Settlement on Plains,#4E7702
1836,Vespa velutina,BE,NA,gbif,4.04,50.93,1.040187454223633,782,12,120,Cool Temperate,Moist,Settlement,Plains,Cool Temperate Moist,78,119,2,Cool Temperate Moist Settlement on Plains,#4E7702
1837,Vespa velutina,NA,"Santander, Cantabria, España",inat,-3.79,43.48,1.4061168670654296,1168,18,NA,NA,NA,NA,NA,NA,NA,NA,NA,NA,NA
1838,Vespa velutina,NL,NA,gbif,5.4,51.6,0.9877718925476074,767,10,111,Cool Temperate,Moist,Forest,Plains,Cool Temperate Moist,1,109,0,Cool Temperate Moist Forest on Plains,#016D00
1839,Vespa velutina,NA,"Av. Canaletes/c. de la Costa, 08290 Cerdanyola del Vallès, Barcelona, España",inat,2.15,41.48,1.5362238883972168,635,140,176,Warm Temperate,Moist,Forest,Mountains,Warm Temperate Moist,49,105,3,Warm Temperate Moist Forest on Mountains,#316903
1840,Vespa velutina,NA,"BELVAUX, Batting, 4446 Belvaux Sassenheim, Luxemburg",inat,5.92,49.51,0.9034072875976562,936,341,101,Cool Temperate,Moist,Forest,Tablelands,Cool Temperate Moist,71,89,181,Cool Temperate Moist Forest on Tablelands,#4759B5
1841,Vespa velutina,FR,NA,gbif,6.74,47.96,0.7678072929382325,1180,610,97,Cool Temperate,Moist,Forest,Mountains,Cool Temperate Moist,6,64,0,Cool Temperate Moist Forest on Mountains,#064000
1842,Vespa velutina,NL,NA,gbif,5.25,52.15,0.9599833488464355,815,11,111,Cool Temperate,Moist,Forest,Plains,Cool Temperate Moist,1,109,0,Cool Temperate Moist Forest on Plains,#016D00
1843,Vespa velutina,BE,NA,gbif,4.46,51.17,1.0570364952087403,798,13,111,Cool Temperate,Moist,Forest,Plains,Cool Temperate Moist,1,109,0,Cool Temperate Moist Forest on Plains,#016D00
1844,Vespa velutina,NA,"Rue G Président Joseph Francis, Wavre, Brabant wallon, BE",inat,4.59,50.71,1.0064770698547365,782,87,108,Cool Temperate,Moist,Settlement,Hills,Cool Temperate Moist,67,109,14,Cool Temperate Moist Settlement on Hills,#436D0E
1845,Vespa velutina,BE,NA,gbif,4.33,50.74,1.0301885604858398,788,98,110,Cool Temperate,Moist,Cropland,Hills,Cool Temperate Moist,33,144,30,Cool Temperate Moist Cropland on Hills,#21901E
1846,Vespa velutina,BE,NA,gbif,4.14,51.11,1.0435916900634763,789,17,116,Cool Temperate,Moist,Cropland,Plains,Cool Temperate Moist,29,153,10,Cool Temperate Moist Cropland on Plains,#1D990A
1847,Vespa velutina,BE,NA,gbif,4.39,51.21,1.0570364952087403,798,7,161,Warm Temperate,Moist,Settlement,Plains,Warm Temperate Moist,163,170,28,Warm Temperate Moist Settlement on Plains,#A3AA1C
1848,Vespa velutina,BE,NA,gbif,4.97,51.15,1.0535478591918943,777,21,116,Cool Temperate,Moist,Cropland,Plains,Cool Temperate Moist,29,153,10,Cool Temperate Moist Cropland on Plains,#1D990A
1849,Vespa velutina,BE,NA,gbif,2.67,51.12,1.000996208190918,706,4,120,Cool Temperate,Moist,Settlement,Plains,Cool Temperate Moist,78,119,2,Cool Temperate Moist Settlement on Plains,#4E7702
1850,Vespa velutina,NA,"74250 Viuz-en-Sallaz, France",inat,6.4,46.17,0.8081166267395019,1243,716,97,Cool Temperate,Moist,Forest,Mountains,Cool Temperate Moist,6,64,0,Cool Temperate Moist Forest on Mountains,#064000
1851,Vespa velutina,NA,"Santarém, PT",inat,-8.05,39.51,1.5611385345458983,825,152,176,Warm Temperate,Moist,Forest,Mountains,Warm Temperate Moist,49,105,3,Warm Temperate Moist Forest on Mountains,#316903
1852,Vespa velutina,NA,"16390 Laprade, France",inat,0.2,45.27,1.2647010803222656,901,61,168,Warm Temperate,Moist,Cropland,Hills,Warm Temperate Moist,112,198,86,Warm Temperate Moist Cropland on Hills,#70C656
1853,Vespa velutina,NA,"Le Bourget-du-Lac, France",inat,5.87,45.64,1.02128963470459,1074,263,172,Warm Temperate,Moist,Settlement,Mountains,Warm Temperate Moist,105,89,18,Warm Temperate Moist Settlement on Mountains,#695912
1854,Vespa velutina,NL,NA,gbif,4,51.4,1.028324794769287,799,-3,NA,NA,NA,NA,NA,NA,NA,NA,NA,NA,NA
1855,Vespa velutina,NA,"Danton, 29480 Le Relecq-Kerhuon, France",inat,-4.4,48.41,1.126568508148193,1108,49,169,Warm Temperate,Moist,Settlement,Hills,Warm Temperate Moist,136,158,52,Warm Temperate Moist Settlement on Hills,#889E34
1856,Vespa velutina,BE,NA,gbif,4,51.01,1.0435916900634763,789,4,159,Warm Temperate,Moist,Grassland,Plains,Warm Temperate Moist,91,184,24,Warm Temperate Moist Grassland on Plains,#5BB818
1857,Vespa velutina,NA,"Groesbeek, Nederland",inat,5.92,51.79,0.9752073287963868,758,79,109,Cool Temperate,Moist,Grassland,Tablelands,Cool Temperate Moist,78,92,155,Cool Temperate Moist Grassland on Tablelands,#4E5C9B
1858,Vespa velutina,NL,NA,gbif,4.7,51.6,1.0014093399047852,815,4,116,Cool Temperate,Moist,Cropland,Plains,Cool Temperate Moist,29,153,10,Cool Temperate Moist Cropland on Plains,#1D990A
1859,Vespa velutina,BE,NA,gbif,4.47,51.39,1.0215239524841309,802,20,120,Cool Temperate,Moist,Settlement,Plains,Cool Temperate Moist,78,119,2,Cool Temperate Moist Settlement on Plains,#4E7702
1860,Vespa velutina,BE,NA,gbif,3.71,51.05,1.0652593612670898,792,9,120,Cool Temperate,Moist,Settlement,Plains,Cool Temperate Moist,78,119,2,Cool Temperate Moist Settlement on Plains,#4E7702
1861,Vespa velutina,NL,NA,gbif,5.9,51.55,0.9829667091369628,754,30,111,Cool Temperate,Moist,Forest,Plains,Cool Temperate Moist,1,109,0,Cool Temperate Moist Forest on Plains,#016D00
1862,Vespa velutina,NL,NA,gbif,5.85,50.9,0.9916646003723144,781,119,110,Cool Temperate,Moist,Cropland,Hills,Cool Temperate Moist,33,144,30,Cool Temperate Moist Cropland on Hills,#21901E
1863,Vespa velutina,BE,NA,gbif,4.76,51.19,1.0255916595458985,796,12,128,Cool Temperate,Moist,Grassland,Plains,Cool Temperate Moist,22,133,0,Cool Temperate Moist Grassland on Plains,#168500
1864,Vespa velutina,NL,NA,gbif,5.7,50.85,1.0079051971435546,754,51,NA,NA,NA,NA,NA,NA,NA,NA,NA,NA,NA
1865,Vespa velutina,NA,"50581 Lituénigo, Zaragoza, España",inat,-1.77,41.83,0.9882874488830566,556,844,184,Warm Temperate,Dry,Cropland,Mountains,Warm Temperate Dry,141,179,80,Warm Temperate Dry Cropland on Mountains,#8DB350
1866,Vespa velutina,NL,NA,gbif,5.3,51.35,0.9905437469482422,772,31,116,Cool Temperate,Moist,Cropland,Plains,Cool Temperate Moist,29,153,10,Cool Temperate Moist Cropland on Plains,#1D990A
1867,Vespa velutina,BE,NA,gbif,4.45,50.93,1.0497979164123534,783,13,160,Warm Temperate,Moist,Cropland,Plains,Warm Temperate Moist,105,207,54,Warm Temperate Moist Cropland on Plains,#69CF36
1868,Vespa velutina,BE,NA,gbif,5.16,51.11,1.056958293914795,792,35,111,Cool Temperate,Moist,Forest,Plains,Cool Temperate Moist,1,109,0,Cool Temperate Moist Forest on Plains,#016D00
1869,Vespa velutina,NA,"22363 Puértolas, Huesca, España",inat,0.13,42.51,0.7688843727111816,1037,705,175,Warm Temperate,Moist,Shrubland,Mountains,Warm Temperate Moist,102,130,4,Warm Temperate Moist Shrubland on Mountains,#668204
1870,Vespa velutina,NL,NA,gbif,5.3,51.65,0.9838749885559082,773,8,120,Cool Temperate,Moist,Settlement,Plains,Cool Temperate Moist,78,119,2,Cool Temperate Moist Settlement on Plains,#4E7702
1871,Vespa velutina,BE,NA,gbif,4.4,51.1,1.039146900177002,785,14,120,Cool Temperate,Moist,Settlement,Plains,Cool Temperate Moist,78,119,2,Cool Temperate Moist Settlement on Plains,#4E7702
1872,Vespa velutina,NL,NA,gbif,4.85,51.65,0.9868624687194824,799,6,120,Cool Temperate,Moist,Settlement,Plains,Cool Temperate Moist,78,119,2,Cool Temperate Moist Settlement on Plains,#4E7702
1873,Vespa velutina,NA,"Sant Adrià de Besòs, Barcelona, España",inat,2.21,41.43,1.557114028930664,615,11,172,Warm Temperate,Moist,Settlement,Mountains,Warm Temperate Moist,105,89,18,Warm Temperate Moist Settlement on Mountains,#695912
1874,Vespa velutina,NA,"Vauban Hôtel des Invalides, 75007 Paris, France",inat,2.31,48.85,1.160487461090088,632,52,169,Warm Temperate,Moist,Settlement,Hills,Warm Temperate Moist,136,158,52,Warm Temperate Moist Settlement on Hills,#889E34
1875,Vespa velutina,NL,NA,gbif,4.2,51.4,1.0319975852966308,791,0,NA,NA,NA,NA,NA,NA,NA,NA,NA,NA,NA
1876,Vespa velutina,BE,NA,gbif,3.18,50.84,1.0385656356811523,780,19,116,Cool Temperate,Moist,Cropland,Plains,Cool Temperate Moist,29,153,10,Cool Temperate Moist Cropland on Plains,#1D990A
1877,Vespa velutina,NA,"51120 Les Essarts-lès-Sézanne, France",inat,3.6,48.77,0.9919729232788086,645,198,116,Cool Temperate,Moist,Cropland,Plains,Cool Temperate Moist,29,153,10,Cool Temperate Moist Cropland on Plains,#1D990A
1878,Vespa velutina,BE,NA,gbif,4.45,51.16,1.039146900177002,785,16,116,Cool Temperate,Moist,Cropland,Plains,Cool Temperate Moist,29,153,10,Cool Temperate Moist Cropland on Plains,#1D990A
1879,Vespa velutina,NL,NA,gbif,6,51.15,1.0012770652770997,719,28,116,Cool Temperate,Moist,Cropland,Plains,Cool Temperate Moist,29,153,10,Cool Temperate Moist Cropland on Plains,#1D990A
1880,Vespa velutina,NA,"Antigone, 34000 Montpellier, France",inat,3.9,43.61,1.481810665130615,645,28,169,Warm Temperate,Moist,Settlement,Hills,Warm Temperate Moist,136,158,52,Warm Temperate Moist Settlement on Hills,#889E34
1881,Vespa velutina,BE,NA,gbif,4.39,50.69,1.0074718475341795,805,111,110,Cool Temperate,Moist,Cropland,Hills,Cool Temperate Moist,33,144,30,Cool Temperate Moist Cropland on Hills,#21901E
1882,Vespa velutina,NA,"Rodingen Petingen, Luxemburg",inat,5.83,49.54,0.8987051963806152,976,307,105,Cool Temperate,Moist,Forest,Hills,Cool Temperate Moist,2,99,1,Cool Temperate Moist Forest on Hills,#026301
1883,Vespa velutina,BE,NA,gbif,4.91,50.47,0.9631041526794434,813,142,108,Cool Temperate,Moist,Settlement,Hills,Cool Temperate Moist,67,109,14,Cool Temperate Moist Settlement on Hills,#436D0E
1884,Vespa velutina,NA,Douvrin,inat,2.83,50.51,1.0275562286376954,693,26,120,Cool Temperate,Moist,Settlement,Plains,Cool Temperate Moist,78,119,2,Cool Temperate Moist Settlement on Plains,#4E7702
1885,Vespa velutina,BE,NA,gbif,4.66,51.1,1.0294468879699707,777,9,116,Cool Temperate,Moist,Cropland,Plains,Cool Temperate Moist,29,153,10,Cool Temperate Moist Cropland on Plains,#1D990A
1886,Vespa velutina,BE,NA,gbif,4.45,51.08,1.039146900177002,785,9,116,Cool Temperate,Moist,Cropland,Plains,Cool Temperate Moist,29,153,10,Cool Temperate Moist Cropland on Plains,#1D990A
1887,Vespa velutina,NA,"STEINFORT, Gemeng, 8422 Steinfort, Luxembourg",inat,5.91,49.66,0.9034072875976562,936,319,110,Cool Temperate,Moist,Cropland,Hills,Cool Temperate Moist,33,144,30,Cool Temperate Moist Cropland on Hills,#21901E
1888,Vespa velutina,BE,NA,gbif,3.64,50.6,1.0115697860717774,766,55,120,Cool Temperate,Moist,Settlement,Plains,Cool Temperate Moist,78,119,2,Cool Temperate Moist Settlement on Plains,#4E7702
1889,Vespa velutina,NA,"Travessa da Moura, Vermil, Norte, PT",inat,-8.39,41.45,1.42109375,1410,234,173,Warm Temperate,Moist,Cropland,Mountains,Warm Temperate Moist,100,150,37,Warm Temperate Moist Cropland on Mountains,#649625
1890,Vespa velutina,BE,NA,gbif,5.32,50.92,1.0412812232971191,790,43,120,Cool Temperate,Moist,Settlement,Plains,Cool Temperate Moist,78,119,2,Cool Temperate Moist Settlement on Plains,#4E7702
1891,Vespa velutina,BE,NA,gbif,4.02,50.94,1.040187454223633,782,14,120,Cool Temperate,Moist,Settlement,Plains,Cool Temperate Moist,78,119,2,Cool Temperate Moist Settlement on Plains,#4E7702
1892,Vespa velutina,NA,"Árvore, 4480 Árvore, Portugal",inat,-8.74,41.33,1.4303919792175293,1292,3,NA,NA,NA,NA,NA,NA,NA,NA,NA,NA,NA
1893,Vespa velutina,BE,NA,gbif,4.09,51.02,1.0435916900634763,789,3,161,Warm Temperate,Moist,Settlement,Plains,Warm Temperate Moist,163,170,28,Warm Temperate Moist Settlement on Plains,#A3AA1C
1894,Vespa velutina,DE,NA,gbif,6.96,50.96,1.0670458793640136,745,49,161,Warm Temperate,Moist,Settlement,Plains,Warm Temperate Moist,163,170,28,Warm Temperate Moist Settlement on Plains,#A3AA1C
1895,Vespa velutina,NA,"Freiburg im Breisgau, DE-BW, DE",inat,7.82,47.97,0.9775771141052246,969,354,103,Cool Temperate,Moist,Cropland,Mountains,Cool Temperate Moist,33,102,5,Cool Temperate Moist Cropland on Mountains,#216605
1896,Vespa velutina,NA,"59170 Croix, France",inat,3.15,50.68,1.0312749862670898,735,37,161,Warm Temperate,Moist,Settlement,Plains,Warm Temperate Moist,163,170,28,Warm Temperate Moist Settlement on Plains,#A3AA1C
1897,Vespa velutina,BE,NA,gbif,4.91,50.84,1.0436156272888184,766,54,116,Cool Temperate,Moist,Cropland,Plains,Cool Temperate Moist,29,153,10,Cool Temperate Moist Cropland on Plains,#1D990A
1898,Vespa velutina,BE,NA,gbif,4.76,51.09,1.0428604125976562,774,8,116,Cool Temperate,Moist,Cropland,Plains,Cool Temperate Moist,29,153,10,Cool Temperate Moist Cropland on Plains,#1D990A
1899,Vespa velutina,NL,NA,gbif,4.45,52.05,0.971110725402832,849,-3,111,Cool Temperate,Moist,Forest,Plains,Cool Temperate Moist,1,109,0,Cool Temperate Moist Forest on Plains,#016D00
1900,Vespa velutina,NL,NA,gbif,5.9,50.85,0.9916646003723144,781,129,109,Cool Temperate,Moist,Grassland,Tablelands,Cool Temperate Moist,78,92,155,Cool Temperate Moist Grassland on Tablelands,#4E5C9B
1901,Vespa velutina,NA,"67190 Mollkirch, France",inat,7.34,48.49,0.9224427223205568,883,538,97,Cool Temperate,Moist,Forest,Mountains,Cool Temperate Moist,6,64,0,Cool Temperate Moist Forest on Mountains,#064000
1902,Vespa velutina,NA,"Largo Saraceni, San Bartolomeo al Mare, Liguria, IT",inat,8.1,43.92,1.4910426139831543,766,7,NA,NA,NA,NA,NA,NA,NA,NA,NA,NA,NA
1903,Vespa velutina,BE,NA,gbif,4.28,51.05,1.0402281761169434,786,6,116,Cool Temperate,Moist,Cropland,Plains,Cool Temperate Moist,29,153,10,Cool Temperate Moist Cropland on Plains,#1D990A
1904,Vespa velutina,DE,NA,gbif,6.67,51.3,1.0587124824523926,788,33,120,Cool Temperate,Moist,Settlement,Plains,Cool Temperate Moist,78,119,2,Cool Temperate Moist Settlement on Plains,#4E7702
1905,Vespa velutina,NA,"Santander - Cànem, Sant Andreu, 08020 Barcelona, España",inat,2.2,41.43,1.557114028930664,615,11,172,Warm Temperate,Moist,Settlement,Mountains,Warm Temperate Moist,105,89,18,Warm Temperate Moist Settlement on Mountains,#695912
1906,Vespa velutina,BE,NA,gbif,5.51,50.85,0.9943770408630372,774,72,116,Cool Temperate,Moist,Cropland,Plains,Cool Temperate Moist,29,153,10,Cool Temperate Moist Cropland on Plains,#1D990A
1907,Vespa velutina,NA,"Avenue Saint-Jacques, Menton, Provence-Alpes-Côte d'Azur, FR",inat,7.51,43.78,1.4502586364746093,802,146,NA,NA,NA,NA,NA,NA,NA,NA,NA,NA,NA
1908,Vespa velutina,BE,NA,gbif,5.05,50.91,1.056206226348877,773,45,116,Cool Temperate,Moist,Cropland,Plains,Cool Temperate Moist,29,153,10,Cool Temperate Moist Cropland on Plains,#1D990A
1909,Vespa velutina,FR,NA,gbif,1.89,48.81,1.0464655876159668,635,98,168,Warm Temperate,Moist,Cropland,Hills,Warm Temperate Moist,112,198,86,Warm Temperate Moist Cropland on Hills,#70C656
1910,Vespa velutina,BE,NA,gbif,4.4,51.18,1.0570364952087403,798,12,161,Warm Temperate,Moist,Settlement,Plains,Warm Temperate Moist,163,170,28,Warm Temperate Moist Settlement on Plains,#A3AA1C
1911,Vespa velutina,BE,NA,gbif,4.45,51.22,1.0570364952087403,798,4,161,Warm Temperate,Moist,Settlement,Plains,Warm Temperate Moist,163,170,28,Warm Temperate Moist Settlement on Plains,#A3AA1C
1912,Vespa velutina,BE,NA,gbif,3.78,51,1.0391103744506835,795,15,111,Cool Temperate,Moist,Forest,Plains,Cool Temperate Moist,1,109,0,Cool Temperate Moist Forest on Plains,#016D00
1913,Vespa velutina,NA,"2025 Alcanede, Portugal",inat,-8.84,39.43,1.5276603698730469,755,176,173,Warm Temperate,Moist,Cropland,Mountains,Warm Temperate Moist,100,150,37,Warm Temperate Moist Cropland on Mountains,#649625
1914,Vespa velutina,BE,NA,gbif,4.37,51.22,1.0570364952087403,798,5,116,Cool Temperate,Moist,Cropland,Plains,Cool Temperate Moist,29,153,10,Cool Temperate Moist Cropland on Plains,#1D990A
1915,Vespa velutina,NL,NA,gbif,5.05,52.1,0.9803396224975586,797,-1,120,Cool Temperate,Moist,Settlement,Plains,Cool Temperate Moist,78,119,2,Cool Temperate Moist Settlement on Plains,#4E7702
1916,Vespa velutina,BE,NA,gbif,4.4,50.94,1.0497979164123534,783,27,116,Cool Temperate,Moist,Cropland,Plains,Cool Temperate Moist,29,153,10,Cool Temperate Moist Cropland on Plains,#1D990A
1917,Vespa velutina,BE,NA,gbif,4.16,51.03,1.0435916900634763,789,5,160,Warm Temperate,Moist,Cropland,Plains,Warm Temperate Moist,105,207,54,Warm Temperate Moist Cropland on Plains,#69CF36
1918,Vespa velutina,BE,NA,gbif,2.96,51.07,1.0027176856994628,735,13,116,Cool Temperate,Moist,Cropland,Plains,Cool Temperate Moist,29,153,10,Cool Temperate Moist Cropland on Plains,#1D990A
1919,Vespa velutina,NA,"Savona, Liguria, IT",inat,8.49,44.32,1.448275375366211,866,42,NA,NA,NA,NA,NA,NA,NA,NA,NA,NA,NA
1920,Vespa velutina,BE,NA,gbif,3.88,50.79,1.0213645935058593,779,31,120,Cool Temperate,Moist,Settlement,Plains,Cool Temperate Moist,78,119,2,Cool Temperate Moist Settlement on Plains,#4E7702
1921,Vespa velutina,BE,NA,gbif,4.04,50.98,1.040187454223633,782,6,160,Warm Temperate,Moist,Cropland,Plains,Warm Temperate Moist,105,207,54,Warm Temperate Moist Cropland on Plains,#69CF36
1922,Vespa velutina,NA,"Scheveningen, Den Haag, Nederland",inat,4.27,52.09,0.9714204788208008,837,4,120,Cool Temperate,Moist,Settlement,Plains,Cool Temperate Moist,78,119,2,Cool Temperate Moist Settlement on Plains,#4E7702
1923,Vespa velutina,NA,"Carrer de la Riera de Can Toda, Barcelona, Barcelona, ES",inat,2.16,41.41,1.5362238883972168,635,89,172,Warm Temperate,Moist,Settlement,Mountains,Warm Temperate Moist,105,89,18,Warm Temperate Moist Settlement on Mountains,#695912
1924,Vespa velutina,NA,"Manac'h, 56000 Vannes, France",inat,-2.78,47.66,1.247945785522461,850,20,169,Warm Temperate,Moist,Settlement,Hills,Warm Temperate Moist,136,158,52,Warm Temperate Moist Settlement on Hills,#889E34
1925,Vespa velutina,BE,NA,gbif,4.68,50.86,1.0381396293640135,765,45,108,Cool Temperate,Moist,Settlement,Hills,Cool Temperate Moist,67,109,14,Cool Temperate Moist Settlement on Hills,#436D0E
1926,Vespa velutina,NA,"Park, Leuven, Belgium",inat,4.71,50.87,1.0381396293640135,765,33,108,Cool Temperate,Moist,Settlement,Hills,Cool Temperate Moist,67,109,14,Cool Temperate Moist Settlement on Hills,#436D0E
1927,Vespa velutina,BE,NA,gbif,4.25,50.74,1.0301885604858398,788,42,108,Cool Temperate,Moist,Settlement,Hills,Cool Temperate Moist,67,109,14,Cool Temperate Moist Settlement on Hills,#436D0E
1928,Vespa velutina,BE,NA,gbif,4.67,51.12,1.0428604125976562,774,6,116,Cool Temperate,Moist,Cropland,Plains,Cool Temperate Moist,29,153,10,Cool Temperate Moist Cropland on Plains,#1D990A
1929,Vespa velutina,NL,NA,gbif,3.85,51.3,1.0390030860900878,773,2,120,Cool Temperate,Moist,Settlement,Plains,Cool Temperate Moist,78,119,2,Cool Temperate Moist Settlement on Plains,#4E7702
1930,Vespa velutina,NA,"Chemin des Bois de Lhu, Saint-Didier-d'Aussiat, Auvergne-Rhône-Alpes, FR",inat,5.1,46.33,1.1157530784606933,928,208,159,Warm Temperate,Moist,Grassland,Plains,Warm Temperate Moist,91,184,24,Warm Temperate Moist Grassland on Plains,#5BB818
1931,Vespa velutina,NA,"Oostkapelle, Steengrachtstraat, 4356 AP Oostkapelle, Nederland",inat,3.55,51.57,1.0425701141357422,767,-2,116,Cool Temperate,Moist,Cropland,Plains,Cool Temperate Moist,29,153,10,Cool Temperate Moist Cropland on Plains,#1D990A
1932,Vespa velutina,NL,NA,gbif,3.85,51.25,1.0390030860900878,773,1,116,Cool Temperate,Moist,Cropland,Plains,Cool Temperate Moist,29,153,10,Cool Temperate Moist Cropland on Plains,#1D990A
1933,Vespa velutina,NL,NA,gbif,5.1,51.35,0.9912364959716796,790,34,111,Cool Temperate,Moist,Forest,Plains,Cool Temperate Moist,1,109,0,Cool Temperate Moist Forest on Plains,#016D00
1934,Vespa velutina,NA,"Parc de l'Europe, 1466 Dommeldange Luxemburg, Luxembourg",inat,6.14,49.64,0.9220864295959472,866,314,105,Cool Temperate,Moist,Forest,Hills,Cool Temperate Moist,2,99,1,Cool Temperate Moist Forest on Hills,#026301
1935,Vespa velutina,NA,"22820 Plougrescant, France",inat,-3.21,48.84,1.1599252700805665,902,15,NA,NA,NA,NA,NA,NA,NA,NA,NA,NA,NA
1936,Vespa velutina,NA,"Jardin des Plantes, 75005 Paris, France",inat,2.36,48.84,1.144812488555908,641,46,169,Warm Temperate,Moist,Settlement,Hills,Warm Temperate Moist,136,158,52,Warm Temperate Moist Settlement on Hills,#889E34
1937,Vespa velutina,BE,NA,gbif,4.25,50.86,1.029301071166992,790,56,116,Cool Temperate,Moist,Cropland,Plains,Cool Temperate Moist,29,153,10,Cool Temperate Moist Cropland on Plains,#1D990A
1938,Vespa velutina,NA,"29410 Le Cloître-Saint-Thégonnec, France",inat,-3.8,48.48,1.053389549255371,1123,191,180,Warm Temperate,Moist,Forest,Tablelands,Warm Temperate Moist,69,72,136,Warm Temperate Moist Forest on Tablelands,#454888
1939,Vespa velutina,NA,"Rua Florbela Espanca, Amora, Lisboa, PT",inat,-9.13,38.61,1.6673786163330078,687,33,169,Warm Temperate,Moist,Settlement,Hills,Warm Temperate Moist,136,158,52,Warm Temperate Moist Settlement on Hills,#889E34
1940,Vespa velutina,NA,"Lotissement de la Ferme, 57350 Schœneck, Frankreich",inat,6.92,49.22,0.9382645606994628,919,236,105,Cool Temperate,Moist,Forest,Hills,Cool Temperate Moist,2,99,1,Cool Temperate Moist Forest on Hills,#026301
1941,Vespa velutina,NA,"27380 Charleval, France",inat,1.37,49.38,1.0165989875793455,719,77,110,Cool Temperate,Moist,Cropland,Hills,Cool Temperate Moist,33,144,30,Cool Temperate Moist Cropland on Hills,#21901E
1942,Vespa velutina,NA,"83110 Sanary-sur-Mer, France",inat,5.8,43.13,1.5043931961059571,638,62,172,Warm Temperate,Moist,Settlement,Mountains,Warm Temperate Moist,105,89,18,Warm Temperate Moist Settlement on Mountains,#695912
1943,Vespa velutina,BE,NA,gbif,3.59,50.74,1.0210312843322753,786,46,108,Cool Temperate,Moist,Settlement,Hills,Cool Temperate Moist,67,109,14,Cool Temperate Moist Settlement on Hills,#436D0E
1944,Vespa velutina,NA,"Frankfurt (Main) Bockenheimer Warte, 60325 Frankfurt am Main, Deutschland",inat,8.65,50.12,1.0215635299682615,620,104,161,Warm Temperate,Moist,Settlement,Plains,Warm Temperate Moist,163,170,28,Warm Temperate Moist Settlement on Plains,#A3AA1C
1945,Vespa velutina,PT,NA,gbif,-9.14,38.6,1.6673786163330078,687,49,169,Warm Temperate,Moist,Settlement,Hills,Warm Temperate Moist,136,158,52,Warm Temperate Moist Settlement on Hills,#889E34
1946,Vespa velutina,NL,NA,gbif,5.6,50.8,0.9857937812805176,820,104,116,Cool Temperate,Moist,Cropland,Plains,Cool Temperate Moist,29,153,10,Cool Temperate Moist Cropland on Plains,#1D990A
1947,Vespa velutina,NA,"54 Manderscheid, Deutschland",inat,6.81,50.09,0.8217854499816895,935,365,113,Cool Temperate,Moist,Settlement,Mountains,Cool Temperate Moist,61,67,0,Cool Temperate Moist Settlement on Mountains,#3D4300
1948,Vespa velutina,NA,"Nogent-sur-Oise, France",inat,2.48,49.28,1.0537302017211914,642,48,169,Warm Temperate,Moist,Settlement,Hills,Warm Temperate Moist,136,158,52,Warm Temperate Moist Settlement on Hills,#889E34
1949,Vespa velutina,BE,NA,gbif,4.1,51.11,1.0435916900634763,789,17,120,Cool Temperate,Moist,Settlement,Plains,Cool Temperate Moist,78,119,2,Cool Temperate Moist Settlement on Plains,#4E7702
1950,Vespa velutina,NA,"La Cité Médiévale, 11000 Carcassonne, France",inat,2.36,43.2,1.3533198356628418,694,118,173,Warm Temperate,Moist,Cropland,Mountains,Warm Temperate Moist,100,150,37,Warm Temperate Moist Cropland on Mountains,#649625
1951,Vespa velutina,NA,Oosterhout,inat,4.84,51.62,0.9868624687194824,799,8,111,Cool Temperate,Moist,Forest,Plains,Cool Temperate Moist,1,109,0,Cool Temperate Moist Forest on Plains,#016D00
1952,Vespa velutina,NA,"4750 Creixomil, Portugal",inat,-8.68,41.54,1.404978370666504,1497,95,173,Warm Temperate,Moist,Cropland,Mountains,Warm Temperate Moist,100,150,37,Warm Temperate Moist Cropland on Mountains,#649625
1953,Vespa velutina,BE,NA,gbif,4.38,51.1,1.039146900177002,785,10,116,Cool Temperate,Moist,Cropland,Plains,Cool Temperate Moist,29,153,10,Cool Temperate Moist Cropland on Plains,#1D990A
1954,Vespa velutina,NA,"Kasteel Westhove, Oostkapelle, Zeeland, NL",inat,3.52,51.57,1.0425701141357422,767,2,111,Cool Temperate,Moist,Forest,Plains,Cool Temperate Moist,1,109,0,Cool Temperate Moist Forest on Plains,#016D00
1955,Vespa velutina,BE,NA,gbif,4.39,51.13,1.039146900177002,785,17,120,Cool Temperate,Moist,Settlement,Plains,Cool Temperate Moist,78,119,2,Cool Temperate Moist Settlement on Plains,#4E7702
1956,Vespa velutina,BE,NA,gbif,4.82,50.92,1.0381396293640135,765,42,110,Cool Temperate,Moist,Cropland,Hills,Cool Temperate Moist,33,144,30,Cool Temperate Moist Cropland on Hills,#21901E
1957,Vespa velutina,NA,"Santiago de Compostela, Corunha, Espanha",inat,-8.54,42.88,1.3204468727111816,1585,275,172,Warm Temperate,Moist,Settlement,Mountains,Warm Temperate Moist,105,89,18,Warm Temperate Moist Settlement on Mountains,#695912
1958,Vespa velutina,NA,"91800 Brunoy, France",inat,2.51,48.7,1.082697868347168,638,76,169,Warm Temperate,Moist,Settlement,Hills,Warm Temperate Moist,136,158,52,Warm Temperate Moist Settlement on Hills,#889E34
1959,Vespa velutina,NA,"08635 Sant Esteve Sesrovires, Barcelona, España",inat,1.87,41.48,1.4701176643371583,644,136,171,Warm Temperate,Moist,Grassland,Mountains,Warm Temperate Moist,86,129,14,Warm Temperate Moist Grassland on Mountains,#56810E
1960,Vespa velutina,DE,NA,gbif,8.24,50,1.0134291648864746,587,95,110,Cool Temperate,Moist,Cropland,Hills,Cool Temperate Moist,33,144,30,Cool Temperate Moist Cropland on Hills,#21901E
1961,Vespa velutina,BE,NA,gbif,3.59,50.81,1.0210312843322753,786,41,114,Cool Temperate,Moist,Grassland,Hills,Cool Temperate Moist,22,124,10,Cool Temperate Moist Grassland on Hills,#167C0A
1962,Vespa velutina,BE,NA,gbif,3.64,50.84,1.0466250419616698,795,42,110,Cool Temperate,Moist,Cropland,Hills,Cool Temperate Moist,33,144,30,Cool Temperate Moist Cropland on Hills,#21901E
1963,Vespa velutina,NL,NA,gbif,5.15,52,0.9610124588012696,776,1,128,Cool Temperate,Moist,Grassland,Plains,Cool Temperate Moist,22,133,0,Cool Temperate Moist Grassland on Plains,#168500
1964,Vespa velutina,NA,"Saint-Gildas-de-Rhuys, Frankreich",inat,-2.86,47.53,1.2329958915710448,873,7,159,Warm Temperate,Moist,Grassland,Plains,Warm Temperate Moist,91,184,24,Warm Temperate Moist Grassland on Plains,#5BB818
1965,Vespa velutina,BE,NA,gbif,4.61,51.39,1.0171833038330078,811,16,116,Cool Temperate,Moist,Cropland,Plains,Cool Temperate Moist,29,153,10,Cool Temperate Moist Cropland on Plains,#1D990A
1966,Vespa velutina,NL,NA,gbif,3.9,51.45,1.0314996719360352,800,-2,116,Cool Temperate,Moist,Cropland,Plains,Cool Temperate Moist,29,153,10,Cool Temperate Moist Cropland on Plains,#1D990A
1967,Vespa velutina,CH,NA,gbif,6.14,46.23,0.973855209350586,1039,396,110,Cool Temperate,Moist,Cropland,Hills,Cool Temperate Moist,33,144,30,Cool Temperate Moist Cropland on Hills,#21901E
1968,Vespa velutina,BE,NA,gbif,4.42,51.2,1.0570364952087403,798,12,161,Warm Temperate,Moist,Settlement,Plains,Warm Temperate Moist,163,170,28,Warm Temperate Moist Settlement on Plains,#A3AA1C
1969,Vespa velutina,BE,NA,gbif,5.58,51.1,0.9810802459716796,756,70,116,Cool Temperate,Moist,Cropland,Plains,Cool Temperate Moist,29,153,10,Cool Temperate Moist Cropland on Plains,#1D990A
1970,Vespa velutina,NA,"3810-193 Aveiro, Portugal",inat,-8.66,40.64,1.4932135581970214,978,3,161,Warm Temperate,Moist,Settlement,Plains,Warm Temperate Moist,163,170,28,Warm Temperate Moist Settlement on Plains,#A3AA1C
1971,Vespa velutina,BE,NA,gbif,4.52,50.82,1.0064770698547365,782,89,108,Cool Temperate,Moist,Settlement,Hills,Cool Temperate Moist,67,109,14,Cool Temperate Moist Settlement on Hills,#436D0E
1972,Vespa velutina,BE,NA,gbif,4.48,51,1.0497979164123534,783,8,120,Cool Temperate,Moist,Settlement,Plains,Cool Temperate Moist,78,119,2,Cool Temperate Moist Settlement on Plains,#4E7702
1973,Vespa velutina,BE,NA,gbif,4.19,51.19,1.0467052459716797,796,11,116,Cool Temperate,Moist,Cropland,Plains,Cool Temperate Moist,29,153,10,Cool Temperate Moist Cropland on Plains,#1D990A
1974,Vespa velutina,NA,"08205 Sabadell, Barcelona, España",inat,2.08,41.55,1.4473604202270507,676,218,172,Warm Temperate,Moist,Settlement,Mountains,Warm Temperate Moist,105,89,18,Warm Temperate Moist Settlement on Mountains,#695912
1975,Vespa velutina,NL,NA,gbif,5.05,51.6,0.9860114097595216,794,14,116,Cool Temperate,Moist,Cropland,Plains,Cool Temperate Moist,29,153,10,Cool Temperate Moist Cropland on Plains,#1D990A
1976,Vespa velutina,BE,NA,gbif,2.93,51.24,1.010472011566162,727,-1,NA,NA,NA,NA,NA,NA,NA,NA,NA,NA,NA
1977,Vespa velutina,NA,"Frileuse, 76610 Le Havre, France",inat,0.15,49.51,1.1144232749938965,755,45,177,Warm Temperate,Moist,Settlement,Tablelands,Warm Temperate Moist,62,63,152,Warm Temperate Moist Settlement on Tablelands,#3E3F98
1978,Vespa velutina,BE,NA,gbif,4.46,51.18,1.0570364952087403,798,13,116,Cool Temperate,Moist,Cropland,Plains,Cool Temperate Moist,29,153,10,Cool Temperate Moist Cropland on Plains,#1D990A
1979,Vespa velutina,NA,"Manresa, Barcelona, Espanya",inat,1.84,41.74,1.3732572555541993,631,265,172,Warm Temperate,Moist,Settlement,Mountains,Warm Temperate Moist,105,89,18,Warm Temperate Moist Settlement on Mountains,#695912
1980,Vespa velutina,BE,NA,gbif,3.75,51.04,1.0652593612670898,792,9,161,Warm Temperate,Moist,Settlement,Plains,Warm Temperate Moist,163,170,28,Warm Temperate Moist Settlement on Plains,#A3AA1C
1981,Vespa velutina,NA,"Sicó/Alvaiazere, Pussos, Centro, PT",inat,-8.39,39.78,1.5509208679199218,853,286,173,Warm Temperate,Moist,Cropland,Mountains,Warm Temperate Moist,100,150,37,Warm Temperate Moist Cropland on Mountains,#649625
1982,Vespa velutina,NA,"Estrada circular à zona industrial (0,03 km) Nº 2, 2560-177 Pte. do Rol, Portugal",inat,-9.32,39.09,1.581683349609375,685,50,169,Warm Temperate,Moist,Settlement,Hills,Warm Temperate Moist,136,158,52,Warm Temperate Moist Settlement on Hills,#889E34
1983,Vespa velutina,BE,NA,gbif,3.19,50.98,1.0385656356811523,780,26,116,Cool Temperate,Moist,Cropland,Plains,Cool Temperate Moist,29,153,10,Cool Temperate Moist Cropland on Plains,#1D990A
1984,Vespa velutina,FR,NA,gbif,1.63,50.68,1.0584751129150392,595,46,169,Warm Temperate,Moist,Settlement,Hills,Warm Temperate Moist,136,158,52,Warm Temperate Moist Settlement on Hills,#889E34
1985,Vespa velutina,NA,"76307 Karlsbad-Spielberg, Deutschland",inat,8.47,48.9,0.9595218658447264,1036,304,129,Cool Temperate,Moist,Settlement,Tablelands,Cool Temperate Moist,47,63,130,Cool Temperate Moist Settlement on Tablelands,#2F3F82
1986,Vespa velutina,BE,NA,gbif,5.59,51.04,0.9810802459716796,756,76,116,Cool Temperate,Moist,Cropland,Plains,Cool Temperate Moist,29,153,10,Cool Temperate Moist Cropland on Plains,#1D990A
1987,Vespa velutina,BE,NA,gbif,5.33,50.95,1.0412812232971191,790,33,120,Cool Temperate,Moist,Settlement,Plains,Cool Temperate Moist,78,119,2,Cool Temperate Moist Settlement on Plains,#4E7702
1988,Vespa velutina,NL,NA,gbif,6,51.15,1.0012770652770997,719,28,116,Cool Temperate,Moist,Cropland,Plains,Cool Temperate Moist,29,153,10,Cool Temperate Moist Cropland on Plains,#1D990A
1989,Vespa velutina,BE,NA,gbif,2.76,50.78,1.0040645599365234,718,76,114,Cool Temperate,Moist,Grassland,Hills,Cool Temperate Moist,22,124,10,Cool Temperate Moist Grassland on Hills,#167C0A
1990,Vespa velutina,NA,"Timmermans, 1190 Forest, Belgique",inat,4.34,50.82,1.0074718475341795,805,61,169,Warm Temperate,Moist,Settlement,Hills,Warm Temperate Moist,136,158,52,Warm Temperate Moist Settlement on Hills,#889E34
1991,Vespa velutina,BE,NA,gbif,4.79,51.26,1.0255916595458985,796,17,120,Cool Temperate,Moist,Settlement,Plains,Cool Temperate Moist,78,119,2,Cool Temperate Moist Settlement on Plains,#4E7702
1992,Vespa velutina,NA,"Schiltigheim, France",inat,7.71,48.61,1.061342716217041,735,148,161,Warm Temperate,Moist,Settlement,Plains,Warm Temperate Moist,163,170,28,Warm Temperate Moist Settlement on Plains,#A3AA1C
1993,Vespa velutina,BE,NA,gbif,3.67,50.98,1.0391103744506835,795,6,160,Warm Temperate,Moist,Cropland,Plains,Warm Temperate Moist,105,207,54,Warm Temperate Moist Cropland on Plains,#69CF36
1994,Vespa velutina,BE,NA,gbif,4.74,50.99,1.0381396293640135,765,16,120,Cool Temperate,Moist,Settlement,Plains,Cool Temperate Moist,78,119,2,Cool Temperate Moist Settlement on Plains,#4E7702
1995,Vespa velutina,BE,NA,gbif,5.09,50.72,1.0245490074157717,768,98,110,Cool Temperate,Moist,Cropland,Hills,Cool Temperate Moist,33,144,30,Cool Temperate Moist Cropland on Hills,#21901E
1996,Vespa velutina,BE,NA,gbif,4.03,50.94,1.040187454223633,782,14,120,Cool Temperate,Moist,Settlement,Plains,Cool Temperate Moist,78,119,2,Cool Temperate Moist Settlement on Plains,#4E7702
1997,Vespa velutina,NA,"Schonberg, 69009 Lyon, France",inat,4.83,45.8,1.1392176628112791,829,234,173,Warm Temperate,Moist,Cropland,Mountains,Warm Temperate Moist,100,150,37,Warm Temperate Moist Cropland on Mountains,#649625
1998,Vespa velutina,NL,NA,gbif,5.9,50.9,0.9916646003723144,781,83,110,Cool Temperate,Moist,Cropland,Hills,Cool Temperate Moist,33,144,30,Cool Temperate Moist Cropland on Hills,#21901E
1999,Vespa velutina,NA,"85290 Saint-Laurent-sur-Sèvre, France",inat,-0.9,46.97,1.124171829223633,813,136,168,Warm Temperate,Moist,Cropland,Hills,Warm Temperate Moist,112,198,86,Warm Temperate Moist Cropland on Hills,#70C656
2000,Vespa velutina,BE,NA,gbif,5.32,50.96,1.0412812232971191,790,33,111,Cool Temperate,Moist,Forest,Plains,Cool Temperate Moist,1,109,0,Cool Temperate Moist Forest on Plains,#016D00
2001,Vespa velutina,NL,NA,gbif,6,51.25,1.0026583671569824,734,18,116,Cool Temperate,Moist,Cropland,Plains,Cool Temperate Moist,29,153,10,Cool Temperate Moist Cropland on Plains,#1D990A
2002,Vespa velutina,BE,NA,gbif,4.39,51.14,1.039146900177002,785,13,120,Cool Temperate,Moist,Settlement,Plains,Cool Temperate Moist,78,119,2,Cool Temperate Moist Settlement on Plains,#4E7702
2003,Vespa velutina,BE,NA,gbif,4.2,50.68,1.0301885604858398,788,57,110,Cool Temperate,Moist,Cropland,Hills,Cool Temperate Moist,33,144,30,Cool Temperate Moist Cropland on Hills,#21901E
2004,Vespa velutina,BE,NA,gbif,4.49,51.01,1.039146900177002,785,7,116,Cool Temperate,Moist,Cropland,Plains,Cool Temperate Moist,29,153,10,Cool Temperate Moist Cropland on Plains,#1D990A
2005,Vespa velutina,NL,NA,gbif,5.25,51.6,0.9838749885559082,773,9,116,Cool Temperate,Moist,Cropland,Plains,Cool Temperate Moist,29,153,10,Cool Temperate Moist Cropland on Plains,#1D990A
2006,Vespa velutina,DE,NA,gbif,8.36,49.62,1.063585376739502,617,95,161,Warm Temperate,Moist,Settlement,Plains,Warm Temperate Moist,163,170,28,Warm Temperate Moist Settlement on Plains,#A3AA1C
2007,Vespa velutina,BE,NA,gbif,3.69,51.08,1.0652593612670898,792,6,120,Cool Temperate,Moist,Settlement,Plains,Cool Temperate Moist,78,119,2,Cool Temperate Moist Settlement on Plains,#4E7702
2008,Vespa velutina,BE,NA,gbif,4.95,51.28,1.02982816696167,791,19,116,Cool Temperate,Moist,Cropland,Plains,Cool Temperate Moist,29,153,10,Cool Temperate Moist Cropland on Plains,#1D990A
2009,Vespa velutina,NA,"8466 Eischen Habscht, Luxemburg",inat,5.88,49.69,0.8880406379699707,893,335,114,Cool Temperate,Moist,Grassland,Hills,Cool Temperate Moist,22,124,10,Cool Temperate Moist Grassland on Hills,#167C0A
2010,Vespa velutina,NA,Gelsenkirchen,inat,7.04,51.53,1.0221354484558105,872,37,161,Warm Temperate,Moist,Settlement,Plains,Warm Temperate Moist,163,170,28,Warm Temperate Moist Settlement on Plains,#A3AA1C
2011,Vespa velutina,NA,"Groix, France",inat,-3.44,47.64,1.226770782470703,914,-1,NA,NA,NA,NA,NA,NA,NA,NA,NA,NA,NA
2012,Vespa velutina,BE,NA,gbif,3.43,50.89,1.0440187454223633,791,12,120,Cool Temperate,Moist,Settlement,Plains,Cool Temperate Moist,78,119,2,Cool Temperate Moist Settlement on Plains,#4E7702
2013,Vespa velutina,BE,NA,gbif,4.38,50.84,1.0497979164123534,783,68,169,Warm Temperate,Moist,Settlement,Hills,Warm Temperate Moist,136,158,52,Warm Temperate Moist Settlement on Hills,#889E34
2014,Vespa velutina,BE,NA,gbif,4.41,51.16,1.039146900177002,785,11,116,Cool Temperate,Moist,Cropland,Plains,Cool Temperate Moist,29,153,10,Cool Temperate Moist Cropland on Plains,#1D990A
2015,Vespa velutina,BE,NA,gbif,4.31,50.94,1.029301071166992,790,44,120,Cool Temperate,Moist,Settlement,Plains,Cool Temperate Moist,78,119,2,Cool Temperate Moist Settlement on Plains,#4E7702
2016,Vespa velutina,NA,"Descente à la Mer, 62200 Boulogne-sur-Mer, Francie",inat,1.59,50.74,1.0584751129150392,595,27,NA,NA,NA,NA,NA,NA,NA,NA,NA,NA,NA
2017,Vespa velutina,BE,NA,gbif,4.53,50.75,1.0064770698547365,782,82,102,Cool Temperate,Moist,Cropland,Tablelands,Cool Temperate Moist,99,97,160,Cool Temperate Moist Cropland on Tablelands,#6361A0
2018,Vespa velutina,NA,"Codol·lar al riu Fluvià, Besalú, Girona, Espanya",inat,2.72,42.2,1.331750011444092,707,155,173,Warm Temperate,Moist,Cropland,Mountains,Warm Temperate Moist,100,150,37,Warm Temperate Moist Cropland on Mountains,#649625
2019,Vespa velutina,BE,NA,gbif,5.52,51.13,0.9810802459716796,756,61,116,Cool Temperate,Moist,Cropland,Plains,Cool Temperate Moist,29,153,10,Cool Temperate Moist Cropland on Plains,#1D990A
2020,Vespa velutina,NL,NA,gbif,5.65,50.8,0.9857937812805176,820,97,102,Cool Temperate,Moist,Cropland,Tablelands,Cool Temperate Moist,99,97,160,Cool Temperate Moist Cropland on Tablelands,#6361A0
2021,Vespa velutina,NA,"Polderbaan, Ninove, East Flanders, BE",inat,4.02,50.84,1.040187454223633,782,20,120,Cool Temperate,Moist,Settlement,Plains,Cool Temperate Moist,78,119,2,Cool Temperate Moist Settlement on Plains,#4E7702
2022,Vespa velutina,FR,NA,gbif,2.31,51.03,1.0846805572509766,656,3,161,Warm Temperate,Moist,Settlement,Plains,Warm Temperate Moist,163,170,28,Warm Temperate Moist Settlement on Plains,#A3AA1C
2023,Vespa velutina,BE,NA,gbif,4.42,51.2,1.0570364952087403,798,12,161,Warm Temperate,Moist,Settlement,Plains,Warm Temperate Moist,163,170,28,Warm Temperate Moist Settlement on Plains,#A3AA1C
2024,Vespa velutina,BE,NA,gbif,3.43,50.83,1.0314833641052246,767,32,116,Cool Temperate,Moist,Cropland,Plains,Cool Temperate Moist,29,153,10,Cool Temperate Moist Cropland on Plains,#1D990A
2025,Vespa velutina,NL,NA,gbif,5.15,52,0.9610124588012696,776,1,128,Cool Temperate,Moist,Grassland,Plains,Cool Temperate Moist,22,133,0,Cool Temperate Moist Grassland on Plains,#168500
2026,Vespa velutina,BE,NA,gbif,4.44,51.2,1.0570364952087403,798,11,161,Warm Temperate,Moist,Settlement,Plains,Warm Temperate Moist,163,170,28,Warm Temperate Moist Settlement on Plains,#A3AA1C
2027,Vespa velutina,BE,NA,gbif,4.43,51.3,1.0570364952087403,798,6,120,Cool Temperate,Moist,Settlement,Plains,Cool Temperate Moist,78,119,2,Cool Temperate Moist Settlement on Plains,#4E7702
2028,Vespa velutina,NA,"Sotos y Riberas del Ebro, Cenicero, La Rioja, ES",inat,-2.64,42.48,1.1776573181152343,500,463,185,Warm Temperate,Dry,Settlement,Mountains,Warm Temperate Dry,144,124,59,Warm Temperate Dry Settlement on Mountains,#907C3B
2029,Vespa velutina,NL,NA,gbif,4.9,51.65,0.9868624687194824,799,1,128,Cool Temperate,Moist,Grassland,Plains,Cool Temperate Moist,22,133,0,Cool Temperate Moist Grassland on Plains,#168500
2030,Vespa velutina,NA,"Mönchengladbach Alleestraße, 41065 Mönchengladbach, Deutschland",inat,6.45,51.19,1.0271656036376953,737,55,161,Warm Temperate,Moist,Settlement,Plains,Warm Temperate Moist,163,170,28,Warm Temperate Moist Settlement on Plains,#A3AA1C
2031,Vespa velutina,NA,"Odèn, Lerida, ES",inat,1.45,42.14,1.05906982421875,784,1550,97,Cool Temperate,Moist,Forest,Mountains,Cool Temperate Moist,6,64,0,Cool Temperate Moist Forest on Mountains,#064000
2032,Vespa velutina,BE,NA,gbif,4.37,50.91,1.0497979164123534,783,41,161,Warm Temperate,Moist,Settlement,Plains,Warm Temperate Moist,163,170,28,Warm Temperate Moist Settlement on Plains,#A3AA1C
2033,Vespa velutina,NA,"33470 Gujan-Mestras, France",inat,-1.07,44.64,1.294166660308838,944,5,161,Warm Temperate,Moist,Settlement,Plains,Warm Temperate Moist,163,170,28,Warm Temperate Moist Settlement on Plains,#A3AA1C
2034,Vespa velutina,NA,"Chaperon Vert, 94110 Arcueil, France",inat,2.34,48.81,1.1437250137329102,632,73,169,Warm Temperate,Moist,Settlement,Hills,Warm Temperate Moist,136,158,52,Warm Temperate Moist Settlement on Hills,#889E34
2035,Vespa velutina,NL,NA,gbif,4.65,51.5,1.0171833038330078,811,10,116,Cool Temperate,Moist,Cropland,Plains,Cool Temperate Moist,29,153,10,Cool Temperate Moist Cropland on Plains,#1D990A
2036,Vespa velutina,NL,NA,gbif,4.4,51.55,1.0125802040100098,791,-1,116,Cool Temperate,Moist,Cropland,Plains,Cool Temperate Moist,29,153,10,Cool Temperate Moist Cropland on Plains,#1D990A
2037,Vespa velutina,NA,"Rue du Commerce, Eckbolsheim, Grand Est, FR",inat,7.69,48.58,1.061342716217041,735,141,161,Warm Temperate,Moist,Settlement,Plains,Warm Temperate Moist,163,170,28,Warm Temperate Moist Settlement on Plains,#A3AA1C
2038,Vespa velutina,NA,"Escadas do Monte, 1170-252 Lisboa, Portugal",inat,-9.13,38.72,1.6865142822265624,703,48,169,Warm Temperate,Moist,Settlement,Hills,Warm Temperate Moist,136,158,52,Warm Temperate Moist Settlement on Hills,#889E34
2039,Vespa velutina,BE,NA,gbif,4.57,51.15,1.0294468879699707,777,6,128,Cool Temperate,Moist,Grassland,Plains,Cool Temperate Moist,22,133,0,Cool Temperate Moist Grassland on Plains,#168500
2040,Vespa velutina,BE,NA,gbif,3.32,50.84,1.0385656356811523,780,13,NA,NA,NA,NA,NA,NA,NA,NA,NA,NA,NA
2041,Vespa velutina,BE,NA,gbif,4.87,50.47,0.9631041526794434,813,125,108,Cool Temperate,Moist,Settlement,Hills,Cool Temperate Moist,67,109,14,Cool Temperate Moist Settlement on Hills,#436D0E
2042,Vespa velutina,NL,NA,gbif,5.75,51.8,0.9782135009765623,760,9,116,Cool Temperate,Moist,Cropland,Plains,Cool Temperate Moist,29,153,10,Cool Temperate Moist Cropland on Plains,#1D990A
2043,Vespa velutina,NA,NA,inat,6.05,49.48,0.9359707832336426,862,343,105,Cool Temperate,Moist,Forest,Hills,Cool Temperate Moist,2,99,1,Cool Temperate Moist Forest on Hills,#026301
2044,Vespa velutina,NL,NA,gbif,5.05,51.5,0.9912364959716796,790,19,128,Cool Temperate,Moist,Grassland,Plains,Cool Temperate Moist,22,133,0,Cool Temperate Moist Grassland on Plains,#168500
2045,Vespa velutina,NL,NA,gbif,4.75,51.55,1.0014093399047852,815,7,128,Cool Temperate,Moist,Grassland,Plains,Cool Temperate Moist,22,133,0,Cool Temperate Moist Grassland on Plains,#168500
2046,Vespa velutina,NA,"Frankenthal (Pfalz), DE-RP, DE",inat,8.37,49.52,1.063585376739502,617,92,160,Warm Temperate,Moist,Cropland,Plains,Warm Temperate Moist,105,207,54,Warm Temperate Moist Cropland on Plains,#69CF36
2047,Vespa velutina,BE,NA,gbif,3.51,50.88,1.0466250419616698,795,54,116,Cool Temperate,Moist,Cropland,Plains,Cool Temperate Moist,29,153,10,Cool Temperate Moist Cropland on Plains,#1D990A
2048,Vespa velutina,BE,NA,gbif,5.09,51.06,1.056958293914795,792,28,120,Cool Temperate,Moist,Settlement,Plains,Cool Temperate Moist,78,119,2,Cool Temperate Moist Settlement on Plains,#4E7702
2049,Vespa velutina,NA,"62179 Wissant, France",inat,1.65,50.88,1.037075901031494,582,20,168,Warm Temperate,Moist,Cropland,Hills,Warm Temperate Moist,112,198,86,Warm Temperate Moist Cropland on Hills,#70C656
2050,Vespa velutina,BE,NA,gbif,3.19,50.91,1.0385656356811523,780,21,120,Cool Temperate,Moist,Settlement,Plains,Cool Temperate Moist,78,119,2,Cool Temperate Moist Settlement on Plains,#4E7702
2051,Vespa velutina,NA,"Braine-le-Comte, 7090 Braine-le-Comte, Belgique",inat,4.18,50.6,1.0024656295776366,801,119,101,Cool Temperate,Moist,Forest,Tablelands,Cool Temperate Moist,71,89,181,Cool Temperate Moist Forest on Tablelands,#4759B5
2052,Vespa velutina,NL,NA,gbif,3.9,51.25,1.0390030860900878,773,2,116,Cool Temperate,Moist,Cropland,Plains,Cool Temperate Moist,29,153,10,Cool Temperate Moist Cropland on Plains,#1D990A
2053,Vespa velutina,NA,"Comunidad Foral de Navarra, ES-NA-NV, ES",inat,-1.65,42.8,1.167131233215332,809,430,172,Warm Temperate,Moist,Settlement,Mountains,Warm Temperate Moist,105,89,18,Warm Temperate Moist Settlement on Mountains,#695912
2054,Vespa velutina,NL,NA,gbif,5.45,51.4,0.9980051994323732,773,21,111,Cool Temperate,Moist,Forest,Plains,Cool Temperate Moist,1,109,0,Cool Temperate Moist Forest on Plains,#016D00
2055,Vespa velutina,NA,"Parc de l'Europe, 1466 Dommeldange Luxemburg, Luxembourg",inat,6.15,49.64,0.9220864295959472,866,314,105,Cool Temperate,Moist,Forest,Hills,Cool Temperate Moist,2,99,1,Cool Temperate Moist Forest on Hills,#026301
2056,Vespa velutina,NA,"Elexalde, Leioa, Bizkaia, Spain",inat,-2.97,43.33,1.3535219192504884,1158,74,172,Warm Temperate,Moist,Settlement,Mountains,Warm Temperate Moist,105,89,18,Warm Temperate Moist Settlement on Mountains,#695912
2057,Vespa velutina,NL,NA,gbif,5.4,51.6,0.9877718925476074,767,10,111,Cool Temperate,Moist,Forest,Plains,Cool Temperate Moist,1,109,0,Cool Temperate Moist Forest on Plains,#016D00
2058,Vespa velutina,NA,"Mape, Busturia, Bizkaia, ES",inat,-2.71,43.37,1.3266465187072751,1220,161,176,Warm Temperate,Moist,Forest,Mountains,Warm Temperate Moist,49,105,3,Warm Temperate Moist Forest on Mountains,#316903
2059,Vespa velutina,NL,NA,gbif,5.4,51.45,0.9980051994323732,773,20,120,Cool Temperate,Moist,Settlement,Plains,Cool Temperate Moist,78,119,2,Cool Temperate Moist Settlement on Plains,#4E7702
2060,Vespa velutina,NL,NA,gbif,3.95,51.45,1.0314996719360352,800,-2,NA,NA,NA,NA,NA,NA,NA,NA,NA,NA,NA
2061,Vespa velutina,NA,"Pelikaan, Ridderkerk, Zuid-Holland, NL",inat,4.62,51.86,0.9911375045776368,858,-1,120,Cool Temperate,Moist,Settlement,Plains,Cool Temperate Moist,78,119,2,Cool Temperate Moist Settlement on Plains,#4E7702
2062,Vespa velutina,NA,"08490 Tordera, Barcelona, España",inat,2.75,41.73,1.4641207695007323,743,132,176,Warm Temperate,Moist,Forest,Mountains,Warm Temperate Moist,49,105,3,Warm Temperate Moist Forest on Mountains,#316903
2063,Vespa velutina,NA,"34970 Lattes, France",inat,3.9,43.56,1.481810665130615,645,5,161,Warm Temperate,Moist,Settlement,Plains,Warm Temperate Moist,163,170,28,Warm Temperate Moist Settlement on Plains,#A3AA1C
2064,Vespa velutina,NL,NA,gbif,5.85,50.85,0.9916646003723144,781,116,110,Cool Temperate,Moist,Cropland,Hills,Cool Temperate Moist,33,144,30,Cool Temperate Moist Cropland on Hills,#21901E
2065,Vespa velutina,NL,NA,gbif,5.05,52,0.9610124588012696,776,1,128,Cool Temperate,Moist,Grassland,Plains,Cool Temperate Moist,22,133,0,Cool Temperate Moist Grassland on Plains,#168500
2066,Vespa velutina,NA,"Bel-Air, 75012 Paris, France",inat,2.42,48.83,1.1437250137329102,632,50,166,Warm Temperate,Moist,Forest,Plains,Warm Temperate Moist,45,158,6,Warm Temperate Moist Forest on Plains,#2D9E06
2067,Vespa velutina,NA,"Steinbruchstraße - Köngen, 73257 Köngen, Deutschland",inat,9.37,48.69,0.9031718254089356,865,283,108,Cool Temperate,Moist,Settlement,Hills,Cool Temperate Moist,67,109,14,Cool Temperate Moist Settlement on Hills,#436D0E
2068,Vespa velutina,BE,NA,gbif,4.83,51.12,1.0428604125976562,774,11,116,Cool Temperate,Moist,Cropland,Plains,Cool Temperate Moist,29,153,10,Cool Temperate Moist Cropland on Plains,#1D990A
2069,Vespa velutina,BE,NA,gbif,3.71,51.05,1.0652593612670898,792,9,120,Cool Temperate,Moist,Settlement,Plains,Cool Temperate Moist,78,119,2,Cool Temperate Moist Settlement on Plains,#4E7702
2070,Vespa velutina,BE,NA,gbif,4.02,50.9,1.040187454223633,782,26,116,Cool Temperate,Moist,Cropland,Plains,Cool Temperate Moist,29,153,10,Cool Temperate Moist Cropland on Plains,#1D990A
2071,Vespa velutina,NL,NA,gbif,4.15,51.85,0.9975513458251952,810,-2,116,Cool Temperate,Moist,Cropland,Plains,Cool Temperate Moist,29,153,10,Cool Temperate Moist Cropland on Plains,#1D990A
2072,Vespa velutina,NA,"2080 Almeirim, Portugal",inat,-8.62,39.21,1.6496406555175782,696,22,161,Warm Temperate,Moist,Settlement,Plains,Warm Temperate Moist,163,170,28,Warm Temperate Moist Settlement on Plains,#A3AA1C
2073,Vespa velutina,BE,NA,gbif,5.61,50.92,0.9943770408630372,774,101,111,Cool Temperate,Moist,Forest,Plains,Cool Temperate Moist,1,109,0,Cool Temperate Moist Forest on Plains,#016D00
2074,Vespa velutina,FR,NA,gbif,2.28,50.71,1.0343145370483398,673,39,110,Cool Temperate,Moist,Cropland,Hills,Cool Temperate Moist,33,144,30,Cool Temperate Moist Cropland on Hills,#21901E
2075,Vespa velutina,BE,NA,gbif,4.93,51.02,1.0535478591918943,777,18,160,Warm Temperate,Moist,Cropland,Plains,Warm Temperate Moist,105,207,54,Warm Temperate Moist Cropland on Plains,#69CF36
2076,Vespa velutina,NA,"Luxembourg, LU-LU, LU",inat,6.13,49.59,0.9220864295959472,866,290,108,Cool Temperate,Moist,Settlement,Hills,Cool Temperate Moist,67,109,14,Cool Temperate Moist Settlement on Hills,#436D0E
2077,Vespa velutina,BE,NA,gbif,4.48,51.03,1.039146900177002,785,5,120,Cool Temperate,Moist,Settlement,Plains,Cool Temperate Moist,78,119,2,Cool Temperate Moist Settlement on Plains,#4E7702
2078,Vespa velutina,NA,"Strada prov. Val Corsaglia, Vicoforte (CN)",inat,7.84,44.34,1.272660446166992,698,634,176,Warm Temperate,Moist,Forest,Mountains,Warm Temperate Moist,49,105,3,Warm Temperate Moist Forest on Mountains,#316903
2079,Vespa velutina,BE,NA,gbif,4.44,51.18,1.0570364952087403,798,14,120,Cool Temperate,Moist,Settlement,Plains,Cool Temperate Moist,78,119,2,Cool Temperate Moist Settlement on Plains,#4E7702
2080,Vespa velutina,BE,NA,gbif,4.18,51.17,1.0467052459716797,796,16,116,Cool Temperate,Moist,Cropland,Plains,Cool Temperate Moist,29,153,10,Cool Temperate Moist Cropland on Plains,#1D990A
2081,Vespa velutina,FR,NA,gbif,-1.93,47.13,1.2240358352661134,778,17,160,Warm Temperate,Moist,Cropland,Plains,Warm Temperate Moist,105,207,54,Warm Temperate Moist Cropland on Plains,#69CF36
2082,Vespa velutina,NA,Saint-Denis,inat,2.36,48.93,1.144812488555908,641,34,161,Warm Temperate,Moist,Settlement,Plains,Warm Temperate Moist,163,170,28,Warm Temperate Moist Settlement on Plains,#A3AA1C
2083,Vespa velutina,BE,NA,gbif,4.42,51.28,1.0570364952087403,798,3,120,Cool Temperate,Moist,Settlement,Plains,Cool Temperate Moist,78,119,2,Cool Temperate Moist Settlement on Plains,#4E7702
2084,Vespa velutina,BE,NA,gbif,4.46,51.18,1.0570364952087403,798,13,116,Cool Temperate,Moist,Cropland,Plains,Cool Temperate Moist,29,153,10,Cool Temperate Moist Cropland on Plains,#1D990A
2085,Vespa velutina,BE,NA,gbif,3.71,51.06,1.0652593612670898,792,8,120,Cool Temperate,Moist,Settlement,Plains,Cool Temperate Moist,78,119,2,Cool Temperate Moist Settlement on Plains,#4E7702
2086,Vespa velutina,NA,"Naturpark Oewersauer, Grumelscheid, Distrikt Diekirch, LU",inat,5.87,49.99,0.8336134910583496,929,441,102,Cool Temperate,Moist,Cropland,Tablelands,Cool Temperate Moist,99,97,160,Cool Temperate Moist Cropland on Tablelands,#6361A0
2087,Vespa velutina,CH,NA,gbif,7.58,47.56,1.0200145721435547,805,275,169,Warm Temperate,Moist,Settlement,Hills,Warm Temperate Moist,136,158,52,Warm Temperate Moist Settlement on Hills,#889E34
2088,Vespa velutina,BE,NA,gbif,5.09,51.07,1.056958293914795,792,28,120,Cool Temperate,Moist,Settlement,Plains,Cool Temperate Moist,78,119,2,Cool Temperate Moist Settlement on Plains,#4E7702
2089,Vespa velutina,NA,"5074 RB Biezenmortel, Nederland",inat,5.18,51.63,0.9838749885559082,773,9,116,Cool Temperate,Moist,Cropland,Plains,Cool Temperate Moist,29,153,10,Cool Temperate Moist Cropland on Plains,#1D990A
2090,Vespa velutina,NA,"Altafulla, Tarragona, España",inat,1.38,41.14,1.5755468368530274,540,11,191,Warm Temperate,Dry,Settlement,Hills,Warm Temperate Dry,173,187,99,Warm Temperate Dry Settlement on Hills,#ADBB63
2091,Vespa velutina,BE,NA,gbif,3.75,51.18,1.0463364601135254,769,5,120,Cool Temperate,Moist,Settlement,Plains,Cool Temperate Moist,78,119,2,Cool Temperate Moist Settlement on Plains,#4E7702
2092,Vespa velutina,NA,"Le Parc de Saint-Maur, Saint-Maur-des-Fossés, Francia",inat,2.49,48.8,1.1437250137329102,632,36,161,Warm Temperate,Moist,Settlement,Plains,Warm Temperate Moist,163,170,28,Warm Temperate Moist Settlement on Plains,#A3AA1C
2093,Vespa velutina,NA,"Neu-Moresnet, Kelmis, Belgien",inat,6.02,50.72,0.9450010299682616,907,237,108,Cool Temperate,Moist,Settlement,Hills,Cool Temperate Moist,67,109,14,Cool Temperate Moist Settlement on Hills,#436D0E
2094,Vespa velutina,BE,NA,gbif,5.78,51.11,1.0033124923706054,720,31,116,Cool Temperate,Moist,Cropland,Plains,Cool Temperate Moist,29,153,10,Cool Temperate Moist Cropland on Plains,#1D990A
2095,Vespa velutina,NL,NA,gbif,5.6,51.55,0.9889708518981932,754,14,116,Cool Temperate,Moist,Cropland,Plains,Cool Temperate Moist,29,153,10,Cool Temperate Moist Cropland on Plains,#1D990A
2096,Vespa velutina,BE,NA,gbif,5.56,50.45,0.9149698257446288,929,180,105,Cool Temperate,Moist,Forest,Hills,Cool Temperate Moist,2,99,1,Cool Temperate Moist Forest on Hills,#026301
2097,Vespa velutina,NA,"4775-273 Viatodos, Portugal",inat,-8.56,41.46,1.4215146064758302,1449,92,173,Warm Temperate,Moist,Cropland,Mountains,Warm Temperate Moist,100,150,37,Warm Temperate Moist Cropland on Mountains,#649625
2098,Vespa velutina,DE,NA,gbif,6.06,50.79,0.9450010299682616,907,185,108,Cool Temperate,Moist,Settlement,Hills,Cool Temperate Moist,67,109,14,Cool Temperate Moist Settlement on Hills,#436D0E
2099,Vespa velutina,BE,NA,gbif,3.89,50.79,1.0213645935058593,779,31,128,Cool Temperate,Moist,Grassland,Plains,Cool Temperate Moist,22,133,0,Cool Temperate Moist Grassland on Plains,#168500
2100,Vespa velutina,NA,"Venelle du Cortil Godin, Walhain, Brabant wallon, BE",inat,4.68,50.65,0.9712791442871094,797,140,116,Cool Temperate,Moist,Cropland,Plains,Cool Temperate Moist,29,153,10,Cool Temperate Moist Cropland on Plains,#1D990A
2101,Vespa velutina,NA,"Chartres-de-Bretagne, France",inat,-1.71,48.04,1.154995822906494,738,34,161,Warm Temperate,Moist,Settlement,Plains,Warm Temperate Moist,163,170,28,Warm Temperate Moist Settlement on Plains,#A3AA1C
2102,Vespa velutina,BE,NA,gbif,4.49,50.84,1.0497979164123534,783,80,108,Cool Temperate,Moist,Settlement,Hills,Cool Temperate Moist,67,109,14,Cool Temperate Moist Settlement on Hills,#436D0E
2103,Vespa velutina,BE,NA,gbif,4.68,50.85,1.0381396293640135,765,45,105,Cool Temperate,Moist,Forest,Hills,Cool Temperate Moist,2,99,1,Cool Temperate Moist Forest on Hills,#026301
2104,Vespa velutina,BE,NA,gbif,4.98,51.32,1.02982816696167,791,25,120,Cool Temperate,Moist,Settlement,Plains,Cool Temperate Moist,78,119,2,Cool Temperate Moist Settlement on Plains,#4E7702
2105,Vespa velutina,BE,NA,gbif,4.43,51.03,1.039146900177002,785,3,116,Cool Temperate,Moist,Cropland,Plains,Cool Temperate Moist,29,153,10,Cool Temperate Moist Cropland on Plains,#1D990A
2106,Vespa velutina,NA,"Garessio, Via Vallorgana (CN)",inat,8.01,44.21,1.1162676811218262,883,677,172,Warm Temperate,Moist,Settlement,Mountains,Warm Temperate Moist,105,89,18,Warm Temperate Moist Settlement on Mountains,#695912
2107,Vespa velutina,NL,NA,gbif,5.05,51.55,0.9860114097595216,794,16,120,Cool Temperate,Moist,Settlement,Plains,Cool Temperate Moist,78,119,2,Cool Temperate Moist Settlement on Plains,#4E7702
2108,Vespa velutina,NA,"Schwarzer Weg, Düsseldorf, Nordrhein-Westfalen, DE",inat,6.89,51.16,1.057521915435791,811,45,120,Cool Temperate,Moist,Settlement,Plains,Cool Temperate Moist,78,119,2,Cool Temperate Moist Settlement on Plains,#4E7702
2109,Vespa velutina,NA,"Watermael, Watermael-Boitsfort, Belgium",inat,4.4,50.81,1.0074718475341795,805,96,129,Cool Temperate,Moist,Settlement,Tablelands,Cool Temperate Moist,47,63,130,Cool Temperate Moist Settlement on Tablelands,#2F3F82
2110,Vespa velutina,NL,NA,gbif,6,51.4,1.005424976348877,735,31,111,Cool Temperate,Moist,Forest,Plains,Cool Temperate Moist,1,109,0,Cool Temperate Moist Forest on Plains,#016D00
2111,Vespa velutina,NA,"25288 Lladurs, Lleida, Espanya",inat,1.44,42.07,1.05906982421875,784,705,176,Warm Temperate,Moist,Forest,Mountains,Warm Temperate Moist,49,105,3,Warm Temperate Moist Forest on Mountains,#316903
2112,Vespa velutina,BE,NA,gbif,3.93,51.18,1.0390030860900878,773,4,120,Cool Temperate,Moist,Settlement,Plains,Cool Temperate Moist,78,119,2,Cool Temperate Moist Settlement on Plains,#4E7702
2113,Vespa velutina,BE,NA,gbif,4.36,51.17,1.0570364952087403,798,9,120,Cool Temperate,Moist,Settlement,Plains,Cool Temperate Moist,78,119,2,Cool Temperate Moist Settlement on Plains,#4E7702
2114,Vespa velutina,BE,NA,gbif,4.26,50.74,1.0301885604858398,788,46,105,Cool Temperate,Moist,Forest,Hills,Cool Temperate Moist,2,99,1,Cool Temperate Moist Forest on Hills,#026301
2115,Vespa velutina,BE,NA,gbif,5.01,51.13,1.056958293914795,792,20,120,Cool Temperate,Moist,Settlement,Plains,Cool Temperate Moist,78,119,2,Cool Temperate Moist Settlement on Plains,#4E7702
2116,Vespa velutina,BE,NA,gbif,5.67,50.9,1.0079051971435546,754,53,111,Cool Temperate,Moist,Forest,Plains,Cool Temperate Moist,1,109,0,Cool Temperate Moist Forest on Plains,#016D00
2117,Vespa velutina,BE,NA,gbif,5.32,50.94,1.0412812232971191,790,37,120,Cool Temperate,Moist,Settlement,Plains,Cool Temperate Moist,78,119,2,Cool Temperate Moist Settlement on Plains,#4E7702
2118,Vespa velutina,NA,Contwig,inat,7.44,49.25,0.889048957824707,887,301,110,Cool Temperate,Moist,Cropland,Hills,Cool Temperate Moist,33,144,30,Cool Temperate Moist Cropland on Hills,#21901E
2119,Vespa velutina,NL,NA,gbif,6,51.25,1.0026583671569824,734,18,116,Cool Temperate,Moist,Cropland,Plains,Cool Temperate Moist,29,153,10,Cool Temperate Moist Cropland on Plains,#1D990A
2120,Vespa velutina,BE,NA,gbif,4.07,50.87,1.040187454223633,782,17,159,Warm Temperate,Moist,Grassland,Plains,Warm Temperate Moist,91,184,24,Warm Temperate Moist Grassland on Plains,#5BB818
2121,Vespa velutina,BE,NA,gbif,3.14,51.18,1.0130767822265625,758,15,116,Cool Temperate,Moist,Cropland,Plains,Cool Temperate Moist,29,153,10,Cool Temperate Moist Cropland on Plains,#1D990A
2122,Vespa velutina,BE,NA,gbif,4.63,51.14,1.0294468879699707,777,6,120,Cool Temperate,Moist,Settlement,Plains,Cool Temperate Moist,78,119,2,Cool Temperate Moist Settlement on Plains,#4E7702
2123,Vespa velutina,BE,NA,gbif,4.37,51,1.0497979164123534,783,10,116,Cool Temperate,Moist,Cropland,Plains,Cool Temperate Moist,29,153,10,Cool Temperate Moist Cropland on Plains,#1D990A
2124,Vespa velutina,NL,NA,gbif,6,50.85,0.990902042388916,782,161,129,Cool Temperate,Moist,Settlement,Tablelands,Cool Temperate Moist,47,63,130,Cool Temperate Moist Settlement on Tablelands,#2F3F82
2125,Vespa velutina,NA,"Route de la Chansonnière, Briollay, Pays de la Loire, FR",inat,-0.48,47.58,1.1753666877746582,707,34,159,Warm Temperate,Moist,Grassland,Plains,Warm Temperate Moist,91,184,24,Warm Temperate Moist Grassland on Plains,#5BB818
2126,Vespa velutina,BE,NA,gbif,5.42,50.98,1.0172677040100098,787,61,108,Cool Temperate,Moist,Settlement,Hills,Cool Temperate Moist,67,109,14,Cool Temperate Moist Settlement on Hills,#436D0E
2127,Vespa velutina,NA,"Léhon, 22100 Dinan, France",inat,-2.07,48.44,1.1563447952270507,799,94,169,Warm Temperate,Moist,Settlement,Hills,Warm Temperate Moist,136,158,52,Warm Temperate Moist Settlement on Hills,#889E34
2128,Vespa velutina,NA,"69118 Heidelberg-Ziegelhausen, Germany",inat,8.75,49.43,0.9509333610534668,953,315,113,Cool Temperate,Moist,Settlement,Mountains,Cool Temperate Moist,61,67,0,Cool Temperate Moist Settlement on Mountains,#3D4300
2129,Vespa velutina,NA,"Els Hostalets de Pierola, Barcelona, Espanya",inat,1.77,41.53,1.3590041160583497,653,339,172,Warm Temperate,Moist,Settlement,Mountains,Warm Temperate Moist,105,89,18,Warm Temperate Moist Settlement on Mountains,#695912
2130,Vespa velutina,BE,NA,gbif,4.46,51.37,1.0215239524841309,802,25,111,Cool Temperate,Moist,Forest,Plains,Cool Temperate Moist,1,109,0,Cool Temperate Moist Forest on Plains,#016D00
2131,Vespa velutina,NA,"Mayenne, Pays de la Loire, France",inat,-0.79,48.05,1.1442572593688964,747,101,178,Warm Temperate,Moist,Cropland,Tablelands,Warm Temperate Moist,61,89,194,Warm Temperate Moist Cropland on Tablelands,#3D59C2
2132,Vespa velutina,NA,"Heuveloord, Utrecht, Utrecht, NL",inat,5.12,52.08,0.9803396224975586,797,5,120,Cool Temperate,Moist,Settlement,Plains,Cool Temperate Moist,78,119,2,Cool Temperate Moist Settlement on Plains,#4E7702
2133,Vespa velutina,NA,"Pg Marítim-Almirall Cervera, Ciutat Vella, 08003 Barcelona, Spain",inat,2.19,41.38,1.557114028930664,615,15,NA,NA,NA,NA,NA,NA,NA,NA,NA,NA,NA
2134,Vespa velutina,BE,NA,gbif,4.01,51.04,1.0435916900634763,789,3,161,Warm Temperate,Moist,Settlement,Plains,Warm Temperate Moist,163,170,28,Warm Temperate Moist Settlement on Plains,#A3AA1C
2135,Vespa velutina,BE,NA,gbif,3.4,50.9,1.0440187454223633,791,11,120,Cool Temperate,Moist,Settlement,Plains,Cool Temperate Moist,78,119,2,Cool Temperate Moist Settlement on Plains,#4E7702
2136,Vespa velutina,BE,NA,gbif,5.5,51,0.9943770408630372,774,78,120,Cool Temperate,Moist,Settlement,Plains,Cool Temperate Moist,78,119,2,Cool Temperate Moist Settlement on Plains,#4E7702
2137,Vespa velutina,NL,NA,gbif,5.75,50.95,1.0079051971435546,754,42,110,Cool Temperate,Moist,Cropland,Hills,Cool Temperate Moist,33,144,30,Cool Temperate Moist Cropland on Hills,#21901E
2138,Vespa velutina,NA,"34140 Loupian, France",inat,3.61,43.45,1.5087735176086423,593,29,169,Warm Temperate,Moist,Settlement,Hills,Warm Temperate Moist,136,158,52,Warm Temperate Moist Settlement on Hills,#889E34
2139,Vespa velutina,NA,"Carrer de les Torres Jordi, Tarragona, Tarragona, ES",inat,1.24,41.11,1.5769898414611816,531,10,191,Warm Temperate,Dry,Settlement,Hills,Warm Temperate Dry,173,187,99,Warm Temperate Dry Settlement on Hills,#ADBB63
2140,Vespa velutina,BE,NA,gbif,4.43,50.84,1.0497979164123534,783,73,108,Cool Temperate,Moist,Settlement,Hills,Cool Temperate Moist,67,109,14,Cool Temperate Moist Settlement on Hills,#436D0E
2141,Vespa velutina,NA,"2GRQ+7G, 76356 Weingarten (Baden), Deutschland",inat,8.54,49.04,1.0160676956176755,824,185,110,Cool Temperate,Moist,Cropland,Hills,Cool Temperate Moist,33,144,30,Cool Temperate Moist Cropland on Hills,#21901E
2142,Vespa velutina,BE,NA,gbif,4.45,51.12,1.039146900177002,785,17,120,Cool Temperate,Moist,Settlement,Plains,Cool Temperate Moist,78,119,2,Cool Temperate Moist Settlement on Plains,#4E7702
2143,Vespa velutina,NA,"Avignon, Provence-Alpes-Côte d'Azur, FR",inat,4.88,43.92,1.4526844024658203,747,27,168,Warm Temperate,Moist,Cropland,Hills,Warm Temperate Moist,112,198,86,Warm Temperate Moist Cropland on Hills,#70C656
2144,Vespa velutina,BE,NA,gbif,3.98,50.92,1.0294885635375977,792,35,116,Cool Temperate,Moist,Cropland,Plains,Cool Temperate Moist,29,153,10,Cool Temperate Moist Cropland on Plains,#1D990A
2145,Vespa velutina,BE,NA,gbif,4.38,51.17,1.0570364952087403,798,11,161,Warm Temperate,Moist,Settlement,Plains,Warm Temperate Moist,163,170,28,Warm Temperate Moist Settlement on Plains,#A3AA1C
2146,Vespa velutina,NA,"Marktplein Veere, Veere, Zeeland, NL",inat,3.67,51.55,1.0303714752197266,768,-2,NA,NA,NA,NA,NA,NA,NA,NA,NA,NA,NA
2147,Vespa velutina,NL,NA,gbif,3.95,51.2,1.0390030860900878,773,3,116,Cool Temperate,Moist,Cropland,Plains,Cool Temperate Moist,29,153,10,Cool Temperate Moist Cropland on Plains,#1D990A
2148,Vespa velutina,BE,NA,gbif,3.25,50.82,1.0392760276794433,754,18,161,Warm Temperate,Moist,Settlement,Plains,Warm Temperate Moist,163,170,28,Warm Temperate Moist Settlement on Plains,#A3AA1C
2149,Vespa velutina,NL,NA,gbif,5.05,52,0.9610124588012696,776,1,128,Cool Temperate,Moist,Grassland,Plains,Cool Temperate Moist,22,133,0,Cool Temperate Moist Grassland on Plains,#168500
2150,Vespa velutina,NA,"De Hoeve, Netersel, Brabant, NL",inat,5.21,51.41,0.9905437469482422,772,26,116,Cool Temperate,Moist,Cropland,Plains,Cool Temperate Moist,29,153,10,Cool Temperate Moist Cropland on Plains,#1D990A
2151,Vespa velutina,BE,NA,gbif,3.69,51.02,1.0652593612670898,792,7,161,Warm Temperate,Moist,Settlement,Plains,Warm Temperate Moist,163,170,28,Warm Temperate Moist Settlement on Plains,#A3AA1C
2152,Vespa velutina,BE,NA,gbif,5.11,50.94,1.056206226348877,773,24,161,Warm Temperate,Moist,Settlement,Plains,Warm Temperate Moist,163,170,28,Warm Temperate Moist Settlement on Plains,#A3AA1C
2153,Vespa velutina,NA,"60 Frankfurt am Main-Innenstadt II, Deutschland",inat,8.65,50.12,1.0215635299682615,620,104,161,Warm Temperate,Moist,Settlement,Plains,Warm Temperate Moist,163,170,28,Warm Temperate Moist Settlement on Plains,#A3AA1C
2154,Vespa velutina,BE,NA,gbif,4.46,51.21,1.0570364952087403,798,7,161,Warm Temperate,Moist,Settlement,Plains,Warm Temperate Moist,163,170,28,Warm Temperate Moist Settlement on Plains,#A3AA1C
2155,Vespa velutina,NA,"80230 Saint-Valery-sur-Somme, France",inat,1.63,50.19,1.0830513954162595,673,8,NA,NA,NA,NA,NA,NA,NA,NA,NA,NA,NA
2156,Vespa velutina,DE,NA,gbif,6.19,50.91,0.9941916465759276,748,126,120,Cool Temperate,Moist,Settlement,Plains,Cool Temperate Moist,78,119,2,Cool Temperate Moist Settlement on Plains,#4E7702
2157,Vespa velutina,DE,NA,gbif,6.99,50.91,1.0670458793640136,745,49,161,Warm Temperate,Moist,Settlement,Plains,Warm Temperate Moist,163,170,28,Warm Temperate Moist Settlement on Plains,#A3AA1C
2158,Vespa velutina,NA,"52072 Aachen, Deutschland",inat,6.07,50.79,0.9450010299682616,907,185,105,Cool Temperate,Moist,Forest,Hills,Cool Temperate Moist,2,99,1,Cool Temperate Moist Forest on Hills,#026301
2159,Vespa velutina,NA,"Hauts-de-Seine, Île-de-France, FR",inat,2.27,48.91,1.160487461090088,632,34,161,Warm Temperate,Moist,Settlement,Plains,Warm Temperate Moist,163,170,28,Warm Temperate Moist Settlement on Plains,#A3AA1C
2160,Vespa velutina,NA,"Plaça del Pou, La Pobla de Segur, Lerida, ES",inat,0.97,42.25,1.09893856048584,803,561,175,Warm Temperate,Moist,Shrubland,Mountains,Warm Temperate Moist,102,130,4,Warm Temperate Moist Shrubland on Mountains,#668204
2161,Vespa velutina,NL,NA,gbif,5.75,50.75,0.9797103881835938,819,96,110,Cool Temperate,Moist,Cropland,Hills,Cool Temperate Moist,33,144,30,Cool Temperate Moist Cropland on Hills,#21901E
2162,Vespa velutina,NL,NA,gbif,4.7,51.75,0.9918021202087404,806,-2,116,Cool Temperate,Moist,Cropland,Plains,Cool Temperate Moist,29,153,10,Cool Temperate Moist Cropland on Plains,#1D990A
2163,Vespa velutina,BE,NA,gbif,4.32,50.81,1.0301885604858398,788,27,169,Warm Temperate,Moist,Settlement,Hills,Warm Temperate Moist,136,158,52,Warm Temperate Moist Settlement on Hills,#889E34
2164,Vespa velutina,BE,NA,gbif,3.34,51.14,1.0276729583740234,812,9,116,Cool Temperate,Moist,Cropland,Plains,Cool Temperate Moist,29,153,10,Cool Temperate Moist Cropland on Plains,#1D990A
2165,Vespa velutina,NL,NA,gbif,5.7,51.55,0.9794114112854004,751,16,120,Cool Temperate,Moist,Settlement,Plains,Cool Temperate Moist,78,119,2,Cool Temperate Moist Settlement on Plains,#4E7702
2166,Vespa velutina,BE,NA,gbif,3.79,51.1,1.0652593612670898,792,6,116,Cool Temperate,Moist,Cropland,Plains,Cool Temperate Moist,29,153,10,Cool Temperate Moist Cropland on Plains,#1D990A
2167,Vespa velutina,BE,NA,gbif,4.18,50.98,1.029301071166992,790,15,116,Cool Temperate,Moist,Cropland,Plains,Cool Temperate Moist,29,153,10,Cool Temperate Moist Cropland on Plains,#1D990A
2168,Vespa velutina,NA,"74270 Frangy, France",inat,5.93,46.02,0.938729190826416,1100,456,172,Warm Temperate,Moist,Settlement,Mountains,Warm Temperate Moist,105,89,18,Warm Temperate Moist Settlement on Mountains,#695912
2169,Vespa velutina,NL,NA,gbif,4.9,51.6,0.9868624687194824,799,11,111,Cool Temperate,Moist,Forest,Plains,Cool Temperate Moist,1,109,0,Cool Temperate Moist Forest on Plains,#016D00
2170,Vespa velutina,BE,NA,gbif,3.71,51,1.0391103744506835,795,6,120,Cool Temperate,Moist,Settlement,Plains,Cool Temperate Moist,78,119,2,Cool Temperate Moist Settlement on Plains,#4E7702
2171,Vespa velutina,PT,NA,gbif,-8.55,41.2,1.4322385787963867,1340,133,172,Warm Temperate,Moist,Settlement,Mountains,Warm Temperate Moist,105,89,18,Warm Temperate Moist Settlement on Mountains,#695912
2172,Vespa velutina,NA,1268 Cents Luxembourg,inat,6.17,49.62,0.9219437599182128,824,333,129,Cool Temperate,Moist,Settlement,Tablelands,Cool Temperate Moist,47,63,130,Cool Temperate Moist Settlement on Tablelands,#2F3F82
2173,Vespa velutina,NA,"79 Freiburg im Breisgau-Tiengen, Deutschland",inat,7.75,47.98,0.9775771141052246,969,220,111,Cool Temperate,Moist,Forest,Plains,Cool Temperate Moist,1,109,0,Cool Temperate Moist Forest on Plains,#016D00
2174,Vespa velutina,BE,NA,gbif,3.71,51,1.0391103744506835,795,6,120,Cool Temperate,Moist,Settlement,Plains,Cool Temperate Moist,78,119,2,Cool Temperate Moist Settlement on Plains,#4E7702
2175,Vespa velutina,NA,"GI-652 Km 0,250, camí frente Mas Oller 225m. 17113, 17113, Girona, España",inat,3.12,41.95,1.4671771049499511,581,62,173,Warm Temperate,Moist,Cropland,Mountains,Warm Temperate Moist,100,150,37,Warm Temperate Moist Cropland on Mountains,#649625
2176,Vespa velutina,BE,NA,gbif,4.41,51.01,1.039146900177002,785,7,128,Cool Temperate,Moist,Grassland,Plains,Cool Temperate Moist,22,133,0,Cool Temperate Moist Grassland on Plains,#168500
2177,Vespa velutina,NA,"St Marcel, 13011 Marseille, France",inat,5.46,43.29,1.495499324798584,602,134,185,Warm Temperate,Dry,Settlement,Mountains,Warm Temperate Dry,144,124,59,Warm Temperate Dry Settlement on Mountains,#907C3B
2178,Vespa velutina,NA,"60 Frankfurt-Innenstadt II, Germany",inat,8.66,50.12,1.0215635299682615,620,111,161,Warm Temperate,Moist,Settlement,Plains,Warm Temperate Moist,163,170,28,Warm Temperate Moist Settlement on Plains,#A3AA1C
2179,Vespa velutina,BE,NA,gbif,4.84,51.08,1.0535478591918943,777,11,116,Cool Temperate,Moist,Cropland,Plains,Cool Temperate Moist,29,153,10,Cool Temperate Moist Cropland on Plains,#1D990A
2180,Vespa velutina,NA,"Santillana del Mar, Cantabria, Spagna",inat,-4.11,43.39,1.3749547004699707,1006,111,171,Warm Temperate,Moist,Grassland,Mountains,Warm Temperate Moist,86,129,14,Warm Temperate Moist Grassland on Mountains,#56810E
2181,Vespa velutina,BE,NA,gbif,4.46,51.18,1.0570364952087403,798,13,116,Cool Temperate,Moist,Cropland,Plains,Cool Temperate Moist,29,153,10,Cool Temperate Moist Cropland on Plains,#1D990A
2182,Vespa velutina,NL,NA,gbif,3.9,51.25,1.0390030860900878,773,2,116,Cool Temperate,Moist,Cropland,Plains,Cool Temperate Moist,29,153,10,Cool Temperate Moist Cropland on Plains,#1D990A
2183,Vespa velutina,NA,"Ceva, Poggi San Siro (CN)",inat,8,44.36,1.202762508392334,775,526,176,Warm Temperate,Moist,Forest,Mountains,Warm Temperate Moist,49,105,3,Warm Temperate Moist Forest on Mountains,#316903
2184,Vespa velutina,BE,NA,gbif,4.71,50.96,1.0381396293640135,765,11,116,Cool Temperate,Moist,Cropland,Plains,Cool Temperate Moist,29,153,10,Cool Temperate Moist Cropland on Plains,#1D990A
2185,Vespa velutina,DE,NA,gbif,8.29,49.73,1.0131052017211917,589,148,110,Cool Temperate,Moist,Cropland,Hills,Cool Temperate Moist,33,144,30,Cool Temperate Moist Cropland on Hills,#21901E
2186,Vespa velutina,NL,NA,gbif,3.85,51.4,1.0314996719360352,800,-2,116,Cool Temperate,Moist,Cropland,Plains,Cool Temperate Moist,29,153,10,Cool Temperate Moist Cropland on Plains,#1D990A
2187,Vespa velutina,BE,NA,gbif,4.54,51.16,1.0294468879699707,777,10,116,Cool Temperate,Moist,Cropland,Plains,Cool Temperate Moist,29,153,10,Cool Temperate Moist Cropland on Plains,#1D990A
2188,Vespa velutina,NA,Hollerich Luxembourg,inat,6.12,49.61,0.9220864295959472,866,297,108,Cool Temperate,Moist,Settlement,Hills,Cool Temperate Moist,67,109,14,Cool Temperate Moist Settlement on Hills,#436D0E
2189,Vespa velutina,NA,Monaco,inat,7.43,43.74,1.3437254905700684,813,117,NA,NA,NA,NA,NA,NA,NA,NA,NA,NA,NA
2190,Vespa velutina,NL,NA,gbif,4.2,52,0.984907341003418,832,-1,120,Cool Temperate,Moist,Settlement,Plains,Cool Temperate Moist,78,119,2,Cool Temperate Moist Settlement on Plains,#4E7702
2191,Vespa velutina,BE,NA,gbif,3.7,51.04,1.0652593612670898,792,9,120,Cool Temperate,Moist,Settlement,Plains,Cool Temperate Moist,78,119,2,Cool Temperate Moist Settlement on Plains,#4E7702
2192,Vespa velutina,NA,"Finistère, Bretagne, France",inat,-5.05,48.46,1.1914166450500487,1044,11,NA,NA,NA,NA,NA,NA,NA,NA,NA,NA,NA
2193,Vespa velutina,NL,NA,gbif,3.55,51.45,1.040852928161621,757,-1,NA,NA,NA,NA,NA,NA,NA,NA,NA,NA,NA
2194,Vespa velutina,NA,"Mafra, PT-LI, PT",inat,-9.3,38.96,1.5595458030700684,737,192,173,Warm Temperate,Moist,Cropland,Mountains,Warm Temperate Moist,100,150,37,Warm Temperate Moist Cropland on Mountains,#649625
2195,Vespa velutina,NL,NA,gbif,5.35,51.4,0.9980051994323732,773,27,116,Cool Temperate,Moist,Cropland,Plains,Cool Temperate Moist,29,153,10,Cool Temperate Moist Cropland on Plains,#1D990A
2196,Vespa velutina,BE,NA,gbif,4.43,51.33,1.0570364952087403,798,10,111,Cool Temperate,Moist,Forest,Plains,Cool Temperate Moist,1,109,0,Cool Temperate Moist Forest on Plains,#016D00
2197,Vespa velutina,NA,Gelida,inat,1.87,41.45,1.4701176643371583,644,137,185,Warm Temperate,Dry,Settlement,Mountains,Warm Temperate Dry,144,124,59,Warm Temperate Dry Settlement on Mountains,#907C3B
2198,Vespa velutina,NA,Portugal,inat,-9.03,38.64,1.6673786163330078,687,16,195,Warm Temperate,Dry,Forest,Plains,Warm Temperate Dry,94,186,42,Warm Temperate Dry Forest on Plains,#5EBA2A
2199,Vespa velutina,BE,NA,gbif,4.38,51.07,1.039146900177002,785,3,NA,NA,NA,NA,NA,NA,NA,NA,NA,NA,NA
2200,Vespa velutina,BE,NA,gbif,4.28,51.05,1.0402281761169434,786,6,116,Cool Temperate,Moist,Cropland,Plains,Cool Temperate Moist,29,153,10,Cool Temperate Moist Cropland on Plains,#1D990A
2201,Vespa velutina,BE,NA,gbif,2.87,50.9,1.0072551727294925,735,10,116,Cool Temperate,Moist,Cropland,Plains,Cool Temperate Moist,29,153,10,Cool Temperate Moist Cropland on Plains,#1D990A
2202,Vespa velutina,NA,"Lisbon, Portugal",inat,-9.15,38.77,1.6865142822265624,703,111,169,Warm Temperate,Moist,Settlement,Hills,Warm Temperate Moist,136,158,52,Warm Temperate Moist Settlement on Hills,#889E34
2203,Vespa velutina,NA,"Nijmegen, Neerbosscheweg, 6544 ZD Nijmegen, Nederland",inat,5.82,51.83,0.9782135009765623,760,13,120,Cool Temperate,Moist,Settlement,Plains,Cool Temperate Moist,78,119,2,Cool Temperate Moist Settlement on Plains,#4E7702
2204,Vespa velutina,BE,NA,gbif,4.41,51.41,1.0215239524841309,802,23,116,Cool Temperate,Moist,Cropland,Plains,Cool Temperate Moist,29,153,10,Cool Temperate Moist Cropland on Plains,#1D990A
2205,Vespa velutina,BE,NA,gbif,4.45,51.16,1.039146900177002,785,16,116,Cool Temperate,Moist,Cropland,Plains,Cool Temperate Moist,29,153,10,Cool Temperate Moist Cropland on Plains,#1D990A
2206,Vespa velutina,BE,NA,gbif,4.37,51,1.0497979164123534,783,10,116,Cool Temperate,Moist,Cropland,Plains,Cool Temperate Moist,29,153,10,Cool Temperate Moist Cropland on Plains,#1D990A
2207,Vespa velutina,NA,"76 Karlsruhe-Grötzingen, Deutschland",inat,8.5,49.01,1.0160676956176755,824,169,110,Cool Temperate,Moist,Cropland,Hills,Cool Temperate Moist,33,144,30,Cool Temperate Moist Cropland on Hills,#21901E
2208,Vespa velutina,BE,NA,gbif,4.49,51.06,1.039146900177002,785,4,116,Cool Temperate,Moist,Cropland,Plains,Cool Temperate Moist,29,153,10,Cool Temperate Moist Cropland on Plains,#1D990A
2209,Vespa velutina,NA,"Hainaut, Wallonie, BE",inat,4.56,50.41,0.9846739768981934,803,122,105,Cool Temperate,Moist,Forest,Hills,Cool Temperate Moist,2,99,1,Cool Temperate Moist Forest on Hills,#026301
2210,Vespa velutina,BE,NA,gbif,4.72,51.04,1.0428604125976562,774,11,128,Cool Temperate,Moist,Grassland,Plains,Cool Temperate Moist,22,133,0,Cool Temperate Moist Grassland on Plains,#168500
2211,Vespa velutina,NA,"Gironde, Aquitaine, FR",inat,-1.2,44.62,1.2960992813110352,969,22,161,Warm Temperate,Moist,Settlement,Plains,Warm Temperate Moist,163,170,28,Warm Temperate Moist Settlement on Plains,#A3AA1C
2212,Vespa velutina,NL,NA,gbif,4.8,52.2,0.9654999732971192,833,-3,128,Cool Temperate,Moist,Grassland,Plains,Cool Temperate Moist,22,133,0,Cool Temperate Moist Grassland on Plains,#168500
2213,Vespa velutina,NL,NA,gbif,5.2,52.3,0.9507135391235352,827,6,111,Cool Temperate,Moist,Forest,Plains,Cool Temperate Moist,1,109,0,Cool Temperate Moist Forest on Plains,#016D00
2214,Vespa velutina,NA,"Parc Naturel Régional des Baronnies Provençales, Venterol, Auvergne-Rhône-Alpes, FR",inat,5.12,44.38,1.148381233215332,957,475,176,Warm Temperate,Moist,Forest,Mountains,Warm Temperate Moist,49,105,3,Warm Temperate Moist Forest on Mountains,#316903
2215,Vespa velutina,BE,NA,gbif,5.79,51.09,1.0033124923706054,720,28,116,Cool Temperate,Moist,Cropland,Plains,Cool Temperate Moist,29,153,10,Cool Temperate Moist Cropland on Plains,#1D990A
2216,Vespa velutina,NA,"Centro de Saúde S. João Estoril, 2765-618 Estoril, Portugal",inat,-9.38,38.7,1.581121826171875,711,25,169,Warm Temperate,Moist,Settlement,Hills,Warm Temperate Moist,136,158,52,Warm Temperate Moist Settlement on Hills,#889E34
2217,Vespa velutina,NL,NA,gbif,4.5,51.8,0.9967260360717772,816,-1,120,Cool Temperate,Moist,Settlement,Plains,Cool Temperate Moist,78,119,2,Cool Temperate Moist Settlement on Plains,#4E7702
2218,Vespa velutina,NA,"Baie de Quiberon, Baden, FR",inat,-2.93,47.55,1.2329958915710448,873,-2,NA,NA,NA,NA,NA,NA,NA,NA,NA,NA,NA
2219,Vespa velutina,NA,"Guipúzcoa, España",inat,-2.34,43.29,1.2710551261901857,1203,101,171,Warm Temperate,Moist,Grassland,Mountains,Warm Temperate Moist,86,129,14,Warm Temperate Moist Grassland on Mountains,#56810E
2220,Vespa velutina,BE,NA,gbif,3.75,51.06,1.0652593612670898,792,8,161,Warm Temperate,Moist,Settlement,Plains,Warm Temperate Moist,163,170,28,Warm Temperate Moist Settlement on Plains,#A3AA1C
2221,Vespa velutina,NA,"A Coruña, ES-GA, ES",inat,-8.04,43.68,1.3398579597473144,1078,106,176,Warm Temperate,Moist,Forest,Mountains,Warm Temperate Moist,49,105,3,Warm Temperate Moist Forest on Mountains,#316903
2222,Vespa velutina,NA,"Beaumont-sur-Oise, France",inat,2.28,49.14,1.074205207824707,645,49,169,Warm Temperate,Moist,Settlement,Hills,Warm Temperate Moist,136,158,52,Warm Temperate Moist Settlement on Hills,#889E34
2223,Vespa velutina,BE,NA,gbif,4.5,51,1.0223458290100098,773,8,116,Cool Temperate,Moist,Cropland,Plains,Cool Temperate Moist,29,153,10,Cool Temperate Moist Cropland on Plains,#1D990A
2224,Vespa velutina,BE,NA,gbif,4.43,51.17,1.0570364952087403,798,13,120,Cool Temperate,Moist,Settlement,Plains,Cool Temperate Moist,78,119,2,Cool Temperate Moist Settlement on Plains,#4E7702
2225,Vespa velutina,NA,"Giraferie, Zoo de Lyon, 69006 Lyon, France",inat,4.85,45.78,1.1894624710083008,844,204,NA,NA,NA,NA,NA,NA,NA,NA,NA,NA,NA
2226,Vespa velutina,BE,NA,gbif,4.98,50.99,1.0436156272888184,766,38,160,Warm Temperate,Moist,Cropland,Plains,Warm Temperate Moist,105,207,54,Warm Temperate Moist Cropland on Plains,#69CF36
2227,Vespa velutina,NA,"68199 Mannheim-Neckarau, Deutschland",inat,8.46,49.45,1.051504135131836,669,94,166,Warm Temperate,Moist,Forest,Plains,Warm Temperate Moist,45,158,6,Warm Temperate Moist Forest on Plains,#2D9E06
2228,Vespa velutina,NA,"Puces du Canal, 69100 Villeurbanne, France",inat,4.9,45.79,1.1894624710083008,844,195,160,Warm Temperate,Moist,Cropland,Plains,Warm Temperate Moist,105,207,54,Warm Temperate Moist Cropland on Plains,#69CF36
2229,Vespa velutina,NA,"MERSCH, Lankheck, 7514 Mersch, Luxemburg",inat,6.1,49.74,0.9069146156311036,834,238,114,Cool Temperate,Moist,Grassland,Hills,Cool Temperate Moist,22,124,10,Cool Temperate Moist Grassland on Hills,#167C0A
2230,Vespa velutina,BE,NA,gbif,4.15,50.94,1.040187454223633,782,51,116,Cool Temperate,Moist,Cropland,Plains,Cool Temperate Moist,29,153,10,Cool Temperate Moist Cropland on Plains,#1D990A
2231,Vespa velutina,BE,NA,gbif,4.29,50.68,1.0301885604858398,788,108,110,Cool Temperate,Moist,Cropland,Hills,Cool Temperate Moist,33,144,30,Cool Temperate Moist Cropland on Hills,#21901E
2232,Vespa velutina,NL,NA,gbif,5.7,50.75,0.9797103881835938,819,63,108,Cool Temperate,Moist,Settlement,Hills,Cool Temperate Moist,67,109,14,Cool Temperate Moist Settlement on Hills,#436D0E
2233,Vespa velutina,NL,NA,gbif,4.7,51.55,1.0014093399047852,815,6,128,Cool Temperate,Moist,Grassland,Plains,Cool Temperate Moist,22,133,0,Cool Temperate Moist Grassland on Plains,#168500
2234,Vespa velutina,NA,"2765 Estoril, Portugal",inat,-9.37,38.69,1.581121826171875,711,25,NA,NA,NA,NA,NA,NA,NA,NA,NA,NA,NA
2235,Vespa velutina,NA,"Pays de la Loire, FR",inat,0.57,47.75,1.1024458885192872,679,80,168,Warm Temperate,Moist,Cropland,Hills,Warm Temperate Moist,112,198,86,Warm Temperate Moist Cropland on Hills,#70C656
2236,Vespa velutina,BE,NA,gbif,5,51.3,1.0263051986694336,792,24,128,Cool Temperate,Moist,Grassland,Plains,Cool Temperate Moist,22,133,0,Cool Temperate Moist Grassland on Plains,#168500
2237,Vespa velutina,BE,NA,gbif,4.5,51.02,1.0294468879699707,777,6,120,Cool Temperate,Moist,Settlement,Plains,Cool Temperate Moist,78,119,2,Cool Temperate Moist Settlement on Plains,#4E7702
2238,Vespa velutina,BE,NA,gbif,4.29,50.79,1.0301885604858398,788,22,120,Cool Temperate,Moist,Settlement,Plains,Cool Temperate Moist,78,119,2,Cool Temperate Moist Settlement on Plains,#4E7702
2239,Vespa velutina,NA,"70376, 70376 Stuttgart, Deutschland",inat,9.21,48.81,0.9237000465393066,744,239,108,Cool Temperate,Moist,Settlement,Hills,Cool Temperate Moist,67,109,14,Cool Temperate Moist Settlement on Hills,#436D0E
2240,Vespa velutina,BE,NA,gbif,4.64,51.24,1.0279624938964844,800,13,116,Cool Temperate,Moist,Cropland,Plains,Cool Temperate Moist,29,153,10,Cool Temperate Moist Cropland on Plains,#1D990A
2241,Vespa velutina,NL,NA,gbif,6.1,51.25,1.0026583671569824,734,47,111,Cool Temperate,Moist,Forest,Plains,Cool Temperate Moist,1,109,0,Cool Temperate Moist Forest on Plains,#016D00
2242,Vespa velutina,BE,NA,gbif,4.46,51.2,1.0570364952087403,798,10,161,Warm Temperate,Moist,Settlement,Plains,Warm Temperate Moist,163,170,28,Warm Temperate Moist Settlement on Plains,#A3AA1C
2243,Vespa velutina,NA,"Rua Dr Francisco José Bernardes, São João da Pesqueira, Norte, PT",inat,-7.4,41.15,1.279731273651123,1210,546,173,Warm Temperate,Moist,Cropland,Mountains,Warm Temperate Moist,100,150,37,Warm Temperate Moist Cropland on Mountains,#649625
2244,Vespa velutina,NA,"Lörrach, DE-BW, DE",inat,7.66,47.71,1.001968765258789,820,405,113,Cool Temperate,Moist,Settlement,Mountains,Cool Temperate Moist,61,67,0,Cool Temperate Moist Settlement on Mountains,#3D4300
2245,Vespa velutina,BE,NA,gbif,3.95,50.95,1.0294885635375977,792,28,120,Cool Temperate,Moist,Settlement,Plains,Cool Temperate Moist,78,119,2,Cool Temperate Moist Settlement on Plains,#4E7702
2246,Vespa velutina,NA,"Azay-le-Rideau(Mairie), 37190 Azay-le-Rideau, Frankrijk",inat,0.47,47.26,1.1222885131835938,679,76,169,Warm Temperate,Moist,Settlement,Hills,Warm Temperate Moist,136,158,52,Warm Temperate Moist Settlement on Hills,#889E34
2247,Vespa velutina,NA,"Urbi-Vouga / Alagoas B, 3810-164, Portugal",inat,-8.61,40.64,1.4932135581970214,978,38,169,Warm Temperate,Moist,Settlement,Hills,Warm Temperate Moist,136,158,52,Warm Temperate Moist Settlement on Hills,#889E34
2248,Vespa velutina,BE,NA,gbif,3.89,50.99,1.0294885635375977,792,13,160,Warm Temperate,Moist,Cropland,Plains,Warm Temperate Moist,105,207,54,Warm Temperate Moist Cropland on Plains,#69CF36
2249,Vespa velutina,NA,"Rue Vautier, Carouge GE, GE, CH",inat,6.14,46.18,0.973855209350586,1039,391,113,Cool Temperate,Moist,Settlement,Mountains,Cool Temperate Moist,61,67,0,Cool Temperate Moist Settlement on Mountains,#3D4300
2250,Vespa velutina,BE,NA,gbif,4.7,50.88,1.0381396293640135,765,36,108,Cool Temperate,Moist,Settlement,Hills,Cool Temperate Moist,67,109,14,Cool Temperate Moist Settlement on Hills,#436D0E
2251,Vespa velutina,BE,NA,gbif,5.03,51.25,1.0263051986694336,792,20,116,Cool Temperate,Moist,Cropland,Plains,Cool Temperate Moist,29,153,10,Cool Temperate Moist Cropland on Plains,#1D990A
2252,Vespa velutina,BE,NA,gbif,4.34,51.11,1.039146900177002,785,5,120,Cool Temperate,Moist,Settlement,Plains,Cool Temperate Moist,78,119,2,Cool Temperate Moist Settlement on Plains,#4E7702
2253,Vespa velutina,NA,"Rue de Reichlange, Redange, District Diekirch, LU",inat,5.9,49.77,0.8880406379699707,893,282,108,Cool Temperate,Moist,Settlement,Hills,Cool Temperate Moist,67,109,14,Cool Temperate Moist Settlement on Hills,#436D0E
2254,Vespa velutina,BE,NA,gbif,3.21,51.2,1.029801559448242,783,7,120,Cool Temperate,Moist,Settlement,Plains,Cool Temperate Moist,78,119,2,Cool Temperate Moist Settlement on Plains,#4E7702
2255,Vespa velutina,NA,NA,inat,-2.07,49.13,1.1854166984558103,800,-6,NA,NA,NA,NA,NA,NA,NA,NA,NA,NA,NA
2256,Vespa velutina,NA,"Girona, Espanya",inat,3.11,42.33,1.514659404754639,546,52,194,Warm Temperate,Dry,Forest,Mountains,Warm Temperate Dry,96,139,37,Warm Temperate Dry Forest on Mountains,#608B25
2257,Vespa velutina,BE,NA,gbif,3.28,51.28,1.029801559448242,783,-3,128,Cool Temperate,Moist,Grassland,Plains,Cool Temperate Moist,22,133,0,Cool Temperate Moist Grassland on Plains,#168500
2258,Vespa velutina,BE,NA,gbif,4.47,51.2,1.0570364952087403,798,9,116,Cool Temperate,Moist,Cropland,Plains,Cool Temperate Moist,29,153,10,Cool Temperate Moist Cropland on Plains,#1D990A
2259,Vespa velutina,NA,"Vila Nova de Gaia, Portugal",inat,-8.57,41.09,1.4505515098571775,1231,149,168,Warm Temperate,Moist,Cropland,Hills,Warm Temperate Moist,112,198,86,Warm Temperate Moist Cropland on Hills,#70C656
2260,Vespa velutina,NL,NA,gbif,4.3,51.5,1.0319975852966308,791,9,120,Cool Temperate,Moist,Settlement,Plains,Cool Temperate Moist,78,119,2,Cool Temperate Moist Settlement on Plains,#4E7702
2261,Vespa velutina,NA,"Sant Vicenç dels Horts, Barcelona, ES",inat,1.99,41.39,1.4701176643371583,644,136,176,Warm Temperate,Moist,Forest,Mountains,Warm Temperate Moist,49,105,3,Warm Temperate Moist Forest on Mountains,#316903
2262,Vespa velutina,BE,NA,gbif,4.68,50.86,1.0381396293640135,765,45,108,Cool Temperate,Moist,Settlement,Hills,Cool Temperate Moist,67,109,14,Cool Temperate Moist Settlement on Hills,#436D0E
2263,Vespa velutina,BE,NA,gbif,3.71,51.11,1.0652593612670898,792,6,120,Cool Temperate,Moist,Settlement,Plains,Cool Temperate Moist,78,119,2,Cool Temperate Moist Settlement on Plains,#4E7702
2264,Vespa velutina,NA,"06410 Biot, France",inat,7.1,43.62,1.4755531311035155,854,93,172,Warm Temperate,Moist,Settlement,Mountains,Warm Temperate Moist,105,89,18,Warm Temperate Moist Settlement on Mountains,#695912
2265,Vespa velutina,NA,"76 Karlsruhe-Rintheim, Deutschland",inat,8.45,49.01,1.0572250366210938,765,110,161,Warm Temperate,Moist,Settlement,Plains,Warm Temperate Moist,163,170,28,Warm Temperate Moist Settlement on Plains,#A3AA1C
2266,Vespa velutina,NA,"25280 Solsona, Lleida, Espanya",inat,1.51,41.99,1.2132489204406738,731,693,172,Warm Temperate,Moist,Settlement,Mountains,Warm Temperate Moist,105,89,18,Warm Temperate Moist Settlement on Mountains,#695912
2267,Vespa velutina,BE,NA,gbif,4.73,51.05,1.0428604125976562,774,11,116,Cool Temperate,Moist,Cropland,Plains,Cool Temperate Moist,29,153,10,Cool Temperate Moist Cropland on Plains,#1D990A
2268,Vespa velutina,BE,NA,gbif,5.04,51.03,1.056958293914795,792,29,161,Warm Temperate,Moist,Settlement,Plains,Warm Temperate Moist,163,170,28,Warm Temperate Moist Settlement on Plains,#A3AA1C
2269,Vespa velutina,BE,NA,gbif,3.74,51.03,1.0652593612670898,792,9,160,Warm Temperate,Moist,Cropland,Plains,Warm Temperate Moist,105,207,54,Warm Temperate Moist Cropland on Plains,#69CF36
2270,Vespa velutina,NL,NA,gbif,4,51.35,1.028324794769287,799,-5,116,Cool Temperate,Moist,Cropland,Plains,Cool Temperate Moist,29,153,10,Cool Temperate Moist Cropland on Plains,#1D990A
2271,Vespa velutina,NA,"Bel-Air, 75012 Paris, France",inat,2.46,48.84,1.144812488555908,641,78,163,Warm Temperate,Moist,Forest,Hills,Warm Temperate Moist,47,146,24,Warm Temperate Moist Forest on Hills,#2F9218
2272,Vespa velutina,NA,"Barcelona, ES-CT, ES",inat,2.17,41.43,1.557114028930664,615,78,172,Warm Temperate,Moist,Settlement,Mountains,Warm Temperate Moist,105,89,18,Warm Temperate Moist Settlement on Mountains,#695912
2273,Vespa velutina,NA,"Fiep Westendorplaan, Zaltbommel, Gelderland, NL",inat,5.25,51.8,0.9796489715576172,776,3,116,Cool Temperate,Moist,Cropland,Plains,Cool Temperate Moist,29,153,10,Cool Temperate Moist Cropland on Plains,#1D990A
2274,Vespa velutina,BE,NA,gbif,5.23,50.94,1.0412812232971191,790,26,116,Cool Temperate,Moist,Cropland,Plains,Cool Temperate Moist,29,153,10,Cool Temperate Moist Cropland on Plains,#1D990A
2275,Vespa velutina,NL,NA,gbif,5.15,51.3,1.0263051986694336,792,28,116,Cool Temperate,Moist,Cropland,Plains,Cool Temperate Moist,29,153,10,Cool Temperate Moist Cropland on Plains,#1D990A
2276,Vespa velutina,BE,NA,gbif,5.32,50.93,1.0412812232971191,790,37,120,Cool Temperate,Moist,Settlement,Plains,Cool Temperate Moist,78,119,2,Cool Temperate Moist Settlement on Plains,#4E7702
2277,Vespa velutina,NA,"Square du Temple, 75003 Paris, France",inat,2.36,48.86,1.144812488555908,641,50,169,Warm Temperate,Moist,Settlement,Hills,Warm Temperate Moist,136,158,52,Warm Temperate Moist Settlement on Hills,#889E34
2278,Vespa velutina,BE,NA,gbif,4.2,50.99,1.029301071166992,790,20,116,Cool Temperate,Moist,Cropland,Plains,Cool Temperate Moist,29,153,10,Cool Temperate Moist Cropland on Plains,#1D990A
2279,Vespa velutina,NA,"26004 Logroño, La Rioja, España",inat,-2.43,42.47,1.2656895637512209,440,392,191,Warm Temperate,Dry,Settlement,Hills,Warm Temperate Dry,173,187,99,Warm Temperate Dry Settlement on Hills,#ADBB63
2280,Vespa velutina,NA,"Heidhauser Straße, Essen, Nordrhein-Westfalen, DE",inat,7.02,51.38,0.9963427543640136,967,115,105,Cool Temperate,Moist,Forest,Hills,Cool Temperate Moist,2,99,1,Cool Temperate Moist Forest on Hills,#026301
2281,Vespa velutina,FR,NA,gbif,6.16,43.03,1.4988213539123536,696,-6,NA,NA,NA,NA,NA,NA,NA,NA,NA,NA,NA
2282,Vespa velutina,NL,NA,gbif,5.95,50.9,0.9916646003723144,781,87,108,Cool Temperate,Moist,Settlement,Hills,Cool Temperate Moist,67,109,14,Cool Temperate Moist Settlement on Hills,#436D0E
2283,Vespa velutina,NA,"Rue Schafsstrachen, Strassen, District Luxembourg, LU",inat,6.09,49.62,0.9220864295959472,866,309,108,Cool Temperate,Moist,Settlement,Hills,Cool Temperate Moist,67,109,14,Cool Temperate Moist Settlement on Hills,#436D0E
2284,Vespa velutina,BE,NA,gbif,4.54,50.97,1.0223458290100098,773,10,116,Cool Temperate,Moist,Cropland,Plains,Cool Temperate Moist,29,153,10,Cool Temperate Moist Cropland on Plains,#1D990A
2285,Vespa velutina,NA,"Via Mario e Nicolò Dagnino, Genoa, Liguria, IT",inat,8.81,44.43,1.2977916717529296,1205,78,175,Warm Temperate,Moist,Shrubland,Mountains,Warm Temperate Moist,102,130,4,Warm Temperate Moist Shrubland on Mountains,#668204
2286,Vespa velutina,NA,"79713 Bad Säckingen, Deutschland",inat,7.95,47.55,0.8697312355041504,1291,344,NA,NA,NA,NA,NA,NA,NA,NA,NA,NA,NA
2287,Vespa velutina,BE,NA,gbif,5.49,50.92,1.0172677040100098,787,47,116,Cool Temperate,Moist,Cropland,Plains,Cool Temperate Moist,29,153,10,Cool Temperate Moist Cropland on Plains,#1D990A
2288,Vespa velutina,BE,NA,gbif,4.08,51.21,1.0351354598999023,797,4,120,Cool Temperate,Moist,Settlement,Plains,Cool Temperate Moist,78,119,2,Cool Temperate Moist Settlement on Plains,#4E7702
2289,Vespa velutina,BE,NA,gbif,3.29,50.81,1.0392760276794433,754,30,116,Cool Temperate,Moist,Cropland,Plains,Cool Temperate Moist,29,153,10,Cool Temperate Moist Cropland on Plains,#1D990A
2290,Vespa velutina,BE,NA,gbif,3.86,51,1.0294885635375977,792,8,160,Warm Temperate,Moist,Cropland,Plains,Warm Temperate Moist,105,207,54,Warm Temperate Moist Cropland on Plains,#69CF36
2291,Vespa velutina,DE,NA,gbif,6.64,51.36,1.06216459274292,770,33,161,Warm Temperate,Moist,Settlement,Plains,Warm Temperate Moist,163,170,28,Warm Temperate Moist Settlement on Plains,#A3AA1C
2292,Vespa velutina,NA,"2565 Carvoeira, Portugal",inat,-9.15,39.07,1.572534370422363,722,143,173,Warm Temperate,Moist,Cropland,Mountains,Warm Temperate Moist,100,150,37,Warm Temperate Moist Cropland on Mountains,#649625
2293,Vespa velutina,NA,"Rua das Ribeiras, Fiães, Norte, PT",inat,-8.51,40.99,1.443885612487793,1143,175,176,Warm Temperate,Moist,Forest,Mountains,Warm Temperate Moist,49,105,3,Warm Temperate Moist Forest on Mountains,#316903
2294,Vespa velutina,NA,"Girona, Espanya",inat,3.01,42.3,1.514659404754639,546,30,187,Warm Temperate,Dry,Cropland,Plains,Warm Temperate Dry,155,228,99,Warm Temperate Dry Cropland on Plains,#9BE463
2295,Vespa velutina,NA,"Strassen, Primeurs, 1512 Strassen, Luxemburg",inat,6.09,49.62,0.9220864295959472,866,309,108,Cool Temperate,Moist,Settlement,Hills,Cool Temperate Moist,67,109,14,Cool Temperate Moist Settlement on Hills,#436D0E
2296,Vespa velutina,NA,"Ziegelstraße, Kandern, Baden-Württemberg, DE",inat,7.66,47.72,1.001968765258789,820,422,113,Cool Temperate,Moist,Settlement,Mountains,Cool Temperate Moist,61,67,0,Cool Temperate Moist Settlement on Mountains,#3D4300
2297,Vespa velutina,BE,NA,gbif,4.42,51.1,1.039146900177002,785,18,116,Cool Temperate,Moist,Cropland,Plains,Cool Temperate Moist,29,153,10,Cool Temperate Moist Cropland on Plains,#1D990A
2298,Vespa velutina,BE,NA,gbif,4.33,50.79,1.0301885604858398,788,55,108,Cool Temperate,Moist,Settlement,Hills,Cool Temperate Moist,67,109,14,Cool Temperate Moist Settlement on Hills,#436D0E
2299,Vespa velutina,NL,NA,gbif,3.7,51.3,1.0463364601135254,769,-21,116,Cool Temperate,Moist,Cropland,Plains,Cool Temperate Moist,29,153,10,Cool Temperate Moist Cropland on Plains,#1D990A
2300,Vespa velutina,NA,"Alverca do Ribatejo, Portugal",inat,-9.04,38.88,1.6104358673095702,725,21,173,Warm Temperate,Moist,Cropland,Mountains,Warm Temperate Moist,100,150,37,Warm Temperate Moist Cropland on Mountains,#649625
2301,Vespa velutina,BE,NA,gbif,4.98,51.11,1.0535478591918943,777,17,116,Cool Temperate,Moist,Cropland,Plains,Cool Temperate Moist,29,153,10,Cool Temperate Moist Cropland on Plains,#1D990A
2302,Vespa velutina,BE,NA,gbif,4.43,51.19,1.0570364952087403,798,12,161,Warm Temperate,Moist,Settlement,Plains,Warm Temperate Moist,163,170,28,Warm Temperate Moist Settlement on Plains,#A3AA1C
2303,Vespa velutina,NA,"Vieux-Manoir, France",inat,1.3,49.57,1.0006489753723145,776,175,116,Cool Temperate,Moist,Cropland,Plains,Cool Temperate Moist,29,153,10,Cool Temperate Moist Cropland on Plains,#1D990A
2304,Vespa velutina,BE,NA,gbif,3.93,51.01,1.0463322639465331,779,5,161,Warm Temperate,Moist,Settlement,Plains,Warm Temperate Moist,163,170,28,Warm Temperate Moist Settlement on Plains,#A3AA1C
2305,Vespa velutina,NA,"Kleingemünd, Im Brühl, 69151 Neckargemünd, Deutschland",inat,8.8,49.4,0.9509333610534668,953,224,113,Cool Temperate,Moist,Settlement,Mountains,Cool Temperate Moist,61,67,0,Cool Temperate Moist Settlement on Mountains,#3D4300
2306,Vespa velutina,NA,"83143 Le Val, France",inat,6.11,43.44,1.3545854568481446,731,240,176,Warm Temperate,Moist,Forest,Mountains,Warm Temperate Moist,49,105,3,Warm Temperate Moist Forest on Mountains,#316903
2307,Vespa velutina,NA,"07340 Limony, France",inat,4.75,45.36,1.1524999618530274,848,234,173,Warm Temperate,Moist,Cropland,Mountains,Warm Temperate Moist,100,150,37,Warm Temperate Moist Cropland on Mountains,#649625
2308,Vespa velutina,NA,"Saint-Omer, France",inat,2.27,50.77,1.0343145370483398,673,-2,115,Cool Temperate,Moist,Shrubland,Plains,Cool Temperate Moist,26,131,0,Cool Temperate Moist Shrubland on Plains,#1A8300
2309,Vespa velutina,NL,NA,gbif,4.55,51.9,0.9911375045776368,858,1,120,Cool Temperate,Moist,Settlement,Plains,Cool Temperate Moist,78,119,2,Cool Temperate Moist Settlement on Plains,#4E7702
2310,Vespa velutina,NL,NA,gbif,4.95,51.8,0.97971773147583,794,2,116,Cool Temperate,Moist,Cropland,Plains,Cool Temperate Moist,29,153,10,Cool Temperate Moist Cropland on Plains,#1D990A
2311,Vespa velutina,BE,NA,gbif,4.46,51.15,1.039146900177002,785,18,120,Cool Temperate,Moist,Settlement,Plains,Cool Temperate Moist,78,119,2,Cool Temperate Moist Settlement on Plains,#4E7702
2312,Vespa velutina,BE,NA,gbif,4.35,51.01,1.039146900177002,785,8,116,Cool Temperate,Moist,Cropland,Plains,Cool Temperate Moist,29,153,10,Cool Temperate Moist Cropland on Plains,#1D990A
2313,Vespa velutina,NA,"La Valette, 42400 Saint-Chamond, France",inat,4.51,45.47,0.9177802085876464,980,418,172,Warm Temperate,Moist,Settlement,Mountains,Warm Temperate Moist,105,89,18,Warm Temperate Moist Settlement on Mountains,#695912
2314,Vespa velutina,NA,"Burgstraße, Aachen, Nordrhein-Westfalen, DE",inat,6.03,50.77,0.9450010299682616,907,229,114,Cool Temperate,Moist,Grassland,Hills,Cool Temperate Moist,22,124,10,Cool Temperate Moist Grassland on Hills,#167C0A
2315,Vespa velutina,NA,"M 605, Avelãs de Cima, Centro, PT",inat,-8.4,40.48,1.5153082847595214,1046,94,176,Warm Temperate,Moist,Forest,Mountains,Warm Temperate Moist,49,105,3,Warm Temperate Moist Forest on Mountains,#316903
2316,Vespa velutina,BE,NA,gbif,3.27,50.84,1.0385656356811523,780,14,161,Warm Temperate,Moist,Settlement,Plains,Warm Temperate Moist,163,170,28,Warm Temperate Moist Settlement on Plains,#A3AA1C
2317,Vespa velutina,BE,NA,gbif,4.34,51.08,1.039146900177002,785,2,111,Cool Temperate,Moist,Forest,Plains,Cool Temperate Moist,1,109,0,Cool Temperate Moist Forest on Plains,#016D00
2318,Vespa velutina,BE,NA,gbif,5.13,51.18,1.0263051986694336,792,29,120,Cool Temperate,Moist,Settlement,Plains,Cool Temperate Moist,78,119,2,Cool Temperate Moist Settlement on Plains,#4E7702
2319,Vespa velutina,BE,NA,gbif,4.52,51.01,1.0294468879699707,777,6,116,Cool Temperate,Moist,Cropland,Plains,Cool Temperate Moist,29,153,10,Cool Temperate Moist Cropland on Plains,#1D990A
2320,Vespa velutina,DE,NA,gbif,8.12,49.1,0.9951708793640136,750,137,108,Cool Temperate,Moist,Settlement,Hills,Cool Temperate Moist,67,109,14,Cool Temperate Moist Settlement on Hills,#436D0E
2321,Vespa velutina,NA,"Gentbrugge, 9050 Gent, België",inat,3.76,51.05,1.0652593612670898,792,7,161,Warm Temperate,Moist,Settlement,Plains,Warm Temperate Moist,163,170,28,Warm Temperate Moist Settlement on Plains,#A3AA1C
2322,Vespa velutina,NA,"Ritzefeldstraße, Stolberg (Rheinland), Nordrhein-Westfalen, DE",inat,6.23,50.78,0.9189249992370604,871,216,108,Cool Temperate,Moist,Settlement,Hills,Cool Temperate Moist,67,109,14,Cool Temperate Moist Settlement on Hills,#436D0E
2323,Vespa velutina,NA,"67330 Bouxwiller, France",inat,7.47,48.82,0.9636041641235352,745,238,114,Cool Temperate,Moist,Grassland,Hills,Cool Temperate Moist,22,124,10,Cool Temperate Moist Grassland on Hills,#167C0A
2324,Vespa velutina,NL,NA,gbif,5.75,50.95,1.0079051971435546,754,42,110,Cool Temperate,Moist,Cropland,Hills,Cool Temperate Moist,33,144,30,Cool Temperate Moist Cropland on Hills,#21901E
2325,Vespa velutina,NA,"Route de Sarlat, Les Eyzies, Nouvelle-Aquitaine, FR",inat,1.06,44.94,1.2508292198181152,929,173,163,Warm Temperate,Moist,Forest,Hills,Warm Temperate Moist,47,146,24,Warm Temperate Moist Forest on Hills,#2F9218
2326,Vespa velutina,BE,NA,gbif,5.22,51.09,1.0283103942871097,817,42,111,Cool Temperate,Moist,Forest,Plains,Cool Temperate Moist,1,109,0,Cool Temperate Moist Forest on Plains,#016D00
2327,Vespa velutina,BE,NA,gbif,4.41,51.31,1.0570364952087403,798,3,120,Cool Temperate,Moist,Settlement,Plains,Cool Temperate Moist,78,119,2,Cool Temperate Moist Settlement on Plains,#4E7702
2328,Vespa velutina,NA,"Promenade des Bords de Loire, Saint-Just-Saint-Rambert, Auvergne-Rhône-Alpes, FR",inat,4.25,45.51,1.127805233001709,741,378,176,Warm Temperate,Moist,Forest,Mountains,Warm Temperate Moist,49,105,3,Warm Temperate Moist Forest on Mountains,#316903
2329,Vespa velutina,BE,NA,gbif,5.65,50.83,0.9857937812805176,820,92,110,Cool Temperate,Moist,Cropland,Hills,Cool Temperate Moist,33,144,30,Cool Temperate Moist Cropland on Hills,#21901E
2330,Vespa velutina,NA,"Rue de la Vire, Caen, Normandie, FR",inat,-0.34,49.17,1.1162137031555175,754,21,161,Warm Temperate,Moist,Settlement,Plains,Warm Temperate Moist,163,170,28,Warm Temperate Moist Settlement on Plains,#A3AA1C
2331,Vespa velutina,NA,"Sclessin, Liège, Belgique",inat,5.54,50.62,0.974148941040039,883,101,110,Cool Temperate,Moist,Cropland,Hills,Cool Temperate Moist,33,144,30,Cool Temperate Moist Cropland on Hills,#21901E
2332,Vespa velutina,DE,NA,gbif,6.34,50.94,1.0111145973205566,722,85,103,Cool Temperate,Moist,Cropland,Mountains,Cool Temperate Moist,33,102,5,Cool Temperate Moist Cropland on Mountains,#216605
2333,Vespa velutina,NA,"Ottersum, Netherlands",inat,6.01,51.71,0.9738531112670898,750,12,116,Cool Temperate,Moist,Cropland,Plains,Cool Temperate Moist,29,153,10,Cool Temperate Moist Cropland on Plains,#1D990A
2334,Vespa velutina,NL,NA,gbif,5.3,52,0.9631781578063964,761,3,128,Cool Temperate,Moist,Grassland,Plains,Cool Temperate Moist,22,133,0,Cool Temperate Moist Grassland on Plains,#168500
2335,Vespa velutina,NA,"Rue Principale, Le Champ-Saint-Père, Pays de la Loire, FR",inat,-1.35,46.54,1.2183354377746582,768,45,160,Warm Temperate,Moist,Cropland,Plains,Warm Temperate Moist,105,207,54,Warm Temperate Moist Cropland on Plains,#69CF36
2336,Vespa velutina,NL,NA,gbif,4.85,52.5,0.9731207847595216,848,-2,111,Cool Temperate,Moist,Forest,Plains,Cool Temperate Moist,1,109,0,Cool Temperate Moist Forest on Plains,#016D00
2337,Vespa velutina,BE,NA,gbif,5.31,51.24,1.0049365043640135,795,46,120,Cool Temperate,Moist,Settlement,Plains,Cool Temperate Moist,78,119,2,Cool Temperate Moist Settlement on Plains,#4E7702
2338,Vespa velutina,NA,"94360 Bry-sur-Marne, France",inat,2.52,48.83,1.082697868347168,638,53,161,Warm Temperate,Moist,Settlement,Plains,Warm Temperate Moist,163,170,28,Warm Temperate Moist Settlement on Plains,#A3AA1C
2339,Vespa velutina,BE,NA,gbif,4.47,51.04,1.039146900177002,785,5,120,Cool Temperate,Moist,Settlement,Plains,Cool Temperate Moist,78,119,2,Cool Temperate Moist Settlement on Plains,#4E7702
2340,Vespa velutina,BE,NA,gbif,4.45,51.04,1.039146900177002,785,4,120,Cool Temperate,Moist,Settlement,Plains,Cool Temperate Moist,78,119,2,Cool Temperate Moist Settlement on Plains,#4E7702
2341,Vespa velutina,NA,"Mare - collège Berthelot - Nogent-sur-Oise, France",inat,2.48,49.28,1.0537302017211914,642,48,169,Warm Temperate,Moist,Settlement,Hills,Warm Temperate Moist,136,158,52,Warm Temperate Moist Settlement on Hills,#889E34
2342,Vespa velutina,NA,"Abuxarda, Cascais",inat,-9.42,38.72,1.581121826171875,711,84,172,Warm Temperate,Moist,Settlement,Mountains,Warm Temperate Moist,105,89,18,Warm Temperate Moist Settlement on Mountains,#695912
2343,Vespa velutina,NA,"1260 Nyon, Switzerland",inat,6.24,46.38,0.931196880340576,1134,386,172,Warm Temperate,Moist,Settlement,Mountains,Warm Temperate Moist,105,89,18,Warm Temperate Moist Settlement on Mountains,#695912
2344,Vespa velutina,BE,NA,gbif,4.7,51.17,1.0255916595458985,796,8,120,Cool Temperate,Moist,Settlement,Plains,Cool Temperate Moist,78,119,2,Cool Temperate Moist Settlement on Plains,#4E7702
2345,Vespa velutina,BE,NA,gbif,4.84,51.08,1.0535478591918943,777,11,116,Cool Temperate,Moist,Cropland,Plains,Cool Temperate Moist,29,153,10,Cool Temperate Moist Cropland on Plains,#1D990A
2346,Vespa velutina,NA,"Greittor, Göttingen, Niedersachsen, DE",inat,9.9,51.54,0.8735249519348145,714,143,108,Cool Temperate,Moist,Settlement,Hills,Cool Temperate Moist,67,109,14,Cool Temperate Moist Settlement on Hills,#436D0E
2347,Vespa velutina,NA,"55100 San Macario In Piano LU, Italia",inat,10.44,43.86,1.2429478645324707,1272,52,173,Warm Temperate,Moist,Cropland,Mountains,Warm Temperate Moist,100,150,37,Warm Temperate Moist Cropland on Mountains,#649625
2348,Vespa velutina,NL,NA,gbif,5,52.3,0.9512177467346192,822,-1,128,Cool Temperate,Moist,Grassland,Plains,Cool Temperate Moist,22,133,0,Cool Temperate Moist Grassland on Plains,#168500
2349,Vespa velutina,BE,NA,gbif,4.55,51.02,1.0294468879699707,777,6,120,Cool Temperate,Moist,Settlement,Plains,Cool Temperate Moist,78,119,2,Cool Temperate Moist Settlement on Plains,#4E7702
2350,Vespa velutina,NL,NA,gbif,3.75,51.3,1.0463364601135254,769,1,115,Cool Temperate,Moist,Shrubland,Plains,Cool Temperate Moist,26,131,0,Cool Temperate Moist Shrubland on Plains,#1A8300
2351,Vespa velutina,NA,NA,inat,-2.16,49.1,1.1854166984558103,800,-17,NA,NA,NA,NA,NA,NA,NA,NA,NA,NA,NA
2352,Vespa velutina,BE,NA,gbif,3.12,50.95,1.016388511657715,761,20,120,Cool Temperate,Moist,Settlement,Plains,Cool Temperate Moist,78,119,2,Cool Temperate Moist Settlement on Plains,#4E7702
2353,Vespa velutina,NA,"Mormont, 6997 Érezée, Belgique",inat,5.62,50.32,0.8499551773071289,972,313,97,Cool Temperate,Moist,Forest,Mountains,Cool Temperate Moist,6,64,0,Cool Temperate Moist Forest on Mountains,#064000
2354,Vespa velutina,NL,NA,gbif,3.85,51.5,1.0314996719360352,800,-2,116,Cool Temperate,Moist,Cropland,Plains,Cool Temperate Moist,29,153,10,Cool Temperate Moist Cropland on Plains,#1D990A
2355,Vespa velutina,NL,NA,gbif,4.2,52,0.984907341003418,832,-1,120,Cool Temperate,Moist,Settlement,Plains,Cool Temperate Moist,78,119,2,Cool Temperate Moist Settlement on Plains,#4E7702
2356,Vespa velutina,NA,"Ingelheimer Straße, Darmstadt, Hessen, DE",inat,8.64,49.86,1.020603084564209,638,142,108,Cool Temperate,Moist,Settlement,Hills,Cool Temperate Moist,67,109,14,Cool Temperate Moist Settlement on Hills,#436D0E
2357,Vespa velutina,NA,"Torrent de Cal Notari, Barcelona",inat,2.15,41.44,1.5362238883972168,635,235,172,Warm Temperate,Moist,Settlement,Mountains,Warm Temperate Moist,105,89,18,Warm Temperate Moist Settlement on Mountains,#695912
2358,Vespa velutina,NL,NA,gbif,6.15,51.5,1.005424976348877,735,19,116,Cool Temperate,Moist,Cropland,Plains,Cool Temperate Moist,29,153,10,Cool Temperate Moist Cropland on Plains,#1D990A
2359,Vespa velutina,BE,NA,gbif,4.85,51.18,1.02982816696167,791,17,120,Cool Temperate,Moist,Settlement,Plains,Cool Temperate Moist,78,119,2,Cool Temperate Moist Settlement on Plains,#4E7702
2360,Vespa velutina,BE,NA,gbif,4.47,51.14,1.039146900177002,785,17,116,Cool Temperate,Moist,Cropland,Plains,Cool Temperate Moist,29,153,10,Cool Temperate Moist Cropland on Plains,#1D990A
2361,Vespa velutina,NA,"2900 Setúbal, Portugal",inat,-8.89,38.53,1.669992446899414,701,21,185,Warm Temperate,Dry,Settlement,Mountains,Warm Temperate Dry,144,124,59,Warm Temperate Dry Settlement on Mountains,#907C3B
2362,Vespa velutina,NL,NA,gbif,6,51.15,1.0012770652770997,719,28,116,Cool Temperate,Moist,Cropland,Plains,Cool Temperate Moist,29,153,10,Cool Temperate Moist Cropland on Plains,#1D990A
2363,Vespa velutina,BE,NA,gbif,4.39,51.19,1.0570364952087403,798,11,161,Warm Temperate,Moist,Settlement,Plains,Warm Temperate Moist,163,170,28,Warm Temperate Moist Settlement on Plains,#A3AA1C
2364,Vespa velutina,NA,"VIRTON Rue Maréchal Foch, 6760 Virton, Belgique",inat,5.53,49.57,0.8991728782653808,1002,235,108,Cool Temperate,Moist,Settlement,Hills,Cool Temperate Moist,67,109,14,Cool Temperate Moist Settlement on Hills,#436D0E
2365,Vespa velutina,NA,"GY9 3DT, Guernsey",inat,-2.2,49.72,1.1234167098999024,861,16,161,Warm Temperate,Moist,Settlement,Plains,Warm Temperate Moist,163,170,28,Warm Temperate Moist Settlement on Plains,#A3AA1C
2366,Vespa velutina,BE,NA,gbif,4.49,50.76,1.0074718475341795,805,93,110,Cool Temperate,Moist,Cropland,Hills,Cool Temperate Moist,33,144,30,Cool Temperate Moist Cropland on Hills,#21901E
2367,Vespa velutina,NL,NA,gbif,5.65,51.4,0.9889156341552734,757,26,NA,NA,NA,NA,NA,NA,NA,NA,NA,NA,NA
2368,Vespa velutina,NA,"11220 Lagrasse, Francia",inat,2.62,43.09,1.3084979057312012,696,147,172,Warm Temperate,Moist,Settlement,Mountains,Warm Temperate Moist,105,89,18,Warm Temperate Moist Settlement on Mountains,#695912
2369,Vespa velutina,BE,NA,gbif,4.29,50.86,1.029301071166992,790,50,110,Cool Temperate,Moist,Cropland,Hills,Cool Temperate Moist,33,144,30,Cool Temperate Moist Cropland on Hills,#21901E
2370,Vespa velutina,BE,NA,gbif,4.38,51.1,1.039146900177002,785,10,116,Cool Temperate,Moist,Cropland,Plains,Cool Temperate Moist,29,153,10,Cool Temperate Moist Cropland on Plains,#1D990A
2371,Vespa velutina,BE,NA,gbif,4.47,51.1,1.039146900177002,785,10,116,Cool Temperate,Moist,Cropland,Plains,Cool Temperate Moist,29,153,10,Cool Temperate Moist Cropland on Plains,#1D990A
2372,Vespa velutina,BE,NA,gbif,3.73,51.04,1.0652593612670898,792,9,120,Cool Temperate,Moist,Settlement,Plains,Cool Temperate Moist,78,119,2,Cool Temperate Moist Settlement on Plains,#4E7702
2373,Vespa velutina,NA,"Rue Roger Frisch, Hautcharage, District Luxembourg, LU",inat,5.92,49.58,0.9034072875976562,936,336,114,Cool Temperate,Moist,Grassland,Hills,Cool Temperate Moist,22,124,10,Cool Temperate Moist Grassland on Hills,#167C0A
2374,Vespa velutina,NA,"Archeological Crypt, Luxemburg, Distrikt Luxemburg, LU",inat,6.14,49.61,0.9220864295959472,866,295,108,Cool Temperate,Moist,Settlement,Hills,Cool Temperate Moist,67,109,14,Cool Temperate Moist Settlement on Hills,#436D0E
2375,Vespa velutina,NA,"2921 LN Krimpen aan den IJssel, Nederland",inat,4.58,51.9,0.9911375045776368,858,0,NA,NA,NA,NA,NA,NA,NA,NA,NA,NA,NA
2376,Vespa velutina,NA,"Polytech, Montpellier, Occitanie, FR",inat,3.86,43.63,1.481810665130615,645,55,169,Warm Temperate,Moist,Settlement,Hills,Warm Temperate Moist,136,158,52,Warm Temperate Moist Settlement on Hills,#889E34
2377,Vespa velutina,NA,"Meise Plantentuin, 1860 Meise, Belgium",inat,4.33,50.93,1.029301071166992,790,42,116,Cool Temperate,Moist,Cropland,Plains,Cool Temperate Moist,29,153,10,Cool Temperate Moist Cropland on Plains,#1D990A
2378,Vespa velutina,BE,NA,gbif,5.51,50.97,0.9943770408630372,774,82,108,Cool Temperate,Moist,Settlement,Hills,Cool Temperate Moist,67,109,14,Cool Temperate Moist Settlement on Hills,#436D0E
2379,Vespa velutina,NA,"Avenue du Mas Ensoleillé, Antibes, Provence-Alpes-Côte d'Azur, FR",inat,7.12,43.59,1.4755531311035155,854,15,169,Warm Temperate,Moist,Settlement,Hills,Warm Temperate Moist,136,158,52,Warm Temperate Moist Settlement on Hills,#889E34
2380,Vespa velutina,NA,"Ourense, España",inat,-7.77,42.07,1.1874687194824218,1631,605,160,Warm Temperate,Moist,Cropland,Plains,Warm Temperate Moist,105,207,54,Warm Temperate Moist Cropland on Plains,#69CF36
2381,Vespa velutina,NA,"Via Vignolo civ. 8, 16038 Santa Margherita Ligure GE, Italia",inat,9.21,44.34,1.1854545593261718,1607,36,172,Warm Temperate,Moist,Settlement,Mountains,Warm Temperate Moist,105,89,18,Warm Temperate Moist Settlement on Mountains,#695912
2382,Vespa velutina,BE,NA,gbif,4.38,51.1,1.039146900177002,785,10,116,Cool Temperate,Moist,Cropland,Plains,Cool Temperate Moist,29,153,10,Cool Temperate Moist Cropland on Plains,#1D990A
2383,Vespa velutina,NA,"Baden-Württemberg, DE",inat,8.34,49.06,1.0572250366210938,765,105,161,Warm Temperate,Moist,Settlement,Plains,Warm Temperate Moist,163,170,28,Warm Temperate Moist Settlement on Plains,#A3AA1C
2384,Vespa velutina,NL,NA,gbif,4.35,51.5,1.0215239524841309,802,11,116,Cool Temperate,Moist,Cropland,Plains,Cool Temperate Moist,29,153,10,Cool Temperate Moist Cropland on Plains,#1D990A
2385,Vespa velutina,NA,"Estrada Nacional Nº 8-2, Km. 14, 2530 Lourinhã, Portugal",inat,-9.3,39.23,1.56060733795166,661,83,168,Warm Temperate,Moist,Cropland,Hills,Warm Temperate Moist,112,198,86,Warm Temperate Moist Cropland on Hills,#70C656
2386,Vespa velutina,BE,NA,gbif,3.5,50.83,1.0210312843322753,786,35,116,Cool Temperate,Moist,Cropland,Plains,Cool Temperate Moist,29,153,10,Cool Temperate Moist Cropland on Plains,#1D990A
2387,Vespa velutina,NA,"6212 NA Maastricht, Holandia",inat,5.69,50.82,0.9797103881835938,819,58,108,Cool Temperate,Moist,Settlement,Hills,Cool Temperate Moist,67,109,14,Cool Temperate Moist Settlement on Hills,#436D0E
2388,Vespa velutina,BE,NA,gbif,5.35,50.96,1.0172677040100098,787,35,116,Cool Temperate,Moist,Cropland,Plains,Cool Temperate Moist,29,153,10,Cool Temperate Moist Cropland on Plains,#1D990A
2389,Vespa velutina,NA,"Zaventem, België",inat,4.46,50.88,1.0497979164123534,783,48,108,Cool Temperate,Moist,Settlement,Hills,Cool Temperate Moist,67,109,14,Cool Temperate Moist Settlement on Hills,#436D0E
2390,Vespa velutina,NL,NA,gbif,3.45,51.5,1.031646156311035,772,-2,NA,NA,NA,NA,NA,NA,NA,NA,NA,NA,NA
2391,Vespa velutina,NL,NA,gbif,5.5,51.4,0.9889156341552734,757,24,116,Cool Temperate,Moist,Cropland,Plains,Cool Temperate Moist,29,153,10,Cool Temperate Moist Cropland on Plains,#1D990A
2392,Vespa velutina,DE,NA,gbif,8.38,49,0.9595218658447264,1036,121,161,Warm Temperate,Moist,Settlement,Plains,Warm Temperate Moist,163,170,28,Warm Temperate Moist Settlement on Plains,#A3AA1C
2393,Vespa velutina,NA,"4356 EB Oostkapelle, Nederland",inat,3.56,51.57,1.0425701141357422,767,-2,116,Cool Temperate,Moist,Cropland,Plains,Cool Temperate Moist,29,153,10,Cool Temperate Moist Cropland on Plains,#1D990A
2394,Vespa velutina,NA,"União das freguesias de Lordelo do Ouro e Massarelos, Porto, Portugal",inat,-8.64,41.15,1.4505515098571775,1231,66,NA,NA,NA,NA,NA,NA,NA,NA,NA,NA,NA
2395,Vespa velutina,BE,NA,gbif,3.29,51.34,1.033952713012695,766,1,120,Cool Temperate,Moist,Settlement,Plains,Cool Temperate Moist,78,119,2,Cool Temperate Moist Settlement on Plains,#4E7702
2396,Vespa velutina,BE,NA,gbif,5.13,50.84,1.056206226348877,773,33,111,Cool Temperate,Moist,Forest,Plains,Cool Temperate Moist,1,109,0,Cool Temperate Moist Forest on Plains,#016D00
2397,Vespa velutina,BE,NA,gbif,4.41,50.83,1.0074718475341795,805,79,129,Cool Temperate,Moist,Settlement,Tablelands,Cool Temperate Moist,47,63,130,Cool Temperate Moist Settlement on Tablelands,#2F3F82
2398,Vespa velutina,NA,"Op der Sterz, Fentange, District Luxembourg, LU",inat,6.15,49.57,0.9220864295959472,866,282,108,Cool Temperate,Moist,Settlement,Hills,Cool Temperate Moist,67,109,14,Cool Temperate Moist Settlement on Hills,#436D0E
2399,Vespa velutina,BE,NA,gbif,3.93,50.99,1.0294885635375977,792,15,120,Cool Temperate,Moist,Settlement,Plains,Cool Temperate Moist,78,119,2,Cool Temperate Moist Settlement on Plains,#4E7702
2400,Vespa velutina,BE,NA,gbif,5.08,51.14,1.056958293914795,792,26,116,Cool Temperate,Moist,Cropland,Plains,Cool Temperate Moist,29,153,10,Cool Temperate Moist Cropland on Plains,#1D990A
2401,Vespa velutina,NA,"1808 Monts-de-Corsier, Switzerland",inat,6.88,46.51,0.733579158782959,1298,812,107,Cool Temperate,Moist,Grassland,Mountains,Cool Temperate Moist,26,83,0,Cool Temperate Moist Grassland on Mountains,#1A5300
2402,Vespa velutina,BE,NA,gbif,3.71,51.02,1.0652593612670898,792,8,161,Warm Temperate,Moist,Settlement,Plains,Warm Temperate Moist,163,170,28,Warm Temperate Moist Settlement on Plains,#A3AA1C
2403,Vespa velutina,BE,NA,gbif,4.79,50.95,1.0381396293640135,765,29,116,Cool Temperate,Moist,Cropland,Plains,Cool Temperate Moist,29,153,10,Cool Temperate Moist Cropland on Plains,#1D990A
2404,Vespa velutina,BE,NA,gbif,5.51,50.76,0.9857937812805176,820,105,110,Cool Temperate,Moist,Cropland,Hills,Cool Temperate Moist,33,144,30,Cool Temperate Moist Cropland on Hills,#21901E
2405,Vespa velutina,BE,NA,gbif,3.98,51.1,1.0463322639465331,779,4,120,Cool Temperate,Moist,Settlement,Plains,Cool Temperate Moist,78,119,2,Cool Temperate Moist Settlement on Plains,#4E7702
2406,Vespa velutina,NA,"Pedreiras (Moçambique), 4740-406 Fão, Portugal",inat,-8.76,41.51,1.404978370666504,1497,-1,161,Warm Temperate,Moist,Settlement,Plains,Warm Temperate Moist,163,170,28,Warm Temperate Moist Settlement on Plains,#A3AA1C
2407,Vespa velutina,BE,NA,gbif,3.71,51,1.0391103744506835,795,6,120,Cool Temperate,Moist,Settlement,Plains,Cool Temperate Moist,78,119,2,Cool Temperate Moist Settlement on Plains,#4E7702
2408,Vespa velutina,NA,"17154 Sant Aniol de Finestres, Girona, Espanya",inat,2.66,42.02,1.2486635208129884,777,339,176,Warm Temperate,Moist,Forest,Mountains,Warm Temperate Moist,49,105,3,Warm Temperate Moist Forest on Mountains,#316903
2409,Vespa velutina,BE,NA,gbif,4.72,51.2,1.0255916595458985,796,11,116,Cool Temperate,Moist,Cropland,Plains,Cool Temperate Moist,29,153,10,Cool Temperate Moist Cropland on Plains,#1D990A
2410,Vespa velutina,BE,NA,gbif,3.59,50.85,1.0466250419616698,795,16,116,Cool Temperate,Moist,Cropland,Plains,Cool Temperate Moist,29,153,10,Cool Temperate Moist Cropland on Plains,#1D990A
2411,Vespa velutina,BE,NA,gbif,3.81,50.87,1.0391103744506835,795,65,120,Cool Temperate,Moist,Settlement,Plains,Cool Temperate Moist,78,119,2,Cool Temperate Moist Settlement on Plains,#4E7702
2412,Vespa velutina,FR,NA,gbif,1.47,43.57,1.3110468864440918,683,159,169,Warm Temperate,Moist,Settlement,Hills,Warm Temperate Moist,136,158,52,Warm Temperate Moist Settlement on Hills,#889E34
2413,Vespa velutina,BE,NA,gbif,5,50.88,1.056206226348877,773,40,128,Cool Temperate,Moist,Grassland,Plains,Cool Temperate Moist,22,133,0,Cool Temperate Moist Grassland on Plains,#168500
2414,Vespa velutina,BE,NA,gbif,4.76,50.86,1.0381396293640135,765,56,108,Cool Temperate,Moist,Settlement,Hills,Cool Temperate Moist,67,109,14,Cool Temperate Moist Settlement on Hills,#436D0E
2415,Vespa velutina,BE,NA,gbif,3.41,50.86,1.0440187454223633,791,15,120,Cool Temperate,Moist,Settlement,Plains,Cool Temperate Moist,78,119,2,Cool Temperate Moist Settlement on Plains,#4E7702
2416,Vespa velutina,NA,"Haute-Savoie, Rhône-Alpes, FR",inat,6.18,45.88,0.752190637588501,1244,590,172,Warm Temperate,Moist,Settlement,Mountains,Warm Temperate Moist,105,89,18,Warm Temperate Moist Settlement on Mountains,#695912
2417,Vespa velutina,NA,"Korschenbroich Raderbroich, 41352 Korschenbroich, Deutschland",inat,6.53,51.21,1.0501531600952148,751,41,111,Cool Temperate,Moist,Forest,Plains,Cool Temperate Moist,1,109,0,Cool Temperate Moist Forest on Plains,#016D00
2418,Vespa velutina,BE,NA,gbif,4.5,50.85,1.0223458290100098,773,67,110,Cool Temperate,Moist,Cropland,Hills,Cool Temperate Moist,33,144,30,Cool Temperate Moist Cropland on Hills,#21901E
2419,Vespa velutina,BE,NA,gbif,3.58,50.75,1.0210312843322753,786,47,110,Cool Temperate,Moist,Cropland,Hills,Cool Temperate Moist,33,144,30,Cool Temperate Moist Cropland on Hills,#21901E
2420,Vespa velutina,NA,"Rua do Mar, Comporta, Alentejo, PT",inat,-8.78,38.38,1.661822509765625,638,6,195,Warm Temperate,Dry,Forest,Plains,Warm Temperate Dry,94,186,42,Warm Temperate Dry Forest on Plains,#5EBA2A
2421,Vespa velutina,NA,"13740 Le Rove, Frankreich",inat,5.24,43.36,1.4696836471557615,625,164,190,Warm Temperate,Dry,Cropland,Hills,Warm Temperate Dry,153,217,128,Warm Temperate Dry Cropland on Hills,#99D980
2422,Vespa velutina,BE,NA,gbif,4.6,50.96,1.0223458290100098,773,13,161,Warm Temperate,Moist,Settlement,Plains,Warm Temperate Moist,163,170,28,Warm Temperate Moist Settlement on Plains,#A3AA1C
2423,Vespa velutina,NA,"Urizarreta, 48130, Vizcaya, Spain",inat,-2.79,43.44,1.3266465187072751,1220,102,NA,NA,NA,NA,NA,NA,NA,NA,NA,NA,NA
2424,Vespa velutina,BE,NA,gbif,4.49,51.01,1.039146900177002,785,7,116,Cool Temperate,Moist,Cropland,Plains,Cool Temperate Moist,29,153,10,Cool Temperate Moist Cropland on Plains,#1D990A
2425,Vespa velutina,NA,"73230 Kirchheim unter Teck-Ötlingen, Deutschland",inat,9.42,48.66,0.8363156318664551,856,317,108,Cool Temperate,Moist,Settlement,Hills,Cool Temperate Moist,67,109,14,Cool Temperate Moist Settlement on Hills,#436D0E
2426,Vespa velutina,BE,NA,gbif,3.18,50.82,1.0392760276794433,754,15,120,Cool Temperate,Moist,Settlement,Plains,Cool Temperate Moist,78,119,2,Cool Temperate Moist Settlement on Plains,#4E7702
2427,Vespa velutina,BE,NA,gbif,4.45,50.93,1.0497979164123534,783,13,160,Warm Temperate,Moist,Cropland,Plains,Warm Temperate Moist,105,207,54,Warm Temperate Moist Cropland on Plains,#69CF36
2428,Vespa velutina,NA,"Rameldange Niederanven, Luxembourg",inat,6.24,49.66,0.9219437599182128,824,338,110,Cool Temperate,Moist,Cropland,Hills,Cool Temperate Moist,33,144,30,Cool Temperate Moist Cropland on Hills,#21901E
2429,Vespa velutina,BE,NA,gbif,4.48,51.14,1.039146900177002,785,17,116,Cool Temperate,Moist,Cropland,Plains,Cool Temperate Moist,29,153,10,Cool Temperate Moist Cropland on Plains,#1D990A
2430,Vespa velutina,NA,"A Romescht, Bofferdange, District Luxembourg, LU",inat,6.14,49.69,0.9069146156311036,834,300,108,Cool Temperate,Moist,Settlement,Hills,Cool Temperate Moist,67,109,14,Cool Temperate Moist Settlement on Hills,#436D0E
2431,Vespa velutina,NA,"Castañares, Burgos, España",inat,-3.63,42.34,1.0777145385742188,556,897,190,Warm Temperate,Dry,Cropland,Hills,Warm Temperate Dry,153,217,128,Warm Temperate Dry Cropland on Hills,#99D980
2432,Vespa velutina,BE,NA,gbif,4.23,50.89,1.029301071166992,790,58,116,Cool Temperate,Moist,Cropland,Plains,Cool Temperate Moist,29,153,10,Cool Temperate Moist Cropland on Plains,#1D990A
2433,Vespa velutina,BE,NA,gbif,3.38,50.91,1.0440187454223633,791,12,120,Cool Temperate,Moist,Settlement,Plains,Cool Temperate Moist,78,119,2,Cool Temperate Moist Settlement on Plains,#4E7702
2434,Vespa velutina,NA,"Parc Naturel de l'Our, LU-DI-DI, LU-DI, LU",inat,6.09,49.91,0.8673364639282226,860,365,97,Cool Temperate,Moist,Forest,Mountains,Cool Temperate Moist,6,64,0,Cool Temperate Moist Forest on Mountains,#064000
2435,Vespa velutina,IT,NA,gbif,9.32,44.33,1.4026111602783202,1227,56,172,Warm Temperate,Moist,Settlement,Mountains,Warm Temperate Moist,105,89,18,Warm Temperate Moist Settlement on Mountains,#695912
2436,Vespa velutina,BE,NA,gbif,4.44,51.19,1.0570364952087403,798,11,161,Warm Temperate,Moist,Settlement,Plains,Warm Temperate Moist,163,170,28,Warm Temperate Moist Settlement on Plains,#A3AA1C
2437,Vespa velutina,NA,"Rua Vergílio Ferreira, 2785-599 São Domingos de Rana, Portugal",inat,-9.34,38.71,1.581121826171875,711,67,169,Warm Temperate,Moist,Settlement,Hills,Warm Temperate Moist,136,158,52,Warm Temperate Moist Settlement on Hills,#889E34
2438,Vespa velutina,NL,NA,gbif,4.7,51.55,1.0014093399047852,815,6,128,Cool Temperate,Moist,Grassland,Plains,Cool Temperate Moist,22,133,0,Cool Temperate Moist Grassland on Plains,#168500
2439,Vespa velutina,NA,"16030 Moneglia, Genua, Italien",inat,9.49,44.24,1.3121337890625,1294,102,NA,NA,NA,NA,NA,NA,NA,NA,NA,NA,NA
2440,Vespa velutina,NA,"Zavelstraat, Olen, Provincie Antwerpen, BE",inat,4.9,51.16,1.0535478591918943,777,20,120,Cool Temperate,Moist,Settlement,Plains,Cool Temperate Moist,78,119,2,Cool Temperate Moist Settlement on Plains,#4E7702
2441,Vespa velutina,NA,"06410 Biot, France",inat,7.1,43.62,1.4755531311035155,854,93,172,Warm Temperate,Moist,Settlement,Mountains,Warm Temperate Moist,105,89,18,Warm Temperate Moist Settlement on Mountains,#695912
2442,Vespa velutina,CH,NA,gbif,6.16,46.18,0.973855209350586,1039,391,173,Warm Temperate,Moist,Cropland,Mountains,Warm Temperate Moist,100,150,37,Warm Temperate Moist Cropland on Mountains,#649625
2443,Vespa velutina,FR,NA,gbif,4.26,44.64,1.114594841003418,868,504,175,Warm Temperate,Moist,Shrubland,Mountains,Warm Temperate Moist,102,130,4,Warm Temperate Moist Shrubland on Mountains,#668204
2444,Vespa velutina,NA,"Hansen-Soulielaan, Etterbeek, Brussels-Capital Region, BE",inat,4.4,50.83,1.0074718475341795,805,85,129,Cool Temperate,Moist,Settlement,Tablelands,Cool Temperate Moist,47,63,130,Cool Temperate Moist Settlement on Tablelands,#2F3F82
2445,Vespa velutina,CH,NA,gbif,6.23,46.38,0.931196880340576,1134,406,172,Warm Temperate,Moist,Settlement,Mountains,Warm Temperate Moist,105,89,18,Warm Temperate Moist Settlement on Mountains,#695912
2446,Vespa velutina,BE,NA,gbif,4.48,51.02,1.039146900177002,785,7,120,Cool Temperate,Moist,Settlement,Plains,Cool Temperate Moist,78,119,2,Cool Temperate Moist Settlement on Plains,#4E7702
2447,Vespa velutina,BE,NA,gbif,4.28,51.07,1.0402281761169434,786,3,160,Warm Temperate,Moist,Cropland,Plains,Warm Temperate Moist,105,207,54,Warm Temperate Moist Cropland on Plains,#69CF36
2448,Vespa velutina,NL,NA,gbif,4.8,51.55,1.0014093399047852,815,7,120,Cool Temperate,Moist,Settlement,Plains,Cool Temperate Moist,78,119,2,Cool Temperate Moist Settlement on Plains,#4E7702
2449,Vespa velutina,BE,NA,gbif,3.86,51,1.0294885635375977,792,8,160,Warm Temperate,Moist,Cropland,Plains,Warm Temperate Moist,105,207,54,Warm Temperate Moist Cropland on Plains,#69CF36
2450,Vespa velutina,BE,NA,gbif,3.83,50.89,1.0391103744506835,795,63,120,Cool Temperate,Moist,Settlement,Plains,Cool Temperate Moist,78,119,2,Cool Temperate Moist Settlement on Plains,#4E7702
2451,Vespa velutina,NA,"Engelinstraße, Breisach am Rhein, Baden-Württemberg, DE",inat,7.58,48.04,1.0584343910217284,952,183,161,Warm Temperate,Moist,Settlement,Plains,Warm Temperate Moist,163,170,28,Warm Temperate Moist Settlement on Plains,#A3AA1C
2452,Vespa velutina,BE,NA,gbif,5.53,50.87,0.9943770408630372,774,63,120,Cool Temperate,Moist,Settlement,Plains,Cool Temperate Moist,78,119,2,Cool Temperate Moist Settlement on Plains,#4E7702
2453,Vespa velutina,NL,NA,gbif,5.8,50.95,1.0079051971435546,754,75,116,Cool Temperate,Moist,Cropland,Plains,Cool Temperate Moist,29,153,10,Cool Temperate Moist Cropland on Plains,#1D990A
2454,Vespa velutina,NA,"27400 Hondouville, France",inat,1.13,49.15,1.0332302093505858,664,113,180,Warm Temperate,Moist,Forest,Tablelands,Warm Temperate Moist,69,72,136,Warm Temperate Moist Forest on Tablelands,#454888
2455,Vespa velutina,NA,"Peyrou - Arc de Triomphe, 34000 Montpellier, France",inat,3.87,43.61,1.481810665130615,645,47,169,Warm Temperate,Moist,Settlement,Hills,Warm Temperate Moist,136,158,52,Warm Temperate Moist Settlement on Hills,#889E34
2456,Vespa velutina,NL,NA,gbif,4.65,51.9,0.9911375045776368,858,-2,128,Cool Temperate,Moist,Grassland,Plains,Cool Temperate Moist,22,133,0,Cool Temperate Moist Grassland on Plains,#168500
2457,Vespa velutina,ES,NA,gbif,2.03,41.52,1.4473604202270507,676,226,178,Warm Temperate,Moist,Cropland,Tablelands,Warm Temperate Moist,61,89,194,Warm Temperate Moist Cropland on Tablelands,#3D59C2
2458,Vespa velutina,NL,NA,gbif,5.5,51.45,0.9889156341552734,757,18,120,Cool Temperate,Moist,Settlement,Plains,Cool Temperate Moist,78,119,2,Cool Temperate Moist Settlement on Plains,#4E7702
2459,Vespa velutina,NA,"Oosterland, Netherlands",inat,4.05,51.64,1.0141395568847655,791,-2,116,Cool Temperate,Moist,Cropland,Plains,Cool Temperate Moist,29,153,10,Cool Temperate Moist Cropland on Plains,#1D990A
2460,Vespa velutina,NA,"Marcinelle, 6001 Charleroi, Belgium",inat,4.44,50.4,0.99935941696167,810,120,108,Cool Temperate,Moist,Settlement,Hills,Cool Temperate Moist,67,109,14,Cool Temperate Moist Settlement on Hills,#436D0E
2461,Vespa velutina,NA,"Nogent-sur-Marne, France",inat,2.49,48.83,1.1437250137329102,632,54,169,Warm Temperate,Moist,Settlement,Hills,Warm Temperate Moist,136,158,52,Warm Temperate Moist Settlement on Hills,#889E34
2462,Vespa velutina,NA,"6215 JH Maastricht, Нидерланды",inat,5.65,50.85,0.9943770408630372,774,72,110,Cool Temperate,Moist,Cropland,Hills,Cool Temperate Moist,33,144,30,Cool Temperate Moist Cropland on Hills,#21901E
2463,Vespa velutina,NA,"34560 Poussan, France",inat,3.67,43.49,1.5024091720581054,611,62,172,Warm Temperate,Moist,Settlement,Mountains,Warm Temperate Moist,105,89,18,Warm Temperate Moist Settlement on Mountains,#695912
2464,Vespa velutina,BE,NA,gbif,4.44,50.94,1.0497979164123534,783,12,161,Warm Temperate,Moist,Settlement,Plains,Warm Temperate Moist,163,170,28,Warm Temperate Moist Settlement on Plains,#A3AA1C
2465,Vespa velutina,NA,"2705 São João das Lampas, Portugal",inat,-9.43,38.88,1.569815731048584,692,64,168,Warm Temperate,Moist,Cropland,Hills,Warm Temperate Moist,112,198,86,Warm Temperate Moist Cropland on Hills,#70C656
2466,Vespa velutina,NA,"Rue Saint-Éloi, Moyeuvre-Grande, Grand Est, FR",inat,6.05,49.25,0.9826552391052246,814,263,108,Cool Temperate,Moist,Settlement,Hills,Cool Temperate Moist,67,109,14,Cool Temperate Moist Settlement on Hills,#436D0E
2467,Vespa velutina,BE,NA,gbif,3.2,50.84,1.0385656356811523,780,18,120,Cool Temperate,Moist,Settlement,Plains,Cool Temperate Moist,78,119,2,Cool Temperate Moist Settlement on Plains,#4E7702
2468,Vespa velutina,BE,NA,gbif,4.41,51.33,1.0570364952087403,798,6,120,Cool Temperate,Moist,Settlement,Plains,Cool Temperate Moist,78,119,2,Cool Temperate Moist Settlement on Plains,#4E7702
2469,Vespa velutina,NA,"La Gloria 234, 39012, Cantabria, España",inat,-3.85,43.47,1.3978527069091795,1112,17,164,Warm Temperate,Moist,Grassland,Hills,Warm Temperate Moist,86,172,49,Warm Temperate Moist Grassland on Hills,#56AC31
2470,Vespa velutina,BE,NA,gbif,4.08,51.11,1.0435916900634763,789,16,120,Cool Temperate,Moist,Settlement,Plains,Cool Temperate Moist,78,119,2,Cool Temperate Moist Settlement on Plains,#4E7702
2471,Vespa velutina,DE,NA,gbif,8.44,49.48,1.051504135131836,669,96,161,Warm Temperate,Moist,Settlement,Plains,Warm Temperate Moist,163,170,28,Warm Temperate Moist Settlement on Plains,#A3AA1C
2472,Vespa velutina,NA,"Girona, Espanya",inat,2.83,41.97,1.4288000106811525,759,119,172,Warm Temperate,Moist,Settlement,Mountains,Warm Temperate Moist,105,89,18,Warm Temperate Moist Settlement on Mountains,#695912
2473,Vespa velutina,NA,"43840 Salou, Tarragona, Espanya",inat,1.16,41.09,1.5854812622070311,535,17,191,Warm Temperate,Dry,Settlement,Hills,Warm Temperate Dry,173,187,99,Warm Temperate Dry Settlement on Hills,#ADBB63
2474,Vespa velutina,BE,NA,gbif,5.26,50.94,1.0412812232971191,790,29,111,Cool Temperate,Moist,Forest,Plains,Cool Temperate Moist,1,109,0,Cool Temperate Moist Forest on Plains,#016D00
2475,Vespa velutina,BE,NA,gbif,5.13,50.72,1.0245490074157717,768,107,110,Cool Temperate,Moist,Cropland,Hills,Cool Temperate Moist,33,144,30,Cool Temperate Moist Cropland on Hills,#21901E
2476,Vespa velutina,NA,"KAIN Rue Delcambre, 7540 Tournai, Belgique",inat,3.38,50.64,1.0263708114624024,745,34,108,Cool Temperate,Moist,Settlement,Hills,Cool Temperate Moist,67,109,14,Cool Temperate Moist Settlement on Hills,#436D0E
2477,Vespa velutina,NA,"34270 Lauret, France",inat,3.89,43.83,1.4095989227294925,685,165,173,Warm Temperate,Moist,Cropland,Mountains,Warm Temperate Moist,100,150,37,Warm Temperate Moist Cropland on Mountains,#649625
2478,Vespa velutina,BE,NA,gbif,3.27,51.28,1.029801559448242,783,-4,128,Cool Temperate,Moist,Grassland,Plains,Cool Temperate Moist,22,133,0,Cool Temperate Moist Grassland on Plains,#168500
2479,Vespa velutina,DE,NA,gbif,7.63,50.32,0.9187614440917968,729,189,97,Cool Temperate,Moist,Forest,Mountains,Cool Temperate Moist,6,64,0,Cool Temperate Moist Forest on Mountains,#064000
2480,Vespa velutina,NA,"Os Campos, 36988 O Grove, Pontevedra, Espagne",inat,-8.93,42.47,1.4339089393615725,1421,-1,169,Warm Temperate,Moist,Settlement,Hills,Warm Temperate Moist,136,158,52,Warm Temperate Moist Settlement on Hills,#889E34
2481,Vespa velutina,BE,NA,gbif,5.53,50.9,0.9943770408630372,774,54,111,Cool Temperate,Moist,Forest,Plains,Cool Temperate Moist,1,109,0,Cool Temperate Moist Forest on Plains,#016D00
2482,Vespa velutina,BE,NA,gbif,4.65,50.83,1.0064770698547365,782,41,110,Cool Temperate,Moist,Cropland,Hills,Cool Temperate Moist,33,144,30,Cool Temperate Moist Cropland on Hills,#21901E
2483,Vespa velutina,BE,NA,gbif,5.05,50.98,1.056206226348877,773,29,161,Warm Temperate,Moist,Settlement,Plains,Warm Temperate Moist,163,170,28,Warm Temperate Moist Settlement on Plains,#A3AA1C
2484,Vespa velutina,NL,NA,gbif,6,50.75,0.9450010299682616,907,238,110,Cool Temperate,Moist,Cropland,Hills,Cool Temperate Moist,33,144,30,Cool Temperate Moist Cropland on Hills,#21901E
2485,Vespa velutina,NA,"Aalst TechniGo, 9300 Aalst, Belgium",inat,4.02,50.94,1.040187454223633,782,14,120,Cool Temperate,Moist,Settlement,Plains,Cool Temperate Moist,78,119,2,Cool Temperate Moist Settlement on Plains,#4E7702
2486,Vespa velutina,BE,NA,gbif,4.26,50.79,1.0301885604858398,788,32,114,Cool Temperate,Moist,Grassland,Hills,Cool Temperate Moist,22,124,10,Cool Temperate Moist Grassland on Hills,#167C0A
2487,Vespa velutina,BE,NA,gbif,4.29,51.1,1.0402281761169434,786,2,116,Cool Temperate,Moist,Cropland,Plains,Cool Temperate Moist,29,153,10,Cool Temperate Moist Cropland on Plains,#1D990A
2488,Vespa velutina,NA,"66111 Saarbrücken, Deutschland",inat,7,49.24,0.928123950958252,927,226,108,Cool Temperate,Moist,Settlement,Hills,Cool Temperate Moist,67,109,14,Cool Temperate Moist Settlement on Hills,#436D0E
2489,Vespa velutina,BE,NA,gbif,5.37,50.59,0.955164623260498,871,149,102,Cool Temperate,Moist,Cropland,Tablelands,Cool Temperate Moist,99,97,160,Cool Temperate Moist Cropland on Tablelands,#6361A0
2490,Vespa velutina,BE,NA,gbif,4.42,50.79,1.0074718475341795,805,102,129,Cool Temperate,Moist,Settlement,Tablelands,Cool Temperate Moist,47,63,130,Cool Temperate Moist Settlement on Tablelands,#2F3F82
2491,Vespa velutina,NA,"Rua da Cerca 9, 2800-205 Almada, Portugal",inat,-9.16,38.68,1.6865142822265624,703,20,169,Warm Temperate,Moist,Settlement,Hills,Warm Temperate Moist,136,158,52,Warm Temperate Moist Settlement on Hills,#889E34
2492,Vespa velutina,NA,"21800 Chevigny-Saint-Sauveur, France",inat,5.15,47.29,1.0628146171569823,767,212,161,Warm Temperate,Moist,Settlement,Plains,Warm Temperate Moist,163,170,28,Warm Temperate Moist Settlement on Plains,#A3AA1C
2493,Vespa velutina,NA,"Rhône, Rhône-Alpes, France",inat,4.79,45.76,1.1392176628112791,829,233,169,Warm Temperate,Moist,Settlement,Hills,Warm Temperate Moist,136,158,52,Warm Temperate Moist Settlement on Hills,#889E34
2494,Vespa velutina,NA,"Merelbeke Bergstraat, 9820 Merelbeke-Melle, België",inat,3.75,51.01,1.0652593612670898,792,10,120,Cool Temperate,Moist,Settlement,Plains,Cool Temperate Moist,78,119,2,Cool Temperate Moist Settlement on Plains,#4E7702
2495,Vespa velutina,NL,NA,gbif,3.45,51.25,1.028710460662842,798,0,116,Cool Temperate,Moist,Cropland,Plains,Cool Temperate Moist,29,153,10,Cool Temperate Moist Cropland on Plains,#1D990A
2496,Vespa velutina,BE,NA,gbif,4.36,50.9,1.0497979164123534,783,46,161,Warm Temperate,Moist,Settlement,Plains,Warm Temperate Moist,163,170,28,Warm Temperate Moist Settlement on Plains,#A3AA1C
2497,Vespa velutina,BE,NA,gbif,4.7,51.07,1.0428604125976562,774,14,120,Cool Temperate,Moist,Settlement,Plains,Cool Temperate Moist,78,119,2,Cool Temperate Moist Settlement on Plains,#4E7702
2498,Vespa velutina,BE,NA,gbif,4.19,51.04,1.0402281761169434,786,4,NA,NA,NA,NA,NA,NA,NA,NA,NA,NA,NA
2499,Vespa velutina,NA,"Mühlenstr., 54296 Trier, Deutschland",inat,6.7,49.73,0.8938666343688965,873,318,113,Cool Temperate,Moist,Settlement,Mountains,Cool Temperate Moist,61,67,0,Cool Temperate Moist Settlement on Mountains,#3D4300
2500,Vespa velutina,NA,"Priola, Provincia di Cuneo, Italia",inat,8.03,44.26,1.1162676811218262,883,696,176,Warm Temperate,Moist,Forest,Mountains,Warm Temperate Moist,49,105,3,Warm Temperate Moist Forest on Mountains,#316903
2501,Vespa velutina,BE,NA,gbif,4.38,51.1,1.039146900177002,785,10,116,Cool Temperate,Moist,Cropland,Plains,Cool Temperate Moist,29,153,10,Cool Temperate Moist Cropland on Plains,#1D990A
2502,Vespa velutina,NL,NA,gbif,5.8,51.05,1.0033124923706054,720,31,116,Cool Temperate,Moist,Cropland,Plains,Cool Temperate Moist,29,153,10,Cool Temperate Moist Cropland on Plains,#1D990A
2503,Vespa velutina,NA,"Rue d'Imbringen, Bourglinster, District Grevenmacher, LU",inat,6.22,49.7,0.8899781227111816,817,354,102,Cool Temperate,Moist,Cropland,Tablelands,Cool Temperate Moist,99,97,160,Cool Temperate Moist Cropland on Tablelands,#6361A0
2504,Vespa velutina,NA,"La Escosura, 33559, Asturias, España",inat,-5.13,43.3,1.0615562438964845,902,340,176,Warm Temperate,Moist,Forest,Mountains,Warm Temperate Moist,49,105,3,Warm Temperate Moist Forest on Mountains,#316903
2505,Vespa velutina,BE,NA,gbif,3.8,51.1,1.0652593612670898,792,6,116,Cool Temperate,Moist,Cropland,Plains,Cool Temperate Moist,29,153,10,Cool Temperate Moist Cropland on Plains,#1D990A
2506,Vespa velutina,NA,"Allée des Genêts, Andernos-les-Bains, Nouvelle-Aquitaine, FR",inat,-1.09,44.74,1.2872539520263673,934,6,161,Warm Temperate,Moist,Settlement,Plains,Warm Temperate Moist,163,170,28,Warm Temperate Moist Settlement on Plains,#A3AA1C
2507,Vespa velutina,NA,"Groesbeek, Nederland",inat,5.92,51.79,0.9752073287963868,758,79,109,Cool Temperate,Moist,Grassland,Tablelands,Cool Temperate Moist,78,92,155,Cool Temperate Moist Grassland on Tablelands,#4E5C9B
2508,Vespa velutina,NA,"Penafiel, Portugal",inat,-8.37,41.11,1.4233593940734863,1277,286,176,Warm Temperate,Moist,Forest,Mountains,Warm Temperate Moist,49,105,3,Warm Temperate Moist Forest on Mountains,#316903
2509,Vespa velutina,BE,NA,gbif,3.67,51.07,1.0652593612670898,792,6,160,Warm Temperate,Moist,Cropland,Plains,Warm Temperate Moist,105,207,54,Warm Temperate Moist Cropland on Plains,#69CF36
2510,Vespa velutina,NA,"06660 Saint-Étienne-de-Tinée, France",inat,6.9,44.31,0.4036604404449463,1084,2028,97,Cool Temperate,Moist,Forest,Mountains,Cool Temperate Moist,6,64,0,Cool Temperate Moist Forest on Mountains,#064000
2511,Vespa velutina,NL,NA,gbif,4.05,51.25,1.0351354598999023,797,6,116,Cool Temperate,Moist,Cropland,Plains,Cool Temperate Moist,29,153,10,Cool Temperate Moist Cropland on Plains,#1D990A
2512,Vespa velutina,BE,NA,gbif,4.4,51.22,1.0570364952087403,798,6,161,Warm Temperate,Moist,Settlement,Plains,Warm Temperate Moist,163,170,28,Warm Temperate Moist Settlement on Plains,#A3AA1C
2513,Vespa velutina,NL,NA,gbif,5.45,51.55,0.9877718925476074,767,11,116,Cool Temperate,Moist,Cropland,Plains,Cool Temperate Moist,29,153,10,Cool Temperate Moist Cropland on Plains,#1D990A
2514,Vespa velutina,BE,NA,gbif,4.48,51.12,1.039146900177002,785,13,116,Cool Temperate,Moist,Cropland,Plains,Cool Temperate Moist,29,153,10,Cool Temperate Moist Cropland on Plains,#1D990A
2515,Vespa velutina,NA,"Salburua, Álava, España",inat,-2.64,42.86,1.1061979293823243,888,514,166,Warm Temperate,Moist,Forest,Plains,Warm Temperate Moist,45,158,6,Warm Temperate Moist Forest on Plains,#2D9E06
2516,Vespa velutina,NA,"3 Rue du Crêt des Rameaux, 42530 Saint-Genest-Lerpt, France",inat,4.34,45.44,0.9552186965942384,912,567,172,Warm Temperate,Moist,Settlement,Mountains,Warm Temperate Moist,105,89,18,Warm Temperate Moist Settlement on Mountains,#695912
2517,Vespa velutina,NA,"Cran-Gevrier, 74960 Annecy, France",inat,6.11,45.91,0.9617656707763672,1054,443,172,Warm Temperate,Moist,Settlement,Mountains,Warm Temperate Moist,105,89,18,Warm Temperate Moist Settlement on Mountains,#695912
2518,Vespa velutina,NA,"51120 Les Essarts-lès-Sézanne, France",inat,3.6,48.77,0.9919729232788086,645,198,116,Cool Temperate,Moist,Cropland,Plains,Cool Temperate Moist,29,153,10,Cool Temperate Moist Cropland on Plains,#1D990A
2519,Vespa velutina,NA,"Linda-A-Velha (Palácio Aciprestes), 2795-164 Linda-a-Velha, Portugal",inat,-9.24,38.71,1.6334726333618164,722,58,169,Warm Temperate,Moist,Settlement,Hills,Warm Temperate Moist,136,158,52,Warm Temperate Moist Settlement on Hills,#889E34
2520,Vespa velutina,BE,NA,gbif,3.78,50.93,1.0391103744506835,795,40,116,Cool Temperate,Moist,Cropland,Plains,Cool Temperate Moist,29,153,10,Cool Temperate Moist Cropland on Plains,#1D990A
2521,Vespa velutina,BE,NA,gbif,3.8,51,1.0391103744506835,795,12,120,Cool Temperate,Moist,Settlement,Plains,Cool Temperate Moist,78,119,2,Cool Temperate Moist Settlement on Plains,#4E7702
2522,Vespa velutina,BE,NA,gbif,4.61,51.02,1.0294468879699707,777,8,116,Cool Temperate,Moist,Cropland,Plains,Cool Temperate Moist,29,153,10,Cool Temperate Moist Cropland on Plains,#1D990A
2523,Vespa velutina,BE,NA,gbif,4.65,51.25,1.0279624938964844,800,13,128,Cool Temperate,Moist,Grassland,Plains,Cool Temperate Moist,22,133,0,Cool Temperate Moist Grassland on Plains,#168500
2524,Vespa velutina,DE,NA,gbif,7.69,49.47,0.8970333099365234,737,255,108,Cool Temperate,Moist,Settlement,Hills,Cool Temperate Moist,67,109,14,Cool Temperate Moist Settlement on Hills,#436D0E
2525,Vespa velutina,BE,NA,gbif,3.73,51.04,1.0652593612670898,792,9,120,Cool Temperate,Moist,Settlement,Plains,Cool Temperate Moist,78,119,2,Cool Temperate Moist Settlement on Plains,#4E7702
2526,Vespa velutina,BE,NA,gbif,4.59,51.25,1.0279624938964844,800,10,116,Cool Temperate,Moist,Cropland,Plains,Cool Temperate Moist,29,153,10,Cool Temperate Moist Cropland on Plains,#1D990A
2527,Vespa velutina,BE,NA,gbif,5.12,51.33,1.0263051986694336,792,26,120,Cool Temperate,Moist,Settlement,Plains,Cool Temperate Moist,78,119,2,Cool Temperate Moist Settlement on Plains,#4E7702
2528,Vespa velutina,NA,"74076 Heilbronn, Deutschland",inat,9.25,49.14,0.9608406066894531,783,234,108,Cool Temperate,Moist,Settlement,Hills,Cool Temperate Moist,67,109,14,Cool Temperate Moist Settlement on Hills,#436D0E
2529,Vespa velutina,NA,"Cuvier, 75005 Paris, France",inat,2.36,48.85,1.144812488555908,641,46,NA,NA,NA,NA,NA,NA,NA,NA,NA,NA,NA
2530,Vespa velutina,NA,"34140 Mèze, France",inat,3.58,43.43,1.5087735176086423,593,18,168,Warm Temperate,Moist,Cropland,Hills,Warm Temperate Moist,112,198,86,Warm Temperate Moist Cropland on Hills,#70C656
2531,Vespa velutina,BE,NA,gbif,3.13,50.93,1.016388511657715,761,21,120,Cool Temperate,Moist,Settlement,Plains,Cool Temperate Moist,78,119,2,Cool Temperate Moist Settlement on Plains,#4E7702
2532,Vespa velutina,NA,"Cambrils, Tarragona, ES",inat,1.02,41.1,1.5854812622070311,535,90,184,Warm Temperate,Dry,Cropland,Mountains,Warm Temperate Dry,141,179,80,Warm Temperate Dry Cropland on Mountains,#8DB350
2533,Vespa velutina,BE,NA,gbif,4.23,50.96,1.029301071166992,790,29,120,Cool Temperate,Moist,Settlement,Plains,Cool Temperate Moist,78,119,2,Cool Temperate Moist Settlement on Plains,#4E7702
2534,Vespa velutina,NA,"Waldsee, 79 Freiburg im Breisgau-Ost, Germany",inat,7.88,47.99,0.7210000038146973,1480,412,113,Cool Temperate,Moist,Settlement,Mountains,Cool Temperate Moist,61,67,0,Cool Temperate Moist Settlement on Mountains,#3D4300
2535,Vespa velutina,BE,NA,gbif,4.64,51.24,1.0279624938964844,800,13,116,Cool Temperate,Moist,Cropland,Plains,Cool Temperate Moist,29,153,10,Cool Temperate Moist Cropland on Plains,#1D990A
2536,Vespa velutina,FR,NA,gbif,3.9,43.6,1.481810665130615,645,17,169,Warm Temperate,Moist,Settlement,Hills,Warm Temperate Moist,136,158,52,Warm Temperate Moist Settlement on Hills,#889E34
2537,Vespa velutina,NL,NA,gbif,5.35,51.3,0.9916239738464356,777,32,116,Cool Temperate,Moist,Cropland,Plains,Cool Temperate Moist,29,153,10,Cool Temperate Moist Cropland on Plains,#1D990A
2538,Vespa velutina,BE,NA,gbif,5.46,50.95,1.0172677040100098,787,51,111,Cool Temperate,Moist,Forest,Plains,Cool Temperate Moist,1,109,0,Cool Temperate Moist Forest on Plains,#016D00
2539,Vespa velutina,BE,NA,gbif,5.24,50.92,1.0412812232971191,790,32,116,Cool Temperate,Moist,Cropland,Plains,Cool Temperate Moist,29,153,10,Cool Temperate Moist Cropland on Plains,#1D990A
2540,Vespa velutina,NA,"Haltern am See Sebbel, 45721 Haltern am See, Deutschland",inat,7.26,51.73,0.9690437316894532,830,49,111,Cool Temperate,Moist,Forest,Plains,Cool Temperate Moist,1,109,0,Cool Temperate Moist Forest on Plains,#016D00
2541,Vespa velutina,BE,NA,gbif,5.08,51.19,1.0263051986694336,792,26,120,Cool Temperate,Moist,Settlement,Plains,Cool Temperate Moist,78,119,2,Cool Temperate Moist Settlement on Plains,#4E7702
2542,Vespa velutina,BE,NA,gbif,4.51,51.22,1.0279624938964844,800,6,120,Cool Temperate,Moist,Settlement,Plains,Cool Temperate Moist,78,119,2,Cool Temperate Moist Settlement on Plains,#4E7702
2543,Vespa velutina,BE,NA,gbif,5.01,51.11,1.056958293914795,792,19,120,Cool Temperate,Moist,Settlement,Plains,Cool Temperate Moist,78,119,2,Cool Temperate Moist Settlement on Plains,#4E7702
2544,Vespa velutina,BE,NA,gbif,3.71,51.06,1.0652593612670898,792,8,120,Cool Temperate,Moist,Settlement,Plains,Cool Temperate Moist,78,119,2,Cool Temperate Moist Settlement on Plains,#4E7702
2545,Vespa velutina,NA,"Einach, 77723 Gengenbach, Deutschland",inat,8.03,48.4,0.905942726135254,1311,224,107,Cool Temperate,Moist,Grassland,Mountains,Cool Temperate Moist,26,83,0,Cool Temperate Moist Grassland on Mountains,#1A5300
2546,Vespa velutina,BE,NA,gbif,3.3,50.81,1.0392760276794433,754,29,120,Cool Temperate,Moist,Settlement,Plains,Cool Temperate Moist,78,119,2,Cool Temperate Moist Settlement on Plains,#4E7702
2547,Vespa velutina,NA,"Braga, PT",inat,-8.44,41.4,1.42109375,1410,153,172,Warm Temperate,Moist,Settlement,Mountains,Warm Temperate Moist,105,89,18,Warm Temperate Moist Settlement on Mountains,#695912
2548,Vespa velutina,BE,NA,gbif,5.48,50.88,1.0172677040100098,787,60,116,Cool Temperate,Moist,Cropland,Plains,Cool Temperate Moist,29,153,10,Cool Temperate Moist Cropland on Plains,#1D990A
2549,Vespa velutina,BE,NA,gbif,4.46,51.04,1.039146900177002,785,4,116,Cool Temperate,Moist,Cropland,Plains,Cool Temperate Moist,29,153,10,Cool Temperate Moist Cropland on Plains,#1D990A
2550,Vespa velutina,NL,NA,gbif,4.85,52.05,0.953907299041748,799,-2,128,Cool Temperate,Moist,Grassland,Plains,Cool Temperate Moist,22,133,0,Cool Temperate Moist Grassland on Plains,#168500
2551,Vespa velutina,BE,NA,gbif,4.44,51.26,1.0570364952087403,798,4,116,Cool Temperate,Moist,Cropland,Plains,Cool Temperate Moist,29,153,10,Cool Temperate Moist Cropland on Plains,#1D990A
2552,Vespa velutina,NA,2422 Gare Luxemburg,inat,6.13,49.61,0.9220864295959472,866,296,108,Cool Temperate,Moist,Settlement,Hills,Cool Temperate Moist,67,109,14,Cool Temperate Moist Settlement on Hills,#436D0E
2553,Vespa velutina,BE,NA,gbif,3.73,51.04,1.0652593612670898,792,9,120,Cool Temperate,Moist,Settlement,Plains,Cool Temperate Moist,78,119,2,Cool Temperate Moist Settlement on Plains,#4E7702
2554,Vespa velutina,BE,NA,gbif,4.63,51.06,1.0294468879699707,777,15,120,Cool Temperate,Moist,Settlement,Plains,Cool Temperate Moist,78,119,2,Cool Temperate Moist Settlement on Plains,#4E7702
2555,Vespa velutina,NA,"Schoonejans, 1160 Auderghem, Belgique",inat,4.43,50.81,1.0074718475341795,805,84,108,Cool Temperate,Moist,Settlement,Hills,Cool Temperate Moist,67,109,14,Cool Temperate Moist Settlement on Hills,#436D0E
2556,Vespa velutina,BE,NA,gbif,5.43,50.81,0.9828853607177734,821,88,116,Cool Temperate,Moist,Cropland,Plains,Cool Temperate Moist,29,153,10,Cool Temperate Moist Cropland on Plains,#1D990A
2557,Vespa velutina,BE,NA,gbif,4.45,51.15,1.039146900177002,785,18,120,Cool Temperate,Moist,Settlement,Plains,Cool Temperate Moist,78,119,2,Cool Temperate Moist Settlement on Plains,#4E7702
2558,Vespa velutina,NA,"Città Metropolitana di Genova, Italia",inat,8.84,44.45,1.4139930725097656,1245,253,176,Warm Temperate,Moist,Forest,Mountains,Warm Temperate Moist,49,105,3,Warm Temperate Moist Forest on Mountains,#316903
2559,Vespa velutina,NA,"Groesbeek, Nederland",inat,5.92,51.79,0.9752073287963868,758,79,109,Cool Temperate,Moist,Grassland,Tablelands,Cool Temperate Moist,78,92,155,Cool Temperate Moist Grassland on Tablelands,#4E5C9B
2560,Vespa velutina,NL,NA,gbif,5.7,50.85,1.0079051971435546,754,51,NA,NA,NA,NA,NA,NA,NA,NA,NA,NA,NA
2561,Vespa velutina,NA,"Valkenswaard, Markt, 5554 CA Valkenswaard, Netherlands",inat,5.46,51.35,0.9980051994323732,773,25,120,Cool Temperate,Moist,Settlement,Plains,Cool Temperate Moist,78,119,2,Cool Temperate Moist Settlement on Plains,#4E7702
2562,Vespa velutina,NA,"Mormont, 6997 Érezée, Belgique",inat,5.62,50.32,0.8499551773071289,972,313,97,Cool Temperate,Moist,Forest,Mountains,Cool Temperate Moist,6,64,0,Cool Temperate Moist Forest on Mountains,#064000
2563,Vespa velutina,FR,NA,gbif,2.01,42.98,1.0978479385375977,856,443,171,Warm Temperate,Moist,Grassland,Mountains,Warm Temperate Moist,86,129,14,Warm Temperate Moist Grassland on Mountains,#56810E
2564,Vespa velutina,DE,NA,gbif,13.86,53.31,0.858131217956543,494,20,120,Cool Temperate,Moist,Settlement,Plains,Cool Temperate Moist,78,119,2,Cool Temperate Moist Settlement on Plains,#4E7702
2565,Vespa velutina,NA,"Grammene Dorp, 9800 Deinze, België",inat,3.47,50.97,1.0440187454223633,791,8,116,Cool Temperate,Moist,Cropland,Plains,Cool Temperate Moist,29,153,10,Cool Temperate Moist Cropland on Plains,#1D990A
2566,Vespa velutina,BE,NA,gbif,5.12,51.22,1.0263051986694336,792,24,NA,NA,NA,NA,NA,NA,NA,NA,NA,NA,NA
2567,Vespa velutina,BE,NA,gbif,3.77,51.04,1.0652593612670898,792,8,120,Cool Temperate,Moist,Settlement,Plains,Cool Temperate Moist,78,119,2,Cool Temperate Moist Settlement on Plains,#4E7702
2568,Vespa velutina,NA,"Vallvidrera, Distrito de Sarrià-Sant Gervasi, Barcelona, España",inat,2.11,41.42,1.5362238883972168,635,318,176,Warm Temperate,Moist,Forest,Mountains,Warm Temperate Moist,49,105,3,Warm Temperate Moist Forest on Mountains,#316903
2569,Vespa velutina,NA,"34570 Vailhauquès, France",inat,3.72,43.67,1.3534667015075683,694,166,169,Warm Temperate,Moist,Settlement,Hills,Warm Temperate Moist,136,158,52,Warm Temperate Moist Settlement on Hills,#889E34
2570,Vespa velutina,BE,NA,gbif,4.6,51.15,1.0294468879699707,777,5,111,Cool Temperate,Moist,Forest,Plains,Cool Temperate Moist,1,109,0,Cool Temperate Moist Forest on Plains,#016D00
2571,Vespa velutina,BE,NA,gbif,4.06,50.94,1.040187454223633,782,13,116,Cool Temperate,Moist,Cropland,Plains,Cool Temperate Moist,29,153,10,Cool Temperate Moist Cropland on Plains,#1D990A
2572,Vespa velutina,NA,"Gut Leidenhausen, 51147 Köln, Deutschland",inat,7.1,50.9,1.0311416625976562,810,58,111,Cool Temperate,Moist,Forest,Plains,Cool Temperate Moist,1,109,0,Cool Temperate Moist Forest on Plains,#016D00
2573,Vespa velutina,BE,NA,gbif,4.48,51,1.0497979164123534,783,8,120,Cool Temperate,Moist,Settlement,Plains,Cool Temperate Moist,78,119,2,Cool Temperate Moist Settlement on Plains,#4E7702
2574,Vespa velutina,NL,NA,gbif,4.35,51.5,1.0215239524841309,802,11,116,Cool Temperate,Moist,Cropland,Plains,Cool Temperate Moist,29,153,10,Cool Temperate Moist Cropland on Plains,#1D990A
2575,Vespa velutina,BE,NA,gbif,4.28,51.07,1.0402281761169434,786,3,160,Warm Temperate,Moist,Cropland,Plains,Warm Temperate Moist,105,207,54,Warm Temperate Moist Cropland on Plains,#69CF36
2576,Vespa velutina,BE,NA,gbif,4.46,50.77,1.0074718475341795,805,115,129,Cool Temperate,Moist,Settlement,Tablelands,Cool Temperate Moist,47,63,130,Cool Temperate Moist Settlement on Tablelands,#2F3F82
2577,Vespa velutina,NL,NA,gbif,5.25,52.25,0.9507135391235352,827,4,120,Cool Temperate,Moist,Settlement,Plains,Cool Temperate Moist,78,119,2,Cool Temperate Moist Settlement on Plains,#4E7702
2578,Vespa velutina,NL,NA,gbif,4.3,51.55,1.013334369659424,790,0,116,Cool Temperate,Moist,Cropland,Plains,Cool Temperate Moist,29,153,10,Cool Temperate Moist Cropland on Plains,#1D990A
2579,Vespa velutina,NA,"Av. Santa Joana B, 3810-164 Aveiro, Portugal",inat,-8.65,40.64,1.4932135581970214,978,3,161,Warm Temperate,Moist,Settlement,Plains,Warm Temperate Moist,163,170,28,Warm Temperate Moist Settlement on Plains,#A3AA1C
2580,Vespa velutina,BE,NA,gbif,4.16,51,1.040187454223633,782,7,116,Cool Temperate,Moist,Cropland,Plains,Cool Temperate Moist,29,153,10,Cool Temperate Moist Cropland on Plains,#1D990A
2581,Vespa velutina,BE,NA,gbif,4.18,51.11,1.0402281761169434,786,11,128,Cool Temperate,Moist,Grassland,Plains,Cool Temperate Moist,22,133,0,Cool Temperate Moist Grassland on Plains,#168500
2582,Vespa velutina,BE,NA,gbif,3.78,51.06,1.0652593612670898,792,7,116,Cool Temperate,Moist,Cropland,Plains,Cool Temperate Moist,29,153,10,Cool Temperate Moist Cropland on Plains,#1D990A
2583,Vespa velutina,BE,NA,gbif,3.19,51.2,1.029801559448242,783,10,120,Cool Temperate,Moist,Settlement,Plains,Cool Temperate Moist,78,119,2,Cool Temperate Moist Settlement on Plains,#4E7702
2584,Vespa velutina,BE,NA,gbif,4.68,51.15,1.0428604125976562,774,6,120,Cool Temperate,Moist,Settlement,Plains,Cool Temperate Moist,78,119,2,Cool Temperate Moist Settlement on Plains,#4E7702
2585,Vespa velutina,BE,NA,gbif,4.47,51.17,1.0570364952087403,798,13,116,Cool Temperate,Moist,Cropland,Plains,Cool Temperate Moist,29,153,10,Cool Temperate Moist Cropland on Plains,#1D990A
2586,Vespa velutina,BE,NA,gbif,4.26,50.74,1.0301885604858398,788,46,105,Cool Temperate,Moist,Forest,Hills,Cool Temperate Moist,2,99,1,Cool Temperate Moist Forest on Hills,#026301
2587,Vespa velutina,BE,NA,gbif,5.48,50.96,1.0172677040100098,787,62,108,Cool Temperate,Moist,Settlement,Hills,Cool Temperate Moist,67,109,14,Cool Temperate Moist Settlement on Hills,#436D0E
2588,Vespa velutina,NA,"Route de l'Aérodrome, Avignon, Provence-Alpes-Côte d'Azur, FR",inat,4.88,43.92,1.4526844024658203,747,27,168,Warm Temperate,Moist,Cropland,Hills,Warm Temperate Moist,112,198,86,Warm Temperate Moist Cropland on Hills,#70C656
2589,Vespa velutina,BE,NA,gbif,2.85,51.15,1.0027176856994628,735,-1,128,Cool Temperate,Moist,Grassland,Plains,Cool Temperate Moist,22,133,0,Cool Temperate Moist Grassland on Plains,#168500
2590,Vespa velutina,NA,"34560 Poussan, France",inat,3.68,43.49,1.5024091720581054,611,32,169,Warm Temperate,Moist,Settlement,Hills,Warm Temperate Moist,136,158,52,Warm Temperate Moist Settlement on Hills,#889E34
2591,Vespa velutina,NA,"71290 Ratenelle, France",inat,4.98,46.52,1.0995624542236329,871,182,166,Warm Temperate,Moist,Forest,Plains,Warm Temperate Moist,45,158,6,Warm Temperate Moist Forest on Plains,#2D9E06
2592,Vespa velutina,BE,NA,gbif,4.38,51.17,1.0570364952087403,798,11,161,Warm Temperate,Moist,Settlement,Plains,Warm Temperate Moist,163,170,28,Warm Temperate Moist Settlement on Plains,#A3AA1C
2593,Vespa velutina,NA,Italy,inat,7.47,43.96,1.0484322547912597,894,1149,97,Cool Temperate,Moist,Forest,Mountains,Cool Temperate Moist,6,64,0,Cool Temperate Moist Forest on Mountains,#064000
2594,Vespa velutina,BE,NA,gbif,3.2,51.15,1.017953109741211,799,8,116,Cool Temperate,Moist,Cropland,Plains,Cool Temperate Moist,29,153,10,Cool Temperate Moist Cropland on Plains,#1D990A
2595,Vespa velutina,BE,NA,gbif,3.99,50.92,1.0294885635375977,792,35,120,Cool Temperate,Moist,Settlement,Plains,Cool Temperate Moist,78,119,2,Cool Temperate Moist Settlement on Plains,#4E7702
2596,Vespa velutina,NA,Rue de la Prairie,inat,6.14,46.21,0.973855209350586,1039,397,108,Cool Temperate,Moist,Settlement,Hills,Cool Temperate Moist,67,109,14,Cool Temperate Moist Settlement on Hills,#436D0E
2597,Vespa velutina,BE,NA,gbif,4.78,51.01,1.0428604125976562,774,14,116,Cool Temperate,Moist,Cropland,Plains,Cool Temperate Moist,29,153,10,Cool Temperate Moist Cropland on Plains,#1D990A
2598,Vespa velutina,NL,NA,gbif,5.7,51.25,0.9927103996276856,722,34,120,Cool Temperate,Moist,Settlement,Plains,Cool Temperate Moist,78,119,2,Cool Temperate Moist Settlement on Plains,#4E7702
2599,Vespa velutina,BE,NA,gbif,4.97,51.1,1.0535478591918943,777,14,116,Cool Temperate,Moist,Cropland,Plains,Cool Temperate Moist,29,153,10,Cool Temperate Moist Cropland on Plains,#1D990A
2600,Vespa velutina,BE,NA,gbif,4.01,51.1,1.0435916900634763,789,4,116,Cool Temperate,Moist,Cropland,Plains,Cool Temperate Moist,29,153,10,Cool Temperate Moist Cropland on Plains,#1D990A
2601,Vespa velutina,BE,NA,gbif,4.37,51.11,1.039146900177002,785,14,120,Cool Temperate,Moist,Settlement,Plains,Cool Temperate Moist,78,119,2,Cool Temperate Moist Settlement on Plains,#4E7702
2602,Vespa velutina,NA,"08173 Sant Cugat del Vallès, Barcelona, España",inat,2.1,41.47,1.5362238883972168,635,147,173,Warm Temperate,Moist,Cropland,Mountains,Warm Temperate Moist,100,150,37,Warm Temperate Moist Cropland on Mountains,#649625
2603,Vespa velutina,NA,"17022 Borgio SV, Italia",inat,8.3,44.16,1.4829946517944337,788,61,172,Warm Temperate,Moist,Settlement,Mountains,Warm Temperate Moist,105,89,18,Warm Temperate Moist Settlement on Mountains,#695912
2604,Vespa velutina,NL,NA,gbif,5.9,50.85,0.9916646003723144,781,129,109,Cool Temperate,Moist,Grassland,Tablelands,Cool Temperate Moist,78,92,155,Cool Temperate Moist Grassland on Tablelands,#4E5C9B
2605,Vespa velutina,BE,NA,gbif,3.29,50.94,1.0385656356811523,780,15,116,Cool Temperate,Moist,Cropland,Plains,Cool Temperate Moist,29,153,10,Cool Temperate Moist Cropland on Plains,#1D990A
2606,Vespa velutina,NA,"Villeneuve-d'Ascq, France",inat,3.14,50.61,1.039511489868164,716,37,161,Warm Temperate,Moist,Settlement,Plains,Warm Temperate Moist,163,170,28,Warm Temperate Moist Settlement on Plains,#A3AA1C
2607,Vespa velutina,NA,"21370 Plombières-lès-Dijon, France",inat,4.96,47.34,0.9123739242553712,869,342,97,Cool Temperate,Moist,Forest,Mountains,Cool Temperate Moist,6,64,0,Cool Temperate Moist Forest on Mountains,#064000
2608,Vespa velutina,BE,NA,gbif,4.06,51.23,1.0351354598999023,797,7,116,Cool Temperate,Moist,Cropland,Plains,Cool Temperate Moist,29,153,10,Cool Temperate Moist Cropland on Plains,#1D990A
2609,Vespa velutina,NL,NA,gbif,5.35,52.1,0.953948974609375,836,28,115,Cool Temperate,Moist,Shrubland,Plains,Cool Temperate Moist,26,131,0,Cool Temperate Moist Shrubland on Plains,#1A8300
2610,Vespa velutina,BE,NA,gbif,4.44,51.17,1.0570364952087403,798,14,120,Cool Temperate,Moist,Settlement,Plains,Cool Temperate Moist,78,119,2,Cool Temperate Moist Settlement on Plains,#4E7702
2611,Vespa velutina,NA,Clausen Luxemburg,inat,6.14,49.62,0.9220864295959472,866,303,108,Cool Temperate,Moist,Settlement,Hills,Cool Temperate Moist,67,109,14,Cool Temperate Moist Settlement on Hills,#436D0E
2612,Vespa velutina,NL,NA,gbif,5.3,51.6,0.9838749885559082,773,7,116,Cool Temperate,Moist,Cropland,Plains,Cool Temperate Moist,29,153,10,Cool Temperate Moist Cropland on Plains,#1D990A
2613,Vespa velutina,BE,NA,gbif,4.39,51.14,1.039146900177002,785,13,120,Cool Temperate,Moist,Settlement,Plains,Cool Temperate Moist,78,119,2,Cool Temperate Moist Settlement on Plains,#4E7702
2614,Vespa velutina,BE,NA,gbif,4.38,50.88,1.0497979164123534,783,33,169,Warm Temperate,Moist,Settlement,Hills,Warm Temperate Moist,136,158,52,Warm Temperate Moist Settlement on Hills,#889E34
2615,Vespa velutina,BE,NA,gbif,4.49,51.21,1.0570364952087403,798,6,120,Cool Temperate,Moist,Settlement,Plains,Cool Temperate Moist,78,119,2,Cool Temperate Moist Settlement on Plains,#4E7702
2616,Vespa velutina,NA,"Overboelare Resteleustraat, 9500 Geraardsbergen, Belgium",inat,3.88,50.76,1.0213645935058593,779,31,102,Cool Temperate,Moist,Cropland,Tablelands,Cool Temperate Moist,99,97,160,Cool Temperate Moist Cropland on Tablelands,#6361A0
2617,Vespa velutina,NL,NA,gbif,4.45,51.8,0.9891593933105468,812,1,116,Cool Temperate,Moist,Cropland,Plains,Cool Temperate Moist,29,153,10,Cool Temperate Moist Cropland on Plains,#1D990A
2618,Vespa velutina,BE,NA,gbif,4.6,50.98,1.0223458290100098,773,8,160,Warm Temperate,Moist,Cropland,Plains,Warm Temperate Moist,105,207,54,Warm Temperate Moist Cropland on Plains,#69CF36
2619,Vespa velutina,NL,NA,gbif,5.2,51.3,1.0049365043640135,795,42,111,Cool Temperate,Moist,Forest,Plains,Cool Temperate Moist,1,109,0,Cool Temperate Moist Forest on Plains,#016D00
2620,Vespa velutina,NA,"Marxzell, 76359 Marxzell, Deutschland",inat,8.43,48.86,0.9595218658447264,1036,370,107,Cool Temperate,Moist,Grassland,Mountains,Cool Temperate Moist,26,83,0,Cool Temperate Moist Grassland on Mountains,#1A5300
2621,Vespa velutina,NL,NA,gbif,6,51.2,1.0026583671569824,734,24,120,Cool Temperate,Moist,Settlement,Plains,Cool Temperate Moist,78,119,2,Cool Temperate Moist Settlement on Plains,#4E7702
2622,Vespa velutina,NA,"48160 Saint-Hilaire-de-Lavit, France",inat,3.85,44.26,1.1148646354675291,842,618,176,Warm Temperate,Moist,Forest,Mountains,Warm Temperate Moist,49,105,3,Warm Temperate Moist Forest on Mountains,#316903
2623,Vespa velutina,NA,"Rue des Vias, Aixe-sur-Vienne, Nouvelle-Aquitaine, FR",inat,1.15,45.8,1.130471897125244,988,249,169,Warm Temperate,Moist,Settlement,Hills,Warm Temperate Moist,136,158,52,Warm Temperate Moist Settlement on Hills,#889E34
2624,Vespa velutina,BE,NA,gbif,5.72,51.01,1.0033124923706054,720,33,120,Cool Temperate,Moist,Settlement,Plains,Cool Temperate Moist,78,119,2,Cool Temperate Moist Settlement on Plains,#4E7702
2625,Vespa velutina,DE,NA,gbif,6.88,50.99,1.0670458793640136,745,49,160,Warm Temperate,Moist,Cropland,Plains,Warm Temperate Moist,105,207,54,Warm Temperate Moist Cropland on Plains,#69CF36
2626,Vespa velutina,NA,"Avenue de la Montagne Noire, Caunes-Minervois, Occitanie, FR",inat,2.52,43.33,1.3961041450500489,644,353,175,Warm Temperate,Moist,Shrubland,Mountains,Warm Temperate Moist,102,130,4,Warm Temperate Moist Shrubland on Mountains,#668204
2627,Vespa velutina,NA,"Schwabentorplatz, 79098 Freiburg im Breisgau, Germany",inat,7.86,47.99,0.7210000038146973,1480,345,113,Cool Temperate,Moist,Settlement,Mountains,Cool Temperate Moist,61,67,0,Cool Temperate Moist Settlement on Mountains,#3D4300
2628,Vespa velutina,NA,"Parc naturel de la Sarre-Hunsrück, Sarrebourg, Rhénanie-Palatinat, DE",inat,6.55,49.62,0.889522933959961,891,220,97,Cool Temperate,Moist,Forest,Mountains,Cool Temperate Moist,6,64,0,Cool Temperate Moist Forest on Mountains,#064000
2629,Vespa velutina,NA,"30210 Vers-Pont-du-Gard, France",inat,4.54,43.95,1.4410218238830566,782,61,168,Warm Temperate,Moist,Cropland,Hills,Warm Temperate Moist,112,198,86,Warm Temperate Moist Cropland on Hills,#70C656
2630,Vespa velutina,BE,NA,gbif,3.3,50.82,1.0392760276794433,754,19,116,Cool Temperate,Moist,Cropland,Plains,Cool Temperate Moist,29,153,10,Cool Temperate Moist Cropland on Plains,#1D990A
2631,Vespa velutina,NL,NA,gbif,4.3,51.9,0.984907341003418,832,1,NA,NA,NA,NA,NA,NA,NA,NA,NA,NA,NA
2632,Vespa velutina,NL,NA,gbif,4.9,51.6,0.9868624687194824,799,11,111,Cool Temperate,Moist,Forest,Plains,Cool Temperate Moist,1,109,0,Cool Temperate Moist Forest on Plains,#016D00
2633,Vespa velutina,NL,NA,gbif,4.55,51.85,0.9911375045776368,858,-4,120,Cool Temperate,Moist,Settlement,Plains,Cool Temperate Moist,78,119,2,Cool Temperate Moist Settlement on Plains,#4E7702
2634,Vespa velutina,NA,"Knokke, Knokke-Heist, België",inat,3.35,51.36,1.031646156311035,772,0,NA,NA,NA,NA,NA,NA,NA,NA,NA,NA,NA
2635,Vespa velutina,NL,NA,gbif,3.6,51.45,1.040852928161621,757,1,NA,NA,NA,NA,NA,NA,NA,NA,NA,NA,NA
2636,Vespa velutina,NA,"Almenhof, 68 Mannheim-Neckarau, Deutschland",inat,8.48,49.46,1.051504135131836,669,96,161,Warm Temperate,Moist,Settlement,Plains,Warm Temperate Moist,163,170,28,Warm Temperate Moist Settlement on Plains,#A3AA1C
2637,Vespa velutina,BE,NA,gbif,4.45,51.16,1.039146900177002,785,16,116,Cool Temperate,Moist,Cropland,Plains,Cool Temperate Moist,29,153,10,Cool Temperate Moist Cropland on Plains,#1D990A
2638,Vespa velutina,BE,NA,gbif,4.44,51.2,1.0570364952087403,798,11,161,Warm Temperate,Moist,Settlement,Plains,Warm Temperate Moist,163,170,28,Warm Temperate Moist Settlement on Plains,#A3AA1C
2639,Vespa velutina,NL,NA,gbif,4.25,51.5,1.0319975852966308,791,0,NA,NA,NA,NA,NA,NA,NA,NA,NA,NA,NA
2640,Vespa velutina,NA,"D-Hermann-vom-Endt-Straße, 40595 Düsseldorf, Deutschland",inat,6.88,51.14,1.057521915435791,811,44,116,Cool Temperate,Moist,Cropland,Plains,Cool Temperate Moist,29,153,10,Cool Temperate Moist Cropland on Plains,#1D990A
2641,Vespa velutina,NA,"Lieusaint, France",inat,2.57,48.63,1.0804916381835938,630,89,161,Warm Temperate,Moist,Settlement,Plains,Warm Temperate Moist,163,170,28,Warm Temperate Moist Settlement on Plains,#A3AA1C
2642,Vespa velutina,NA,"Santa Joana, 3810, Portugal",inat,-8.61,40.64,1.4932135581970214,978,38,169,Warm Temperate,Moist,Settlement,Hills,Warm Temperate Moist,136,158,52,Warm Temperate Moist Settlement on Hills,#889E34
2643,Vespa velutina,BE,NA,gbif,5.05,50.98,1.056206226348877,773,29,161,Warm Temperate,Moist,Settlement,Plains,Warm Temperate Moist,163,170,28,Warm Temperate Moist Settlement on Plains,#A3AA1C
2644,Vespa velutina,NL,NA,gbif,6,50.75,0.9450010299682616,907,238,110,Cool Temperate,Moist,Cropland,Hills,Cool Temperate Moist,33,144,30,Cool Temperate Moist Cropland on Hills,#21901E
2645,Vespa velutina,NA,"Sous-Préfecture - Eglise de l'Hay-les-Roses, 94240 L'Haÿ-les-Roses, France",inat,2.33,48.78,1.1138312339782714,643,81,169,Warm Temperate,Moist,Settlement,Hills,Warm Temperate Moist,136,158,52,Warm Temperate Moist Settlement on Hills,#889E34
2646,Vespa velutina,BE,NA,gbif,4.46,51.25,1.0570364952087403,798,4,120,Cool Temperate,Moist,Settlement,Plains,Cool Temperate Moist,78,119,2,Cool Temperate Moist Settlement on Plains,#4E7702
2647,Vespa velutina,BE,NA,gbif,5.44,50.77,0.9828853607177734,821,91,116,Cool Temperate,Moist,Cropland,Plains,Cool Temperate Moist,29,153,10,Cool Temperate Moist Cropland on Plains,#1D990A
2648,Vespa velutina,BE,NA,gbif,4.37,51.14,1.039146900177002,785,14,128,Cool Temperate,Moist,Grassland,Plains,Cool Temperate Moist,22,133,0,Cool Temperate Moist Grassland on Plains,#168500
2649,Vespa velutina,NA,"3885 Esmoriz, Portugal",inat,-8.64,40.96,1.443885612487793,1143,13,163,Warm Temperate,Moist,Forest,Hills,Warm Temperate Moist,47,146,24,Warm Temperate Moist Forest on Hills,#2F9218
2650,Vespa velutina,BE,NA,gbif,4.14,51.02,1.0435916900634763,789,4,120,Cool Temperate,Moist,Settlement,Plains,Cool Temperate Moist,78,119,2,Cool Temperate Moist Settlement on Plains,#4E7702
2651,Vespa velutina,NA,"Bellenweg, Nettetal, North Rhine-Westphalia, DE",inat,6.28,51.34,1.0059072494506835,734,54,120,Cool Temperate,Moist,Settlement,Plains,Cool Temperate Moist,78,119,2,Cool Temperate Moist Settlement on Plains,#4E7702
2652,Vespa velutina,BE,NA,gbif,4.21,50.91,1.029301071166992,790,59,116,Cool Temperate,Moist,Cropland,Plains,Cool Temperate Moist,29,153,10,Cool Temperate Moist Cropland on Plains,#1D990A
2653,Vespa velutina,NL,NA,gbif,4.65,51.85,0.9911375045776368,858,-1,120,Cool Temperate,Moist,Settlement,Plains,Cool Temperate Moist,78,119,2,Cool Temperate Moist Settlement on Plains,#4E7702
2654,Vespa velutina,NA,"Kiplinglaan, Eindhoven, Brabant, NL",inat,5.48,51.49,0.9980051994323732,773,17,120,Cool Temperate,Moist,Settlement,Plains,Cool Temperate Moist,78,119,2,Cool Temperate Moist Settlement on Plains,#4E7702
2655,Vespa velutina,BE,NA,gbif,5.79,51.1,1.0033124923706054,720,28,120,Cool Temperate,Moist,Settlement,Plains,Cool Temperate Moist,78,119,2,Cool Temperate Moist Settlement on Plains,#4E7702
2656,Vespa velutina,NA,"3734 GK Den Dolder, Nederland",inat,5.23,52.14,0.9599833488464355,815,11,111,Cool Temperate,Moist,Forest,Plains,Cool Temperate Moist,1,109,0,Cool Temperate Moist Forest on Plains,#016D00
2657,Vespa velutina,NA,"Óbidos (Porta da Vila), 2510-089 Óbidos, Portugal",inat,-9.16,39.36,1.551183319091797,687,48,168,Warm Temperate,Moist,Cropland,Hills,Warm Temperate Moist,112,198,86,Warm Temperate Moist Cropland on Hills,#70C656
2658,Vespa velutina,NA,"7734 Colmar, Luxemburg",inat,6.09,49.82,0.9069146156311036,834,262,110,Cool Temperate,Moist,Cropland,Hills,Cool Temperate Moist,33,144,30,Cool Temperate Moist Cropland on Hills,#21901E
2659,Vespa velutina,NL,NA,gbif,6.15,51.45,1.005424976348877,735,20,116,Cool Temperate,Moist,Cropland,Plains,Cool Temperate Moist,29,153,10,Cool Temperate Moist Cropland on Plains,#1D990A
2660,Vespa velutina,NL,NA,gbif,5.25,51.35,0.9905437469482422,772,30,116,Cool Temperate,Moist,Cropland,Plains,Cool Temperate Moist,29,153,10,Cool Temperate Moist Cropland on Plains,#1D990A
2661,Vespa velutina,NL,NA,gbif,5.5,51.4,0.9889156341552734,757,24,116,Cool Temperate,Moist,Cropland,Plains,Cool Temperate Moist,29,153,10,Cool Temperate Moist Cropland on Plains,#1D990A
2662,Vespa velutina,NA,"Neuenh., Med. Kl./Chirurg./Zoo, 69120 Heidelberg, Deutschland",inat,8.67,49.41,0.9509333610534668,953,93,NA,NA,NA,NA,NA,NA,NA,NA,NA,NA,NA
2663,Vespa velutina,NA,"União das freguesias de Coimbra (Sé Nova, Santa Cruz, Almedina e São Bartolomeu), Coimbra, Centro, PT",inat,-8.43,40.2,1.5525750160217284,987,62,172,Warm Temperate,Moist,Settlement,Mountains,Warm Temperate Moist,105,89,18,Warm Temperate Moist Settlement on Mountains,#695912
2664,Vespa velutina,NA,"08222 Terrassa, Barcelona, Espanya",inat,2.02,41.56,1.4473604202270507,676,283,172,Warm Temperate,Moist,Settlement,Mountains,Warm Temperate Moist,105,89,18,Warm Temperate Moist Settlement on Mountains,#695912
2665,Vespa velutina,NL,NA,gbif,3.85,51.25,1.0390030860900878,773,1,116,Cool Temperate,Moist,Cropland,Plains,Cool Temperate Moist,29,153,10,Cool Temperate Moist Cropland on Plains,#1D990A
2666,Vespa velutina,BE,NA,gbif,4.44,50.94,1.0497979164123534,783,12,161,Warm Temperate,Moist,Settlement,Plains,Warm Temperate Moist,163,170,28,Warm Temperate Moist Settlement on Plains,#A3AA1C
2667,Vespa velutina,BE,NA,gbif,4.27,51.13,1.0402281761169434,786,11,120,Cool Temperate,Moist,Settlement,Plains,Cool Temperate Moist,78,119,2,Cool Temperate Moist Settlement on Plains,#4E7702
2668,Vespa velutina,BE,NA,gbif,4.1,51.26,1.0351354598999023,797,3,116,Cool Temperate,Moist,Cropland,Plains,Cool Temperate Moist,29,153,10,Cool Temperate Moist Cropland on Plains,#1D990A
2669,Vespa velutina,BE,NA,gbif,4.46,50.6,0.9909676551818848,807,127,110,Cool Temperate,Moist,Cropland,Hills,Cool Temperate Moist,33,144,30,Cool Temperate Moist Cropland on Hills,#21901E
2670,Vespa velutina,BE,NA,gbif,2.96,51.15,1.0027176856994628,735,1,120,Cool Temperate,Moist,Settlement,Plains,Cool Temperate Moist,78,119,2,Cool Temperate Moist Settlement on Plains,#4E7702
2671,Vespa velutina,NA,"08571 Sant Vicenç de Torelló, Barcelona, Espanya",inat,2.27,42.06,1.1454646110534668,775,608,173,Warm Temperate,Moist,Cropland,Mountains,Warm Temperate Moist,100,150,37,Warm Temperate Moist Cropland on Mountains,#649625
2672,Vespa velutina,NL,NA,gbif,4.1,51.75,0.9995707511901856,787,-2,120,Cool Temperate,Moist,Settlement,Plains,Cool Temperate Moist,78,119,2,Cool Temperate Moist Settlement on Plains,#4E7702
2673,Vespa velutina,BE,NA,gbif,3.68,50.95,1.0391103744506835,795,20,160,Warm Temperate,Moist,Cropland,Plains,Warm Temperate Moist,105,207,54,Warm Temperate Moist Cropland on Plains,#69CF36
2674,Vespa velutina,BE,NA,gbif,3.33,51.17,1.029801559448242,783,10,120,Cool Temperate,Moist,Settlement,Plains,Cool Temperate Moist,78,119,2,Cool Temperate Moist Settlement on Plains,#4E7702
2675,Vespa velutina,NA,"In den Weingärten, Merzenich, Nordrhein-Westfalen, DE",inat,6.53,50.83,0.97992706298828125,695,131,120,Cool Temperate,Moist,Settlement,Plains,Cool Temperate Moist,78,119,2,Cool Temperate Moist Settlement on Plains,#4E7702
2676,Vespa velutina,BE,NA,gbif,4.83,51.12,1.0428604125976562,774,11,116,Cool Temperate,Moist,Cropland,Plains,Cool Temperate Moist,29,153,10,Cool Temperate Moist Cropland on Plains,#1D990A
2677,Vespa velutina,NA,"66400 Calmeilles, France",inat,2.68,42.55,1.406432247161865,619,518,176,Warm Temperate,Moist,Forest,Mountains,Warm Temperate Moist,49,105,3,Warm Temperate Moist Forest on Mountains,#316903
2678,Vespa velutina,NA,"Kanaalweg, Heusden-Zolder, Limburg, BE",inat,5.24,51.02,1.0283103942871097,817,35,116,Cool Temperate,Moist,Cropland,Plains,Cool Temperate Moist,29,153,10,Cool Temperate Moist Cropland on Plains,#1D990A
2679,Vespa velutina,BE,NA,gbif,5.31,50.75,1.0078781127929688,800,94,116,Cool Temperate,Moist,Cropland,Plains,Cool Temperate Moist,29,153,10,Cool Temperate Moist Cropland on Plains,#1D990A
2680,Vespa velutina,BE,NA,gbif,4.31,51.17,1.0467052459716797,796,6,120,Cool Temperate,Moist,Settlement,Plains,Cool Temperate Moist,78,119,2,Cool Temperate Moist Settlement on Plains,#4E7702
2681,Vespa velutina,NA,"4405-685 Vila Nova de Gaia, Portugal",inat,-8.65,41.08,1.4505515098571775,1231,7,169,Warm Temperate,Moist,Settlement,Hills,Warm Temperate Moist,136,158,52,Warm Temperate Moist Settlement on Hills,#889E34
2682,Vespa velutina,NA,"55 Mainz, Germany",inat,8.23,49.98,1.0134291648864746,587,138,110,Cool Temperate,Moist,Cropland,Hills,Cool Temperate Moist,33,144,30,Cool Temperate Moist Cropland on Hills,#21901E
2683,Vespa velutina,NA,"Piste Cyclable Drëtt, Greiveldange, District Grevenmacher, LU",inat,6.38,49.58,0.9278427124023436,827,186,110,Cool Temperate,Moist,Cropland,Hills,Cool Temperate Moist,33,144,30,Cool Temperate Moist Cropland on Hills,#21901E
2684,Vespa velutina,BE,NA,gbif,3.65,51.09,1.041869831085205,812,5,116,Cool Temperate,Moist,Cropland,Plains,Cool Temperate Moist,29,153,10,Cool Temperate Moist Cropland on Plains,#1D990A
2685,Vespa velutina,NA,"Oostkapelle, Steengrachtstraat, 4356 AP Oostkapelle, Nederland",inat,3.55,51.57,1.0425701141357422,767,-2,116,Cool Temperate,Moist,Cropland,Plains,Cool Temperate Moist,29,153,10,Cool Temperate Moist Cropland on Plains,#1D990A
2686,Vespa velutina,NA,"67240 Bobenheim-Roxheim, Deutschland",inat,8.39,49.59,1.063585376739502,617,90,160,Warm Temperate,Moist,Cropland,Plains,Warm Temperate Moist,105,207,54,Warm Temperate Moist Cropland on Plains,#69CF36
2687,Vespa velutina,NA,"Solingen-Burg Schloss, 42659 Solingen, Germany",inat,7.15,51.14,0.9706937789916992,983,205,105,Cool Temperate,Moist,Forest,Hills,Cool Temperate Moist,2,99,1,Cool Temperate Moist Forest on Hills,#026301
2688,Vespa velutina,BE,NA,gbif,4.03,50.94,1.040187454223633,782,14,120,Cool Temperate,Moist,Settlement,Plains,Cool Temperate Moist,78,119,2,Cool Temperate Moist Settlement on Plains,#4E7702
2689,Vespa velutina,BE,NA,gbif,4.42,51.25,1.0570364952087403,798,4,161,Warm Temperate,Moist,Settlement,Plains,Warm Temperate Moist,163,170,28,Warm Temperate Moist Settlement on Plains,#A3AA1C
2690,Vespa velutina,NA,"Rua da Lavandeira, Arcozelo, Norte, PT",inat,-8.65,41.06,1.4505515098571775,1231,4,169,Warm Temperate,Moist,Settlement,Hills,Warm Temperate Moist,136,158,52,Warm Temperate Moist Settlement on Hills,#889E34
2691,Vespa velutina,NA,"2005-278 Santarém, Portugal",inat,-8.69,39.25,1.631465530395508,697,51,168,Warm Temperate,Moist,Cropland,Hills,Warm Temperate Moist,112,198,86,Warm Temperate Moist Cropland on Hills,#70C656
2692,Vespa velutina,BE,NA,gbif,5.14,51.2,1.0263051986694336,792,29,120,Cool Temperate,Moist,Settlement,Plains,Cool Temperate Moist,78,119,2,Cool Temperate Moist Settlement on Plains,#4E7702
2693,Vespa velutina,BE,NA,gbif,4.61,51.02,1.0294468879699707,777,8,116,Cool Temperate,Moist,Cropland,Plains,Cool Temperate Moist,29,153,10,Cool Temperate Moist Cropland on Plains,#1D990A
2694,Vespa velutina,NA,"Costa da Caparica, Portugal",inat,-9.21,38.6,1.6470182418823245,681,-2,NA,NA,NA,NA,NA,NA,NA,NA,NA,NA,NA
2695,Vespa velutina,BE,NA,gbif,4.7,50.92,1.0381396293640135,765,19,120,Cool Temperate,Moist,Settlement,Plains,Cool Temperate Moist,78,119,2,Cool Temperate Moist Settlement on Plains,#4E7702
2696,Vespa velutina,NA,"Ixelles, Belgium",inat,4.4,50.82,1.0074718475341795,805,85,129,Cool Temperate,Moist,Settlement,Tablelands,Cool Temperate Moist,47,63,130,Cool Temperate Moist Settlement on Tablelands,#2F3F82
2697,Vespa velutina,NA,"24500 Eymet, France",inat,0.4,44.67,1.283467674255371,972,79,169,Warm Temperate,Moist,Settlement,Hills,Warm Temperate Moist,136,158,52,Warm Temperate Moist Settlement on Hills,#889E34
2698,Vespa velutina,BE,NA,gbif,4.62,50.77,1.0064770698547365,782,59,105,Cool Temperate,Moist,Forest,Hills,Cool Temperate Moist,2,99,1,Cool Temperate Moist Forest on Hills,#026301
2699,Vespa velutina,NL,NA,gbif,4.6,51.55,1.0070833206176757,804,8,116,Cool Temperate,Moist,Cropland,Plains,Cool Temperate Moist,29,153,10,Cool Temperate Moist Cropland on Plains,#1D990A
2700,Vespa velutina,BE,NA,gbif,4.35,50.94,1.0497979164123534,783,41,116,Cool Temperate,Moist,Cropland,Plains,Cool Temperate Moist,29,153,10,Cool Temperate Moist Cropland on Plains,#1D990A
2701,Vespa velutina,BE,NA,gbif,4.09,51.19,1.0351354598999023,797,5,116,Cool Temperate,Moist,Cropland,Plains,Cool Temperate Moist,29,153,10,Cool Temperate Moist Cropland on Plains,#1D990A
2702,Vespa velutina,NL,NA,gbif,4.9,51.6,0.9868624687194824,799,11,111,Cool Temperate,Moist,Forest,Plains,Cool Temperate Moist,1,109,0,Cool Temperate Moist Forest on Plains,#016D00
2703,Vespa velutina,NA,"Limburg, NL",inat,5.96,51.2,1.0021281242370603,732,18,NA,NA,NA,NA,NA,NA,NA,NA,NA,NA,NA
2704,Vespa velutina,NA,"Leiria, PT",inat,-8.93,39.78,1.5378155708312988,749,72,163,Warm Temperate,Moist,Forest,Hills,Warm Temperate Moist,47,146,24,Warm Temperate Moist Forest on Hills,#2F9218
2705,Vespa velutina,NA,"Pfinztal-Wöschbach, Deutschland",inat,8.57,49,0.9271801948547364,1003,214,110,Cool Temperate,Moist,Cropland,Hills,Cool Temperate Moist,33,144,30,Cool Temperate Moist Cropland on Hills,#21901E
2706,Vespa velutina,BE,NA,gbif,3.74,50.88,1.0391103744506835,795,39,110,Cool Temperate,Moist,Cropland,Hills,Cool Temperate Moist,33,144,30,Cool Temperate Moist Cropland on Hills,#21901E
2707,Vespa velutina,NL,NA,gbif,4.75,51.6,1.0014093399047852,815,2,116,Cool Temperate,Moist,Cropland,Plains,Cool Temperate Moist,29,153,10,Cool Temperate Moist Cropland on Plains,#1D990A
2708,Vespa velutina,NA,"Parkplatz 2a, 50667 Köln, Deutschland",inat,6.96,50.94,1.0670458793640136,745,50,161,Warm Temperate,Moist,Settlement,Plains,Warm Temperate Moist,163,170,28,Warm Temperate Moist Settlement on Plains,#A3AA1C
2709,Vespa velutina,CH,NA,gbif,7.16,47.36,0.8553583145141601,1032,621,97,Cool Temperate,Moist,Forest,Mountains,Cool Temperate Moist,6,64,0,Cool Temperate Moist Forest on Mountains,#064000
2710,Vespa velutina,NA,"Avenue du Maréchal de Lattre de Tassigny, Choisy-le-Roi, Île-de-France, FR",inat,2.41,48.76,1.1437250137329102,632,40,169,Warm Temperate,Moist,Settlement,Hills,Warm Temperate Moist,136,158,52,Warm Temperate Moist Settlement on Hills,#889E34
2711,Vespa velutina,NA,"Place du Tertre, Paris, Île-de-France, FR",inat,2.34,48.89,1.144812488555908,641,51,169,Warm Temperate,Moist,Settlement,Hills,Warm Temperate Moist,136,158,52,Warm Temperate Moist Settlement on Hills,#889E34
2712,Vespa velutina,BE,NA,gbif,4.37,50.9,1.0497979164123534,783,41,161,Warm Temperate,Moist,Settlement,Plains,Warm Temperate Moist,163,170,28,Warm Temperate Moist Settlement on Plains,#A3AA1C
2713,Vespa velutina,BE,NA,gbif,3.77,51.11,1.0652593612670898,792,5,116,Cool Temperate,Moist,Cropland,Plains,Cool Temperate Moist,29,153,10,Cool Temperate Moist Cropland on Plains,#1D990A
2714,Vespa velutina,NL,NA,gbif,5.75,50.95,1.0079051971435546,754,42,110,Cool Temperate,Moist,Cropland,Hills,Cool Temperate Moist,33,144,30,Cool Temperate Moist Cropland on Hills,#21901E
2715,Vespa velutina,NA,"Paris, Île-de-France, FR",inat,2.34,48.83,1.1437250137329102,632,59,169,Warm Temperate,Moist,Settlement,Hills,Warm Temperate Moist,136,158,52,Warm Temperate Moist Settlement on Hills,#889E34
2716,Vespa velutina,NL,NA,gbif,3.75,51.2,1.0463364601135254,769,4,160,Warm Temperate,Moist,Cropland,Plains,Warm Temperate Moist,105,207,54,Warm Temperate Moist Cropland on Plains,#69CF36
2717,Vespa velutina,BE,NA,gbif,3.18,50.82,1.0392760276794433,754,15,120,Cool Temperate,Moist,Settlement,Plains,Cool Temperate Moist,78,119,2,Cool Temperate Moist Settlement on Plains,#4E7702
2718,Vespa velutina,NA,"Carrer de l'Equador, Palafrugell, Girona, ES",inat,3.2,41.92,1.488919734954834,510,71,199,Warm Temperate,Dry,Forest,Hills,Warm Temperate Dry,91,175,66,Warm Temperate Dry Forest on Hills,#5BAF42
2719,Vespa velutina,NA,"4550 Pedorido, Portugal",inat,-8.36,41.04,1.4233593940734863,1277,126,NA,NA,NA,NA,NA,NA,NA,NA,NA,NA,NA
2720,Vespa velutina,NA,"Magdalena, Bizkaia, Espagne",inat,-2.42,43.32,1.2710551261901857,1203,86,176,Warm Temperate,Moist,Forest,Mountains,Warm Temperate Moist,49,105,3,Warm Temperate Moist Forest on Mountains,#316903
2721,Vespa velutina,BE,NA,gbif,3.24,50.88,1.0385656356811523,780,24,120,Cool Temperate,Moist,Settlement,Plains,Cool Temperate Moist,78,119,2,Cool Temperate Moist Settlement on Plains,#4E7702
2722,Vespa velutina,BE,NA,gbif,3.27,51.22,1.029801559448242,783,3,116,Cool Temperate,Moist,Cropland,Plains,Cool Temperate Moist,29,153,10,Cool Temperate Moist Cropland on Plains,#1D990A
2723,Vespa velutina,BE,NA,gbif,3.19,51.17,1.029801559448242,783,12,111,Cool Temperate,Moist,Forest,Plains,Cool Temperate Moist,1,109,0,Cool Temperate Moist Forest on Plains,#016D00
2724,Vespa velutina,NL,NA,gbif,4.65,51.8,0.9967260360717772,816,0,120,Cool Temperate,Moist,Settlement,Plains,Cool Temperate Moist,78,119,2,Cool Temperate Moist Settlement on Plains,#4E7702
2725,Vespa velutina,NL,NA,gbif,3.45,51.3,1.028710460662842,798,-32,116,Cool Temperate,Moist,Cropland,Plains,Cool Temperate Moist,29,153,10,Cool Temperate Moist Cropland on Plains,#1D990A
2726,Vespa velutina,BE,NA,gbif,4.71,50.86,1.0381396293640135,765,47,108,Cool Temperate,Moist,Settlement,Hills,Cool Temperate Moist,67,109,14,Cool Temperate Moist Settlement on Hills,#436D0E
2727,Vespa velutina,FR,NA,gbif,3.9,43.65,1.481810665130615,645,67,169,Warm Temperate,Moist,Settlement,Hills,Warm Temperate Moist,136,158,52,Warm Temperate Moist Settlement on Hills,#889E34
2728,Vespa velutina,BE,NA,gbif,4.8,50.82,0.9946885108947754,774,75,116,Cool Temperate,Moist,Cropland,Plains,Cool Temperate Moist,29,153,10,Cool Temperate Moist Cropland on Plains,#1D990A
2729,Vespa velutina,NA,"06320 Cap-d'Ail, France",inat,7.4,43.73,1.3437254905700684,813,324,NA,NA,NA,NA,NA,NA,NA,NA,NA,NA,NA
2730,Vespa velutina,BE,NA,gbif,3.18,51.11,1.017953109741211,799,14,116,Cool Temperate,Moist,Cropland,Plains,Cool Temperate Moist,29,153,10,Cool Temperate Moist Cropland on Plains,#1D990A
2731,Vespa velutina,BE,NA,gbif,4.34,50.88,1.0497979164123534,783,34,169,Warm Temperate,Moist,Settlement,Hills,Warm Temperate Moist,136,158,52,Warm Temperate Moist Settlement on Hills,#889E34
2732,Vespa velutina,BE,NA,gbif,4.48,51.17,1.0570364952087403,798,13,120,Cool Temperate,Moist,Settlement,Plains,Cool Temperate Moist,78,119,2,Cool Temperate Moist Settlement on Plains,#4E7702
2733,Vespa velutina,NA,"Paris, Île-de-France, FR",inat,2.29,48.86,1.160487461090088,632,46,169,Warm Temperate,Moist,Settlement,Hills,Warm Temperate Moist,136,158,52,Warm Temperate Moist Settlement on Hills,#889E34
2734,Vespa velutina,NA,"Einach, 77723 Gengenbach, Deutschland",inat,8.03,48.4,0.905942726135254,1311,224,107,Cool Temperate,Moist,Grassland,Mountains,Cool Temperate Moist,26,83,0,Cool Temperate Moist Grassland on Mountains,#1A5300
2735,Vespa velutina,NA,"Porto, Portugal",inat,-8.66,41.16,1.4505515098571775,1231,58,169,Warm Temperate,Moist,Settlement,Hills,Warm Temperate Moist,136,158,52,Warm Temperate Moist Settlement on Hills,#889E34
2736,Vespa velutina,BE,NA,gbif,4.5,50.99,1.0223458290100098,773,9,120,Cool Temperate,Moist,Settlement,Plains,Cool Temperate Moist,78,119,2,Cool Temperate Moist Settlement on Plains,#4E7702
2737,Vespa velutina,NA,"Caron, 92400 Courbevoie, France",inat,2.24,48.9,1.160487461090088,632,47,169,Warm Temperate,Moist,Settlement,Hills,Warm Temperate Moist,136,158,52,Warm Temperate Moist Settlement on Hills,#889E34
2738,Vespa velutina,NA,"Place de la Gare, Luxemburg, Distrikt Luxemburg, LU",inat,6.13,49.6,0.9220864295959472,866,296,108,Cool Temperate,Moist,Settlement,Hills,Cool Temperate Moist,67,109,14,Cool Temperate Moist Settlement on Hills,#436D0E
2739,Vespa velutina,NA,"76332 Bad Herrenalb, Deutschland",inat,8.43,48.77,0.7875020980834961,1518,673,97,Cool Temperate,Moist,Forest,Mountains,Cool Temperate Moist,6,64,0,Cool Temperate Moist Forest on Mountains,#064000
2740,Vespa velutina,BE,NA,gbif,3.21,51.19,1.029801559448242,783,7,120,Cool Temperate,Moist,Settlement,Plains,Cool Temperate Moist,78,119,2,Cool Temperate Moist Settlement on Plains,#4E7702
2741,Vespa velutina,NA,Wavre,inat,4.62,50.72,1.0064770698547365,782,74,108,Cool Temperate,Moist,Settlement,Hills,Cool Temperate Moist,67,109,14,Cool Temperate Moist Settlement on Hills,#436D0E
2742,Vespa velutina,NA,"41110 Couffy, France",inat,1.43,47.25,1.1405198097229003,691,90,160,Warm Temperate,Moist,Cropland,Plains,Warm Temperate Moist,105,207,54,Warm Temperate Moist Cropland on Plains,#69CF36
2743,Vespa velutina,BE,NA,gbif,3.76,50.93,1.0391103744506835,795,37,116,Cool Temperate,Moist,Cropland,Plains,Cool Temperate Moist,29,153,10,Cool Temperate Moist Cropland on Plains,#1D990A
2744,Vespa velutina,NA,"12075 Garessio CN, Italia",inat,8.02,44.2,1.1162676811218262,883,737,173,Warm Temperate,Moist,Cropland,Mountains,Warm Temperate Moist,100,150,37,Warm Temperate Moist Cropland on Mountains,#649625
2745,Vespa velutina,BE,NA,gbif,4.67,50.93,1.0381396293640135,765,14,116,Cool Temperate,Moist,Cropland,Plains,Cool Temperate Moist,29,153,10,Cool Temperate Moist Cropland on Plains,#1D990A
2746,Vespa velutina,BE,NA,gbif,3.2,51.13,1.017953109741211,799,12,116,Cool Temperate,Moist,Cropland,Plains,Cool Temperate Moist,29,153,10,Cool Temperate Moist Cropland on Plains,#1D990A
2747,Vespa velutina,BE,NA,gbif,4.47,51.15,1.039146900177002,785,17,120,Cool Temperate,Moist,Settlement,Plains,Cool Temperate Moist,78,119,2,Cool Temperate Moist Settlement on Plains,#4E7702
2748,Vespa velutina,NA,"12075 Garessio CN, Via Valcasotto",inat,8.01,44.21,1.1162676811218262,883,677,172,Warm Temperate,Moist,Settlement,Mountains,Warm Temperate Moist,105,89,18,Warm Temperate Moist Settlement on Mountains,#695912
2749,Vespa velutina,BE,NA,gbif,4.7,51.21,1.0255916595458985,796,9,116,Cool Temperate,Moist,Cropland,Plains,Cool Temperate Moist,29,153,10,Cool Temperate Moist Cropland on Plains,#1D990A
2750,Vespa velutina,BE,NA,gbif,4.7,50.82,0.9946885108947754,774,79,110,Cool Temperate,Moist,Cropland,Hills,Cool Temperate Moist,33,144,30,Cool Temperate Moist Cropland on Hills,#21901E
2751,Vespa velutina,BE,NA,gbif,3.21,51.22,1.029801559448242,783,4,161,Warm Temperate,Moist,Settlement,Plains,Warm Temperate Moist,163,170,28,Warm Temperate Moist Settlement on Plains,#A3AA1C
2752,Vespa velutina,BE,NA,gbif,4.05,50.81,1.018050003051758,787,32,110,Cool Temperate,Moist,Cropland,Hills,Cool Temperate Moist,33,144,30,Cool Temperate Moist Cropland on Hills,#21901E
2753,Vespa velutina,NA,"71390 Messey-sur-Grosne, France",inat,4.76,46.64,1.0774749755859374,839,195,160,Warm Temperate,Moist,Cropland,Plains,Warm Temperate Moist,105,207,54,Warm Temperate Moist Cropland on Plains,#69CF36
2754,Vespa velutina,NA,"Avenue des Arts, Villeurbanne, Auvergne-Rhône-Alpes, FR",inat,4.87,45.78,1.1894624710083008,844,181,161,Warm Temperate,Moist,Settlement,Plains,Warm Temperate Moist,163,170,28,Warm Temperate Moist Settlement on Plains,#A3AA1C
2755,Vespa velutina,NA,"Girona, ES-CT, ES",inat,2.55,42.22,1.2264646530151366,772,398,176,Warm Temperate,Moist,Forest,Mountains,Warm Temperate Moist,49,105,3,Warm Temperate Moist Forest on Mountains,#316903
2756,Vespa velutina,NL,NA,gbif,4.9,51.4,0.9976905822753906,802,23,116,Cool Temperate,Moist,Cropland,Plains,Cool Temperate Moist,29,153,10,Cool Temperate Moist Cropland on Plains,#1D990A
2757,Vespa velutina,BE,NA,gbif,4.64,51.15,1.0294468879699707,777,6,116,Cool Temperate,Moist,Cropland,Plains,Cool Temperate Moist,29,153,10,Cool Temperate Moist Cropland on Plains,#1D990A
2758,Vespa velutina,BE,NA,gbif,4.55,51.36,1.0171833038330078,811,24,120,Cool Temperate,Moist,Settlement,Plains,Cool Temperate Moist,78,119,2,Cool Temperate Moist Settlement on Plains,#4E7702
2759,Vespa velutina,BE,NA,gbif,5.37,50.93,1.0172677040100098,787,40,116,Cool Temperate,Moist,Cropland,Plains,Cool Temperate Moist,29,153,10,Cool Temperate Moist Cropland on Plains,#1D990A
2760,Vespa velutina,NA,"Grand Palais, 75008 Paris, France",inat,2.31,48.87,1.160487461090088,632,49,169,Warm Temperate,Moist,Settlement,Hills,Warm Temperate Moist,136,158,52,Warm Temperate Moist Settlement on Hills,#889E34
2761,Vespa velutina,PT,NA,gbif,-9.16,38.68,1.6865142822265624,703,20,169,Warm Temperate,Moist,Settlement,Hills,Warm Temperate Moist,136,158,52,Warm Temperate Moist Settlement on Hills,#889E34
2762,Vespa velutina,NA,"Rambla Prim - Santander, Sant Martí, 08020 Barcelona, España",inat,2.2,41.42,1.557114028930664,615,11,172,Warm Temperate,Moist,Settlement,Mountains,Warm Temperate Moist,105,89,18,Warm Temperate Moist Settlement on Mountains,#695912
2763,Vespa velutina,NA,"63114 Coudes, France",inat,3.21,45.61,1.0416635513305663,622,403,172,Warm Temperate,Moist,Settlement,Mountains,Warm Temperate Moist,105,89,18,Warm Temperate Moist Settlement on Mountains,#695912
2764,Vespa velutina,BE,NA,gbif,5.4,51.03,0.9895999908447266,799,71,120,Cool Temperate,Moist,Settlement,Plains,Cool Temperate Moist,78,119,2,Cool Temperate Moist Settlement on Plains,#4E7702
2765,Vespa velutina,FR,NA,gbif,2.79,48.39,1.0644302368164062,633,88,NA,NA,NA,NA,NA,NA,NA,NA,NA,NA,NA
2766,Vespa velutina,NL,NA,gbif,3.75,51.7,1.0230436325073242,754,2,116,Cool Temperate,Moist,Cropland,Plains,Cool Temperate Moist,29,153,10,Cool Temperate Moist Cropland on Plains,#1D990A
2767,Vespa velutina,BE,NA,gbif,5.04,51.45,0.9912364959716796,790,24,116,Cool Temperate,Moist,Cropland,Plains,Cool Temperate Moist,29,153,10,Cool Temperate Moist Cropland on Plains,#1D990A
2768,Vespa velutina,NA,"WWG6+V5, 51100 Pistoia PT, Italia",inat,10.91,43.93,1.3806374549865723,1061,63,172,Warm Temperate,Moist,Settlement,Mountains,Warm Temperate Moist,105,89,18,Warm Temperate Moist Settlement on Mountains,#695912
2769,Vespa velutina,NL,NA,gbif,4.65,51.95,0.9911375045776368,858,1,128,Cool Temperate,Moist,Grassland,Plains,Cool Temperate Moist,22,133,0,Cool Temperate Moist Grassland on Plains,#168500
2770,Vespa velutina,BE,NA,gbif,4.21,50.72,1.0301885604858398,788,49,108,Cool Temperate,Moist,Settlement,Hills,Cool Temperate Moist,67,109,14,Cool Temperate Moist Settlement on Hills,#436D0E
2771,Vespa velutina,NA,"Plantentuin Meise, Wemmel, Vlaams-Brabant, BE",inat,4.33,50.93,1.029301071166992,790,42,116,Cool Temperate,Moist,Cropland,Plains,Cool Temperate Moist,29,153,10,Cool Temperate Moist Cropland on Plains,#1D990A
2772,Vespa velutina,NA,"4740 Marinhas, Portugal",inat,-8.79,41.56,1.404978370666504,1497,20,NA,NA,NA,NA,NA,NA,NA,NA,NA,NA,NA
2773,Vespa velutina,BE,NA,gbif,4.25,50.32,0.9471854209899904,829,155,110,Cool Temperate,Moist,Cropland,Hills,Cool Temperate Moist,33,144,30,Cool Temperate Moist Cropland on Hills,#21901E
2774,Vespa velutina,NL,NA,gbif,3.75,51.25,1.0463364601135254,769,-15,116,Cool Temperate,Moist,Cropland,Plains,Cool Temperate Moist,29,153,10,Cool Temperate Moist Cropland on Plains,#1D990A
2775,Vespa velutina,BE,NA,gbif,4.79,51.06,1.0428604125976562,774,11,111,Cool Temperate,Moist,Forest,Plains,Cool Temperate Moist,1,109,0,Cool Temperate Moist Forest on Plains,#016D00
2776,Vespa velutina,NL,NA,gbif,4.1,51.3,1.0351354598999023,797,-5,116,Cool Temperate,Moist,Cropland,Plains,Cool Temperate Moist,29,153,10,Cool Temperate Moist Cropland on Plains,#1D990A
2777,Vespa velutina,BE,NA,gbif,4.46,51.3,1.0570364952087403,798,11,111,Cool Temperate,Moist,Forest,Plains,Cool Temperate Moist,1,109,0,Cool Temperate Moist Forest on Plains,#016D00
2778,Vespa velutina,BE,NA,gbif,4.7,50.9,1.0381396293640135,765,25,108,Cool Temperate,Moist,Settlement,Hills,Cool Temperate Moist,67,109,14,Cool Temperate Moist Settlement on Hills,#436D0E
2779,Vespa velutina,BE,NA,gbif,5.48,50.85,1.0172677040100098,787,73,116,Cool Temperate,Moist,Cropland,Plains,Cool Temperate Moist,29,153,10,Cool Temperate Moist Cropland on Plains,#1D990A
2780,Vespa velutina,NA,"46160 Saint-Chels, France",inat,1.8,44.53,1.1922656059265138,814,336,179,Warm Temperate,Moist,Grassland,Tablelands,Warm Temperate Moist,50,73,167,Warm Temperate Moist Grassland on Tablelands,#3249A7
2781,Vespa velutina,BE,NA,gbif,4.59,51.21,1.0279624938964844,800,10,120,Cool Temperate,Moist,Settlement,Plains,Cool Temperate Moist,78,119,2,Cool Temperate Moist Settlement on Plains,#4E7702
2782,Vespa velutina,BE,NA,gbif,4.08,51.12,1.0435916900634763,789,16,111,Cool Temperate,Moist,Forest,Plains,Cool Temperate Moist,1,109,0,Cool Temperate Moist Forest on Plains,#016D00
2783,Vespa velutina,NA,"41110 Couffy, France",inat,1.43,47.26,1.1405198097229003,691,90,160,Warm Temperate,Moist,Cropland,Plains,Warm Temperate Moist,105,207,54,Warm Temperate Moist Cropland on Plains,#69CF36
2784,Vespa velutina,BE,NA,gbif,4.36,50.91,1.0497979164123534,783,46,161,Warm Temperate,Moist,Settlement,Plains,Warm Temperate Moist,163,170,28,Warm Temperate Moist Settlement on Plains,#A3AA1C
2785,Vespa velutina,NA,"29300 Quimperlé, France",inat,-3.54,47.88,1.1548635482788083,1009,54,163,Warm Temperate,Moist,Forest,Hills,Warm Temperate Moist,47,146,24,Warm Temperate Moist Forest on Hills,#2F9218
2786,Vespa velutina,NA,"Rue du Thiers, Rochefort, Namur, BE",inat,5.22,50.16,0.8845166206359864,929,216,108,Cool Temperate,Moist,Settlement,Hills,Cool Temperate Moist,67,109,14,Cool Temperate Moist Settlement on Hills,#436D0E
2787,Vespa velutina,NL,NA,gbif,4.45,51.55,1.0125802040100098,791,3,120,Cool Temperate,Moist,Settlement,Plains,Cool Temperate Moist,78,119,2,Cool Temperate Moist Settlement on Plains,#4E7702
2788,Vespa velutina,NL,NA,gbif,5.05,51.65,0.9860114097595216,794,12,111,Cool Temperate,Moist,Forest,Plains,Cool Temperate Moist,1,109,0,Cool Temperate Moist Forest on Plains,#016D00
2789,Vespa velutina,NA,"Carrer de la Granota, Mont-ras, Girona, ES",inat,3.16,41.91,1.4671771049499511,581,53,184,Warm Temperate,Dry,Cropland,Mountains,Warm Temperate Dry,141,179,80,Warm Temperate Dry Cropland on Mountains,#8DB350
2790,Vespa velutina,NA,"5237 Sandweiler, Luxembourg",inat,6.21,49.61,0.9219437599182128,824,335,102,Cool Temperate,Moist,Cropland,Tablelands,Cool Temperate Moist,99,97,160,Cool Temperate Moist Cropland on Tablelands,#6361A0
2791,Vespa velutina,NA,"Calle el Talgo, Arija, Burgos, ES",inat,-3.95,42.99,1.025519752502441,787,854,NA,NA,NA,NA,NA,NA,NA,NA,NA,NA,NA
2792,Vespa velutina,BE,NA,gbif,3.28,50.94,1.0385656356811523,780,15,116,Cool Temperate,Moist,Cropland,Plains,Cool Temperate Moist,29,153,10,Cool Temperate Moist Cropland on Plains,#1D990A
2793,Vespa velutina,NA,"Estrada Interior da Circunvalação, 4100-083 Porto, Portugal",inat,-8.68,41.17,1.4303919792175293,1292,11,169,Warm Temperate,Moist,Settlement,Hills,Warm Temperate Moist,136,158,52,Warm Temperate Moist Settlement on Hills,#889E34
2794,Vespa velutina,NA,"Paracelsusstrasse, Basel, BS, CH",inat,7.61,47.57,1.0200145721435547,805,257,161,Warm Temperate,Moist,Settlement,Plains,Warm Temperate Moist,163,170,28,Warm Temperate Moist Settlement on Plains,#A3AA1C
2795,Vespa velutina,BE,NA,gbif,4.57,51.36,1.0171833038330078,811,23,111,Cool Temperate,Moist,Forest,Plains,Cool Temperate Moist,1,109,0,Cool Temperate Moist Forest on Plains,#016D00
2796,Vespa velutina,NL,NA,gbif,5,51.9,0.9610124588012696,776,-1,128,Cool Temperate,Moist,Grassland,Plains,Cool Temperate Moist,22,133,0,Cool Temperate Moist Grassland on Plains,#168500
2797,Vespa velutina,NA,"Rue des Pommiers, Luxembourg, District Luxembourg, LU",inat,6.16,49.61,0.9220864295959472,866,298,110,Cool Temperate,Moist,Cropland,Hills,Cool Temperate Moist,33,144,30,Cool Temperate Moist Cropland on Hills,#21901E
2798,Vespa velutina,NA,"La Rodonella, 08698 La Rodonella, Barcelona, España",inat,1.86,42.16,1.1583457946777345,743,902,176,Warm Temperate,Moist,Forest,Mountains,Warm Temperate Moist,49,105,3,Warm Temperate Moist Forest on Mountains,#316903
2799,Vespa velutina,BE,NA,gbif,4.28,50.88,1.029301071166992,790,54,120,Cool Temperate,Moist,Settlement,Plains,Cool Temperate Moist,78,119,2,Cool Temperate Moist Settlement on Plains,#4E7702
2800,Vespa velutina,NA,"71880 Châtenoy-le-Royal, France",inat,4.8,46.8,1.075723934173584,830,200,168,Warm Temperate,Moist,Cropland,Hills,Warm Temperate Moist,112,198,86,Warm Temperate Moist Cropland on Hills,#70C656
2801,Vespa velutina,NA,"53190 La Dorée, France",inat,-0.93,48.44,1.061469841003418,809,214,164,Warm Temperate,Moist,Grassland,Hills,Warm Temperate Moist,86,172,49,Warm Temperate Moist Grassland on Hills,#56AC31
2802,Vespa velutina,BE,NA,gbif,4.4,51.18,1.0570364952087403,798,12,161,Warm Temperate,Moist,Settlement,Plains,Warm Temperate Moist,163,170,28,Warm Temperate Moist Settlement on Plains,#A3AA1C
2803,Vespa velutina,NA,"Parc del Garraf, Carretera de Ratpenat a, Carrer Plana Novella, Km 3, 08870 Sitges, Barcelona, España",inat,1.91,41.27,1.4701315879821777,657,191,176,Warm Temperate,Moist,Forest,Mountains,Warm Temperate Moist,49,105,3,Warm Temperate Moist Forest on Mountains,#316903
2804,Vespa velutina,NA,"Steinfort, Luxemburg",inat,5.92,49.66,0.9034072875976562,936,319,108,Cool Temperate,Moist,Settlement,Hills,Cool Temperate Moist,67,109,14,Cool Temperate Moist Settlement on Hills,#436D0E
2805,Vespa velutina,NL,NA,gbif,5.6,51.45,0.9889156341552734,757,21,116,Cool Temperate,Moist,Cropland,Plains,Cool Temperate Moist,29,153,10,Cool Temperate Moist Cropland on Plains,#1D990A
2806,Vespa velutina,CH,NA,gbif,6.24,46.38,0.931196880340576,1134,386,172,Warm Temperate,Moist,Settlement,Mountains,Warm Temperate Moist,105,89,18,Warm Temperate Moist Settlement on Mountains,#695912
2807,Vespa velutina,NA,"Vila Nova de Gaia, Portugal",inat,-8.66,41.14,1.4505515098571775,1231,29,NA,NA,NA,NA,NA,NA,NA,NA,NA,NA,NA
2808,Vespa velutina,NA,"Av Madrid - Galileu, Les Corts, 08014 Barcelona, Espanya",inat,2.13,41.38,1.5362238883972168,635,48,172,Warm Temperate,Moist,Settlement,Mountains,Warm Temperate Moist,105,89,18,Warm Temperate Moist Settlement on Mountains,#695912
2809,Vespa velutina,BE,NA,gbif,3.58,51.17,1.034306240081787,799,6,120,Cool Temperate,Moist,Settlement,Plains,Cool Temperate Moist,78,119,2,Cool Temperate Moist Settlement on Plains,#4E7702
2810,Vespa velutina,NA,"83740 La Cadière-d'Azur, France",inat,5.74,43.22,1.3581218719482422,715,197,173,Warm Temperate,Moist,Cropland,Mountains,Warm Temperate Moist,100,150,37,Warm Temperate Moist Cropland on Mountains,#649625
2811,Vespa velutina,BE,NA,gbif,4.36,50.79,1.0074718475341795,805,101,105,Cool Temperate,Moist,Forest,Hills,Cool Temperate Moist,2,99,1,Cool Temperate Moist Forest on Hills,#026301
2812,Vespa velutina,NL,NA,gbif,5.65,51.45,0.9889156341552734,757,20,128,Cool Temperate,Moist,Grassland,Plains,Cool Temperate Moist,22,133,0,Cool Temperate Moist Grassland on Plains,#168500
2813,Vespa velutina,BE,NA,gbif,4.71,50.89,1.0381396293640135,765,25,108,Cool Temperate,Moist,Settlement,Hills,Cool Temperate Moist,67,109,14,Cool Temperate Moist Settlement on Hills,#436D0E
2814,Vespa velutina,CH,NA,gbif,7.18,47.37,0.823842716217041,1076,685,97,Cool Temperate,Moist,Forest,Mountains,Cool Temperate Moist,6,64,0,Cool Temperate Moist Forest on Mountains,#064000
2815,Vespa velutina,NA,"Le Cavé, 27100 Val-de-Reuil, France",inat,1.2,49.26,1.06643648147583,670,37,169,Warm Temperate,Moist,Settlement,Hills,Warm Temperate Moist,136,158,52,Warm Temperate Moist Settlement on Hills,#889E34
2816,Vespa velutina,NA,"Vence, France",inat,7.1,43.73,1.2146843910217284,875,568,173,Warm Temperate,Moist,Cropland,Mountains,Warm Temperate Moist,100,150,37,Warm Temperate Moist Cropland on Mountains,#649625
2817,Vespa velutina,NA,PNSE - Quinta dos Calhastros e Cerca da Serra,inat,-7.57,40.51,1.3668603897094729,1430,699,173,Warm Temperate,Moist,Cropland,Mountains,Warm Temperate Moist,100,150,37,Warm Temperate Moist Cropland on Mountains,#649625
2818,Vespa velutina,NA,"6186 Gonderingen Junglinster, Luxemburg",inat,6.25,49.69,0.8899781227111816,817,317,110,Cool Temperate,Moist,Cropland,Hills,Cool Temperate Moist,33,144,30,Cool Temperate Moist Cropland on Hills,#21901E
2819,Vespa velutina,NL,NA,gbif,6,51.25,1.0026583671569824,734,18,116,Cool Temperate,Moist,Cropland,Plains,Cool Temperate Moist,29,153,10,Cool Temperate Moist Cropland on Plains,#1D990A
2820,Vespa velutina,BE,NA,gbif,5.09,50.98,1.056206226348877,773,26,160,Warm Temperate,Moist,Cropland,Plains,Warm Temperate Moist,105,207,54,Warm Temperate Moist Cropland on Plains,#69CF36
2821,Vespa velutina,NA,"50321 Brühl, Deutschland",inat,6.89,50.84,1.0670458793640136,745,101,105,Cool Temperate,Moist,Forest,Hills,Cool Temperate Moist,2,99,1,Cool Temperate Moist Forest on Hills,#026301
2822,Vespa velutina,BE,NA,gbif,4.45,50.83,1.0074718475341795,805,89,108,Cool Temperate,Moist,Settlement,Hills,Cool Temperate Moist,67,109,14,Cool Temperate Moist Settlement on Hills,#436D0E
2823,Vespa velutina,BE,NA,gbif,4.48,51.3,1.0570364952087403,798,12,120,Cool Temperate,Moist,Settlement,Plains,Cool Temperate Moist,78,119,2,Cool Temperate Moist Settlement on Plains,#4E7702
2824,Vespa velutina,BE,NA,gbif,5.1,51.07,1.056958293914795,792,26,120,Cool Temperate,Moist,Settlement,Plains,Cool Temperate Moist,78,119,2,Cool Temperate Moist Settlement on Plains,#4E7702
2825,Vespa velutina,BE,NA,gbif,4.67,50.91,1.0381396293640135,765,39,120,Cool Temperate,Moist,Settlement,Plains,Cool Temperate Moist,78,119,2,Cool Temperate Moist Settlement on Plains,#4E7702
2826,Vespa velutina,NA,"Ormea, Quarzina (CN)",inat,7.87,44.13,1.1032896041870115,895,1195,97,Cool Temperate,Moist,Forest,Mountains,Cool Temperate Moist,6,64,0,Cool Temperate Moist Forest on Mountains,#064000
2827,Vespa velutina,NL,NA,gbif,4.8,52.65,0.9629875183105469,823,-2,116,Cool Temperate,Moist,Cropland,Plains,Cool Temperate Moist,29,153,10,Cool Temperate Moist Cropland on Plains,#1D990A
2828,Vespa velutina,BE,NA,gbif,4.69,50.87,1.0381396293640135,765,43,108,Cool Temperate,Moist,Settlement,Hills,Cool Temperate Moist,67,109,14,Cool Temperate Moist Settlement on Hills,#436D0E
2829,Vespa velutina,NA,"Blessac, Nouvelle-Aquitaine, FR",inat,2.13,45.99,1.0015417098999024,888,525,105,Cool Temperate,Moist,Forest,Hills,Cool Temperate Moist,2,99,1,Cool Temperate Moist Forest on Hills,#026301
2830,Vespa velutina,NA,"Can Gonteres, 08225, Barcelona, España",inat,1.98,41.57,1.4234187126159668,646,328,176,Warm Temperate,Moist,Forest,Mountains,Warm Temperate Moist,49,105,3,Warm Temperate Moist Forest on Mountains,#316903
2831,Vespa velutina,NA,"Lévis-Saint-Nom, France",inat,1.94,48.73,1.0464655876159668,635,166,102,Cool Temperate,Moist,Cropland,Tablelands,Cool Temperate Moist,99,97,160,Cool Temperate Moist Cropland on Tablelands,#6361A0
2832,Vespa velutina,NA,"Mayenne, Pays de la Loire, France",inat,-0.65,47.96,1.1522791862487791,742,96,164,Warm Temperate,Moist,Grassland,Hills,Warm Temperate Moist,86,172,49,Warm Temperate Moist Grassland on Hills,#56AC31
2833,Vespa velutina,BE,NA,gbif,4.73,51.09,1.0428604125976562,774,11,116,Cool Temperate,Moist,Cropland,Plains,Cool Temperate Moist,29,153,10,Cool Temperate Moist Cropland on Plains,#1D990A
2834,Vespa velutina,NA,"Chemin des Vergers, Genève, GE, CH",inat,6.16,46.2,0.973855209350586,1039,385,113,Cool Temperate,Moist,Settlement,Mountains,Cool Temperate Moist,61,67,0,Cool Temperate Moist Settlement on Mountains,#3D4300
2835,Vespa velutina,NA,"Tarragona, Tarragona, ES",inat,1.37,41.13,1.5755468368530274,540,12,NA,NA,NA,NA,NA,NA,NA,NA,NA,NA,NA
2836,Vespa velutina,NL,NA,gbif,5.45,51.4,0.9980051994323732,773,21,111,Cool Temperate,Moist,Forest,Plains,Cool Temperate Moist,1,109,0,Cool Temperate Moist Forest on Plains,#016D00
2837,Vespa velutina,NL,NA,gbif,5.75,50.85,1.0079051971435546,754,63,110,Cool Temperate,Moist,Cropland,Hills,Cool Temperate Moist,33,144,30,Cool Temperate Moist Cropland on Hills,#21901E
2838,Vespa velutina,BE,NA,gbif,3.66,51.05,1.041869831085205,812,6,161,Warm Temperate,Moist,Settlement,Plains,Warm Temperate Moist,163,170,28,Warm Temperate Moist Settlement on Plains,#A3AA1C
2839,Vespa velutina,NA,"Trébeurden, France",inat,-3.57,48.78,1.1304166793823245,975,19,169,Warm Temperate,Moist,Settlement,Hills,Warm Temperate Moist,136,158,52,Warm Temperate Moist Settlement on Hills,#889E34
2840,Vespa velutina,NA,"Bretagne, FR",inat,-2.02,48.49,1.1563447952270507,799,46,168,Warm Temperate,Moist,Cropland,Hills,Warm Temperate Moist,112,198,86,Warm Temperate Moist Cropland on Hills,#70C656
2841,Vespa velutina,BE,NA,gbif,4.05,50.79,1.018050003051758,787,40,116,Cool Temperate,Moist,Cropland,Plains,Cool Temperate Moist,29,153,10,Cool Temperate Moist Cropland on Plains,#1D990A
2842,Vespa velutina,NA,"08380 Malgrat de Mar, Barcelona, España",inat,2.74,41.65,1.5051636695861816,720,23,172,Warm Temperate,Moist,Settlement,Mountains,Warm Temperate Moist,105,89,18,Warm Temperate Moist Settlement on Mountains,#695912
2843,Vespa velutina,NA,"Charles de Gaulle, 69160 Tassin-la-Demi-Lune, France",inat,4.78,45.76,1.1392176628112791,829,238,169,Warm Temperate,Moist,Settlement,Hills,Warm Temperate Moist,136,158,52,Warm Temperate Moist Settlement on Hills,#889E34
2844,Vespa velutina,NL,NA,gbif,4.7,51.55,1.0014093399047852,815,6,128,Cool Temperate,Moist,Grassland,Plains,Cool Temperate Moist,22,133,0,Cool Temperate Moist Grassland on Plains,#168500
2845,Vespa velutina,BE,NA,gbif,4.48,51.12,1.039146900177002,785,13,116,Cool Temperate,Moist,Cropland,Plains,Cool Temperate Moist,29,153,10,Cool Temperate Moist Cropland on Plains,#1D990A
2846,Vespa velutina,NA,"Passeig de Lola Anglada, Terrassa, Barcelona, ES",inat,2.04,41.53,1.4473604202270507,676,241,177,Warm Temperate,Moist,Settlement,Tablelands,Warm Temperate Moist,62,63,152,Warm Temperate Moist Settlement on Tablelands,#3E3F98
2847,Vespa velutina,NL,NA,gbif,4.2,52,0.984907341003418,832,-1,120,Cool Temperate,Moist,Settlement,Plains,Cool Temperate Moist,78,119,2,Cool Temperate Moist Settlement on Plains,#4E7702
2848,Vespa velutina,BE,NA,gbif,3.02,51.27,1.0130767822265625,758,0,111,Cool Temperate,Moist,Forest,Plains,Cool Temperate Moist,1,109,0,Cool Temperate Moist Forest on Plains,#016D00
2849,Vespa velutina,NA,"4435 Baguim do Monte, Portugal",inat,-8.53,41.19,1.4322385787963867,1340,161,172,Warm Temperate,Moist,Settlement,Mountains,Warm Temperate Moist,105,89,18,Warm Temperate Moist Settlement on Mountains,#695912
2850,Vespa velutina,NA,"Waldsee, 79 Freiburg im Breisgau-Ost, Germany",inat,7.88,47.99,0.7210000038146973,1480,412,113,Cool Temperate,Moist,Settlement,Mountains,Cool Temperate Moist,61,67,0,Cool Temperate Moist Settlement on Mountains,#3D4300
2851,Vespa velutina,NA,"Enseirb, 33600 Pessac, France",inat,-0.61,44.81,1.29575834274292,909,24,160,Warm Temperate,Moist,Cropland,Plains,Warm Temperate Moist,105,207,54,Warm Temperate Moist Cropland on Plains,#69CF36
2852,Vespa velutina,BE,NA,gbif,3.76,50.62,1.0026041984558105,772,46,110,Cool Temperate,Moist,Cropland,Hills,Cool Temperate Moist,33,144,30,Cool Temperate Moist Cropland on Hills,#21901E
2853,Vespa velutina,BE,NA,gbif,4.9,51.2,1.02982816696167,791,16,120,Cool Temperate,Moist,Settlement,Plains,Cool Temperate Moist,78,119,2,Cool Temperate Moist Settlement on Plains,#4E7702
2854,Vespa velutina,NA,"45131 Essen-Stadtbezirke II, Deutschland",inat,6.99,51.43,1.0297656059265137,883,112,129,Cool Temperate,Moist,Settlement,Tablelands,Cool Temperate Moist,47,63,130,Cool Temperate Moist Settlement on Tablelands,#2F3F82
2855,Vespa velutina,BE,NA,gbif,4.55,51,1.0223458290100098,773,7,128,Cool Temperate,Moist,Grassland,Plains,Cool Temperate Moist,22,133,0,Cool Temperate Moist Grassland on Plains,#168500
2856,Vespa velutina,BE,NA,gbif,3.8,50.81,1.012112522125244,792,55,110,Cool Temperate,Moist,Cropland,Hills,Cool Temperate Moist,33,144,30,Cool Temperate Moist Cropland on Hills,#21901E
2857,Vespa velutina,BE,NA,gbif,3.76,51.05,1.0652593612670898,792,7,161,Warm Temperate,Moist,Settlement,Plains,Warm Temperate Moist,163,170,28,Warm Temperate Moist Settlement on Plains,#A3AA1C
2858,Vespa velutina,NA,"Passeio dos Argonautas, Lisboa, Lisboa, PT",inat,-9.09,38.75,1.6865142822265624,703,12,NA,NA,NA,NA,NA,NA,NA,NA,NA,NA,NA
2859,Vespa velutina,BE,NA,gbif,4.2,50.83,1.0301885604858398,788,57,116,Cool Temperate,Moist,Cropland,Plains,Cool Temperate Moist,29,153,10,Cool Temperate Moist Cropland on Plains,#1D990A
2860,Vespa velutina,NA,"Botanischer Garten Frankfurt, Siesmayerstraße 72, 60323 Frankfurt am Main, Deutschland",inat,8.66,50.13,1.0215635299682615,620,118,111,Cool Temperate,Moist,Forest,Plains,Cool Temperate Moist,1,109,0,Cool Temperate Moist Forest on Plains,#016D00
2861,Vespa velutina,BE,NA,gbif,4.98,51.18,1.02982816696167,791,21,120,Cool Temperate,Moist,Settlement,Plains,Cool Temperate Moist,78,119,2,Cool Temperate Moist Settlement on Plains,#4E7702
2862,Vespa velutina,BE,NA,gbif,4.28,50.74,1.0301885604858398,788,57,108,Cool Temperate,Moist,Settlement,Hills,Cool Temperate Moist,67,109,14,Cool Temperate Moist Settlement on Hills,#436D0E
2863,Vespa velutina,NL,NA,gbif,5.95,50.9,0.9916646003723144,781,87,108,Cool Temperate,Moist,Settlement,Hills,Cool Temperate Moist,67,109,14,Cool Temperate Moist Settlement on Hills,#436D0E
2864,Vespa velutina,NA,"Rue de St-Cloud, Lyon, Auvergne-Rhône-Alpes, FR",inat,4.83,45.73,1.1392176628112791,829,185,161,Warm Temperate,Moist,Settlement,Plains,Warm Temperate Moist,163,170,28,Warm Temperate Moist Settlement on Plains,#A3AA1C
2865,Vespa velutina,NA,"Fiume/thaon Di Revel, 16121 Genova GE, Italia",inat,8.95,44.41,1.4139930725097656,1245,71,172,Warm Temperate,Moist,Settlement,Mountains,Warm Temperate Moist,105,89,18,Warm Temperate Moist Settlement on Mountains,#695912
2866,Vespa velutina,NA,"Chemin de la Condamine, Saint-André-de-Rosans, Provence-Alpes-Côte d'Azur, FR",inat,5.51,44.36,0.9112218856811524,1053,724,176,Warm Temperate,Moist,Forest,Mountains,Warm Temperate Moist,49,105,3,Warm Temperate Moist Forest on Mountains,#316903
2867,Vespa velutina,BE,NA,gbif,4.19,50.91,1.029301071166992,790,56,120,Cool Temperate,Moist,Settlement,Plains,Cool Temperate Moist,78,119,2,Cool Temperate Moist Settlement on Plains,#4E7702
2868,Vespa velutina,BE,NA,gbif,3.88,50.77,1.0213645935058593,779,32,108,Cool Temperate,Moist,Settlement,Hills,Cool Temperate Moist,67,109,14,Cool Temperate Moist Settlement on Hills,#436D0E
2869,Vespa velutina,NA,"Z.A.E. Wolser F, Bettemburg, Distrikt Luxemburg, LU",inat,6.1,49.51,0.9220864295959472,866,285,108,Cool Temperate,Moist,Settlement,Hills,Cool Temperate Moist,67,109,14,Cool Temperate Moist Settlement on Hills,#436D0E
2870,Vespa velutina,BE,NA,gbif,3.64,51.02,1.041869831085205,812,9,120,Cool Temperate,Moist,Settlement,Plains,Cool Temperate Moist,78,119,2,Cool Temperate Moist Settlement on Plains,#4E7702
2871,Vespa velutina,NA,"57330 Kanfen, France",inat,6.11,49.44,0.9359707832336426,862,268,108,Cool Temperate,Moist,Settlement,Hills,Cool Temperate Moist,67,109,14,Cool Temperate Moist Settlement on Hills,#436D0E
2872,Vespa velutina,BE,NA,gbif,5.01,51.13,1.056958293914795,792,20,120,Cool Temperate,Moist,Settlement,Plains,Cool Temperate Moist,78,119,2,Cool Temperate Moist Settlement on Plains,#4E7702
2873,Vespa velutina,BE,NA,gbif,4.44,50.89,1.0497979164123534,783,38,169,Warm Temperate,Moist,Settlement,Hills,Warm Temperate Moist,136,158,52,Warm Temperate Moist Settlement on Hills,#889E34
2874,Vespa velutina,NA,"Neubadstrasse, Basel, BS, CH",inat,7.57,47.55,1.0200145721435547,805,297,169,Warm Temperate,Moist,Settlement,Hills,Warm Temperate Moist,136,158,52,Warm Temperate Moist Settlement on Hills,#889E34
2875,Vespa velutina,NA,"Lisbon, Portugal",inat,-9.15,38.74,1.6865142822265624,703,86,169,Warm Temperate,Moist,Settlement,Hills,Warm Temperate Moist,136,158,52,Warm Temperate Moist Settlement on Hills,#889E34
2876,Vespa velutina,BE,NA,gbif,4.32,51.37,1.0319975852966308,791,4,116,Cool Temperate,Moist,Cropland,Plains,Cool Temperate Moist,29,153,10,Cool Temperate Moist Cropland on Plains,#1D990A
2877,Vespa velutina,NA,"Rue du Maréchal, Saint-Ghislain, Hainaut, BE",inat,3.83,50.46,1.0056135177612304,762,23,166,Warm Temperate,Moist,Forest,Plains,Warm Temperate Moist,45,158,6,Warm Temperate Moist Forest on Plains,#2D9E06
2878,Vespa velutina,NA,"Parc Maurice Thorez et Gymnase Léo Lagrange, Choisy-le-Roi, Île-de-France, FR",inat,2.4,48.77,1.1437250137329102,632,58,169,Warm Temperate,Moist,Settlement,Hills,Warm Temperate Moist,136,158,52,Warm Temperate Moist Settlement on Hills,#889E34
2879,Vespa velutina,BE,NA,gbif,4.93,50.82,1.0242583274841308,751,56,116,Cool Temperate,Moist,Cropland,Plains,Cool Temperate Moist,29,153,10,Cool Temperate Moist Cropland on Plains,#1D990A
2880,Vespa velutina,NA,"Murhau, Breisach, Baden-Württemberg, DE",inat,7.59,48.02,1.0584343910217284,952,191,166,Warm Temperate,Moist,Forest,Plains,Warm Temperate Moist,45,158,6,Warm Temperate Moist Forest on Plains,#2D9E06
2881,Vespa velutina,NA,"Oviedo, 33013 Oviedo, Asturias, España",inat,-5.86,43.36,1.2818219184875488,984,258,172,Warm Temperate,Moist,Settlement,Mountains,Warm Temperate Moist,105,89,18,Warm Temperate Moist Settlement on Mountains,#695912
2882,Vespa velutina,NL,NA,gbif,5.8,50.85,1.0079051971435546,754,122,102,Cool Temperate,Moist,Cropland,Tablelands,Cool Temperate Moist,99,97,160,Cool Temperate Moist Cropland on Tablelands,#6361A0
2883,Vespa velutina,NL,NA,gbif,6.15,51.3,1.0026583671569824,734,45,111,Cool Temperate,Moist,Forest,Plains,Cool Temperate Moist,1,109,0,Cool Temperate Moist Forest on Plains,#016D00
2884,Vespa velutina,NA,"2710 Sintra, Portugal",inat,-9.38,38.79,1.581121826171875,711,242,178,Warm Temperate,Moist,Cropland,Tablelands,Warm Temperate Moist,61,89,194,Warm Temperate Moist Cropland on Tablelands,#3D59C2
2885,Vespa velutina,BE,NA,gbif,3.85,51.09,1.0463322639465331,779,5,160,Warm Temperate,Moist,Cropland,Plains,Warm Temperate Moist,105,207,54,Warm Temperate Moist Cropland on Plains,#69CF36
2886,Vespa velutina,NA,"Almada, PT-SE, PT",inat,-9.2,38.64,1.6470182418823245,681,72,177,Warm Temperate,Moist,Settlement,Tablelands,Warm Temperate Moist,62,63,152,Warm Temperate Moist Settlement on Tablelands,#3E3F98
2887,Vespa velutina,BE,NA,gbif,5.71,51.04,1.0033124923706054,720,41,120,Cool Temperate,Moist,Settlement,Plains,Cool Temperate Moist,78,119,2,Cool Temperate Moist Settlement on Plains,#4E7702
2888,Vespa velutina,BE,NA,gbif,3.76,50.81,1.012112522125244,792,56,108,Cool Temperate,Moist,Settlement,Hills,Cool Temperate Moist,67,109,14,Cool Temperate Moist Settlement on Hills,#436D0E
2889,Vespa velutina,NA,NA,inat,-2.06,49.09,1.1854166984558103,800,-22,NA,NA,NA,NA,NA,NA,NA,NA,NA,NA,NA
2890,Vespa velutina,BE,NA,gbif,4.69,50.99,1.0381396293640135,765,10,116,Cool Temperate,Moist,Cropland,Plains,Cool Temperate Moist,29,153,10,Cool Temperate Moist Cropland on Plains,#1D990A
2891,Vespa velutina,ES,NA,gbif,-8.54,42.87,1.3204468727111816,1585,248,172,Warm Temperate,Moist,Settlement,Mountains,Warm Temperate Moist,105,89,18,Warm Temperate Moist Settlement on Mountains,#695912
2892,Vespa velutina,BE,NA,gbif,5.23,51.04,1.0283103942871097,817,33,116,Cool Temperate,Moist,Cropland,Plains,Cool Temperate Moist,29,153,10,Cool Temperate Moist Cropland on Plains,#1D990A
2893,Vespa velutina,NA,"Navia, Vigo, Pontevedra, España",inat,-8.76,42.2,1.374198818206787,1695,88,172,Warm Temperate,Moist,Settlement,Mountains,Warm Temperate Moist,105,89,18,Warm Temperate Moist Settlement on Mountains,#695912
2894,Vespa velutina,NA,"Roscoff, France",inat,-4.01,48.73,1.1462645530700684,1003,0,NA,NA,NA,NA,NA,NA,NA,NA,NA,NA,NA
2895,Vespa velutina,NA,"Rüngsdorf, 53 Bonn-Bad Godesberg, Deutschland",inat,7.17,50.69,0.968272876739502,827,65,113,Cool Temperate,Moist,Settlement,Mountains,Cool Temperate Moist,61,67,0,Cool Temperate Moist Settlement on Mountains,#3D4300
2896,Vespa velutina,NA,"Chemin de Bernicot, Saint-Genis-Laval, Auvergne-Rhône-Alpes, FR",inat,4.77,45.69,1.1392176628112791,829,248,172,Warm Temperate,Moist,Settlement,Mountains,Warm Temperate Moist,105,89,18,Warm Temperate Moist Settlement on Mountains,#695912
2897,Vespa velutina,NA,"Rohrbach-West, 69126 Heidelberg, Germany",inat,8.69,49.39,0.9509333610534668,953,134,161,Warm Temperate,Moist,Settlement,Plains,Warm Temperate Moist,163,170,28,Warm Temperate Moist Settlement on Plains,#A3AA1C
2898,Vespa velutina,NA,"Rua da Escola Politécnica, Lisboa, Lisboa, PT",inat,-9.15,38.72,1.6865142822265624,703,67,169,Warm Temperate,Moist,Settlement,Hills,Warm Temperate Moist,136,158,52,Warm Temperate Moist Settlement on Hills,#889E34
2899,Vespa velutina,BE,NA,gbif,4.95,51.34,0.9976905822753906,802,29,116,Cool Temperate,Moist,Cropland,Plains,Cool Temperate Moist,29,153,10,Cool Temperate Moist Cropland on Plains,#1D990A
2900,Vespa velutina,BE,NA,gbif,5.34,50.98,1.0172677040100098,787,39,111,Cool Temperate,Moist,Forest,Plains,Cool Temperate Moist,1,109,0,Cool Temperate Moist Forest on Plains,#016D00
2901,Vespa velutina,NA,"R Luís de Camões 19c, 1495-081 Algés, Portugal",inat,-9.23,38.7,1.6334726333618164,722,28,169,Warm Temperate,Moist,Settlement,Hills,Warm Temperate Moist,136,158,52,Warm Temperate Moist Settlement on Hills,#889E34
2902,Vespa velutina,BE,NA,gbif,4.66,50.81,1.0064770698547365,782,63,105,Cool Temperate,Moist,Forest,Hills,Cool Temperate Moist,2,99,1,Cool Temperate Moist Forest on Hills,#026301
2903,Vespa velutina,BE,NA,gbif,4.5,51.09,1.0294468879699707,777,5,120,Cool Temperate,Moist,Settlement,Plains,Cool Temperate Moist,78,119,2,Cool Temperate Moist Settlement on Plains,#4E7702
2904,Vespa velutina,BE,NA,gbif,4,50.84,1.040187454223633,782,24,116,Cool Temperate,Moist,Cropland,Plains,Cool Temperate Moist,29,153,10,Cool Temperate Moist Cropland on Plains,#1D990A
2905,Vespa velutina,ES,NA,gbif,-5.59,42.61,1.183608341217041,565,852,191,Warm Temperate,Dry,Settlement,Hills,Warm Temperate Dry,173,187,99,Warm Temperate Dry Settlement on Hills,#ADBB63
2906,Vespa velutina,BE,NA,gbif,4.99,51.08,1.0535478591918943,777,16,116,Cool Temperate,Moist,Cropland,Plains,Cool Temperate Moist,29,153,10,Cool Temperate Moist Cropland on Plains,#1D990A
2907,Vespa velutina,NA,"Praia Da Sãozinha, Vila Nova de Gaia, Norte, PT",inat,-8.66,41.07,1.4505515098571775,1231,5,NA,NA,NA,NA,NA,NA,NA,NA,NA,NA,NA
2908,Vespa velutina,NL,NA,gbif,5.8,50.85,1.0079051971435546,754,122,102,Cool Temperate,Moist,Cropland,Tablelands,Cool Temperate Moist,99,97,160,Cool Temperate Moist Cropland on Tablelands,#6361A0
2909,Vespa velutina,BE,NA,gbif,3.7,50.95,1.0391103744506835,795,25,116,Cool Temperate,Moist,Cropland,Plains,Cool Temperate Moist,29,153,10,Cool Temperate Moist Cropland on Plains,#1D990A
2910,Vespa velutina,NA,"Féronstrée et Hors-Château, 4000 Liège, Belgium",inat,5.58,50.65,0.974148941040039,883,104,108,Cool Temperate,Moist,Settlement,Hills,Cool Temperate Moist,67,109,14,Cool Temperate Moist Settlement on Hills,#436D0E
2911,Vespa velutina,NA,"Orly, France",inat,2.43,48.75,1.1437250137329102,632,34,161,Warm Temperate,Moist,Settlement,Plains,Warm Temperate Moist,163,170,28,Warm Temperate Moist Settlement on Plains,#A3AA1C
2912,Vespa velutina,NL,NA,gbif,4.2,51.85,0.984907341003418,832,-3,116,Cool Temperate,Moist,Cropland,Plains,Cool Temperate Moist,29,153,10,Cool Temperate Moist Cropland on Plains,#1D990A
2913,Vespa velutina,NA,"29660 Carantec, France",inat,-3.92,48.67,1.1435464859008788,990,6,161,Warm Temperate,Moist,Settlement,Plains,Warm Temperate Moist,163,170,28,Warm Temperate Moist Settlement on Plains,#A3AA1C
2914,Vespa velutina,BE,NA,gbif,4.1,50.93,1.040187454223633,782,33,116,Cool Temperate,Moist,Cropland,Plains,Cool Temperate Moist,29,153,10,Cool Temperate Moist Cropland on Plains,#1D990A
2915,Vespa velutina,BE,NA,gbif,3.06,50.79,1.0312749862670898,735,17,116,Cool Temperate,Moist,Cropland,Plains,Cool Temperate Moist,29,153,10,Cool Temperate Moist Cropland on Plains,#1D990A
2916,Vespa velutina,BE,NA,gbif,3.71,51.06,1.0652593612670898,792,8,120,Cool Temperate,Moist,Settlement,Plains,Cool Temperate Moist,78,119,2,Cool Temperate Moist Settlement on Plains,#4E7702
2917,Vespa velutina,NA,"4405-646 Vila Nova de Gaia, Portugal",inat,-8.64,41.08,1.4505515098571775,1231,36,169,Warm Temperate,Moist,Settlement,Hills,Warm Temperate Moist,136,158,52,Warm Temperate Moist Settlement on Hills,#889E34
2918,Vespa velutina,NL,NA,gbif,4.55,51.55,1.0070833206176757,804,10,116,Cool Temperate,Moist,Cropland,Plains,Cool Temperate Moist,29,153,10,Cool Temperate Moist Cropland on Plains,#1D990A
2919,Vespa velutina,NA,"Rue Mouffetard, Paris, Île-de-France, FR",inat,2.35,48.84,1.144812488555908,641,46,169,Warm Temperate,Moist,Settlement,Hills,Warm Temperate Moist,136,158,52,Warm Temperate Moist Settlement on Hills,#889E34
2920,Vespa velutina,BE,NA,gbif,5.4,50.98,1.0172677040100098,787,54,111,Cool Temperate,Moist,Forest,Plains,Cool Temperate Moist,1,109,0,Cool Temperate Moist Forest on Plains,#016D00
2921,Vespa velutina,BE,NA,gbif,3.55,50.98,1.0466250419616698,795,8,120,Cool Temperate,Moist,Settlement,Plains,Cool Temperate Moist,78,119,2,Cool Temperate Moist Settlement on Plains,#4E7702
2922,Vespa velutina,NA,"Combatentes, 4200-222 Porto, Portugal",inat,-8.6,41.16,1.4505515098571775,1231,101,172,Warm Temperate,Moist,Settlement,Mountains,Warm Temperate Moist,105,89,18,Warm Temperate Moist Settlement on Mountains,#695912
2923,Vespa velutina,BE,NA,gbif,4.93,50.85,1.0436156272888184,766,54,128,Cool Temperate,Moist,Grassland,Plains,Cool Temperate Moist,22,133,0,Cool Temperate Moist Grassland on Plains,#168500
2924,Vespa velutina,NA,"60 Frankfurt am Main-Innenstadt II, Deutschland",inat,8.65,50.12,1.0215635299682615,620,104,161,Warm Temperate,Moist,Settlement,Plains,Warm Temperate Moist,163,170,28,Warm Temperate Moist Settlement on Plains,#A3AA1C
2925,Vespa velutina,DE,NA,gbif,8.11,49.19,0.9409354209899904,767,167,113,Cool Temperate,Moist,Settlement,Mountains,Cool Temperate Moist,61,67,0,Cool Temperate Moist Settlement on Mountains,#3D4300
2926,Vespa velutina,BE,NA,gbif,4.42,51.28,1.0570364952087403,798,3,120,Cool Temperate,Moist,Settlement,Plains,Cool Temperate Moist,78,119,2,Cool Temperate Moist Settlement on Plains,#4E7702
2927,Vespa velutina,NA,"Arazede, 3140, Portugal",inat,-8.72,40.27,1.5246718406677249,861,56,168,Warm Temperate,Moist,Cropland,Hills,Warm Temperate Moist,112,198,86,Warm Temperate Moist Cropland on Hills,#70C656
2928,Vespa velutina,NA,"Um Bock / Casemates Quai 1, 1917 Luxemburg-Oberstadt Luxemburg, Luxembourg",inat,6.13,49.61,0.9220864295959472,866,296,108,Cool Temperate,Moist,Settlement,Hills,Cool Temperate Moist,67,109,14,Cool Temperate Moist Settlement on Hills,#436D0E
2929,Vespa velutina,NL,NA,gbif,3.95,51.2,1.0390030860900878,773,3,116,Cool Temperate,Moist,Cropland,Plains,Cool Temperate Moist,29,153,10,Cool Temperate Moist Cropland on Plains,#1D990A
2930,Vespa velutina,NA,"Adriana, 08206 Sabadell, Barcelona, España",inat,2.09,41.56,1.4473604202270507,676,204,172,Warm Temperate,Moist,Settlement,Mountains,Warm Temperate Moist,105,89,18,Warm Temperate Moist Settlement on Mountains,#695912
2931,Vespa velutina,BE,NA,gbif,4.06,51.11,1.0435916900634763,789,8,116,Cool Temperate,Moist,Cropland,Plains,Cool Temperate Moist,29,153,10,Cool Temperate Moist Cropland on Plains,#1D990A
2932,Vespa velutina,NL,NA,gbif,5.1,51.35,0.9912364959716796,790,34,111,Cool Temperate,Moist,Forest,Plains,Cool Temperate Moist,1,109,0,Cool Temperate Moist Forest on Plains,#016D00
2933,Vespa velutina,BE,NA,gbif,4.15,50.94,1.040187454223633,782,51,116,Cool Temperate,Moist,Cropland,Plains,Cool Temperate Moist,29,153,10,Cool Temperate Moist Cropland on Plains,#1D990A
2934,Vespa velutina,BE,NA,gbif,4.57,51.14,1.0294468879699707,777,6,120,Cool Temperate,Moist,Settlement,Plains,Cool Temperate Moist,78,119,2,Cool Temperate Moist Settlement on Plains,#4E7702
2935,Vespa velutina,NA,"Le Jardin des Personnalités, Honfleur, Normandie, FR",inat,0.23,49.43,1.1164894104003906,730,9,NA,NA,NA,NA,NA,NA,NA,NA,NA,NA,NA
2936,Vespa velutina,NA,"41200 Romorantin-Lanthenay, France",inat,1.76,47.35,1.1346593856811524,675,95,161,Warm Temperate,Moist,Settlement,Plains,Warm Temperate Moist,163,170,28,Warm Temperate Moist Settlement on Plains,#A3AA1C
2937,Vespa velutina,BE,NA,gbif,4.71,50.79,0.9946885108947754,774,83,101,Cool Temperate,Moist,Forest,Tablelands,Cool Temperate Moist,71,89,181,Cool Temperate Moist Forest on Tablelands,#4759B5
2938,Vespa velutina,BE,NA,gbif,4.55,51.13,1.0294468879699707,777,5,128,Cool Temperate,Moist,Grassland,Plains,Cool Temperate Moist,22,133,0,Cool Temperate Moist Grassland on Plains,#168500
2939,Vespa velutina,NA,"25594 Surp, Lérida, España",inat,1.13,42.45,0.7613114833831787,1026,1150,107,Cool Temperate,Moist,Grassland,Mountains,Cool Temperate Moist,26,83,0,Cool Temperate Moist Grassland on Mountains,#1A5300
2940,Vespa velutina,BE,NA,gbif,3.58,51.17,1.034306240081787,799,6,120,Cool Temperate,Moist,Settlement,Plains,Cool Temperate Moist,78,119,2,Cool Temperate Moist Settlement on Plains,#4E7702
2941,Vespa velutina,NA,"68128 Rosenau, France",inat,7.55,47.62,1.0200145721435547,805,237,116,Cool Temperate,Moist,Cropland,Plains,Cool Temperate Moist,29,153,10,Cool Temperate Moist Cropland on Plains,#1D990A
2942,Vespa velutina,BE,NA,gbif,3.74,51.01,1.0652593612670898,792,9,160,Warm Temperate,Moist,Cropland,Plains,Warm Temperate Moist,105,207,54,Warm Temperate Moist Cropland on Plains,#69CF36
2943,Vespa velutina,NA,"C.Carbajal(Urb.Los Acebos), 24196 Carbajal de la Legua, León, España",inat,-5.6,42.64,1.183608341217041,565,888,192,Warm Temperate,Dry,Grassland,Hills,Warm Temperate Dry,133,198,95,Warm Temperate Dry Grassland on Hills,#85C65F
2944,Vespa velutina,BE,NA,gbif,4.54,50.88,1.0223458290100098,773,68,108,Cool Temperate,Moist,Settlement,Hills,Cool Temperate Moist,67,109,14,Cool Temperate Moist Settlement on Hills,#436D0E
2945,Vespa velutina,BE,NA,gbif,4.64,50.83,1.0064770698547365,782,47,NA,NA,NA,NA,NA,NA,NA,NA,NA,NA,NA
2946,Vespa velutina,BE,NA,gbif,5.55,50.86,0.9943770408630372,774,90,116,Cool Temperate,Moist,Cropland,Plains,Cool Temperate Moist,29,153,10,Cool Temperate Moist Cropland on Plains,#1D990A
2947,Vespa velutina,BE,NA,gbif,4.46,50.98,1.0497979164123534,783,8,120,Cool Temperate,Moist,Settlement,Plains,Cool Temperate Moist,78,119,2,Cool Temperate Moist Settlement on Plains,#4E7702
2948,Vespa velutina,NA,"Gabriel de Marie Quai 2, 1267 Cents Luxemburg, Luxembourg",inat,6.17,49.62,0.9219437599182128,824,333,129,Cool Temperate,Moist,Settlement,Tablelands,Cool Temperate Moist,47,63,130,Cool Temperate Moist Settlement on Tablelands,#2F3F82
2949,Vespa velutina,BE,NA,gbif,2.94,51.23,1.010472011566162,727,4,161,Warm Temperate,Moist,Settlement,Plains,Warm Temperate Moist,163,170,28,Warm Temperate Moist Settlement on Plains,#A3AA1C
2950,Vespa velutina,NA,"Fechenheim, 60 Frankfurt-Ost, Deutschland",inat,8.77,50.12,1.014552116394043,674,97,120,Cool Temperate,Moist,Settlement,Plains,Cool Temperate Moist,78,119,2,Cool Temperate Moist Settlement on Plains,#4E7702
2951,Vespa velutina,BE,NA,gbif,4.45,51.11,1.039146900177002,785,17,120,Cool Temperate,Moist,Settlement,Plains,Cool Temperate Moist,78,119,2,Cool Temperate Moist Settlement on Plains,#4E7702
2952,Vespa velutina,FR,NA,gbif,5.13,45.65,1.105828094482422,930,215,168,Warm Temperate,Moist,Cropland,Hills,Warm Temperate Moist,112,198,86,Warm Temperate Moist Cropland on Hills,#70C656
2953,Vespa velutina,BE,NA,gbif,3.75,51.04,1.0652593612670898,792,9,161,Warm Temperate,Moist,Settlement,Plains,Warm Temperate Moist,163,170,28,Warm Temperate Moist Settlement on Plains,#A3AA1C
2954,Vespa velutina,BE,NA,gbif,4.46,51.02,1.039146900177002,785,6,111,Cool Temperate,Moist,Forest,Plains,Cool Temperate Moist,1,109,0,Cool Temperate Moist Forest on Plains,#016D00
2955,Vespa velutina,BE,NA,gbif,3.21,51.22,1.029801559448242,783,4,161,Warm Temperate,Moist,Settlement,Plains,Warm Temperate Moist,163,170,28,Warm Temperate Moist Settlement on Plains,#A3AA1C
2956,Vespa velutina,BE,NA,gbif,5.6,51.01,0.9810802459716796,756,79,111,Cool Temperate,Moist,Forest,Plains,Cool Temperate Moist,1,109,0,Cool Temperate Moist Forest on Plains,#016D00
2957,Vespa velutina,NA,"Rua dos Remolares, Lisboa, Lisboa, PT",inat,-9.14,38.71,1.6865142822265624,703,27,169,Warm Temperate,Moist,Settlement,Hills,Warm Temperate Moist,136,158,52,Warm Temperate Moist Settlement on Hills,#889E34
2958,Vespa velutina,BE,NA,gbif,3.33,50.74,1.0392760276794433,754,27,120,Cool Temperate,Moist,Settlement,Plains,Cool Temperate Moist,78,119,2,Cool Temperate Moist Settlement on Plains,#4E7702
2959,Vespa velutina,BE,NA,gbif,3.51,50.96,1.0466250419616698,795,7,120,Cool Temperate,Moist,Settlement,Plains,Cool Temperate Moist,78,119,2,Cool Temperate Moist Settlement on Plains,#4E7702
2960,Vespa velutina,NA,"Archanda, 48015, Vizcaya, España",inat,-2.92,43.27,1.3535219192504884,1158,75,171,Warm Temperate,Moist,Grassland,Mountains,Warm Temperate Moist,86,129,14,Warm Temperate Moist Grassland on Mountains,#56810E
2961,Vespa velutina,NL,NA,gbif,3.7,51.4,1.0380054473876954,782,-6,NA,NA,NA,NA,NA,NA,NA,NA,NA,NA,NA
2962,Vespa velutina,NL,NA,gbif,5.85,50.85,0.9916646003723144,781,116,110,Cool Temperate,Moist,Cropland,Hills,Cool Temperate Moist,33,144,30,Cool Temperate Moist Cropland on Hills,#21901E
2963,Vespa velutina,NL,NA,gbif,4.85,51.5,0.9976905822753906,802,12,116,Cool Temperate,Moist,Cropland,Plains,Cool Temperate Moist,29,153,10,Cool Temperate Moist Cropland on Plains,#1D990A
2964,Vespa velutina,NL,NA,gbif,4.65,51.8,0.9967260360717772,816,0,120,Cool Temperate,Moist,Settlement,Plains,Cool Temperate Moist,78,119,2,Cool Temperate Moist Settlement on Plains,#4E7702
2965,Vespa velutina,NA,"17534 Ribes de Freser, Girona, Spain",inat,2.17,42.31,0.9148791313171388,930,1194,107,Cool Temperate,Moist,Grassland,Mountains,Cool Temperate Moist,26,83,0,Cool Temperate Moist Grassland on Mountains,#1A5300
2966,Vespa velutina,FR,NA,gbif,4.77,43.95,1.453181266784668,765,57,168,Warm Temperate,Moist,Cropland,Hills,Warm Temperate Moist,112,198,86,Warm Temperate Moist Cropland on Hills,#70C656
2967,Vespa velutina,NA,"Santiago de Compostela, 15820 Municipality of Santiago de Compostela, A Coruña, Spain",inat,-8.46,42.9,1.2908989906311037,1722,335,178,Warm Temperate,Moist,Cropland,Tablelands,Warm Temperate Moist,61,89,194,Warm Temperate Moist Cropland on Tablelands,#3D59C2
2968,Vespa velutina,NL,NA,gbif,5.85,51.15,1.0099031448364255,731,21,NA,NA,NA,NA,NA,NA,NA,NA,NA,NA,NA
2969,Vespa velutina,BE,NA,gbif,4.41,51.19,1.0570364952087403,798,12,160,Warm Temperate,Moist,Cropland,Plains,Warm Temperate Moist,105,207,54,Warm Temperate Moist Cropland on Plains,#69CF36
2970,Vespa velutina,BE,NA,gbif,4.39,51.13,1.039146900177002,785,17,120,Cool Temperate,Moist,Settlement,Plains,Cool Temperate Moist,78,119,2,Cool Temperate Moist Settlement on Plains,#4E7702
2971,Vespa velutina,NL,NA,gbif,5.4,51.45,0.9980051994323732,773,20,120,Cool Temperate,Moist,Settlement,Plains,Cool Temperate Moist,78,119,2,Cool Temperate Moist Settlement on Plains,#4E7702
2972,Vespa velutina,NL,NA,gbif,6.05,51.85,0.9773374557495116,766,11,116,Cool Temperate,Moist,Cropland,Plains,Cool Temperate Moist,29,153,10,Cool Temperate Moist Cropland on Plains,#1D990A
2973,Vespa velutina,NA,"Grandas de Salime, 33738, Asturias, España",inat,-6.97,43.21,1.158777046203613,1221,530,176,Warm Temperate,Moist,Forest,Mountains,Warm Temperate Moist,49,105,3,Warm Temperate Moist Forest on Mountains,#316903
2974,Vespa velutina,NA,"Santarém, Portugal",inat,-8.68,39.24,1.631465530395508,697,47,168,Warm Temperate,Moist,Cropland,Hills,Warm Temperate Moist,112,198,86,Warm Temperate Moist Cropland on Hills,#70C656
2975,Vespa velutina,NA,"51120 Les Essarts-lès-Sézanne, France",inat,3.6,48.77,0.9919729232788086,645,198,116,Cool Temperate,Moist,Cropland,Plains,Cool Temperate Moist,29,153,10,Cool Temperate Moist Cropland on Plains,#1D990A
2976,Vespa velutina,NA,"Valrico A, 4520, Portugal",inat,-8.56,40.88,1.443885612487793,1143,107,168,Warm Temperate,Moist,Cropland,Hills,Warm Temperate Moist,112,198,86,Warm Temperate Moist Cropland on Hills,#70C656
2977,Vespa velutina,BE,NA,gbif,4.4,51.16,1.039146900177002,785,11,120,Cool Temperate,Moist,Settlement,Plains,Cool Temperate Moist,78,119,2,Cool Temperate Moist Settlement on Plains,#4E7702
2978,Vespa velutina,BE,NA,gbif,5.44,50.77,0.9828853607177734,821,91,116,Cool Temperate,Moist,Cropland,Plains,Cool Temperate Moist,29,153,10,Cool Temperate Moist Cropland on Plains,#1D990A
2979,Vespa velutina,NA,"Naturpark Saar-Hunsrück, Lampaden, Rheinland-Pfalz, DE",inat,6.7,49.66,0.8014615058898926,1016,372,107,Cool Temperate,Moist,Grassland,Mountains,Cool Temperate Moist,26,83,0,Cool Temperate Moist Grassland on Mountains,#1A5300
2980,Vespa velutina,NA,"5344 ST Oss, Nederland",inat,5.51,51.76,0.9760427474975586,755,9,120,Cool Temperate,Moist,Settlement,Plains,Cool Temperate Moist,78,119,2,Cool Temperate Moist Settlement on Plains,#4E7702
2981,Vespa velutina,ES,NA,gbif,-8.22,43.49,1.394555187225342,1072,28,172,Warm Temperate,Moist,Settlement,Mountains,Warm Temperate Moist,105,89,18,Warm Temperate Moist Settlement on Mountains,#695912
2982,Vespa velutina,NA,"Bréau-et-Salagosse, 30120 Bréau-Mars, France",inat,3.57,43.99,1.1718375205993652,783,410,176,Warm Temperate,Moist,Forest,Mountains,Warm Temperate Moist,49,105,3,Warm Temperate Moist Forest on Mountains,#316903
2983,Vespa velutina,NL,NA,gbif,5.1,52.1,0.9803396224975586,797,4,120,Cool Temperate,Moist,Settlement,Plains,Cool Temperate Moist,78,119,2,Cool Temperate Moist Settlement on Plains,#4E7702
2984,Vespa velutina,DE,NA,gbif,6.31,50.57,0.7591552257537841,1093,502,107,Cool Temperate,Moist,Grassland,Mountains,Cool Temperate Moist,26,83,0,Cool Temperate Moist Grassland on Mountains,#1A5300
2985,Vespa velutina,NA,"Prades-le-Lez, France",inat,3.88,43.69,1.4095989227294925,685,96,165,Warm Temperate,Moist,Shrubland,Hills,Warm Temperate Moist,88,172,29,Warm Temperate Moist Shrubland on Hills,#58AC1D
2986,Vespa velutina,BE,NA,gbif,4.38,51.02,1.039146900177002,785,7,116,Cool Temperate,Moist,Cropland,Plains,Cool Temperate Moist,29,153,10,Cool Temperate Moist Cropland on Plains,#1D990A
2987,Vespa velutina,BE,NA,gbif,4.43,50.99,1.0497979164123534,783,10,116,Cool Temperate,Moist,Cropland,Plains,Cool Temperate Moist,29,153,10,Cool Temperate Moist Cropland on Plains,#1D990A
2988,Vespa velutina,NA,"Chemin de vers-la-ville, Annot, Alpes-de-Haute-Provence",inat,6.67,43.97,0.998715591430664,897,890,176,Warm Temperate,Moist,Forest,Mountains,Warm Temperate Moist,49,105,3,Warm Temperate Moist Forest on Mountains,#316903
2989,Vespa velutina,BE,NA,gbif,2.9,50.84,1.0072551727294925,735,24,NA,NA,NA,NA,NA,NA,NA,NA,NA,NA,NA
2990,Vespa velutina,NA,"Landschaftsschutzgebiet Hessische Rheinuferlandschaft, Ginsheim-Gustavsburg, Hessen, DE",inat,8.32,49.97,1.0134291648864746,587,97,NA,NA,NA,NA,NA,NA,NA,NA,NA,NA,NA
2991,Vespa velutina,BE,NA,gbif,4.07,50.88,1.040187454223633,782,17,160,Warm Temperate,Moist,Cropland,Plains,Warm Temperate Moist,105,207,54,Warm Temperate Moist Cropland on Plains,#69CF36
2992,Vespa velutina,NA,"4560 Luzim, Portugal",inat,-8.24,41.16,1.3851500511169434,1326,333,173,Warm Temperate,Moist,Cropland,Mountains,Warm Temperate Moist,100,150,37,Warm Temperate Moist Cropland on Mountains,#649625
2993,Vespa velutina,NA,"Avenue du Général Leclerc, Paris, Île-de-France, FR",inat,2.33,48.83,1.1138312339782714,643,59,169,Warm Temperate,Moist,Settlement,Hills,Warm Temperate Moist,136,158,52,Warm Temperate Moist Settlement on Hills,#889E34
2994,Vespa velutina,BE,NA,gbif,3.83,50.89,1.0391103744506835,795,63,120,Cool Temperate,Moist,Settlement,Plains,Cool Temperate Moist,78,119,2,Cool Temperate Moist Settlement on Plains,#4E7702
2995,Vespa velutina,BE,NA,gbif,4.44,51.15,1.039146900177002,785,16,120,Cool Temperate,Moist,Settlement,Plains,Cool Temperate Moist,78,119,2,Cool Temperate Moist Settlement on Plains,#4E7702
2996,Vespa velutina,BE,NA,gbif,3.84,50.87,1.0294885635375977,792,72,116,Cool Temperate,Moist,Cropland,Plains,Cool Temperate Moist,29,153,10,Cool Temperate Moist Cropland on Plains,#1D990A
2997,Vespa velutina,BE,NA,gbif,4.44,51.2,1.0570364952087403,798,11,161,Warm Temperate,Moist,Settlement,Plains,Warm Temperate Moist,163,170,28,Warm Temperate Moist Settlement on Plains,#A3AA1C
2998,Vespa velutina,BE,NA,gbif,3.69,50.96,1.0391103744506835,795,20,160,Warm Temperate,Moist,Cropland,Plains,Warm Temperate Moist,105,207,54,Warm Temperate Moist Cropland on Plains,#69CF36
2999,Vespa velutina,NA,"N 226-2, Tabuaço, Norte, PT",inat,-7.58,41.12,1.2834135055541993,1264,607,173,Warm Temperate,Moist,Cropland,Mountains,Warm Temperate Moist,100,150,37,Warm Temperate Moist Cropland on Mountains,#649625
3000,Vespa velutina,NL,NA,gbif,3.35,51.3,1.028710460662842,798,-1,128,Cool Temperate,Moist,Grassland,Plains,Cool Temperate Moist,22,133,0,Cool Temperate Moist Grassland on Plains,#168500
3001,Vespa velutina,NA,Cessange Luxembourg,inat,6.1,49.59,0.9220864295959472,866,293,114,Cool Temperate,Moist,Grassland,Hills,Cool Temperate Moist,22,124,10,Cool Temperate Moist Grassland on Hills,#167C0A
3002,Vespa velutina,NL,NA,gbif,6.15,51.4,1.005424976348877,735,21,NA,NA,NA,NA,NA,NA,NA,NA,NA,NA,NA
3003,Vespa velutina,BE,NA,gbif,3.26,51.19,1.029801559448242,783,5,128,Cool Temperate,Moist,Grassland,Plains,Cool Temperate Moist,22,133,0,Cool Temperate Moist Grassland on Plains,#168500
3004,Vespa velutina,BE,NA,gbif,3.01,50.93,1.016388511657715,761,30,120,Cool Temperate,Moist,Settlement,Plains,Cool Temperate Moist,78,119,2,Cool Temperate Moist Settlement on Plains,#4E7702
3005,Vespa velutina,BE,NA,gbif,3.8,51,1.0391103744506835,795,12,120,Cool Temperate,Moist,Settlement,Plains,Cool Temperate Moist,78,119,2,Cool Temperate Moist Settlement on Plains,#4E7702
3006,Vespa velutina,NA,"21850 Saint-Apollinaire, France",inat,5.1,47.32,1.0628146171569823,767,231,168,Warm Temperate,Moist,Cropland,Hills,Warm Temperate Moist,112,198,86,Warm Temperate Moist Cropland on Hills,#70C656
3007,Vespa velutina,BE,NA,gbif,4.04,50.98,1.040187454223633,782,6,160,Warm Temperate,Moist,Cropland,Plains,Warm Temperate Moist,105,207,54,Warm Temperate Moist Cropland on Plains,#69CF36
3008,Vespa velutina,NA,"Mamer, Mersch, Distrikt Luxemburg, LU",inat,6.1,49.74,0.9069146156311036,834,238,114,Cool Temperate,Moist,Grassland,Hills,Cool Temperate Moist,22,124,10,Cool Temperate Moist Grassland on Hills,#167C0A
3009,Vespa velutina,NA,"Herrngarten, Schloßgartenstraße, 64289 Darmstadt, Deutschland",inat,8.65,49.88,1.020603084564209,638,146,108,Cool Temperate,Moist,Settlement,Hills,Cool Temperate Moist,67,109,14,Cool Temperate Moist Settlement on Hills,#436D0E
3010,Vespa velutina,NA,"76 Karlsruhe-Innenstadt-West, Deutschland",inat,8.39,49.01,1.0572250366210938,765,121,161,Warm Temperate,Moist,Settlement,Plains,Warm Temperate Moist,163,170,28,Warm Temperate Moist Settlement on Plains,#A3AA1C
3011,Vespa velutina,NA,"34200 Sète, France",inat,3.7,43.41,1.5024091720581054,611,6,162,Warm Temperate,Moist,Sparsely or Non vegetated,Plains,Warm Temperate Moist,141,205,53,Warm Temperate Moist Sparsely or Non vegetated on Plains,#8DCD35
3012,Vespa velutina,NA,"Groesbeek, Nederland",inat,5.92,51.79,0.9752073287963868,758,79,109,Cool Temperate,Moist,Grassland,Tablelands,Cool Temperate Moist,78,92,155,Cool Temperate Moist Grassland on Tablelands,#4E5C9B
3013,Vespa velutina,BE,NA,gbif,3.45,51.05,1.0276729583740234,812,13,116,Cool Temperate,Moist,Cropland,Plains,Cool Temperate Moist,29,153,10,Cool Temperate Moist Cropland on Plains,#1D990A
3014,Vespa velutina,BE,NA,gbif,4.32,50.84,1.029301071166992,790,34,169,Warm Temperate,Moist,Settlement,Hills,Warm Temperate Moist,136,158,52,Warm Temperate Moist Settlement on Hills,#889E34
3015,Vespa velutina,NL,NA,gbif,4.6,52.35,0.9709492683410644,828,7,128,Cool Temperate,Moist,Grassland,Plains,Cool Temperate Moist,22,133,0,Cool Temperate Moist Grassland on Plains,#168500
3016,Vespa velutina,BE,NA,gbif,5.59,51.17,0.9874073028564452,732,37,120,Cool Temperate,Moist,Settlement,Plains,Cool Temperate Moist,78,119,2,Cool Temperate Moist Settlement on Plains,#4E7702
3017,Vespa velutina,NA,"1131 Tolochenaz, Switzerland",inat,6.48,46.5,1.0434999465942385,1078,398,113,Cool Temperate,Moist,Settlement,Mountains,Cool Temperate Moist,61,67,0,Cool Temperate Moist Settlement on Mountains,#3D4300
3018,Vespa velutina,NL,NA,gbif,5.65,51.45,0.9889156341552734,757,20,128,Cool Temperate,Moist,Grassland,Plains,Cool Temperate Moist,22,133,0,Cool Temperate Moist Grassland on Plains,#168500
3019,Vespa velutina,NA,"4580 Gondalães, Portugal",inat,-8.33,41.23,1.3848312377929688,1346,219,173,Warm Temperate,Moist,Cropland,Mountains,Warm Temperate Moist,100,150,37,Warm Temperate Moist Cropland on Mountains,#649625
3020,Vespa velutina,BE,NA,gbif,3.25,51.32,1.029801559448242,783,2,116,Cool Temperate,Moist,Cropland,Plains,Cool Temperate Moist,29,153,10,Cool Temperate Moist Cropland on Plains,#1D990A
3021,Vespa velutina,NA,"Frankfurt (Main) Schule Am Hang, 60388 Frankfurt am Main, Deutschland",inat,8.75,50.15,1.014552116394043,674,140,108,Cool Temperate,Moist,Settlement,Hills,Cool Temperate Moist,67,109,14,Cool Temperate Moist Settlement on Hills,#436D0E
3022,Vespa velutina,DE,NA,gbif,8.39,49.01,1.0572250366210938,765,121,161,Warm Temperate,Moist,Settlement,Plains,Warm Temperate Moist,163,170,28,Warm Temperate Moist Settlement on Plains,#A3AA1C
3023,Vespa velutina,BE,NA,gbif,4.65,50.93,1.0223458290100098,773,13,116,Cool Temperate,Moist,Cropland,Plains,Cool Temperate Moist,29,153,10,Cool Temperate Moist Cropland on Plains,#1D990A
3024,Vespa velutina,BE,NA,gbif,4.3,51.08,1.0402281761169434,786,2,116,Cool Temperate,Moist,Cropland,Plains,Cool Temperate Moist,29,153,10,Cool Temperate Moist Cropland on Plains,#1D990A
3025,Vespa velutina,NA,"45138 Essen-Stadtbezirke I, Deutschland",inat,7.04,51.45,0.9963427543640136,967,96,129,Cool Temperate,Moist,Settlement,Tablelands,Cool Temperate Moist,47,63,130,Cool Temperate Moist Settlement on Tablelands,#2F3F82
3026,Vespa velutina,BE,NA,gbif,4.82,50.92,1.0381396293640135,765,42,110,Cool Temperate,Moist,Cropland,Hills,Cool Temperate Moist,33,144,30,Cool Temperate Moist Cropland on Hills,#21901E
3027,Vespa velutina,NA,"Campo Grande, Lisboa, Portugal",inat,-9.15,38.75,1.6865142822265624,703,104,169,Warm Temperate,Moist,Settlement,Hills,Warm Temperate Moist,136,158,52,Warm Temperate Moist Settlement on Hills,#889E34
3028,Vespa velutina,BE,NA,gbif,4.6,51.39,1.0171833038330078,811,17,120,Cool Temperate,Moist,Settlement,Plains,Cool Temperate Moist,78,119,2,Cool Temperate Moist Settlement on Plains,#4E7702
3029,Vespa velutina,BE,NA,gbif,3.69,50.96,1.0391103744506835,795,20,160,Warm Temperate,Moist,Cropland,Plains,Warm Temperate Moist,105,207,54,Warm Temperate Moist Cropland on Plains,#69CF36
3030,Vespa velutina,BE,NA,gbif,4.3,50.96,1.029301071166992,790,36,116,Cool Temperate,Moist,Cropland,Plains,Cool Temperate Moist,29,153,10,Cool Temperate Moist Cropland on Plains,#1D990A
3031,Vespa velutina,BE,NA,gbif,4.59,51.01,1.0294468879699707,777,7,111,Cool Temperate,Moist,Forest,Plains,Cool Temperate Moist,1,109,0,Cool Temperate Moist Forest on Plains,#016D00
3032,Vespa velutina,BE,NA,gbif,5.04,51.03,1.056958293914795,792,29,161,Warm Temperate,Moist,Settlement,Plains,Warm Temperate Moist,163,170,28,Warm Temperate Moist Settlement on Plains,#A3AA1C
3033,Vespa velutina,NA,"Groesbeek, Nederland",inat,5.92,51.79,0.9752073287963868,758,79,109,Cool Temperate,Moist,Grassland,Tablelands,Cool Temperate Moist,78,92,155,Cool Temperate Moist Grassland on Tablelands,#4E5C9B
3034,Vespa velutina,DE,NA,gbif,8.17,49.47,1.0166802406311035,624,178,103,Cool Temperate,Moist,Cropland,Mountains,Cool Temperate Moist,33,102,5,Cool Temperate Moist Cropland on Mountains,#216605
3035,Vespa velutina,NA,"Rue Matthias Ringmann, Illkirch-Graffenstaden, Grand Est, FR",inat,7.74,48.52,1.061342716217041,735,142,161,Warm Temperate,Moist,Settlement,Plains,Warm Temperate Moist,163,170,28,Warm Temperate Moist Settlement on Plains,#A3AA1C
3036,Vespa velutina,NA,"Collège des Aiguerelles, 34000 Montpellier, France",inat,3.89,43.6,1.481810665130615,645,17,169,Warm Temperate,Moist,Settlement,Hills,Warm Temperate Moist,136,158,52,Warm Temperate Moist Settlement on Hills,#889E34
3037,Vespa velutina,NA,"Roßdorf, 64380 Roßdorf, Deutschland",inat,8.76,49.86,0.97123441696167,753,208,108,Cool Temperate,Moist,Settlement,Hills,Cool Temperate Moist,67,109,14,Cool Temperate Moist Settlement on Hills,#436D0E
3038,Vespa velutina,BE,NA,gbif,3.33,50.89,1.0385656356811523,780,13,120,Cool Temperate,Moist,Settlement,Plains,Cool Temperate Moist,78,119,2,Cool Temperate Moist Settlement on Plains,#4E7702
3039,Vespa velutina,BE,NA,gbif,3.23,50.83,1.0392760276794433,754,16,161,Warm Temperate,Moist,Settlement,Plains,Warm Temperate Moist,163,170,28,Warm Temperate Moist Settlement on Plains,#A3AA1C
3040,Vespa velutina,NA,"Rue de Sanem, Zolwer, Distrikt Lëtzebuerg, LU",inat,5.94,49.53,0.9034072875976562,936,316,108,Cool Temperate,Moist,Settlement,Hills,Cool Temperate Moist,67,109,14,Cool Temperate Moist Settlement on Hills,#436D0E
3041,Vespa velutina,NA,"Route des Usines, Mazamet, Occitanie, FR",inat,2.37,43.48,1.088557243347168,883,411,176,Warm Temperate,Moist,Forest,Mountains,Warm Temperate Moist,49,105,3,Warm Temperate Moist Forest on Mountains,#316903
3042,Vespa velutina,NA,"Grand-rue, Redange, District Diekirch, LU",inat,5.89,49.76,0.8880406379699707,893,287,105,Cool Temperate,Moist,Forest,Hills,Cool Temperate Moist,2,99,1,Cool Temperate Moist Forest on Hills,#026301
3043,Vespa velutina,NA,"Cais do Cavaco, Vila Nova de Gaia, Norte, PT",inat,-8.63,41.14,1.4505515098571775,1231,88,169,Warm Temperate,Moist,Settlement,Hills,Warm Temperate Moist,136,158,52,Warm Temperate Moist Settlement on Hills,#889E34
3044,Vespa velutina,BE,NA,gbif,3.26,50.83,1.0392760276794433,754,19,161,Warm Temperate,Moist,Settlement,Plains,Warm Temperate Moist,163,170,28,Warm Temperate Moist Settlement on Plains,#A3AA1C
3045,Vespa velutina,NA,"Oviedo, Asturias, España",inat,-5.86,43.36,1.2818219184875488,984,258,172,Warm Temperate,Moist,Settlement,Mountains,Warm Temperate Moist,105,89,18,Warm Temperate Moist Settlement on Mountains,#695912
3046,Vespa velutina,NL,NA,gbif,3.85,51.2,1.0390030860900878,773,5,116,Cool Temperate,Moist,Cropland,Plains,Cool Temperate Moist,29,153,10,Cool Temperate Moist Cropland on Plains,#1D990A
3047,Vespa velutina,NA,"Érezée, 6997 Érezée, Belgique",inat,5.56,50.29,0.8499551773071289,972,310,113,Cool Temperate,Moist,Settlement,Mountains,Cool Temperate Moist,61,67,0,Cool Temperate Moist Settlement on Mountains,#3D4300
3048,Vespa velutina,NL,NA,gbif,5.7,50.95,1.0079051971435546,754,39,120,Cool Temperate,Moist,Settlement,Plains,Cool Temperate Moist,78,119,2,Cool Temperate Moist Settlement on Plains,#4E7702
3049,Vespa velutina,NL,NA,gbif,4.05,51.85,0.9975513458251952,810,0,NA,NA,NA,NA,NA,NA,NA,NA,NA,NA,NA
3050,Vespa velutina,NA,"84400 Apt, France",inat,5.42,43.88,1.217967700958252,824,324,173,Warm Temperate,Moist,Cropland,Mountains,Warm Temperate Moist,100,150,37,Warm Temperate Moist Cropland on Mountains,#649625
3051,Vespa velutina,BE,NA,gbif,3.26,50.82,1.0392760276794433,754,19,120,Cool Temperate,Moist,Settlement,Plains,Cool Temperate Moist,78,119,2,Cool Temperate Moist Settlement on Plains,#4E7702
3052,Vespa velutina,ES,NA,gbif,-1.64,42.82,1.167131233215332,809,444,173,Warm Temperate,Moist,Cropland,Mountains,Warm Temperate Moist,100,150,37,Warm Temperate Moist Cropland on Mountains,#649625
3053,Vespa velutina,NA,"Brebis, 1170 Watermael-Boitsfort, Belgique",inat,4.4,50.81,1.0074718475341795,805,96,129,Cool Temperate,Moist,Settlement,Tablelands,Cool Temperate Moist,47,63,130,Cool Temperate Moist Settlement on Tablelands,#2F3F82
3054,Vespa velutina,NA,"77723 Gengenbach, Deutschland",inat,8.03,48.4,0.905942726135254,1311,224,107,Cool Temperate,Moist,Grassland,Mountains,Cool Temperate Moist,26,83,0,Cool Temperate Moist Grassland on Mountains,#1A5300
3055,Vespa velutina,NA,"Aucaleuc, France",inat,-2.13,48.46,1.1563447952270507,799,100,178,Warm Temperate,Moist,Cropland,Tablelands,Warm Temperate Moist,61,89,194,Warm Temperate Moist Cropland on Tablelands,#3D59C2
3056,Vespa velutina,BE,NA,gbif,4.5,50.97,1.0223458290100098,773,9,116,Cool Temperate,Moist,Cropland,Plains,Cool Temperate Moist,29,153,10,Cool Temperate Moist Cropland on Plains,#1D990A
3057,Vespa velutina,BE,NA,gbif,4.51,51.11,1.0294468879699707,777,6,128,Cool Temperate,Moist,Grassland,Plains,Cool Temperate Moist,22,133,0,Cool Temperate Moist Grassland on Plains,#168500
3058,Vespa velutina,NL,NA,gbif,4.4,51.8,0.9891593933105468,812,0,116,Cool Temperate,Moist,Cropland,Plains,Cool Temperate Moist,29,153,10,Cool Temperate Moist Cropland on Plains,#1D990A
3059,Vespa velutina,BE,NA,gbif,5.27,50.87,1.0412812232971191,790,45,120,Cool Temperate,Moist,Settlement,Plains,Cool Temperate Moist,78,119,2,Cool Temperate Moist Settlement on Plains,#4E7702
3060,Vespa velutina,NA,"Sesimbra, Portugal",inat,-9.16,38.51,1.6673786163330078,687,27,169,Warm Temperate,Moist,Settlement,Hills,Warm Temperate Moist,136,158,52,Warm Temperate Moist Settlement on Hills,#889E34
3061,Vespa velutina,BE,NA,gbif,4.16,51.15,1.0435916900634763,789,25,120,Cool Temperate,Moist,Settlement,Plains,Cool Temperate Moist,78,119,2,Cool Temperate Moist Settlement on Plains,#4E7702
3062,Vespa velutina,NA,"Rue du Coteau, Termes-d'Armagnac, Occitanie, FR",inat,-0.02,43.68,1.2791083335876463,1241,135,168,Warm Temperate,Moist,Cropland,Hills,Warm Temperate Moist,112,198,86,Warm Temperate Moist Cropland on Hills,#70C656
3063,Vespa velutina,DE,NA,gbif,6.19,50.86,0.9941916465759276,748,170,129,Cool Temperate,Moist,Settlement,Tablelands,Cool Temperate Moist,47,63,130,Cool Temperate Moist Settlement on Tablelands,#2F3F82
3064,Vespa velutina,BE,NA,gbif,5.45,51.02,0.9895999908447266,799,79,120,Cool Temperate,Moist,Settlement,Plains,Cool Temperate Moist,78,119,2,Cool Temperate Moist Settlement on Plains,#4E7702
3065,Vespa velutina,NA,"Parc naturel de la Sarre-Hunsrück, Losheim am See, Sarre, DE",inat,6.73,49.54,0.8014615058898926,1016,458,107,Cool Temperate,Moist,Grassland,Mountains,Cool Temperate Moist,26,83,0,Cool Temperate Moist Grassland on Mountains,#1A5300
3066,Vespa velutina,BE,NA,gbif,4.92,50.8,1.0242583274841308,751,55,116,Cool Temperate,Moist,Cropland,Plains,Cool Temperate Moist,29,153,10,Cool Temperate Moist Cropland on Plains,#1D990A
3067,Vespa velutina,BE,NA,gbif,3.73,51.04,1.0652593612670898,792,9,120,Cool Temperate,Moist,Settlement,Plains,Cool Temperate Moist,78,119,2,Cool Temperate Moist Settlement on Plains,#4E7702
3068,Vespa velutina,NA,"Zeppelinallee, Frankfurt am Main, Hessen, DE",inat,8.65,50.12,1.0215635299682615,620,104,161,Warm Temperate,Moist,Settlement,Plains,Warm Temperate Moist,163,170,28,Warm Temperate Moist Settlement on Plains,#A3AA1C
3069,Vespa velutina,BE,NA,gbif,4.5,51.21,1.0279624938964844,800,6,116,Cool Temperate,Moist,Cropland,Plains,Cool Temperate Moist,29,153,10,Cool Temperate Moist Cropland on Plains,#1D990A
3070,Vespa velutina,NA,"Place de la Vierge, Saint-Sernin-sur-Rance, Occitanie, FR",inat,2.6,43.88,1.131668758392334,761,498,176,Warm Temperate,Moist,Forest,Mountains,Warm Temperate Moist,49,105,3,Warm Temperate Moist Forest on Mountains,#316903
3071,Vespa velutina,BE,NA,gbif,5.09,51.18,1.0263051986694336,792,26,120,Cool Temperate,Moist,Settlement,Plains,Cool Temperate Moist,78,119,2,Cool Temperate Moist Settlement on Plains,#4E7702
3072,Vespa velutina,NA,"St Vincent de Paul, 75010 Paris, France",inat,2.35,48.88,1.144812488555908,641,56,169,Warm Temperate,Moist,Settlement,Hills,Warm Temperate Moist,136,158,52,Warm Temperate Moist Settlement on Hills,#889E34
3073,Vespa velutina,NA,montjuic,inat,2.15,41.37,1.5362238883972168,635,42,172,Warm Temperate,Moist,Settlement,Mountains,Warm Temperate Moist,105,89,18,Warm Temperate Moist Settlement on Mountains,#695912
3074,Vespa velutina,NA,"9353 Bettendorf, Luxemburg",inat,6.23,49.87,0.8926301956176758,842,282,114,Cool Temperate,Moist,Grassland,Hills,Cool Temperate Moist,22,124,10,Cool Temperate Moist Grassland on Hills,#167C0A
3075,Vespa velutina,NA,"Andreas Heusler-Strasse, Basel, BS, CH",inat,7.6,47.55,1.0200145721435547,805,274,172,Warm Temperate,Moist,Settlement,Mountains,Warm Temperate Moist,105,89,18,Warm Temperate Moist Settlement on Mountains,#695912
3076,Vespa velutina,NL,NA,gbif,4.25,51.5,1.0319975852966308,791,0,NA,NA,NA,NA,NA,NA,NA,NA,NA,NA,NA
3077,Vespa velutina,BE,NA,gbif,4.53,50.86,1.0223458290100098,773,78,110,Cool Temperate,Moist,Cropland,Hills,Cool Temperate Moist,33,144,30,Cool Temperate Moist Cropland on Hills,#21901E
3078,Vespa velutina,BE,NA,gbif,4.38,51.1,1.039146900177002,785,10,116,Cool Temperate,Moist,Cropland,Plains,Cool Temperate Moist,29,153,10,Cool Temperate Moist Cropland on Plains,#1D990A
3079,Vespa velutina,NL,NA,gbif,5.7,50.9,1.0079051971435546,754,41,NA,NA,NA,NA,NA,NA,NA,NA,NA,NA,NA
3080,Vespa velutina,NA,"Golfe de Saint-Tropez, Cogolin, FR",inat,6.59,43.27,1.4828852653503417,802,21,NA,NA,NA,NA,NA,NA,NA,NA,NA,NA,NA
3081,Vespa velutina,BE,NA,gbif,4.72,51.19,1.0255916595458985,796,11,120,Cool Temperate,Moist,Settlement,Plains,Cool Temperate Moist,78,119,2,Cool Temperate Moist Settlement on Plains,#4E7702
3082,Vespa velutina,CH,NA,gbif,7.64,47.52,1.0200145721435547,805,363,103,Cool Temperate,Moist,Cropland,Mountains,Cool Temperate Moist,33,102,5,Cool Temperate Moist Cropland on Mountains,#216605
3083,Vespa velutina,BE,NA,gbif,4.64,50.84,1.0223458290100098,773,48,110,Cool Temperate,Moist,Cropland,Hills,Cool Temperate Moist,33,144,30,Cool Temperate Moist Cropland on Hills,#21901E
3084,Vespa velutina,NA,"Calle de Rafael R López, Somiedo, Asturias, ES",inat,-6.26,43.09,0.7829291820526123,1265,1086,103,Cool Temperate,Moist,Cropland,Mountains,Cool Temperate Moist,33,102,5,Cool Temperate Moist Cropland on Mountains,#216605
3085,Vespa velutina,BE,NA,gbif,3.78,51.19,1.0463364601135254,769,5,NA,NA,NA,NA,NA,NA,NA,NA,NA,NA,NA
3086,Vespa velutina,BE,NA,gbif,3.15,51.19,1.0130767822265625,758,14,120,Cool Temperate,Moist,Settlement,Plains,Cool Temperate Moist,78,119,2,Cool Temperate Moist Settlement on Plains,#4E7702
3087,Vespa velutina,NA,"6271 PK Gulpen, Nederland",inat,5.87,50.8,0.9454999923706054,888,173,110,Cool Temperate,Moist,Cropland,Hills,Cool Temperate Moist,33,144,30,Cool Temperate Moist Cropland on Hills,#21901E
3088,Vespa velutina,NA,"Coimbra, Centro, PT",inat,-8.42,40.21,1.5525750160217284,987,74,172,Warm Temperate,Moist,Settlement,Mountains,Warm Temperate Moist,105,89,18,Warm Temperate Moist Settlement on Mountains,#695912
3089,Vespa velutina,NA,"Longchamps, 33000 Bordeaux, France",inat,-0.58,44.85,1.31015625,921,6,161,Warm Temperate,Moist,Settlement,Plains,Warm Temperate Moist,163,170,28,Warm Temperate Moist Settlement on Plains,#A3AA1C
3090,Vespa velutina,BE,NA,gbif,3.79,51.2,1.0463364601135254,769,5,120,Cool Temperate,Moist,Settlement,Plains,Cool Temperate Moist,78,119,2,Cool Temperate Moist Settlement on Plains,#4E7702
3091,Vespa velutina,LU,NA,gbif,6.35,49.5,0.921817684173584,856,187,110,Cool Temperate,Moist,Cropland,Hills,Cool Temperate Moist,33,144,30,Cool Temperate Moist Cropland on Hills,#21901E
3092,Vespa velutina,BE,NA,gbif,3.77,51.06,1.0652593612670898,792,7,120,Cool Temperate,Moist,Settlement,Plains,Cool Temperate Moist,78,119,2,Cool Temperate Moist Settlement on Plains,#4E7702
3093,Vespa velutina,NA,"76 Karlsruhe-Innenstadt-West, Deutschland",inat,8.39,49.01,1.0572250366210938,765,121,161,Warm Temperate,Moist,Settlement,Plains,Warm Temperate Moist,163,170,28,Warm Temperate Moist Settlement on Plains,#A3AA1C
3094,Vespa velutina,NL,NA,gbif,5.4,51.4,0.9980051994323732,773,20,120,Cool Temperate,Moist,Settlement,Plains,Cool Temperate Moist,78,119,2,Cool Temperate Moist Settlement on Plains,#4E7702
3095,Vespa velutina,DE,NA,gbif,8.4,49.45,1.051504135131836,669,96,160,Warm Temperate,Moist,Cropland,Plains,Warm Temperate Moist,105,207,54,Warm Temperate Moist Cropland on Plains,#69CF36
3096,Vespa velutina,NA,"51120 Les Essarts-lès-Sézanne, France",inat,3.6,48.77,0.9919729232788086,645,198,116,Cool Temperate,Moist,Cropland,Plains,Cool Temperate Moist,29,153,10,Cool Temperate Moist Cropland on Plains,#1D990A
3097,Vespa velutina,DE,NA,gbif,7.62,50.31,0.9187614440917968,729,158,97,Cool Temperate,Moist,Forest,Mountains,Cool Temperate Moist,6,64,0,Cool Temperate Moist Forest on Mountains,#064000
3098,Vespa velutina,NA,"Piste cyclable 16, Moestroff, Distrikt Diekirch, LU",inat,6.24,49.87,0.8926301956176758,842,273,110,Cool Temperate,Moist,Cropland,Hills,Cool Temperate Moist,33,144,30,Cool Temperate Moist Cropland on Hills,#21901E
3099,Vespa velutina,BE,NA,gbif,4.46,51.16,1.039146900177002,785,16,120,Cool Temperate,Moist,Settlement,Plains,Cool Temperate Moist,78,119,2,Cool Temperate Moist Settlement on Plains,#4E7702
3100,Vespa velutina,NA,"Rue d'Idalie, Ixelles, Région de Bruxelles-Capitale/Brussels Hoofdstedelijk Gewest, BE",inat,4.37,50.84,1.0497979164123534,783,68,169,Warm Temperate,Moist,Settlement,Hills,Warm Temperate Moist,136,158,52,Warm Temperate Moist Settlement on Hills,#889E34
3101,Vespa velutina,NA,"Menden Post, 53757 Sankt Augustin, Deutschland",inat,7.16,50.79,1.0298375129699706,717,52,120,Cool Temperate,Moist,Settlement,Plains,Cool Temperate Moist,78,119,2,Cool Temperate Moist Settlement on Plains,#4E7702
3102,Vespa velutina,NA,"Antiguo, Donostia, Gipuzkoa, Spain",inat,-2.01,43.32,1.3299004554748537,1333,24,176,Warm Temperate,Moist,Forest,Mountains,Warm Temperate Moist,49,105,3,Warm Temperate Moist Forest on Mountains,#316903
3103,Vespa velutina,NL,NA,gbif,3.55,51.45,1.040852928161621,757,-1,NA,NA,NA,NA,NA,NA,NA,NA,NA,NA,NA
3104,Vespa velutina,NA,"Antwerpen, Vlaanderen, BE",inat,4.45,51.22,1.0570364952087403,798,4,161,Warm Temperate,Moist,Settlement,Plains,Warm Temperate Moist,163,170,28,Warm Temperate Moist Settlement on Plains,#A3AA1C
3105,Vespa velutina,BE,NA,gbif,4.48,51.23,1.0570364952087403,798,4,120,Cool Temperate,Moist,Settlement,Plains,Cool Temperate Moist,78,119,2,Cool Temperate Moist Settlement on Plains,#4E7702
3106,Vespa velutina,BE,NA,gbif,5.04,51.39,0.9912364959716796,790,33,116,Cool Temperate,Moist,Cropland,Plains,Cool Temperate Moist,29,153,10,Cool Temperate Moist Cropland on Plains,#1D990A
3107,Vespa velutina,BE,NA,gbif,4.38,50.93,1.0497979164123534,783,35,120,Cool Temperate,Moist,Settlement,Plains,Cool Temperate Moist,78,119,2,Cool Temperate Moist Settlement on Plains,#4E7702
3108,Vespa velutina,NA,"Rheinhafen Kleinhüningen, Basel, BS, CH",inat,7.59,47.58,1.0200145721435547,805,252,161,Warm Temperate,Moist,Settlement,Plains,Warm Temperate Moist,163,170,28,Warm Temperate Moist Settlement on Plains,#A3AA1C
3109,Vespa velutina,BE,NA,gbif,4.4,51.18,1.0570364952087403,798,12,161,Warm Temperate,Moist,Settlement,Plains,Warm Temperate Moist,163,170,28,Warm Temperate Moist Settlement on Plains,#A3AA1C
3110,Vespa velutina,BE,NA,gbif,4.44,50.94,1.0497979164123534,783,12,161,Warm Temperate,Moist,Settlement,Plains,Warm Temperate Moist,163,170,28,Warm Temperate Moist Settlement on Plains,#A3AA1C
3111,Vespa velutina,NA,"Chartres-de-Bretagne, France",inat,-1.71,48.03,1.154995822906494,738,26,160,Warm Temperate,Moist,Cropland,Plains,Warm Temperate Moist,105,207,54,Warm Temperate Moist Cropland on Plains,#69CF36
3112,Vespa velutina,BE,NA,gbif,5.48,50.85,1.0172677040100098,787,73,116,Cool Temperate,Moist,Cropland,Plains,Cool Temperate Moist,29,153,10,Cool Temperate Moist Cropland on Plains,#1D990A
3113,Vespa velutina,NA,Mieussy,inat,6.52,46.13,0.7339593887329101,1276,798,103,Cool Temperate,Moist,Cropland,Mountains,Cool Temperate Moist,33,102,5,Cool Temperate Moist Cropland on Mountains,#216605
3114,Vespa velutina,NL,NA,gbif,5.65,51.25,0.9874073028564452,732,35,115,Cool Temperate,Moist,Shrubland,Plains,Cool Temperate Moist,26,131,0,Cool Temperate Moist Shrubland on Plains,#1A8300
3115,Vespa velutina,BE,NA,gbif,4.43,51.28,1.0570364952087403,798,3,120,Cool Temperate,Moist,Settlement,Plains,Cool Temperate Moist,78,119,2,Cool Temperate Moist Settlement on Plains,#4E7702
3116,Vespa velutina,NA,"5506 LA Veldhoven, Nederland",inat,5.36,51.41,0.9980051994323732,773,27,116,Cool Temperate,Moist,Cropland,Plains,Cool Temperate Moist,29,153,10,Cool Temperate Moist Cropland on Plains,#1D990A
3117,Vespa velutina,NA,"Rue Calvin, Montpellier, Occitanie, FR",inat,3.85,43.62,1.481810665130615,645,62,169,Warm Temperate,Moist,Settlement,Hills,Warm Temperate Moist,136,158,52,Warm Temperate Moist Settlement on Hills,#889E34
3118,Vespa velutina,NA,"Kayl, Cité Berens, 3673 Tétange Kayl, Luxemburg",inat,6.04,49.48,0.9359707832336426,862,343,108,Cool Temperate,Moist,Settlement,Hills,Cool Temperate Moist,67,109,14,Cool Temperate Moist Settlement on Hills,#436D0E
3119,Vespa velutina,NA,"Plateau Ardennais, Revin, Grand Est, FR",inat,4.65,49.93,0.8758989334106445,903,285,113,Cool Temperate,Moist,Settlement,Mountains,Cool Temperate Moist,61,67,0,Cool Temperate Moist Settlement on Mountains,#3D4300
3120,Vespa velutina,BE,NA,gbif,3.06,50.94,1.016388511657715,761,23,120,Cool Temperate,Moist,Settlement,Plains,Cool Temperate Moist,78,119,2,Cool Temperate Moist Settlement on Plains,#4E7702
3121,Vespa velutina,BE,NA,gbif,4.54,51.14,1.0294468879699707,777,8,116,Cool Temperate,Moist,Cropland,Plains,Cool Temperate Moist,29,153,10,Cool Temperate Moist Cropland on Plains,#1D990A
3122,Vespa velutina,BE,NA,gbif,3.76,50.95,1.0391103744506835,795,28,116,Cool Temperate,Moist,Cropland,Plains,Cool Temperate Moist,29,153,10,Cool Temperate Moist Cropland on Plains,#1D990A
3123,Vespa velutina,NA,"47802 Krefeld, Deutschland",inat,6.58,51.38,1.06216459274292,770,32,116,Cool Temperate,Moist,Cropland,Plains,Cool Temperate Moist,29,153,10,Cool Temperate Moist Cropland on Plains,#1D990A
3124,Vespa velutina,NL,NA,gbif,4.35,51.9,0.997988510131836,863,3,NA,NA,NA,NA,NA,NA,NA,NA,NA,NA,NA
3125,Vespa velutina,BE,NA,gbif,3.72,51.05,1.0652593612670898,792,9,120,Cool Temperate,Moist,Settlement,Plains,Cool Temperate Moist,78,119,2,Cool Temperate Moist Settlement on Plains,#4E7702
3126,Vespa velutina,NA,"Rue de Kreuzerbuch, Hobscheid, Distrikt Luxemburg, LU",inat,5.91,49.69,0.8880406379699707,893,332,114,Cool Temperate,Moist,Grassland,Hills,Cool Temperate Moist,22,124,10,Cool Temperate Moist Grassland on Hills,#167C0A
3127,Vespa velutina,NA,"Chemin des Bois de Lhu, Saint-Didier-d'Aussiat, Auvergne-Rhône-Alpes, FR",inat,5.1,46.33,1.1157530784606933,928,208,159,Warm Temperate,Moist,Grassland,Plains,Warm Temperate Moist,91,184,24,Warm Temperate Moist Grassland on Plains,#5BB818
3128,Vespa velutina,NL,NA,gbif,5.65,51.8,0.9760427474975586,755,7,116,Cool Temperate,Moist,Cropland,Plains,Cool Temperate Moist,29,153,10,Cool Temperate Moist Cropland on Plains,#1D990A
3129,Vespa velutina,NA,"30120 Pommiers, France",inat,3.62,43.94,1.1718375205993652,783,473,176,Warm Temperate,Moist,Forest,Mountains,Warm Temperate Moist,49,105,3,Warm Temperate Moist Forest on Mountains,#316903
3130,Vespa velutina,NL,NA,gbif,5.45,51.6,0.9877718925476074,767,10,116,Cool Temperate,Moist,Cropland,Plains,Cool Temperate Moist,29,153,10,Cool Temperate Moist Cropland on Plains,#1D990A
3131,Vespa velutina,NA,"Gelderland, NL",inat,5.69,51.93,0.9700655937194824,799,6,128,Cool Temperate,Moist,Grassland,Plains,Cool Temperate Moist,22,133,0,Cool Temperate Moist Grassland on Plains,#168500
3132,Vespa velutina,NA,"60 Frankfurt am Main-Innenstadt II, Deutschland",inat,8.65,50.12,1.0215635299682615,620,104,161,Warm Temperate,Moist,Settlement,Plains,Warm Temperate Moist,163,170,28,Warm Temperate Moist Settlement on Plains,#A3AA1C
3133,Vespa velutina,BE,NA,gbif,4.77,50.96,1.0381396293640135,765,21,116,Cool Temperate,Moist,Cropland,Plains,Cool Temperate Moist,29,153,10,Cool Temperate Moist Cropland on Plains,#1D990A
3134,Vespa velutina,BE,NA,gbif,4.29,51.22,1.0467052459716797,796,4,120,Cool Temperate,Moist,Settlement,Plains,Cool Temperate Moist,78,119,2,Cool Temperate Moist Settlement on Plains,#4E7702
3135,Vespa velutina,NL,NA,gbif,5.4,51.45,0.9980051994323732,773,20,120,Cool Temperate,Moist,Settlement,Plains,Cool Temperate Moist,78,119,2,Cool Temperate Moist Settlement on Plains,#4E7702
3136,Vespa velutina,NA,"Nieuweweg, Groesbeek, Nederland",inat,5.92,51.79,0.9752073287963868,758,79,109,Cool Temperate,Moist,Grassland,Tablelands,Cool Temperate Moist,78,92,155,Cool Temperate Moist Grassland on Tablelands,#4E5C9B
3137,Vespa velutina,NL,NA,gbif,4.1,51.3,1.0351354598999023,797,-5,116,Cool Temperate,Moist,Cropland,Plains,Cool Temperate Moist,29,153,10,Cool Temperate Moist Cropland on Plains,#1D990A
3138,Vespa velutina,BE,NA,gbif,4.38,50.84,1.0497979164123534,783,68,169,Warm Temperate,Moist,Settlement,Hills,Warm Temperate Moist,136,158,52,Warm Temperate Moist Settlement on Hills,#889E34
3139,Vespa velutina,NA,"Estrada Nacional Nº 8-2, Km. 14, 2530 Lourinhã, Portugal",inat,-9.3,39.23,1.56060733795166,661,83,168,Warm Temperate,Moist,Cropland,Hills,Warm Temperate Moist,112,198,86,Warm Temperate Moist Cropland on Hills,#70C656
3140,Vespa velutina,BE,NA,gbif,4.35,51.07,1.039146900177002,785,2,120,Cool Temperate,Moist,Settlement,Plains,Cool Temperate Moist,78,119,2,Cool Temperate Moist Settlement on Plains,#4E7702
3141,Vespa velutina,BE,NA,gbif,3.76,51.05,1.0652593612670898,792,7,161,Warm Temperate,Moist,Settlement,Plains,Warm Temperate Moist,163,170,28,Warm Temperate Moist Settlement on Plains,#A3AA1C
3142,Vespa velutina,BE,NA,gbif,5.63,50.9,0.9943770408630372,774,80,120,Cool Temperate,Moist,Settlement,Plains,Cool Temperate Moist,78,119,2,Cool Temperate Moist Settlement on Plains,#4E7702
3143,Vespa velutina,NA,"Diedelsheim Diedelsh. Höhe, 75015 Bretten, Deutschland",inat,8.68,49.04,0.97714996337890625,826,191,108,Cool Temperate,Moist,Settlement,Hills,Cool Temperate Moist,67,109,14,Cool Temperate Moist Settlement on Hills,#436D0E
3144,Vespa velutina,BE,NA,gbif,4.38,51.14,1.039146900177002,785,14,120,Cool Temperate,Moist,Settlement,Plains,Cool Temperate Moist,78,119,2,Cool Temperate Moist Settlement on Plains,#4E7702
3145,Vespa velutina,NA,"Zoo Lyon, Lyon, Auvergne-Rhône-Alpes, FR",inat,4.86,45.78,1.1894624710083008,844,193,161,Warm Temperate,Moist,Settlement,Plains,Warm Temperate Moist,163,170,28,Warm Temperate Moist Settlement on Plains,#A3AA1C
3146,Vespa velutina,BE,NA,gbif,3.32,51.13,1.017953109741211,799,14,120,Cool Temperate,Moist,Settlement,Plains,Cool Temperate Moist,78,119,2,Cool Temperate Moist Settlement on Plains,#4E7702
3147,Vespa velutina,NA,"Otañes, Castro Urdiales, Cantabria, ES",inat,-3.18,43.31,1.2363780975341796,1116,275,176,Warm Temperate,Moist,Forest,Mountains,Warm Temperate Moist,49,105,3,Warm Temperate Moist Forest on Mountains,#316903
3148,Vespa velutina,BE,NA,gbif,4.47,51.08,1.039146900177002,785,6,116,Cool Temperate,Moist,Cropland,Plains,Cool Temperate Moist,29,153,10,Cool Temperate Moist Cropland on Plains,#1D990A
3149,Vespa velutina,BE,NA,gbif,4.61,51.02,1.0294468879699707,777,8,116,Cool Temperate,Moist,Cropland,Plains,Cool Temperate Moist,29,153,10,Cool Temperate Moist Cropland on Plains,#1D990A
3150,Vespa velutina,NA,"34980 Murles, France",inat,3.77,43.71,1.3534667015075683,694,220,180,Warm Temperate,Moist,Forest,Tablelands,Warm Temperate Moist,69,72,136,Warm Temperate Moist Forest on Tablelands,#454888
3151,Vespa velutina,NA,"40150 Soorts-Hossegor, Frankrig",inat,-1.43,43.67,1.3781316757202149,1228,8,161,Warm Temperate,Moist,Settlement,Plains,Warm Temperate Moist,163,170,28,Warm Temperate Moist Settlement on Plains,#A3AA1C
3152,Vespa velutina,BE,NA,gbif,5.58,50.94,0.9943770408630372,774,96,111,Cool Temperate,Moist,Forest,Plains,Cool Temperate Moist,1,109,0,Cool Temperate Moist Forest on Plains,#016D00
3153,Vespa velutina,BE,NA,gbif,4.37,50.84,1.0497979164123534,783,68,169,Warm Temperate,Moist,Settlement,Hills,Warm Temperate Moist,136,158,52,Warm Temperate Moist Settlement on Hills,#889E34
3154,Vespa velutina,NA,"Bad Dürkheim, Krankenhaus, 67098 Bad Dürkheim, Deutschland",inat,8.17,49.47,1.0166802406311035,624,178,103,Cool Temperate,Moist,Cropland,Mountains,Cool Temperate Moist,33,102,5,Cool Temperate Moist Cropland on Mountains,#216605
3155,Vespa velutina,BE,NA,gbif,4.23,51.22,1.0467052459716797,796,2,116,Cool Temperate,Moist,Cropland,Plains,Cool Temperate Moist,29,153,10,Cool Temperate Moist Cropland on Plains,#1D990A
3156,Vespa velutina,NA,"34160 Beaulieu, France",inat,4.03,43.73,1.4489864349365231,699,68,168,Warm Temperate,Moist,Cropland,Hills,Warm Temperate Moist,112,198,86,Warm Temperate Moist Cropland on Hills,#70C656
3157,Vespa velutina,BE,NA,gbif,3.22,50.92,1.0385656356811523,780,16,120,Cool Temperate,Moist,Settlement,Plains,Cool Temperate Moist,78,119,2,Cool Temperate Moist Settlement on Plains,#4E7702
3158,Vespa velutina,BE,NA,gbif,3.92,51.04,1.0463322639465331,779,3,161,Warm Temperate,Moist,Settlement,Plains,Warm Temperate Moist,163,170,28,Warm Temperate Moist Settlement on Plains,#A3AA1C
3159,Vespa velutina,NA,"Anzegem, 8570 Anzegem, Belgique",inat,3.49,50.83,1.0314833641052246,767,35,120,Cool Temperate,Moist,Settlement,Plains,Cool Temperate Moist,78,119,2,Cool Temperate Moist Settlement on Plains,#4E7702
3160,Vespa velutina,NA,"Veyrières, 81000 Albi, France",inat,2.14,43.91,1.2989093780517578,715,189,169,Warm Temperate,Moist,Settlement,Hills,Warm Temperate Moist,136,158,52,Warm Temperate Moist Settlement on Hills,#889E34
3161,Vespa velutina,NA,"83740 La Cadière-d'Azur, France",inat,5.74,43.22,1.3581218719482422,715,197,173,Warm Temperate,Moist,Cropland,Mountains,Warm Temperate Moist,100,150,37,Warm Temperate Moist Cropland on Mountains,#649625
3162,Vespa velutina,BE,NA,gbif,5.49,50.75,0.9828853607177734,821,115,110,Cool Temperate,Moist,Cropland,Hills,Cool Temperate Moist,33,144,30,Cool Temperate Moist Cropland on Hills,#21901E
3163,Vespa velutina,NA,"Lisboa, PT",inat,-9.25,38.89,1.5595458030700684,737,265,173,Warm Temperate,Moist,Cropland,Mountains,Warm Temperate Moist,100,150,37,Warm Temperate Moist Cropland on Mountains,#649625
3164,Vespa velutina,NL,NA,gbif,5.4,51.3,0.9916239738464356,777,32,116,Cool Temperate,Moist,Cropland,Plains,Cool Temperate Moist,29,153,10,Cool Temperate Moist Cropland on Plains,#1D990A
3165,Vespa velutina,BE,NA,gbif,4.32,50.86,1.029301071166992,790,41,169,Warm Temperate,Moist,Settlement,Hills,Warm Temperate Moist,136,158,52,Warm Temperate Moist Settlement on Hills,#889E34
3166,Vespa velutina,NA,"Manéhic, 56850 Caudan, France",inat,-3.32,47.79,1.2059082984924316,923,24,161,Warm Temperate,Moist,Settlement,Plains,Warm Temperate Moist,163,170,28,Warm Temperate Moist Settlement on Plains,#A3AA1C
3167,Vespa velutina,CH,NA,gbif,7.6,47.58,1.0200145721435547,805,254,161,Warm Temperate,Moist,Settlement,Plains,Warm Temperate Moist,163,170,28,Warm Temperate Moist Settlement on Plains,#A3AA1C
3168,Vespa velutina,DE,NA,gbif,6.31,51.03,0.9974427223205566,725,94,116,Cool Temperate,Moist,Cropland,Plains,Cool Temperate Moist,29,153,10,Cool Temperate Moist Cropland on Plains,#1D990A
3169,Vespa velutina,BE,NA,gbif,4.31,51,1.029301071166992,790,10,120,Cool Temperate,Moist,Settlement,Plains,Cool Temperate Moist,78,119,2,Cool Temperate Moist Settlement on Plains,#4E7702
3170,Vespa velutina,FR,NA,gbif,1.51,46.55,1.1468916893005372,788,192,179,Warm Temperate,Moist,Grassland,Tablelands,Warm Temperate Moist,50,73,167,Warm Temperate Moist Grassland on Tablelands,#3249A7
3171,Vespa velutina,BE,NA,gbif,3.78,51.06,1.0652593612670898,792,7,116,Cool Temperate,Moist,Cropland,Plains,Cool Temperate Moist,29,153,10,Cool Temperate Moist Cropland on Plains,#1D990A
3172,Vespa velutina,NA,"Principado de Asturias, ES-AS-AS, ES",inat,-6.16,43.51,1.3009259223937988,1003,341,176,Warm Temperate,Moist,Forest,Mountains,Warm Temperate Moist,49,105,3,Warm Temperate Moist Forest on Mountains,#316903
3173,Vespa velutina,NA,"Goesdorf, Luxemburg",inat,5.98,49.96,0.8336134910583496,929,408,110,Cool Temperate,Moist,Cropland,Hills,Cool Temperate Moist,33,144,30,Cool Temperate Moist Cropland on Hills,#21901E
3174,Vespa velutina,BE,NA,gbif,5.3,50.89,1.0412812232971191,790,39,120,Cool Temperate,Moist,Settlement,Plains,Cool Temperate Moist,78,119,2,Cool Temperate Moist Settlement on Plains,#4E7702
3175,Vespa velutina,NL,NA,gbif,3.6,51.45,1.040852928161621,757,1,NA,NA,NA,NA,NA,NA,NA,NA,NA,NA,NA
3176,Vespa velutina,NL,NA,gbif,4.7,52,0.9664947509765623,818,-1,120,Cool Temperate,Moist,Settlement,Plains,Cool Temperate Moist,78,119,2,Cool Temperate Moist Settlement on Plains,#4E7702
3177,Vespa velutina,BE,NA,gbif,4.8,50.84,1.0381396293640135,765,66,116,Cool Temperate,Moist,Cropland,Plains,Cool Temperate Moist,29,153,10,Cool Temperate Moist Cropland on Plains,#1D990A
3178,Vespa velutina,BE,NA,gbif,4.84,50.83,1.0242583274841308,751,70,116,Cool Temperate,Moist,Cropland,Plains,Cool Temperate Moist,29,153,10,Cool Temperate Moist Cropland on Plains,#1D990A
3179,Vespa velutina,BE,NA,gbif,4.39,51.1,1.039146900177002,785,14,116,Cool Temperate,Moist,Cropland,Plains,Cool Temperate Moist,29,153,10,Cool Temperate Moist Cropland on Plains,#1D990A
3180,Vespa velutina,NL,NA,gbif,4.55,51.5,1.0171833038330078,811,16,111,Cool Temperate,Moist,Forest,Plains,Cool Temperate Moist,1,109,0,Cool Temperate Moist Forest on Plains,#016D00
3181,Vespa velutina,NA,"Main-Taunus-Kreis, DE-HE, DE",inat,8.48,50.07,0.9793051719665528,641,102,108,Cool Temperate,Moist,Settlement,Hills,Cool Temperate Moist,67,109,14,Cool Temperate Moist Settlement on Hills,#436D0E
3182,Vespa velutina,BE,NA,gbif,3.63,51.04,1.041869831085205,812,8,116,Cool Temperate,Moist,Cropland,Plains,Cool Temperate Moist,29,153,10,Cool Temperate Moist Cropland on Plains,#1D990A
3183,Vespa velutina,BE,NA,gbif,3.83,51,1.0391103744506835,795,7,160,Warm Temperate,Moist,Cropland,Plains,Warm Temperate Moist,105,207,54,Warm Temperate Moist Cropland on Plains,#69CF36
3184,Vespa velutina,BE,NA,gbif,3.83,50.89,1.0391103744506835,795,63,120,Cool Temperate,Moist,Settlement,Plains,Cool Temperate Moist,78,119,2,Cool Temperate Moist Settlement on Plains,#4E7702
3185,Vespa velutina,BE,NA,gbif,4.18,51.09,1.0402281761169434,786,4,166,Warm Temperate,Moist,Forest,Plains,Warm Temperate Moist,45,158,6,Warm Temperate Moist Forest on Plains,#2D9E06
3186,Vespa velutina,NL,NA,gbif,3.9,51.65,1.0235614776611328,779,-4,120,Cool Temperate,Moist,Settlement,Plains,Cool Temperate Moist,78,119,2,Cool Temperate Moist Settlement on Plains,#4E7702
3187,Vespa velutina,NA,"4620 Santa Eulália, Portugal",inat,-8.3,41.36,1.373810386657715,1371,263,172,Warm Temperate,Moist,Settlement,Mountains,Warm Temperate Moist,105,89,18,Warm Temperate Moist Settlement on Mountains,#695912
3188,Vespa velutina,NA,"Rue de Molsheim, Strasbourg, Grand Est, FR",inat,7.74,48.58,1.061342716217041,735,141,161,Warm Temperate,Moist,Settlement,Plains,Warm Temperate Moist,163,170,28,Warm Temperate Moist Settlement on Plains,#A3AA1C
3189,Vespa velutina,BE,NA,gbif,5.37,50.93,1.0172677040100098,787,40,116,Cool Temperate,Moist,Cropland,Plains,Cool Temperate Moist,29,153,10,Cool Temperate Moist Cropland on Plains,#1D990A
3190,Vespa velutina,NA,"9650 Esch-sur-Sûre, Luxembourg",inat,5.94,49.91,0.8336134910583496,929,411,105,Cool Temperate,Moist,Forest,Hills,Cool Temperate Moist,2,99,1,Cool Temperate Moist Forest on Hills,#026301
3191,Vespa velutina,NA,"Venlo, Bremweg, 5915 GM Venlo, Nederland",inat,6.19,51.36,1.0059072494506835,734,39,111,Cool Temperate,Moist,Forest,Plains,Cool Temperate Moist,1,109,0,Cool Temperate Moist Forest on Plains,#016D00
3192,Vespa velutina,BE,NA,gbif,4.92,51.22,1.02982816696167,791,20,120,Cool Temperate,Moist,Settlement,Plains,Cool Temperate Moist,78,119,2,Cool Temperate Moist Settlement on Plains,#4E7702
3193,Vespa velutina,NA,"Gard, Languedoc-Roussillon, FR",inat,4.35,43.82,1.48746976852417,744,41,169,Warm Temperate,Moist,Settlement,Hills,Warm Temperate Moist,136,158,52,Warm Temperate Moist Settlement on Hills,#889E34
3194,Vespa velutina,NA,"1600-757 Lisbon, Portugal",inat,-9.18,38.76,1.6334726333618164,722,99,169,Warm Temperate,Moist,Settlement,Hills,Warm Temperate Moist,136,158,52,Warm Temperate Moist Settlement on Hills,#889E34
3195,Vespa velutina,BE,NA,gbif,4.46,51.22,1.0570364952087403,798,4,161,Warm Temperate,Moist,Settlement,Plains,Warm Temperate Moist,163,170,28,Warm Temperate Moist Settlement on Plains,#A3AA1C
3196,Vespa velutina,BE,NA,gbif,5.27,50.95,1.0412812232971191,790,31,120,Cool Temperate,Moist,Settlement,Plains,Cool Temperate Moist,78,119,2,Cool Temperate Moist Settlement on Plains,#4E7702
3197,Vespa velutina,BE,NA,gbif,2.68,50.89,1.004269790649414,711,20,116,Cool Temperate,Moist,Cropland,Plains,Cool Temperate Moist,29,153,10,Cool Temperate Moist Cropland on Plains,#1D990A
3198,Vespa velutina,NA,2359 Cents Luxembourg,inat,6.17,49.62,0.9219437599182128,824,333,129,Cool Temperate,Moist,Settlement,Tablelands,Cool Temperate Moist,47,63,130,Cool Temperate Moist Settlement on Tablelands,#2F3F82
3199,Vespa velutina,NA,"STEINSEL, Zone Industrielle, 7349 Steinsel, Luxemburg",inat,6.13,49.67,0.9069146156311036,834,284,108,Cool Temperate,Moist,Settlement,Hills,Cool Temperate Moist,67,109,14,Cool Temperate Moist Settlement on Hills,#436D0E
3200,Vespa velutina,NA,"79 Teningen, Deutschland",inat,7.84,48.17,0.9593146324157716,1061,370,97,Cool Temperate,Moist,Forest,Mountains,Cool Temperate Moist,6,64,0,Cool Temperate Moist Forest on Mountains,#064000
3201,Vespa velutina,NA,"17310 Lloret de Mar, Girona, Spanien",inat,2.84,41.7,1.432300853729248,703,26,172,Warm Temperate,Moist,Settlement,Mountains,Warm Temperate Moist,105,89,18,Warm Temperate Moist Settlement on Mountains,#695912
3202,Vespa velutina,BE,NA,gbif,5.18,50.81,1.0078781127929688,800,57,120,Cool Temperate,Moist,Settlement,Plains,Cool Temperate Moist,78,119,2,Cool Temperate Moist Settlement on Plains,#4E7702
3203,Vespa velutina,BE,NA,gbif,4.31,51.15,1.0402281761169434,786,4,116,Cool Temperate,Moist,Cropland,Plains,Cool Temperate Moist,29,153,10,Cool Temperate Moist Cropland on Plains,#1D990A
3204,Vespa velutina,BE,NA,gbif,3.72,51.08,1.0652593612670898,792,7,120,Cool Temperate,Moist,Settlement,Plains,Cool Temperate Moist,78,119,2,Cool Temperate Moist Settlement on Plains,#4E7702
3205,Vespa velutina,NA,"Eixample, 08029 Barcelona, Spain",inat,2.15,41.39,1.5362238883972168,635,84,172,Warm Temperate,Moist,Settlement,Mountains,Warm Temperate Moist,105,89,18,Warm Temperate Moist Settlement on Mountains,#695912
3206,Vespa velutina,BE,NA,gbif,4.45,51.07,1.039146900177002,785,4,111,Cool Temperate,Moist,Forest,Plains,Cool Temperate Moist,1,109,0,Cool Temperate Moist Forest on Plains,#016D00
3207,Vespa velutina,BE,NA,gbif,5.34,50.91,1.0172677040100098,787,48,120,Cool Temperate,Moist,Settlement,Plains,Cool Temperate Moist,78,119,2,Cool Temperate Moist Settlement on Plains,#4E7702
3208,Vespa velutina,NA,"Amphithéâtre Capelle, 69100 Villeurbanne, France",inat,4.88,45.78,1.1894624710083008,844,181,161,Warm Temperate,Moist,Settlement,Plains,Warm Temperate Moist,163,170,28,Warm Temperate Moist Settlement on Plains,#A3AA1C
3209,Vespa velutina,BE,NA,gbif,3.69,51.02,1.0652593612670898,792,7,161,Warm Temperate,Moist,Settlement,Plains,Warm Temperate Moist,163,170,28,Warm Temperate Moist Settlement on Plains,#A3AA1C
3210,Vespa velutina,NA,"5427 Greiveldange, Luxemburg",inat,6.38,49.58,0.9278427124023436,827,186,110,Cool Temperate,Moist,Cropland,Hills,Cool Temperate Moist,33,144,30,Cool Temperate Moist Cropland on Hills,#21901E
3211,Vespa velutina,BE,NA,gbif,3.81,51.03,1.0652593612670898,792,5,160,Warm Temperate,Moist,Cropland,Plains,Warm Temperate Moist,105,207,54,Warm Temperate Moist Cropland on Plains,#69CF36
3212,Vespa velutina,BE,NA,gbif,4.99,51.16,1.0535478591918943,777,21,120,Cool Temperate,Moist,Settlement,Plains,Cool Temperate Moist,78,119,2,Cool Temperate Moist Settlement on Plains,#4E7702
3213,Vespa velutina,BE,NA,gbif,4.04,50.98,1.040187454223633,782,6,160,Warm Temperate,Moist,Cropland,Plains,Warm Temperate Moist,105,207,54,Warm Temperate Moist Cropland on Plains,#69CF36
3214,Vespa velutina,NA,Düsseldorf,inat,6.87,51.16,1.057521915435791,811,45,166,Warm Temperate,Moist,Forest,Plains,Warm Temperate Moist,45,158,6,Warm Temperate Moist Forest on Plains,#2D9E06
3215,Vespa velutina,BE,NA,gbif,4.32,50.87,1.029301071166992,790,48,161,Warm Temperate,Moist,Settlement,Plains,Warm Temperate Moist,163,170,28,Warm Temperate Moist Settlement on Plains,#A3AA1C
3216,Vespa velutina,NA,"76307 Karlsbad, Deutschland",inat,8.47,48.89,0.9595218658447264,1036,304,103,Cool Temperate,Moist,Cropland,Mountains,Cool Temperate Moist,33,102,5,Cool Temperate Moist Cropland on Mountains,#216605
3217,Vespa velutina,NA,"Girona, Espanya",inat,2.7,42.2,1.331750011444092,707,182,172,Warm Temperate,Moist,Settlement,Mountains,Warm Temperate Moist,105,89,18,Warm Temperate Moist Settlement on Mountains,#695912
3218,Vespa velutina,NA,"Rue du Vercors, Lyon, Auvergne-Rhône-Alpes, FR",inat,4.83,45.73,1.1392176628112791,829,185,161,Warm Temperate,Moist,Settlement,Plains,Warm Temperate Moist,163,170,28,Warm Temperate Moist Settlement on Plains,#A3AA1C
3219,Vespa velutina,NL,NA,gbif,4.45,52.15,0.971110725402832,849,2,120,Cool Temperate,Moist,Settlement,Plains,Cool Temperate Moist,78,119,2,Cool Temperate Moist Settlement on Plains,#4E7702
3220,Vespa velutina,BE,NA,gbif,3.26,51.16,1.017953109741211,799,5,116,Cool Temperate,Moist,Cropland,Plains,Cool Temperate Moist,29,153,10,Cool Temperate Moist Cropland on Plains,#1D990A
3221,Vespa velutina,NA,"35230 Noyal-Châtillon-sur-Seiche, France",inat,-1.69,48.08,1.154995822906494,738,37,160,Warm Temperate,Moist,Cropland,Plains,Warm Temperate Moist,105,207,54,Warm Temperate Moist Cropland on Plains,#69CF36
3222,Vespa velutina,NL,NA,gbif,3.55,51.45,1.040852928161621,757,-1,NA,NA,NA,NA,NA,NA,NA,NA,NA,NA,NA
3223,Vespa velutina,NA,"Pelikaan, Ridderkerk, Zuid-Holland, NL",inat,4.62,51.86,0.9911375045776368,858,-1,120,Cool Temperate,Moist,Settlement,Plains,Cool Temperate Moist,78,119,2,Cool Temperate Moist Settlement on Plains,#4E7702
3224,Vespa velutina,NA,"Saldes, Barcelona, ES",inat,1.76,42.22,0.7016312599182128,1041,1265,97,Cool Temperate,Moist,Forest,Mountains,Cool Temperate Moist,6,64,0,Cool Temperate Moist Forest on Mountains,#064000
3225,Vespa velutina,NL,NA,gbif,6.1,51.35,1.005424976348877,735,25,116,Cool Temperate,Moist,Cropland,Plains,Cool Temperate Moist,29,153,10,Cool Temperate Moist Cropland on Plains,#1D990A
3226,Vespa velutina,NA,"C-150A, Banyoles, Girona, ES",inat,2.76,42.13,1.372297954559326,727,197,NA,NA,NA,NA,NA,NA,NA,NA,NA,NA,NA
3227,Vespa velutina,NA,"Rue des Plantes, Paris, Île-de-France, FR",inat,2.32,48.83,1.1138312339782714,643,64,169,Warm Temperate,Moist,Settlement,Hills,Warm Temperate Moist,136,158,52,Warm Temperate Moist Settlement on Hills,#889E34
3228,Vespa velutina,BE,NA,gbif,4.21,50.93,1.029301071166992,790,42,116,Cool Temperate,Moist,Cropland,Plains,Cool Temperate Moist,29,153,10,Cool Temperate Moist Cropland on Plains,#1D990A
3229,Vespa velutina,BE,NA,gbif,5.38,51.24,0.9916239738464356,777,42,116,Cool Temperate,Moist,Cropland,Plains,Cool Temperate Moist,29,153,10,Cool Temperate Moist Cropland on Plains,#1D990A
3230,Vespa velutina,NL,NA,gbif,5.55,51.4,0.9889156341552734,757,23,111,Cool Temperate,Moist,Forest,Plains,Cool Temperate Moist,1,109,0,Cool Temperate Moist Forest on Plains,#016D00
3231,Vespa velutina,BE,NA,gbif,3.71,51.06,1.0652593612670898,792,8,120,Cool Temperate,Moist,Settlement,Plains,Cool Temperate Moist,78,119,2,Cool Temperate Moist Settlement on Plains,#4E7702
3232,Vespa velutina,BE,NA,gbif,4.39,51.14,1.039146900177002,785,13,120,Cool Temperate,Moist,Settlement,Plains,Cool Temperate Moist,78,119,2,Cool Temperate Moist Settlement on Plains,#4E7702
3233,Vespa velutina,BE,NA,gbif,4.09,50.79,1.018050003051758,787,50,110,Cool Temperate,Moist,Cropland,Hills,Cool Temperate Moist,33,144,30,Cool Temperate Moist Cropland on Hills,#21901E
3234,Vespa velutina,BE,NA,gbif,4.44,50.8,1.0074718475341795,805,108,129,Cool Temperate,Moist,Settlement,Tablelands,Cool Temperate Moist,47,63,130,Cool Temperate Moist Settlement on Tablelands,#2F3F82
3235,Vespa velutina,NA,"Karlsruhe Konzerthaus, 76137 Karlsruhe, Deutschland",inat,8.4,49,0.9595218658447264,1036,121,161,Warm Temperate,Moist,Settlement,Plains,Warm Temperate Moist,163,170,28,Warm Temperate Moist Settlement on Plains,#A3AA1C
3236,Vespa velutina,NL,NA,gbif,3.55,51.35,1.040852928161621,757,-33,116,Cool Temperate,Moist,Cropland,Plains,Cool Temperate Moist,29,153,10,Cool Temperate Moist Cropland on Plains,#1D990A
3237,Vespa velutina,NA,"Lisbon, Portugal",inat,-9.16,38.77,1.6865142822265624,703,111,169,Warm Temperate,Moist,Settlement,Hills,Warm Temperate Moist,136,158,52,Warm Temperate Moist Settlement on Hills,#889E34
3238,Vespa velutina,NL,NA,gbif,5.45,51.45,0.9980051994323732,773,20,120,Cool Temperate,Moist,Settlement,Plains,Cool Temperate Moist,78,119,2,Cool Temperate Moist Settlement on Plains,#4E7702
3239,Vespa velutina,NA,"31680 Ochagavía, Navarra, España",inat,-1.09,42.91,0.9317197799682616,998,879,97,Cool Temperate,Moist,Forest,Mountains,Cool Temperate Moist,6,64,0,Cool Temperate Moist Forest on Mountains,#064000
3240,Vespa velutina,NA,"62179 Wissant, France",inat,1.66,50.89,1.037075901031494,582,17,NA,NA,NA,NA,NA,NA,NA,NA,NA,NA,NA
3241,Vespa velutina,NA,"Beire, 4580, Portugal",inat,-8.31,41.25,1.3848312377929688,1346,211,173,Warm Temperate,Moist,Cropland,Mountains,Warm Temperate Moist,100,150,37,Warm Temperate Moist Cropland on Mountains,#649625
3242,Vespa velutina,BE,NA,gbif,3.78,51.07,1.0652593612670898,792,7,116,Cool Temperate,Moist,Cropland,Plains,Cool Temperate Moist,29,153,10,Cool Temperate Moist Cropland on Plains,#1D990A
3243,Vespa velutina,BE,NA,gbif,4.38,50.79,1.0074718475341795,805,109,108,Cool Temperate,Moist,Settlement,Hills,Cool Temperate Moist,67,109,14,Cool Temperate Moist Settlement on Hills,#436D0E
3244,Vespa velutina,DE,NA,gbif,7.88,49.84,0.9756280899047852,545,133,108,Cool Temperate,Moist,Settlement,Hills,Cool Temperate Moist,67,109,14,Cool Temperate Moist Settlement on Hills,#436D0E
3245,Vespa velutina,BE,NA,gbif,3.69,51.02,1.0652593612670898,792,7,161,Warm Temperate,Moist,Settlement,Plains,Warm Temperate Moist,163,170,28,Warm Temperate Moist Settlement on Plains,#A3AA1C
3246,Vespa velutina,NL,NA,gbif,4.6,51.9,0.9911375045776368,858,0,128,Cool Temperate,Moist,Grassland,Plains,Cool Temperate Moist,22,133,0,Cool Temperate Moist Grassland on Plains,#168500
3247,Vespa velutina,BE,NA,gbif,3.3,50.81,1.0392760276794433,754,29,120,Cool Temperate,Moist,Settlement,Plains,Cool Temperate Moist,78,119,2,Cool Temperate Moist Settlement on Plains,#4E7702
3248,Vespa velutina,NA,"Sesimbra, Portugal",inat,-9.15,38.52,1.6673786163330078,687,27,NA,NA,NA,NA,NA,NA,NA,NA,NA,NA,NA
3249,Vespa velutina,NA,"Vendome - Danan, 41100 Vendôme, France",inat,1.07,47.81,1.1018020629882812,680,98,161,Warm Temperate,Moist,Settlement,Plains,Warm Temperate Moist,163,170,28,Warm Temperate Moist Settlement on Plains,#A3AA1C
3250,Vespa velutina,BE,NA,gbif,4.58,50.96,1.0223458290100098,773,12,160,Warm Temperate,Moist,Cropland,Plains,Warm Temperate Moist,105,207,54,Warm Temperate Moist Cropland on Plains,#69CF36
3251,Vespa velutina,NA,"67105 Schifferstadt, Deutschland",inat,8.4,49.37,1.051504135131836,669,103,160,Warm Temperate,Moist,Cropland,Plains,Warm Temperate Moist,105,207,54,Warm Temperate Moist Cropland on Plains,#69CF36
3252,Vespa velutina,BE,NA,gbif,3.21,51.22,1.029801559448242,783,4,161,Warm Temperate,Moist,Settlement,Plains,Warm Temperate Moist,163,170,28,Warm Temperate Moist Settlement on Plains,#A3AA1C
3253,Vespa velutina,NL,NA,gbif,5.6,51.65,0.9889708518981932,754,11,116,Cool Temperate,Moist,Cropland,Plains,Cool Temperate Moist,29,153,10,Cool Temperate Moist Cropland on Plains,#1D990A
3254,Vespa velutina,BE,NA,gbif,3.63,51.04,1.041869831085205,812,8,116,Cool Temperate,Moist,Cropland,Plains,Cool Temperate Moist,29,153,10,Cool Temperate Moist Cropland on Plains,#1D990A
3255,Vespa velutina,NA,"Oost-Vlaanderen, Vlaanderen, Belgium",inat,3.72,50.78,1.012112522125244,792,93,110,Cool Temperate,Moist,Cropland,Hills,Cool Temperate Moist,33,144,30,Cool Temperate Moist Cropland on Hills,#21901E
3256,Vespa velutina,NL,NA,gbif,3.95,51.2,1.0390030860900878,773,3,116,Cool Temperate,Moist,Cropland,Plains,Cool Temperate Moist,29,153,10,Cool Temperate Moist Cropland on Plains,#1D990A
3257,Vespa velutina,NA,"42400 Saint-Chamond, France",inat,4.51,45.46,0.9177802085876464,980,461,172,Warm Temperate,Moist,Settlement,Mountains,Warm Temperate Moist,105,89,18,Warm Temperate Moist Settlement on Mountains,#695912
3258,Vespa velutina,BE,NA,gbif,4.39,50.9,1.0497979164123534,783,34,160,Warm Temperate,Moist,Cropland,Plains,Warm Temperate Moist,105,207,54,Warm Temperate Moist Cropland on Plains,#69CF36
3259,Vespa velutina,NA,"11120 Mirepeisset, France",inat,2.9,43.28,1.4646812438964845,585,43,188,Warm Temperate,Dry,Settlement,Plains,Warm Temperate Dry,189,190,72,Warm Temperate Dry Settlement on Plains,#BDBE48
3260,Vespa velutina,NA,"Route de Colmar-Berg, Oberfeulen, District Diekirch, LU",inat,6.04,49.85,0.8673364639282226,860,339,103,Cool Temperate,Moist,Cropland,Mountains,Cool Temperate Moist,33,102,5,Cool Temperate Moist Cropland on Mountains,#216605
3261,Vespa velutina,NA,"Eigenaarsstraat, Kasterlee, Provincie Antwerpen, BE",inat,4.91,51.25,1.02982816696167,791,19,120,Cool Temperate,Moist,Settlement,Plains,Cool Temperate Moist,78,119,2,Cool Temperate Moist Settlement on Plains,#4E7702
3262,Vespa velutina,BE,NA,gbif,5.82,51.1,1.0033124923706054,720,25,120,Cool Temperate,Moist,Settlement,Plains,Cool Temperate Moist,78,119,2,Cool Temperate Moist Settlement on Plains,#4E7702
3263,Vespa velutina,NL,NA,gbif,6.1,51.35,1.005424976348877,735,25,116,Cool Temperate,Moist,Cropland,Plains,Cool Temperate Moist,29,153,10,Cool Temperate Moist Cropland on Plains,#1D990A
3264,Vespa velutina,NA,"Rue des Roses, Orvault, Pays de la Loire, FR",inat,-1.59,47.25,1.191419792175293,794,38,161,Warm Temperate,Moist,Settlement,Plains,Warm Temperate Moist,163,170,28,Warm Temperate Moist Settlement on Plains,#A3AA1C
3265,Vespa velutina,BE,NA,gbif,4.85,50.96,1.0436156272888184,766,44,116,Cool Temperate,Moist,Cropland,Plains,Cool Temperate Moist,29,153,10,Cool Temperate Moist Cropland on Plains,#1D990A
3266,Vespa velutina,BE,NA,gbif,4.99,51.07,1.0535478591918943,777,21,120,Cool Temperate,Moist,Settlement,Plains,Cool Temperate Moist,78,119,2,Cool Temperate Moist Settlement on Plains,#4E7702
3267,Vespa velutina,NA,"Minfeld, Rheinland-Pfalz, DE",inat,8.14,49.08,0.9951708793640136,750,138,116,Cool Temperate,Moist,Cropland,Plains,Cool Temperate Moist,29,153,10,Cool Temperate Moist Cropland on Plains,#1D990A
3268,Vespa velutina,NA,Portugal,inat,-9.45,38.86,1.569815731048584,692,43,NA,NA,NA,NA,NA,NA,NA,NA,NA,NA,NA
3269,Vespa velutina,NA,"2670 Fanhões, Portugal",inat,-9.18,38.9,1.5595458030700684,737,243,173,Warm Temperate,Moist,Cropland,Mountains,Warm Temperate Moist,100,150,37,Warm Temperate Moist Cropland on Mountains,#649625
3270,Vespa velutina,BE,NA,gbif,4.52,50.83,1.0064770698547365,782,89,110,Cool Temperate,Moist,Cropland,Hills,Cool Temperate Moist,33,144,30,Cool Temperate Moist Cropland on Hills,#21901E
3271,Vespa velutina,BE,NA,gbif,4.29,50.76,1.0301885604858398,788,52,110,Cool Temperate,Moist,Cropland,Hills,Cool Temperate Moist,33,144,30,Cool Temperate Moist Cropland on Hills,#21901E
3272,Vespa velutina,BE,NA,gbif,4.44,51.18,1.0570364952087403,798,14,120,Cool Temperate,Moist,Settlement,Plains,Cool Temperate Moist,78,119,2,Cool Temperate Moist Settlement on Plains,#4E7702
3273,Vespa velutina,BE,NA,gbif,5.51,50.8,0.9857937812805176,820,90,110,Cool Temperate,Moist,Cropland,Hills,Cool Temperate Moist,33,144,30,Cool Temperate Moist Cropland on Hills,#21901E
3274,Vespa velutina,NA,"Celorico de Basto, Portugal",inat,-8.09,41.44,1.282353115081787,1337,673,173,Warm Temperate,Moist,Cropland,Mountains,Warm Temperate Moist,100,150,37,Warm Temperate Moist Cropland on Mountains,#649625
3275,Vespa velutina,NA,"Chemin de la Richaudière, Chabanière, Auvergne-Rhône-Alpes, FR",inat,4.6,45.6,1.026913547515869,886,626,103,Cool Temperate,Moist,Cropland,Mountains,Cool Temperate Moist,33,102,5,Cool Temperate Moist Cropland on Mountains,#216605
3276,Vespa velutina,NA,法国凡尔赛邮政编码: 78000,inat,2.1,48.82,1.0640562057495118,646,124,178,Warm Temperate,Moist,Cropland,Tablelands,Warm Temperate Moist,61,89,194,Warm Temperate Moist Cropland on Tablelands,#3D59C2
3277,Vespa velutina,NA,"Chatelard, 42400 Saint-Chamond, France",inat,4.51,45.47,0.9177802085876464,980,418,172,Warm Temperate,Moist,Settlement,Mountains,Warm Temperate Moist,105,89,18,Warm Temperate Moist Settlement on Mountains,#695912
3278,Vespa velutina,NL,NA,gbif,4.2,51.5,1.0319975852966308,791,-2,NA,NA,NA,NA,NA,NA,NA,NA,NA,NA,NA
3279,Vespa velutina,BE,NA,gbif,5.48,50.96,1.0172677040100098,787,62,108,Cool Temperate,Moist,Settlement,Hills,Cool Temperate Moist,67,109,14,Cool Temperate Moist Settlement on Hills,#436D0E
3280,Vespa velutina,BE,NA,gbif,4.06,50.95,1.040187454223633,782,12,116,Cool Temperate,Moist,Cropland,Plains,Cool Temperate Moist,29,153,10,Cool Temperate Moist Cropland on Plains,#1D990A
3281,Vespa velutina,BE,NA,gbif,4.71,50.91,1.0381396293640135,765,20,110,Cool Temperate,Moist,Cropland,Hills,Cool Temperate Moist,33,144,30,Cool Temperate Moist Cropland on Hills,#21901E
3282,Vespa velutina,BE,NA,gbif,4.36,50.83,1.0074718475341795,805,81,169,Warm Temperate,Moist,Settlement,Hills,Warm Temperate Moist,136,158,52,Warm Temperate Moist Settlement on Hills,#889E34
3283,Vespa velutina,NA,"Spei, Waregem, West-Vlaanderen, BE",inat,3.44,50.89,1.0440187454223633,791,14,120,Cool Temperate,Moist,Settlement,Plains,Cool Temperate Moist,78,119,2,Cool Temperate Moist Settlement on Plains,#4E7702
3284,Vespa velutina,NL,NA,gbif,5.2,52.1,0.9599833488464355,815,5,116,Cool Temperate,Moist,Cropland,Plains,Cool Temperate Moist,29,153,10,Cool Temperate Moist Cropland on Plains,#1D990A
3285,Vespa velutina,BE,NA,gbif,5.23,50.16,0.8845166206359864,929,229,110,Cool Temperate,Moist,Cropland,Hills,Cool Temperate Moist,33,144,30,Cool Temperate Moist Cropland on Hills,#21901E
3286,Vespa velutina,BE,NA,gbif,4.47,51.07,1.039146900177002,785,4,111,Cool Temperate,Moist,Forest,Plains,Cool Temperate Moist,1,109,0,Cool Temperate Moist Forest on Plains,#016D00
3287,Vespa velutina,BE,NA,gbif,3.72,51,1.0391103744506835,795,6,120,Cool Temperate,Moist,Settlement,Plains,Cool Temperate Moist,78,119,2,Cool Temperate Moist Settlement on Plains,#4E7702
3288,Vespa velutina,NA,"Vert-Bois, 34090 Montpellier, France",inat,3.86,43.64,1.481810665130615,645,63,169,Warm Temperate,Moist,Settlement,Hills,Warm Temperate Moist,136,158,52,Warm Temperate Moist Settlement on Hills,#889E34
3289,Vespa velutina,NA,"Hautes-Pyrénées, Midi-Pyrénées, FR",inat,0.12,43.11,1.1360625267028808,1083,490,171,Warm Temperate,Moist,Grassland,Mountains,Warm Temperate Moist,86,129,14,Warm Temperate Moist Grassland on Mountains,#56810E
3290,Vespa velutina,BE,NA,gbif,4.45,51.13,1.039146900177002,785,19,120,Cool Temperate,Moist,Settlement,Plains,Cool Temperate Moist,78,119,2,Cool Temperate Moist Settlement on Plains,#4E7702
3291,Vespa velutina,BE,NA,gbif,4.48,51.23,1.0570364952087403,798,4,120,Cool Temperate,Moist,Settlement,Plains,Cool Temperate Moist,78,119,2,Cool Temperate Moist Settlement on Plains,#4E7702
3292,Vespa velutina,BE,NA,gbif,3.39,50.94,1.0440187454223633,791,10,116,Cool Temperate,Moist,Cropland,Plains,Cool Temperate Moist,29,153,10,Cool Temperate Moist Cropland on Plains,#1D990A
3293,Vespa velutina,NA,"67269 Grünstadt, Deutschland",inat,8.16,49.56,0.955774974822998,611,214,113,Cool Temperate,Moist,Settlement,Mountains,Cool Temperate Moist,61,67,0,Cool Temperate Moist Settlement on Mountains,#3D4300
3294,Vespa velutina,NL,NA,gbif,6.15,51.4,1.005424976348877,735,21,NA,NA,NA,NA,NA,NA,NA,NA,NA,NA,NA
3295,Vespa velutina,NA,"Borgelerdijk, Deventer, Overijssel, NL",inat,6.16,52.28,0.9708478927612304,835,8,116,Cool Temperate,Moist,Cropland,Plains,Cool Temperate Moist,29,153,10,Cool Temperate Moist Cropland on Plains,#1D990A
3296,Vespa velutina,BE,NA,gbif,2.9,51.22,1.010472011566162,727,2,116,Cool Temperate,Moist,Cropland,Plains,Cool Temperate Moist,29,153,10,Cool Temperate Moist Cropland on Plains,#1D990A
3297,Vespa velutina,NA,"Slachthuisstraat, Tienen, Vlaams-Brabant, BE",inat,4.95,50.81,1.0242583274841308,751,55,120,Cool Temperate,Moist,Settlement,Plains,Cool Temperate Moist,78,119,2,Cool Temperate Moist Settlement on Plains,#4E7702
3298,Vespa velutina,NL,NA,gbif,4.65,51.75,0.9967260360717772,816,0,116,Cool Temperate,Moist,Cropland,Plains,Cool Temperate Moist,29,153,10,Cool Temperate Moist Cropland on Plains,#1D990A
3299,Vespa velutina,BE,NA,gbif,4.42,51.22,1.0570364952087403,798,6,161,Warm Temperate,Moist,Settlement,Plains,Warm Temperate Moist,163,170,28,Warm Temperate Moist Settlement on Plains,#A3AA1C
3300,Vespa velutina,BE,NA,gbif,4.61,51.03,1.0294468879699707,777,11,111,Cool Temperate,Moist,Forest,Plains,Cool Temperate Moist,1,109,0,Cool Temperate Moist Forest on Plains,#016D00
3301,Vespa velutina,NA,"40230 Saubrigues, France",inat,-1.34,43.59,1.4052215576171876,1249,23,168,Warm Temperate,Moist,Cropland,Hills,Warm Temperate Moist,112,198,86,Warm Temperate Moist Cropland on Hills,#70C656
3302,Vespa velutina,BE,NA,gbif,5.51,50.59,0.974148941040039,883,195,129,Cool Temperate,Moist,Settlement,Tablelands,Cool Temperate Moist,47,63,130,Cool Temperate Moist Settlement on Tablelands,#2F3F82
3303,Vespa velutina,NA,"Münchenstein, Switzerland",inat,7.62,47.51,1.0200145721435547,805,328,113,Cool Temperate,Moist,Settlement,Mountains,Cool Temperate Moist,61,67,0,Cool Temperate Moist Settlement on Mountains,#3D4300
3304,Vespa velutina,BE,NA,gbif,3.85,50.48,1.006679153442383,777,62,110,Cool Temperate,Moist,Cropland,Hills,Cool Temperate Moist,33,144,30,Cool Temperate Moist Cropland on Hills,#21901E
3305,Vespa velutina,NA,"Calvados, Basse-Normandie, France",inat,-0.14,49.27,1.1227280616760251,720,0,159,Warm Temperate,Moist,Grassland,Plains,Warm Temperate Moist,91,184,24,Warm Temperate Moist Grassland on Plains,#5BB818
3306,Vespa velutina,NA,Spain,inat,3.01,42,1.4671771049499511,581,79,173,Warm Temperate,Moist,Cropland,Mountains,Warm Temperate Moist,100,150,37,Warm Temperate Moist Cropland on Mountains,#649625
3307,Vespa velutina,NA,"66679 Losheim am See, Germany",inat,6.73,49.51,0.8014615058898926,1016,286,103,Cool Temperate,Moist,Cropland,Mountains,Cool Temperate Moist,33,102,5,Cool Temperate Moist Cropland on Mountains,#216605
3308,Vespa velutina,NA,"Loiola, Donostia / San Sebastián, Gipuzkoa, Spain",inat,-1.97,43.31,1.3265643119812012,1330,45,172,Warm Temperate,Moist,Settlement,Mountains,Warm Temperate Moist,105,89,18,Warm Temperate Moist Settlement on Mountains,#695912
3309,Vespa velutina,NA,"60200 Compiègne, France",inat,2.84,49.42,1.0223468780517575,633,50,169,Warm Temperate,Moist,Settlement,Hills,Warm Temperate Moist,136,158,52,Warm Temperate Moist Settlement on Hills,#889E34
3310,Vespa velutina,NL,NA,gbif,4.35,51.7,0.9891593933105468,812,-6,115,Cool Temperate,Moist,Shrubland,Plains,Cool Temperate Moist,26,131,0,Cool Temperate Moist Shrubland on Plains,#1A8300
3311,Vespa velutina,FR,NA,gbif,3.76,47.6,1.0341937065124511,753,182,168,Warm Temperate,Moist,Cropland,Hills,Warm Temperate Moist,112,198,86,Warm Temperate Moist Cropland on Hills,#70C656
3312,Vespa velutina,NA,"Route de Montesson, Le Vésinet, Île-de-France, FR",inat,2.12,48.9,1.1072250366210938,626,31,169,Warm Temperate,Moist,Settlement,Hills,Warm Temperate Moist,136,158,52,Warm Temperate Moist Settlement on Hills,#889E34
3313,Vespa velutina,BE,NA,gbif,3.21,51.21,1.029801559448242,783,5,120,Cool Temperate,Moist,Settlement,Plains,Cool Temperate Moist,78,119,2,Cool Temperate Moist Settlement on Plains,#4E7702
3314,Vespa velutina,BE,NA,gbif,4.82,50.94,1.0381396293640135,765,38,166,Warm Temperate,Moist,Forest,Plains,Warm Temperate Moist,45,158,6,Warm Temperate Moist Forest on Plains,#2D9E06
3315,Vespa velutina,NL,NA,gbif,4.35,51.95,0.997988510131836,863,-2,128,Cool Temperate,Moist,Grassland,Plains,Cool Temperate Moist,22,133,0,Cool Temperate Moist Grassland on Plains,#168500
3316,Vespa velutina,NA,"08458 Sant Pere de Vilamajor, Barcelona, España",inat,2.42,41.68,1.211701011657715,840,260,176,Warm Temperate,Moist,Forest,Mountains,Warm Temperate Moist,49,105,3,Warm Temperate Moist Forest on Mountains,#316903
3317,Vespa velutina,BE,NA,gbif,3.56,50.96,1.0466250419616698,795,9,116,Cool Temperate,Moist,Cropland,Plains,Cool Temperate Moist,29,153,10,Cool Temperate Moist Cropland on Plains,#1D990A
3318,Vespa velutina,BE,NA,gbif,4.15,51.16,1.0435916900634763,789,22,120,Cool Temperate,Moist,Settlement,Plains,Cool Temperate Moist,78,119,2,Cool Temperate Moist Settlement on Plains,#4E7702
3319,Vespa velutina,NA,"Museum, Belgien",inat,4.38,50.84,1.0497979164123534,783,68,169,Warm Temperate,Moist,Settlement,Hills,Warm Temperate Moist,136,158,52,Warm Temperate Moist Settlement on Hills,#889E34
3320,Vespa velutina,NA,"Rue Fontessort, Romans-sur-Isère, Auvergne-Rhône-Alpes, FR",inat,5.05,45.04,1.1987364768981934,909,165,161,Warm Temperate,Moist,Settlement,Plains,Warm Temperate Moist,163,170,28,Warm Temperate Moist Settlement on Plains,#A3AA1C
3321,Vespa velutina,NL,NA,gbif,4.2,51.4,1.0319975852966308,791,0,NA,NA,NA,NA,NA,NA,NA,NA,NA,NA,NA
3322,Vespa velutina,BE,NA,gbif,5.5,50.97,0.9943770408630372,774,77,108,Cool Temperate,Moist,Settlement,Hills,Cool Temperate Moist,67,109,14,Cool Temperate Moist Settlement on Hills,#436D0E
3323,Vespa velutina,NA,"Freiburg im Breisgau, DE-BW, DE",inat,7.86,47.99,0.7210000038146973,1480,345,113,Cool Temperate,Moist,Settlement,Mountains,Cool Temperate Moist,61,67,0,Cool Temperate Moist Settlement on Mountains,#3D4300
3324,Vespa velutina,BE,NA,gbif,3.29,50.65,1.01944580078125,731,22,116,Cool Temperate,Moist,Cropland,Plains,Cool Temperate Moist,29,153,10,Cool Temperate Moist Cropland on Plains,#1D990A
3325,Vespa velutina,NL,NA,gbif,3.9,51.5,1.0314996719360352,800,-1,120,Cool Temperate,Moist,Settlement,Plains,Cool Temperate Moist,78,119,2,Cool Temperate Moist Settlement on Plains,#4E7702
3326,Vespa velutina,BE,NA,gbif,3.14,50.79,1.0312749862670898,735,18,120,Cool Temperate,Moist,Settlement,Plains,Cool Temperate Moist,78,119,2,Cool Temperate Moist Settlement on Plains,#4E7702
3327,Vespa velutina,NA,"Lozère, Languedoc-Roussillon, FR",inat,3.59,44.32,0.8783833503723144,1028,801,97,Cool Temperate,Moist,Forest,Mountains,Cool Temperate Moist,6,64,0,Cool Temperate Moist Forest on Mountains,#064000
3328,Vespa velutina,NA,"Bassella, Lleida, Espanya",inat,1.3,42.02,1.1236353874206544,719,496,176,Warm Temperate,Moist,Forest,Mountains,Warm Temperate Moist,49,105,3,Warm Temperate Moist Forest on Mountains,#316903
3329,Vespa velutina,NA,"Oakfield, Jersey JE2, Jersey",inat,-2.09,49.19,1.1476936340332031,847,36,169,Warm Temperate,Moist,Settlement,Hills,Warm Temperate Moist,136,158,52,Warm Temperate Moist Settlement on Hills,#889E34
3330,Vespa velutina,NA,"Mata Nacional do Choupal, En 1 414, 3000 Coimbra, Portugal",inat,-8.44,40.22,1.5525750160217284,987,37,173,Warm Temperate,Moist,Cropland,Mountains,Warm Temperate Moist,100,150,37,Warm Temperate Moist Cropland on Mountains,#649625
3331,Vespa velutina,NA,"31700 Cornebarrieu, France",inat,1.31,43.66,1.2634156227111817,739,168,169,Warm Temperate,Moist,Settlement,Hills,Warm Temperate Moist,136,158,52,Warm Temperate Moist Settlement on Hills,#889E34
3332,Vespa velutina,NA,"26001 Logroño, La Rioja, España",inat,-2.44,42.47,1.2656895637512209,440,392,191,Warm Temperate,Dry,Settlement,Hills,Warm Temperate Dry,173,187,99,Warm Temperate Dry Settlement on Hills,#ADBB63
3333,Vespa velutina,NL,NA,gbif,5.95,50.9,0.9916646003723144,781,87,108,Cool Temperate,Moist,Settlement,Hills,Cool Temperate Moist,67,109,14,Cool Temperate Moist Settlement on Hills,#436D0E
3334,Vespa velutina,NA,"Leku, Urduliz, Bizkaia, ES",inat,-2.96,43.38,1.3855283737182618,1218,57,169,Warm Temperate,Moist,Settlement,Hills,Warm Temperate Moist,136,158,52,Warm Temperate Moist Settlement on Hills,#889E34
3335,Vespa velutina,NA,"4580 Gondalães, Portugal",inat,-8.33,41.23,1.3848312377929688,1346,219,173,Warm Temperate,Moist,Cropland,Mountains,Warm Temperate Moist,100,150,37,Warm Temperate Moist Cropland on Mountains,#649625
3336,Vespa velutina,BE,NA,gbif,3.7,51.04,1.0652593612670898,792,9,120,Cool Temperate,Moist,Settlement,Plains,Cool Temperate Moist,78,119,2,Cool Temperate Moist Settlement on Plains,#4E7702
3337,Vespa velutina,BE,NA,gbif,3.6,51.15,1.041869831085205,812,5,120,Cool Temperate,Moist,Settlement,Plains,Cool Temperate Moist,78,119,2,Cool Temperate Moist Settlement on Plains,#4E7702
3338,Vespa velutina,NL,NA,gbif,5.05,52.1,0.9803396224975586,797,-1,120,Cool Temperate,Moist,Settlement,Plains,Cool Temperate Moist,78,119,2,Cool Temperate Moist Settlement on Plains,#4E7702
3339,Vespa velutina,NA,"Antwerpen Sint-Andries, 2000 Antwerpen, België",inat,4.4,51.22,1.0570364952087403,798,6,161,Warm Temperate,Moist,Settlement,Plains,Warm Temperate Moist,163,170,28,Warm Temperate Moist Settlement on Plains,#A3AA1C
3340,Vespa velutina,NL,NA,gbif,5.95,50.8,0.9454999923706054,888,170,110,Cool Temperate,Moist,Cropland,Hills,Cool Temperate Moist,33,144,30,Cool Temperate Moist Cropland on Hills,#21901E
3341,Vespa velutina,BE,NA,gbif,5.59,50.62,0.974148941040039,883,96,169,Warm Temperate,Moist,Settlement,Hills,Warm Temperate Moist,136,158,52,Warm Temperate Moist Settlement on Hills,#889E34
3342,Vespa velutina,BE,NA,gbif,4.35,51.12,1.039146900177002,785,5,116,Cool Temperate,Moist,Cropland,Plains,Cool Temperate Moist,29,153,10,Cool Temperate Moist Cropland on Plains,#1D990A
3343,Vespa velutina,BE,NA,gbif,3.29,50.84,1.0385656356811523,780,15,120,Cool Temperate,Moist,Settlement,Plains,Cool Temperate Moist,78,119,2,Cool Temperate Moist Settlement on Plains,#4E7702
3344,Vespa velutina,BE,NA,gbif,4.39,50.87,1.0497979164123534,783,41,169,Warm Temperate,Moist,Settlement,Hills,Warm Temperate Moist,136,158,52,Warm Temperate Moist Settlement on Hills,#889E34
3345,Vespa velutina,BE,NA,gbif,4.95,51.33,1.02982816696167,791,25,120,Cool Temperate,Moist,Settlement,Plains,Cool Temperate Moist,78,119,2,Cool Temperate Moist Settlement on Plains,#4E7702
3346,Vespa velutina,NA,"06130 Grasse, France",inat,6.92,43.66,1.4293789863586426,851,405,173,Warm Temperate,Moist,Cropland,Mountains,Warm Temperate Moist,100,150,37,Warm Temperate Moist Cropland on Mountains,#649625
3347,Vespa velutina,NA,"67 Falkenstein, Deutschland",inat,7.88,49.61,0.9025750160217284,632,414,97,Cool Temperate,Moist,Forest,Mountains,Cool Temperate Moist,6,64,0,Cool Temperate Moist Forest on Mountains,#064000
3348,Vespa velutina,NA,"76170 Lillebonne, France",inat,0.54,49.52,1.0479531288146973,779,70,169,Warm Temperate,Moist,Settlement,Hills,Warm Temperate Moist,136,158,52,Warm Temperate Moist Settlement on Hills,#889E34
3349,Vespa velutina,NL,NA,gbif,6.1,51.35,1.005424976348877,735,25,116,Cool Temperate,Moist,Cropland,Plains,Cool Temperate Moist,29,153,10,Cool Temperate Moist Cropland on Plains,#1D990A
3350,Vespa velutina,BE,NA,gbif,5.16,51.28,1.0263051986694336,792,32,111,Cool Temperate,Moist,Forest,Plains,Cool Temperate Moist,1,109,0,Cool Temperate Moist Forest on Plains,#016D00
3351,Vespa velutina,NL,NA,gbif,4.45,51.9,0.997988510131836,863,3,NA,NA,NA,NA,NA,NA,NA,NA,NA,NA,NA
3352,Vespa velutina,NA,"34200 Sète, France",inat,3.68,43.4,1.5024091720581054,611,10,169,Warm Temperate,Moist,Settlement,Hills,Warm Temperate Moist,136,158,52,Warm Temperate Moist Settlement on Hills,#889E34
3353,Vespa velutina,NA,"Institut Pasteur, 69007 Lyon, France",inat,4.83,45.73,1.1392176628112791,829,185,161,Warm Temperate,Moist,Settlement,Plains,Warm Temperate Moist,163,170,28,Warm Temperate Moist Settlement on Plains,#A3AA1C
3354,Vespa velutina,NA,"76307 Karlsbad, Deutschland",inat,8.47,48.89,0.9595218658447264,1036,304,103,Cool Temperate,Moist,Cropland,Mountains,Cool Temperate Moist,33,102,5,Cool Temperate Moist Cropland on Mountains,#216605
3355,Vespa velutina,BE,NA,gbif,3.98,50.71,1.0213645935058593,779,55,116,Cool Temperate,Moist,Cropland,Plains,Cool Temperate Moist,29,153,10,Cool Temperate Moist Cropland on Plains,#1D990A
3356,Vespa velutina,BE,NA,gbif,3.89,50.9,1.0294885635375977,792,54,120,Cool Temperate,Moist,Settlement,Plains,Cool Temperate Moist,78,119,2,Cool Temperate Moist Settlement on Plains,#4E7702
3357,Vespa velutina,NA,"Via Pantano (Incr. Via Forniccioni), 51030 Serravalle Pistoiese PT, Italia",inat,10.9,43.89,1.3806374549865723,1061,96,173,Warm Temperate,Moist,Cropland,Mountains,Warm Temperate Moist,100,150,37,Warm Temperate Moist Cropland on Mountains,#649625
3358,Vespa velutina,NA,"Diepenbeek, 3590 Diepenbeek, België",inat,5.38,50.93,1.0172677040100098,787,40,116,Cool Temperate,Moist,Cropland,Plains,Cool Temperate Moist,29,153,10,Cool Temperate Moist Cropland on Plains,#1D990A
3359,Vespa velutina,BE,NA,gbif,3.96,50.75,1.0213645935058593,779,41,110,Cool Temperate,Moist,Cropland,Hills,Cool Temperate Moist,33,144,30,Cool Temperate Moist Cropland on Hills,#21901E
3360,Vespa velutina,BE,NA,gbif,4.14,51.02,1.0435916900634763,789,4,120,Cool Temperate,Moist,Settlement,Plains,Cool Temperate Moist,78,119,2,Cool Temperate Moist Settlement on Plains,#4E7702
3361,Vespa velutina,NA,"Blaasveld, 2830 Willebroek, Belgie",inat,4.39,51.06,1.039146900177002,785,4,111,Cool Temperate,Moist,Forest,Plains,Cool Temperate Moist,1,109,0,Cool Temperate Moist Forest on Plains,#016D00
3362,Vespa velutina,BE,NA,gbif,3.33,50.74,1.0392760276794433,754,27,120,Cool Temperate,Moist,Settlement,Plains,Cool Temperate Moist,78,119,2,Cool Temperate Moist Settlement on Plains,#4E7702
3363,Vespa velutina,NA,"Chemin du Roy, Giverny, Normandie, FR",inat,1.53,49.07,1.0553458213806153,635,71,168,Warm Temperate,Moist,Cropland,Hills,Warm Temperate Moist,112,198,86,Warm Temperate Moist Cropland on Hills,#70C656
3364,Vespa velutina,NL,NA,gbif,5.75,50.9,1.0079051971435546,754,68,114,Cool Temperate,Moist,Grassland,Hills,Cool Temperate Moist,22,124,10,Cool Temperate Moist Grassland on Hills,#167C0A
3365,Vespa velutina,NL,NA,gbif,4.65,51.75,0.9967260360717772,816,0,116,Cool Temperate,Moist,Cropland,Plains,Cool Temperate Moist,29,153,10,Cool Temperate Moist Cropland on Plains,#1D990A
3366,Vespa velutina,BE,NA,gbif,4.28,50.97,1.029301071166992,790,21,116,Cool Temperate,Moist,Cropland,Plains,Cool Temperate Moist,29,153,10,Cool Temperate Moist Cropland on Plains,#1D990A
3367,Vespa velutina,NL,NA,gbif,5.2,52.1,0.9599833488464355,815,5,116,Cool Temperate,Moist,Cropland,Plains,Cool Temperate Moist,29,153,10,Cool Temperate Moist Cropland on Plains,#1D990A
3368,Vespa velutina,NA,"55100 Lucca LU, Italia",inat,10.47,43.85,1.2429478645324707,1272,7,161,Warm Temperate,Moist,Settlement,Plains,Warm Temperate Moist,163,170,28,Warm Temperate Moist Settlement on Plains,#A3AA1C
3369,Vespa velutina,BE,NA,gbif,4.35,50.93,1.0497979164123534,783,41,116,Cool Temperate,Moist,Cropland,Plains,Cool Temperate Moist,29,153,10,Cool Temperate Moist Cropland on Plains,#1D990A
3370,Vespa velutina,NA,"Avignon, Provence-Alpes-Côte d'Azur, FR",inat,4.88,43.92,1.4526844024658203,747,27,168,Warm Temperate,Moist,Cropland,Hills,Warm Temperate Moist,112,198,86,Warm Temperate Moist Cropland on Hills,#70C656
3371,Vespa velutina,NL,NA,gbif,5.75,51.35,0.9874812126159668,737,27,116,Cool Temperate,Moist,Cropland,Plains,Cool Temperate Moist,29,153,10,Cool Temperate Moist Cropland on Plains,#1D990A
3372,Vespa velutina,NA,"Karlsruhe Emil-Gött-Straße, 76131 Karlsruhe, Deutschland",inat,8.42,49.01,1.0572250366210938,765,114,161,Warm Temperate,Moist,Settlement,Plains,Warm Temperate Moist,163,170,28,Warm Temperate Moist Settlement on Plains,#A3AA1C
3373,Vespa velutina,NA,"Drongen Drongenplein, 9031 Gent, België",inat,3.67,51.05,1.0652593612670898,792,6,160,Warm Temperate,Moist,Cropland,Plains,Warm Temperate Moist,105,207,54,Warm Temperate Moist Cropland on Plains,#69CF36
3374,Vespa velutina,NA,"Rua da Geira, Paredes Secas, Norte, PT",inat,-8.33,41.66,1.3658208847045898,1390,326,173,Warm Temperate,Moist,Cropland,Mountains,Warm Temperate Moist,100,150,37,Warm Temperate Moist Cropland on Mountains,#649625
3375,Vespa velutina,NA,Geel,inat,4.97,51.15,1.0535478591918943,777,21,116,Cool Temperate,Moist,Cropland,Plains,Cool Temperate Moist,29,153,10,Cool Temperate Moist Cropland on Plains,#1D990A
3376,Vespa velutina,NL,NA,gbif,5.4,51.6,0.9877718925476074,767,10,111,Cool Temperate,Moist,Forest,Plains,Cool Temperate Moist,1,109,0,Cool Temperate Moist Forest on Plains,#016D00
3377,Vespa velutina,BE,NA,gbif,3.1,51,1.016388511657715,761,26,116,Cool Temperate,Moist,Cropland,Plains,Cool Temperate Moist,29,153,10,Cool Temperate Moist Cropland on Plains,#1D990A
3378,Vespa velutina,NA,"79 Freiburg im Breisgau-Sankt Georgen, Deutschland",inat,7.8,47.97,0.9775771141052246,969,347,97,Cool Temperate,Moist,Forest,Mountains,Cool Temperate Moist,6,64,0,Cool Temperate Moist Forest on Mountains,#064000
3379,Vespa velutina,BE,NA,gbif,4.49,51.03,1.039146900177002,785,6,120,Cool Temperate,Moist,Settlement,Plains,Cool Temperate Moist,78,119,2,Cool Temperate Moist Settlement on Plains,#4E7702
3380,Vespa velutina,NA,"66740 Laroque-des-Albères, France",inat,2.93,42.52,1.485138511657715,559,230,185,Warm Temperate,Dry,Settlement,Mountains,Warm Temperate Dry,144,124,59,Warm Temperate Dry Settlement on Mountains,#907C3B
3381,Vespa velutina,NA,"Echternach, LU-GR, LU",inat,6.41,49.81,0.9227978706359864,800,233,114,Cool Temperate,Moist,Grassland,Hills,Cool Temperate Moist,22,124,10,Cool Temperate Moist Grassland on Hills,#167C0A
3382,Vespa velutina,BE,NA,gbif,3.87,50.76,1.0213645935058593,779,30,102,Cool Temperate,Moist,Cropland,Tablelands,Cool Temperate Moist,99,97,160,Cool Temperate Moist Cropland on Tablelands,#6361A0
3383,Vespa velutina,BE,NA,gbif,5.51,51.19,0.9874073028564452,732,46,116,Cool Temperate,Moist,Cropland,Plains,Cool Temperate Moist,29,153,10,Cool Temperate Moist Cropland on Plains,#1D990A
3384,Vespa velutina,NA,"Nederbrakel, Brakel, België",inat,3.74,50.8,1.012112522125244,792,85,110,Cool Temperate,Moist,Cropland,Hills,Cool Temperate Moist,33,144,30,Cool Temperate Moist Cropland on Hills,#21901E
3385,Vespa velutina,NL,NA,gbif,4.25,51.5,1.0319975852966308,791,0,NA,NA,NA,NA,NA,NA,NA,NA,NA,NA,NA
3386,Vespa velutina,NL,NA,gbif,5.75,50.8,0.9797103881835938,819,97,109,Cool Temperate,Moist,Grassland,Tablelands,Cool Temperate Moist,78,92,155,Cool Temperate Moist Grassland on Tablelands,#4E5C9B
3387,Vespa velutina,BE,NA,gbif,4.82,50.98,1.0381396293640135,765,27,120,Cool Temperate,Moist,Settlement,Plains,Cool Temperate Moist,78,119,2,Cool Temperate Moist Settlement on Plains,#4E7702
3388,Vespa velutina,BE,NA,gbif,4.95,51.31,1.02982816696167,791,21,120,Cool Temperate,Moist,Settlement,Plains,Cool Temperate Moist,78,119,2,Cool Temperate Moist Settlement on Plains,#4E7702
3389,Vespa velutina,BE,NA,gbif,3.31,51.34,1.033952713012695,766,4,120,Cool Temperate,Moist,Settlement,Plains,Cool Temperate Moist,78,119,2,Cool Temperate Moist Settlement on Plains,#4E7702
3390,Vespa velutina,PT,NA,gbif,-8.84,40.33,1.4959518432617187,833,-6,NA,NA,NA,NA,NA,NA,NA,NA,NA,NA,NA
3391,Vespa velutina,NA,"4465 Leça do Balio, Portugal",inat,-8.62,41.22,1.4322385787963867,1340,67,168,Warm Temperate,Moist,Cropland,Hills,Warm Temperate Moist,112,198,86,Warm Temperate Moist Cropland on Hills,#70C656
3392,Vespa velutina,NA,"41372 Niederkrüchten-Oberkrüchten, Deutschland",inat,6.2,51.2,1.001157283782959,734,71,116,Cool Temperate,Moist,Cropland,Plains,Cool Temperate Moist,29,153,10,Cool Temperate Moist Cropland on Plains,#1D990A
3393,Vespa velutina,NA,"Rua das Papoilas, Charneca da Caparica, Lisboa, PT",inat,-9.18,38.57,1.6470182418823245,681,39,177,Warm Temperate,Moist,Settlement,Tablelands,Warm Temperate Moist,62,63,152,Warm Temperate Moist Settlement on Tablelands,#3E3F98
3394,Vespa velutina,NA,"4430 Avintes, Portugal",inat,-8.56,41.1,1.4505515098571775,1231,85,169,Warm Temperate,Moist,Settlement,Hills,Warm Temperate Moist,136,158,52,Warm Temperate Moist Settlement on Hills,#889E34
3395,Vespa velutina,NA,"4356 EB Oostkapelle, Nederland",inat,3.56,51.57,1.0425701141357422,767,-2,116,Cool Temperate,Moist,Cropland,Plains,Cool Temperate Moist,29,153,10,Cool Temperate Moist Cropland on Plains,#1D990A
3396,Vespa velutina,BE,NA,gbif,4.48,51.14,1.039146900177002,785,17,116,Cool Temperate,Moist,Cropland,Plains,Cool Temperate Moist,29,153,10,Cool Temperate Moist Cropland on Plains,#1D990A
3397,Vespa velutina,BE,NA,gbif,3.93,51.18,1.0390030860900878,773,4,120,Cool Temperate,Moist,Settlement,Plains,Cool Temperate Moist,78,119,2,Cool Temperate Moist Settlement on Plains,#4E7702
3398,Vespa velutina,NA,"Pas-de-Calais, Nord-Pas-de-Calais, FR",inat,2.84,50.33,0.9974603652954102,691,90,110,Cool Temperate,Moist,Cropland,Hills,Cool Temperate Moist,33,144,30,Cool Temperate Moist Cropland on Hills,#21901E
3399,Vespa velutina,BE,NA,gbif,4.93,50.99,1.0436156272888184,766,25,160,Warm Temperate,Moist,Cropland,Plains,Warm Temperate Moist,105,207,54,Warm Temperate Moist Cropland on Plains,#69CF36
3400,Vespa velutina,NA,"Eppegem Dorp, 1980 Zemst, Belgium",inat,4.46,50.96,1.0497979164123534,783,10,120,Cool Temperate,Moist,Settlement,Plains,Cool Temperate Moist,78,119,2,Cool Temperate Moist Settlement on Plains,#4E7702
3401,Vespa velutina,BE,NA,gbif,4.04,50.93,1.040187454223633,782,12,120,Cool Temperate,Moist,Settlement,Plains,Cool Temperate Moist,78,119,2,Cool Temperate Moist Settlement on Plains,#4E7702
3402,Vespa velutina,BE,NA,gbif,3.77,51.1,1.0652593612670898,792,6,161,Warm Temperate,Moist,Settlement,Plains,Warm Temperate Moist,163,170,28,Warm Temperate Moist Settlement on Plains,#A3AA1C
3403,Vespa velutina,NA,"Créteil, France",inat,2.45,48.78,1.1437250137329102,632,38,NA,NA,NA,NA,NA,NA,NA,NA,NA,NA,NA
3404,Vespa velutina,NA,"Cambre, 15659 Cambre, A Coruña, España",inat,-8.32,43.26,1.3617420196533203,1240,85,173,Warm Temperate,Moist,Cropland,Mountains,Warm Temperate Moist,100,150,37,Warm Temperate Moist Cropland on Mountains,#649625
3405,Vespa velutina,BE,NA,gbif,3.29,50.81,1.0392760276794433,754,30,116,Cool Temperate,Moist,Cropland,Plains,Cool Temperate Moist,29,153,10,Cool Temperate Moist Cropland on Plains,#1D990A
3406,Vespa velutina,NA,"Comunidad Foral de Navarra, ES-NA-NV, ES",inat,-1.45,43.18,1.2436812400817872,1220,427,173,Warm Temperate,Moist,Cropland,Mountains,Warm Temperate Moist,100,150,37,Warm Temperate Moist Cropland on Mountains,#649625
3407,Vespa velutina,NL,NA,gbif,5.7,50.85,1.0079051971435546,754,51,NA,NA,NA,NA,NA,NA,NA,NA,NA,NA,NA
3408,Vespa velutina,NA,"76 Karlsruhe-Beiertheim - Bulach, Deutschland",inat,8.38,48.98,0.9595218658447264,1036,117,166,Warm Temperate,Moist,Forest,Plains,Warm Temperate Moist,45,158,6,Warm Temperate Moist Forest on Plains,#2D9E06
3409,Vespa velutina,BE,NA,gbif,4.44,50.85,1.0497979164123534,783,61,108,Cool Temperate,Moist,Settlement,Hills,Cool Temperate Moist,67,109,14,Cool Temperate Moist Settlement on Hills,#436D0E
3410,Vespa velutina,NL,NA,gbif,3.4,51.35,1.031646156311035,772,2,116,Cool Temperate,Moist,Cropland,Plains,Cool Temperate Moist,29,153,10,Cool Temperate Moist Cropland on Plains,#1D990A
3411,Vespa velutina,BE,NA,gbif,3.88,51.03,1.0463322639465331,779,4,160,Warm Temperate,Moist,Cropland,Plains,Warm Temperate Moist,105,207,54,Warm Temperate Moist Cropland on Plains,#69CF36
3412,Vespa velutina,BE,NA,gbif,4.16,51.18,1.0351354598999023,797,14,116,Cool Temperate,Moist,Cropland,Plains,Cool Temperate Moist,29,153,10,Cool Temperate Moist Cropland on Plains,#1D990A
3413,Vespa velutina,SE,NA,gbif,17.27,63.16,0.24351353645324708,619,66,97,Cool Temperate,Moist,Forest,Mountains,Cool Temperate Moist,6,64,0,Cool Temperate Moist Forest on Mountains,#064000
3414,Vespa velutina,NA,"14220 Grimbosq, France",inat,-0.43,49.05,1.0941916465759278,766,85,164,Warm Temperate,Moist,Grassland,Hills,Warm Temperate Moist,86,172,49,Warm Temperate Moist Grassland on Hills,#56AC31
3415,Vespa velutina,BE,NA,gbif,4.54,50.86,1.0223458290100098,773,78,108,Cool Temperate,Moist,Settlement,Hills,Cool Temperate Moist,67,109,14,Cool Temperate Moist Settlement on Hills,#436D0E
3416,Vespa velutina,BE,NA,gbif,5.25,51.13,1.0283103942871097,817,45,120,Cool Temperate,Moist,Settlement,Plains,Cool Temperate Moist,78,119,2,Cool Temperate Moist Settlement on Plains,#4E7702
3417,Vespa velutina,NA,"Korschenbr. Raderbroich Dresen, 41352 Korschenbroich, Deutschland",inat,6.52,51.21,1.0501531600952148,751,41,116,Cool Temperate,Moist,Cropland,Plains,Cool Temperate Moist,29,153,10,Cool Temperate Moist Cropland on Plains,#1D990A
3418,Vespa velutina,NA,"Lisbon, Portugal",inat,-9.15,38.77,1.6865142822265624,703,111,169,Warm Temperate,Moist,Settlement,Hills,Warm Temperate Moist,136,158,52,Warm Temperate Moist Settlement on Hills,#889E34
3419,Vespa velutina,NL,NA,gbif,5.7,50.85,1.0079051971435546,754,51,NA,NA,NA,NA,NA,NA,NA,NA,NA,NA,NA
3420,Vespa velutina,BE,NA,gbif,3.76,51.04,1.0652593612670898,792,8,120,Cool Temperate,Moist,Settlement,Plains,Cool Temperate Moist,78,119,2,Cool Temperate Moist Settlement on Plains,#4E7702
3421,Vespa velutina,NA,"Rumst, 2840 Rumst, Belgium",inat,4.45,51.09,1.039146900177002,785,14,120,Cool Temperate,Moist,Settlement,Plains,Cool Temperate Moist,78,119,2,Cool Temperate Moist Settlement on Plains,#4E7702
3422,Vespa velutina,NA,"Templemars, France",inat,3.06,50.57,1.039511489868164,716,40,116,Cool Temperate,Moist,Cropland,Plains,Cool Temperate Moist,29,153,10,Cool Temperate Moist Cropland on Plains,#1D990A
3423,Vespa velutina,NL,NA,gbif,4.2,51.9,0.984907341003418,832,3,NA,NA,NA,NA,NA,NA,NA,NA,NA,NA,NA
3424,Vespa velutina,BE,NA,gbif,3.24,51.15,1.017953109741211,799,9,120,Cool Temperate,Moist,Settlement,Plains,Cool Temperate Moist,78,119,2,Cool Temperate Moist Settlement on Plains,#4E7702
3425,Vespa velutina,NA,"Vlaanderen, BE",inat,4.77,50.9,1.0381396293640135,765,51,102,Cool Temperate,Moist,Cropland,Tablelands,Cool Temperate Moist,99,97,160,Cool Temperate Moist Cropland on Tablelands,#6361A0
3426,Vespa velutina,BE,NA,gbif,3.36,50.85,1.0440187454223633,791,13,120,Cool Temperate,Moist,Settlement,Plains,Cool Temperate Moist,78,119,2,Cool Temperate Moist Settlement on Plains,#4E7702
3427,Vespa velutina,BE,NA,gbif,5.48,50.88,1.0172677040100098,787,60,116,Cool Temperate,Moist,Cropland,Plains,Cool Temperate Moist,29,153,10,Cool Temperate Moist Cropland on Plains,#1D990A
3428,Vespa velutina,NL,NA,gbif,5.85,51.15,1.0099031448364255,731,21,NA,NA,NA,NA,NA,NA,NA,NA,NA,NA,NA
3429,Vespa velutina,BE,NA,gbif,5.06,50.93,1.056206226348877,773,43,120,Cool Temperate,Moist,Settlement,Plains,Cool Temperate Moist,78,119,2,Cool Temperate Moist Settlement on Plains,#4E7702
3430,Vespa velutina,BE,NA,gbif,5.08,50.83,1.0245490074157717,768,30,116,Cool Temperate,Moist,Cropland,Plains,Cool Temperate Moist,29,153,10,Cool Temperate Moist Cropland on Plains,#1D990A
3431,Vespa velutina,BE,NA,gbif,4.25,50.85,1.029301071166992,790,56,116,Cool Temperate,Moist,Cropland,Plains,Cool Temperate Moist,29,153,10,Cool Temperate Moist Cropland on Plains,#1D990A
3432,Vespa velutina,BE,NA,gbif,5.01,51.16,1.056958293914795,792,21,116,Cool Temperate,Moist,Cropland,Plains,Cool Temperate Moist,29,153,10,Cool Temperate Moist Cropland on Plains,#1D990A
3433,Vespa velutina,BE,NA,gbif,4.42,51.25,1.0570364952087403,798,4,161,Warm Temperate,Moist,Settlement,Plains,Warm Temperate Moist,163,170,28,Warm Temperate Moist Settlement on Plains,#A3AA1C
3434,Vespa velutina,NA,"6290 Gouveia, Portugal",inat,-7.59,40.49,1.0276437759399415,1509,662,173,Warm Temperate,Moist,Cropland,Mountains,Warm Temperate Moist,100,150,37,Warm Temperate Moist Cropland on Mountains,#649625
3435,Vespa velutina,NA,"Kerhenguer, Milizac-Guipronvel, Bretagne, FR",inat,-4.56,48.46,1.1350642204284669,1106,91,160,Warm Temperate,Moist,Cropland,Plains,Warm Temperate Moist,105,207,54,Warm Temperate Moist Cropland on Plains,#69CF36
3436,Vespa velutina,NA,"Mairie, 38530 Chapareillan, France",inat,5.99,45.46,0.8234000205993652,1197,385,176,Warm Temperate,Moist,Forest,Mountains,Warm Temperate Moist,49,105,3,Warm Temperate Moist Forest on Mountains,#316903
3437,Vespa velutina,NA,"6121 HN Born, Nederland",inat,5.81,51.03,1.0033124923706054,720,37,120,Cool Temperate,Moist,Settlement,Plains,Cool Temperate Moist,78,119,2,Cool Temperate Moist Settlement on Plains,#4E7702
3438,Vespa velutina,BE,NA,gbif,3.42,50.9,1.0440187454223633,791,9,120,Cool Temperate,Moist,Settlement,Plains,Cool Temperate Moist,78,119,2,Cool Temperate Moist Settlement on Plains,#4E7702
3439,Vespa velutina,BE,NA,gbif,4.25,50.72,1.0301885604858398,788,57,110,Cool Temperate,Moist,Cropland,Hills,Cool Temperate Moist,33,144,30,Cool Temperate Moist Cropland on Hills,#21901E
3440,Vespa velutina,BE,NA,gbif,3.9,50.99,1.0294885635375977,792,13,160,Warm Temperate,Moist,Cropland,Plains,Warm Temperate Moist,105,207,54,Warm Temperate Moist Cropland on Plains,#69CF36
3441,Vespa velutina,NA,"Praia do Senhor da Pedra, Arcozelo, Norte, PT",inat,-8.66,41.07,1.4505515098571775,1231,5,NA,NA,NA,NA,NA,NA,NA,NA,NA,NA,NA
3442,Vespa velutina,FR,NA,gbif,-1.55,46.57,1.228346824645996,760,59,160,Warm Temperate,Moist,Cropland,Plains,Warm Temperate Moist,105,207,54,Warm Temperate Moist Cropland on Plains,#69CF36
3443,Vespa velutina,NA,"Calle Luis Fernández-Vega Sanz, Oviedo, Asturias, ES",inat,-5.85,43.36,1.2818219184875488,984,261,172,Warm Temperate,Moist,Settlement,Mountains,Warm Temperate Moist,105,89,18,Warm Temperate Moist Settlement on Mountains,#695912
3444,Vespa velutina,NA,"Girona, Espanya",inat,2.12,42.29,0.8854437828063965,933,1351,97,Cool Temperate,Moist,Forest,Mountains,Cool Temperate Moist,6,64,0,Cool Temperate Moist Forest on Mountains,#064000
3445,Vespa velutina,NA,"17534 Ribes de Freser, Girona, Spain",inat,2.17,42.3,0.9148791313171388,930,1194,97,Cool Temperate,Moist,Forest,Mountains,Cool Temperate Moist,6,64,0,Cool Temperate Moist Forest on Mountains,#064000
3446,Vespa velutina,NA,"Frankfurt-Süd, Deutschland",inat,8.65,50.09,1.0215635299682615,620,105,161,Warm Temperate,Moist,Settlement,Plains,Warm Temperate Moist,163,170,28,Warm Temperate Moist Settlement on Plains,#A3AA1C
3447,Vespa velutina,BE,NA,gbif,4.5,51.21,1.0279624938964844,800,6,116,Cool Temperate,Moist,Cropland,Plains,Cool Temperate Moist,29,153,10,Cool Temperate Moist Cropland on Plains,#1D990A
3448,Vespa velutina,NA,"30880 Laatzen, Deutschland",inat,9.82,52.27,0.9314374923706056,676,58,111,Cool Temperate,Moist,Forest,Plains,Cool Temperate Moist,1,109,0,Cool Temperate Moist Forest on Plains,#016D00
3449,Vespa velutina,BE,NA,gbif,5.11,51.26,1.0263051986694336,792,23,116,Cool Temperate,Moist,Cropland,Plains,Cool Temperate Moist,29,153,10,Cool Temperate Moist Cropland on Plains,#1D990A
3450,Vespa velutina,NA,"Rue de Keispelt, Kehlen, Distrikt Luxemburg, LU",inat,6.03,49.67,0.9069146156311036,834,324,109,Cool Temperate,Moist,Grassland,Tablelands,Cool Temperate Moist,78,92,155,Cool Temperate Moist Grassland on Tablelands,#4E5C9B
3451,Vespa velutina,NL,NA,gbif,6,50.75,0.9450010299682616,907,238,110,Cool Temperate,Moist,Cropland,Hills,Cool Temperate Moist,33,144,30,Cool Temperate Moist Cropland on Hills,#21901E
3452,Vespa velutina,NA,"Oviedo, 33008 Oviedo, Asturias, España",inat,-5.84,43.36,1.2818219184875488,984,261,172,Warm Temperate,Moist,Settlement,Mountains,Warm Temperate Moist,105,89,18,Warm Temperate Moist Settlement on Mountains,#695912
3453,Vespa velutina,NA,"Longueira/Almograve, 7630-174, Portugal",inat,-8.8,37.66,1.6125308990478515,550,11,197,Warm Temperate,Dry,Sparsely or Non vegetated,Hills,Warm Temperate Dry,176,217,128,Warm Temperate Dry Sparsely or Non vegetated on Hills,#B0D980
3454,Vespa velutina,BE,NA,gbif,4.28,51,1.029301071166992,790,9,116,Cool Temperate,Moist,Cropland,Plains,Cool Temperate Moist,29,153,10,Cool Temperate Moist Cropland on Plains,#1D990A
3455,Vespa velutina,BE,NA,gbif,4.92,50.84,1.0436156272888184,766,52,116,Cool Temperate,Moist,Cropland,Plains,Cool Temperate Moist,29,153,10,Cool Temperate Moist Cropland on Plains,#1D990A
3456,Vespa velutina,NL,NA,gbif,4.65,51.55,1.0070833206176757,804,9,116,Cool Temperate,Moist,Cropland,Plains,Cool Temperate Moist,29,153,10,Cool Temperate Moist Cropland on Plains,#1D990A
3457,Vespa velutina,BE,NA,gbif,4.72,50.96,1.0381396293640135,765,11,116,Cool Temperate,Moist,Cropland,Plains,Cool Temperate Moist,29,153,10,Cool Temperate Moist Cropland on Plains,#1D990A
3458,Vespa velutina,BE,NA,gbif,4.44,50.82,1.0074718475341795,805,79,129,Cool Temperate,Moist,Settlement,Tablelands,Cool Temperate Moist,47,63,130,Cool Temperate Moist Settlement on Tablelands,#2F3F82
3459,Vespa velutina,BE,NA,gbif,3.11,51,1.016388511657715,761,26,116,Cool Temperate,Moist,Cropland,Plains,Cool Temperate Moist,29,153,10,Cool Temperate Moist Cropland on Plains,#1D990A
3460,Vespa velutina,NA,Escola Secundária José Gomes Ferreira,inat,-9.19,38.75,1.6334726333618164,722,99,169,Warm Temperate,Moist,Settlement,Hills,Warm Temperate Moist,136,158,52,Warm Temperate Moist Settlement on Hills,#889E34
3461,Vespa velutina,BE,NA,gbif,4.63,51.26,1.0279624938964844,800,15,116,Cool Temperate,Moist,Cropland,Plains,Cool Temperate Moist,29,153,10,Cool Temperate Moist Cropland on Plains,#1D990A
3462,Vespa velutina,BE,NA,gbif,3.99,50.94,1.0294885635375977,792,25,116,Cool Temperate,Moist,Cropland,Plains,Cool Temperate Moist,29,153,10,Cool Temperate Moist Cropland on Plains,#1D990A
3463,Vespa velutina,NA,"6160 Burglinster Junglinster, Luxemburg",inat,6.22,49.71,0.8899781227111816,817,334,114,Cool Temperate,Moist,Grassland,Hills,Cool Temperate Moist,22,124,10,Cool Temperate Moist Grassland on Hills,#167C0A
3464,Vespa velutina,BE,NA,gbif,4,50.75,1.018050003051758,787,42,110,Cool Temperate,Moist,Cropland,Hills,Cool Temperate Moist,33,144,30,Cool Temperate Moist Cropland on Hills,#21901E
3465,Vespa velutina,NA,"1164 Buchillon, Switzerland",inat,6.42,46.47,1.0434999465942385,1078,395,113,Cool Temperate,Moist,Settlement,Mountains,Cool Temperate Moist,61,67,0,Cool Temperate Moist Settlement on Mountains,#3D4300
3466,Vespa velutina,NA,"Coimbra, PT-CO, PT",inat,-8.4,40.19,1.5525750160217284,987,76,172,Warm Temperate,Moist,Settlement,Mountains,Warm Temperate Moist,105,89,18,Warm Temperate Moist Settlement on Mountains,#695912
3467,Vespa velutina,BE,NA,gbif,4.26,50.99,1.029301071166992,790,13,116,Cool Temperate,Moist,Cropland,Plains,Cool Temperate Moist,29,153,10,Cool Temperate Moist Cropland on Plains,#1D990A
3468,Vespa velutina,BE,NA,gbif,3.21,51.24,1.029801559448242,783,2,116,Cool Temperate,Moist,Cropland,Plains,Cool Temperate Moist,29,153,10,Cool Temperate Moist Cropland on Plains,#1D990A
3469,Vespa velutina,BE,NA,gbif,4.34,51.22,1.0570364952087403,798,4,120,Cool Temperate,Moist,Settlement,Plains,Cool Temperate Moist,78,119,2,Cool Temperate Moist Settlement on Plains,#4E7702
3470,Vespa velutina,NL,NA,gbif,4.75,51.55,1.0014093399047852,815,7,128,Cool Temperate,Moist,Grassland,Plains,Cool Temperate Moist,22,133,0,Cool Temperate Moist Grassland on Plains,#168500
3471,Vespa velutina,BE,NA,gbif,4.44,51.31,1.0570364952087403,798,9,120,Cool Temperate,Moist,Settlement,Plains,Cool Temperate Moist,78,119,2,Cool Temperate Moist Settlement on Plains,#4E7702
3472,Vespa velutina,NL,NA,gbif,5.3,52.05,0.9599833488464355,815,8,111,Cool Temperate,Moist,Forest,Plains,Cool Temperate Moist,1,109,0,Cool Temperate Moist Forest on Plains,#016D00
3473,Vespa velutina,BE,NA,gbif,4.35,50.87,1.0497979164123534,783,34,169,Warm Temperate,Moist,Settlement,Hills,Warm Temperate Moist,136,158,52,Warm Temperate Moist Settlement on Hills,#889E34
3474,Vespa velutina,BE,NA,gbif,4.86,50.92,1.0436156272888184,766,46,116,Cool Temperate,Moist,Cropland,Plains,Cool Temperate Moist,29,153,10,Cool Temperate Moist Cropland on Plains,#1D990A
3475,Vespa velutina,NA,Ditzingen,inat,9.07,48.82,0.8853989601135254,740,329,108,Cool Temperate,Moist,Settlement,Hills,Cool Temperate Moist,67,109,14,Cool Temperate Moist Settlement on Hills,#436D0E
3476,Vespa velutina,BE,NA,gbif,4.59,51.01,1.0294468879699707,777,7,111,Cool Temperate,Moist,Forest,Plains,Cool Temperate Moist,1,109,0,Cool Temperate Moist Forest on Plains,#016D00
3477,Vespa velutina,NA,"5300 Bragança, Portugal",inat,-6.77,41.8,1.203821849822998,834,724,172,Warm Temperate,Moist,Settlement,Mountains,Warm Temperate Moist,105,89,18,Warm Temperate Moist Settlement on Mountains,#695912
3478,Vespa velutina,BE,NA,gbif,4.43,51.3,1.0570364952087403,798,6,120,Cool Temperate,Moist,Settlement,Plains,Cool Temperate Moist,78,119,2,Cool Temperate Moist Settlement on Plains,#4E7702
3479,Vespa velutina,BE,NA,gbif,3.17,50.84,1.0385656356811523,780,18,120,Cool Temperate,Moist,Settlement,Plains,Cool Temperate Moist,78,119,2,Cool Temperate Moist Settlement on Plains,#4E7702
3480,Vespa velutina,NA,"17033 Garlenda SV, Italia",inat,8.11,44.03,1.35385103225708,805,162,176,Warm Temperate,Moist,Forest,Mountains,Warm Temperate Moist,49,105,3,Warm Temperate Moist Forest on Mountains,#316903
3481,Vespa velutina,BE,NA,gbif,3.25,50.81,1.0392760276794433,754,27,120,Cool Temperate,Moist,Settlement,Plains,Cool Temperate Moist,78,119,2,Cool Temperate Moist Settlement on Plains,#4E7702
3482,Vespa velutina,NA,"S.João Ovar (Largo), 3880 São João, Portugal",inat,-8.61,40.87,1.443885612487793,1143,41,169,Warm Temperate,Moist,Settlement,Hills,Warm Temperate Moist,136,158,52,Warm Temperate Moist Settlement on Hills,#889E34
3483,Vespa velutina,IT,NA,gbif,10.43,43.86,1.2429478645324707,1272,52,173,Warm Temperate,Moist,Cropland,Mountains,Warm Temperate Moist,100,150,37,Warm Temperate Moist Cropland on Mountains,#649625
3484,Vespa velutina,BE,NA,gbif,5.26,50.87,1.0412812232971191,790,51,116,Cool Temperate,Moist,Cropland,Plains,Cool Temperate Moist,29,153,10,Cool Temperate Moist Cropland on Plains,#1D990A
3485,Vespa velutina,NA,Surgères,inat,-0.74,46.12,1.2564833641052249,794,43,160,Warm Temperate,Moist,Cropland,Plains,Warm Temperate Moist,105,207,54,Warm Temperate Moist Cropland on Plains,#69CF36
3486,Vespa velutina,DE,NA,gbif,8.39,49.5,1.051504135131836,669,92,NA,NA,NA,NA,NA,NA,NA,NA,NA,NA,NA
3487,Vespa velutina,NA,"Blaison-Gohier, 49320 Blaison-Saint-Sulpice, France",inat,-0.38,47.4,1.1772989273071288,714,48,160,Warm Temperate,Moist,Cropland,Plains,Warm Temperate Moist,105,207,54,Warm Temperate Moist Cropland on Plains,#69CF36
3488,Vespa velutina,NA,"Barreiros, 27790 Barreiros, Lugo, España",inat,-7.22,43.55,1.3602520942687988,1119,65,173,Warm Temperate,Moist,Cropland,Mountains,Warm Temperate Moist,100,150,37,Warm Temperate Moist Cropland on Mountains,#649625
3489,Vespa velutina,DE,NA,gbif,6.78,51.24,1.0587124824523926,788,42,161,Warm Temperate,Moist,Settlement,Plains,Warm Temperate Moist,163,170,28,Warm Temperate Moist Settlement on Plains,#A3AA1C
3490,Vespa velutina,BE,NA,gbif,3.16,50.9,1.016388511657715,761,22,116,Cool Temperate,Moist,Cropland,Plains,Cool Temperate Moist,29,153,10,Cool Temperate Moist Cropland on Plains,#1D990A
3491,Vespa velutina,BE,NA,gbif,3.71,51.05,1.0652593612670898,792,9,120,Cool Temperate,Moist,Settlement,Plains,Cool Temperate Moist,78,119,2,Cool Temperate Moist Settlement on Plains,#4E7702
3492,Vespa velutina,NA,"Rue Saint-Georges, Larrivoire, Bourgogne-Franche-Comté, FR",inat,5.79,46.35,0.8721781730651855,1223,555,97,Cool Temperate,Moist,Forest,Mountains,Cool Temperate Moist,6,64,0,Cool Temperate Moist Forest on Mountains,#064000
3493,Vespa velutina,BE,NA,gbif,4.71,50.91,1.0381396293640135,765,20,110,Cool Temperate,Moist,Cropland,Hills,Cool Temperate Moist,33,144,30,Cool Temperate Moist Cropland on Hills,#21901E
3494,Vespa velutina,BE,NA,gbif,4.46,51.13,1.039146900177002,785,19,116,Cool Temperate,Moist,Cropland,Plains,Cool Temperate Moist,29,153,10,Cool Temperate Moist Cropland on Plains,#1D990A
3495,Vespa velutina,NA,"Rodingen Petingen, Luxemburg",inat,5.83,49.54,0.8987051963806152,976,307,105,Cool Temperate,Moist,Forest,Hills,Cool Temperate Moist,2,99,1,Cool Temperate Moist Forest on Hills,#026301
3496,Vespa velutina,NL,NA,gbif,4.65,51.85,0.9911375045776368,858,-1,120,Cool Temperate,Moist,Settlement,Plains,Cool Temperate Moist,78,119,2,Cool Temperate Moist Settlement on Plains,#4E7702
3497,Vespa velutina,BE,NA,gbif,5.09,51.07,1.056958293914795,792,28,120,Cool Temperate,Moist,Settlement,Plains,Cool Temperate Moist,78,119,2,Cool Temperate Moist Settlement on Plains,#4E7702
3498,Vespa velutina,NL,NA,gbif,5.5,51.6,0.9889708518981932,754,10,116,Cool Temperate,Moist,Cropland,Plains,Cool Temperate Moist,29,153,10,Cool Temperate Moist Cropland on Plains,#1D990A
3499,Vespa velutina,BE,NA,gbif,4.39,50.87,1.0497979164123534,783,41,169,Warm Temperate,Moist,Settlement,Hills,Warm Temperate Moist,136,158,52,Warm Temperate Moist Settlement on Hills,#889E34
3500,Vespa velutina,DE,NA,gbif,8.24,50,1.0134291648864746,587,95,110,Cool Temperate,Moist,Cropland,Hills,Cool Temperate Moist,33,144,30,Cool Temperate Moist Cropland on Hills,#21901E
3501,Vespa velutina,CH,NA,gbif,7.44,46.97,0.844139575958252,1079,529,113,Cool Temperate,Moist,Settlement,Mountains,Cool Temperate Moist,61,67,0,Cool Temperate Moist Settlement on Mountains,#3D4300
3502,Vespa velutina,NA,"Aachen Hauptbahnhof, 52064 Aachen, Deutschland",inat,6.09,50.77,0.9450010299682616,907,169,108,Cool Temperate,Moist,Settlement,Hills,Cool Temperate Moist,67,109,14,Cool Temperate Moist Settlement on Hills,#436D0E
3503,Vespa velutina,NA,"Rua de Mq da Costa, Setúbal, Lisboa, PT",inat,-8.9,38.52,1.669992446899414,701,-25,185,Warm Temperate,Dry,Settlement,Mountains,Warm Temperate Dry,144,124,59,Warm Temperate Dry Settlement on Mountains,#907C3B
3504,Vespa velutina,NA,"Héron, Belgique",inat,5.1,50.55,0.9758322715759278,801,178,110,Cool Temperate,Moist,Cropland,Hills,Cool Temperate Moist,33,144,30,Cool Temperate Moist Cropland on Hills,#21901E
3505,Vespa velutina,BE,NA,gbif,5.49,50.92,1.0172677040100098,787,47,116,Cool Temperate,Moist,Cropland,Plains,Cool Temperate Moist,29,153,10,Cool Temperate Moist Cropland on Plains,#1D990A
3506,Vespa velutina,NL,NA,gbif,5.75,51,1.0079051971435546,754,32,116,Cool Temperate,Moist,Cropland,Plains,Cool Temperate Moist,29,153,10,Cool Temperate Moist Cropland on Plains,#1D990A
3507,Vespa velutina,NA,"Éterville, France",inat,-0.44,49.15,1.0941916465759278,766,53,168,Warm Temperate,Moist,Cropland,Hills,Warm Temperate Moist,112,198,86,Warm Temperate Moist Cropland on Hills,#70C656
3508,Vespa velutina,BE,NA,gbif,5.39,51.15,0.9895999908447266,799,61,120,Cool Temperate,Moist,Settlement,Plains,Cool Temperate Moist,78,119,2,Cool Temperate Moist Settlement on Plains,#4E7702
3509,Vespa velutina,NL,NA,gbif,5.55,51.35,0.9889156341552734,757,26,120,Cool Temperate,Moist,Settlement,Plains,Cool Temperate Moist,78,119,2,Cool Temperate Moist Settlement on Plains,#4E7702
3510,Vespa velutina,BE,NA,gbif,3.93,50.9,1.0294885635375977,792,46,116,Cool Temperate,Moist,Cropland,Plains,Cool Temperate Moist,29,153,10,Cool Temperate Moist Cropland on Plains,#1D990A
3511,Vespa velutina,BE,NA,gbif,4.68,51.18,1.0255916595458985,796,6,116,Cool Temperate,Moist,Cropland,Plains,Cool Temperate Moist,29,153,10,Cool Temperate Moist Cropland on Plains,#1D990A
3512,Vespa velutina,BE,NA,gbif,3.26,50.91,1.0385656356811523,780,19,120,Cool Temperate,Moist,Settlement,Plains,Cool Temperate Moist,78,119,2,Cool Temperate Moist Settlement on Plains,#4E7702
3513,Vespa velutina,NL,NA,gbif,5.2,52.1,0.9599833488464355,815,5,116,Cool Temperate,Moist,Cropland,Plains,Cool Temperate Moist,29,153,10,Cool Temperate Moist Cropland on Plains,#1D990A
3514,Vespa velutina,NA,"46446 Emmerich am Rhein-Dornick, Deutschland",inat,6.31,51.82,0.9817062377929688,727,13,116,Cool Temperate,Moist,Cropland,Plains,Cool Temperate Moist,29,153,10,Cool Temperate Moist Cropland on Plains,#1D990A
3515,Vespa velutina,NA,"06410 Biot, France",inat,7.1,43.62,1.4755531311035155,854,93,172,Warm Temperate,Moist,Settlement,Mountains,Warm Temperate Moist,105,89,18,Warm Temperate Moist Settlement on Mountains,#695912
3516,Vespa velutina,NA,"5812 Hesperingen, Luxemburg",inat,6.15,49.57,0.9220864295959472,866,282,108,Cool Temperate,Moist,Settlement,Hills,Cool Temperate Moist,67,109,14,Cool Temperate Moist Settlement on Hills,#436D0E
3517,Vespa velutina,BE,NA,gbif,5.39,51.03,0.9895999908447266,799,66,108,Cool Temperate,Moist,Settlement,Hills,Cool Temperate Moist,67,109,14,Cool Temperate Moist Settlement on Hills,#436D0E
3518,Vespa velutina,BE,NA,gbif,5.51,50.87,0.9943770408630372,774,59,120,Cool Temperate,Moist,Settlement,Plains,Cool Temperate Moist,78,119,2,Cool Temperate Moist Settlement on Plains,#4E7702
3519,Vespa velutina,BE,NA,gbif,3.71,51.11,1.0652593612670898,792,6,120,Cool Temperate,Moist,Settlement,Plains,Cool Temperate Moist,78,119,2,Cool Temperate Moist Settlement on Plains,#4E7702
3520,Vespa velutina,NL,NA,gbif,4.7,51.6,1.0014093399047852,815,4,116,Cool Temperate,Moist,Cropland,Plains,Cool Temperate Moist,29,153,10,Cool Temperate Moist Cropland on Plains,#1D990A
3521,Vespa velutina,NL,NA,gbif,4.55,51.5,1.0171833038330078,811,16,111,Cool Temperate,Moist,Forest,Plains,Cool Temperate Moist,1,109,0,Cool Temperate Moist Forest on Plains,#016D00
3522,Vespa velutina,NA,"Bächelhurst, Merzhausen, Baden-Württemberg, DE",inat,7.84,47.97,0.7210000038146973,1480,395,97,Cool Temperate,Moist,Forest,Mountains,Cool Temperate Moist,6,64,0,Cool Temperate Moist Forest on Mountains,#064000
3523,Vespa velutina,NA,"60400 Noyon, France",inat,2.99,49.58,1.0108937263488769,646,55,108,Cool Temperate,Moist,Settlement,Hills,Cool Temperate Moist,67,109,14,Cool Temperate Moist Settlement on Hills,#436D0E
3524,Vespa velutina,BE,NA,gbif,3.91,51.02,1.0463322639465331,779,6,159,Warm Temperate,Moist,Grassland,Plains,Warm Temperate Moist,91,184,24,Warm Temperate Moist Grassland on Plains,#5BB818
3525,Vespa velutina,NL,NA,gbif,4.6,51.8,0.9967260360717772,816,-2,128,Cool Temperate,Moist,Grassland,Plains,Cool Temperate Moist,22,133,0,Cool Temperate Moist Grassland on Plains,#168500
3526,Vespa velutina,BE,NA,gbif,5.01,51.13,1.056958293914795,792,20,120,Cool Temperate,Moist,Settlement,Plains,Cool Temperate Moist,78,119,2,Cool Temperate Moist Settlement on Plains,#4E7702
3527,Vespa velutina,BE,NA,gbif,4.26,51.03,1.0402281761169434,786,9,128,Cool Temperate,Moist,Grassland,Plains,Cool Temperate Moist,22,133,0,Cool Temperate Moist Grassland on Plains,#168500
3528,Vespa velutina,NA,"6110-218 Vila de Rei, Portugal",inat,-8.14,39.68,1.5201208114624023,911,418,173,Warm Temperate,Moist,Cropland,Mountains,Warm Temperate Moist,100,150,37,Warm Temperate Moist Cropland on Mountains,#649625
3529,Vespa velutina,BE,NA,gbif,3.22,50.91,1.0385656356811523,780,20,120,Cool Temperate,Moist,Settlement,Plains,Cool Temperate Moist,78,119,2,Cool Temperate Moist Settlement on Plains,#4E7702
3530,Vespa velutina,NL,NA,gbif,4.4,52,0.997988510131836,863,-2,120,Cool Temperate,Moist,Settlement,Plains,Cool Temperate Moist,78,119,2,Cool Temperate Moist Settlement on Plains,#4E7702
3531,Vespa velutina,NA,"Cimetière, 93160 Noisy-le-Grand, Francia",inat,2.55,48.84,1.0977968215942382,635,59,161,Warm Temperate,Moist,Settlement,Plains,Warm Temperate Moist,163,170,28,Warm Temperate Moist Settlement on Plains,#A3AA1C
3532,Vespa velutina,BE,NA,gbif,4.14,51.19,1.0351354598999023,797,6,116,Cool Temperate,Moist,Cropland,Plains,Cool Temperate Moist,29,153,10,Cool Temperate Moist Cropland on Plains,#1D990A
3533,Vespa velutina,BE,NA,gbif,3.93,50.92,1.0294885635375977,792,41,120,Cool Temperate,Moist,Settlement,Plains,Cool Temperate Moist,78,119,2,Cool Temperate Moist Settlement on Plains,#4E7702
3534,Vespa velutina,NA,"Baltar (Escola Secundária), 4585-057 Baltar, Portugal",inat,-8.38,41.19,1.3860833168029785,1373,281,172,Warm Temperate,Moist,Settlement,Mountains,Warm Temperate Moist,105,89,18,Warm Temperate Moist Settlement on Mountains,#695912
3535,Vespa velutina,NA,"Carrer Sant Jaime, 33, 25550 Bossòst, Lleida, España",inat,0.69,42.78,0.6465343952178955,1227,1069,176,Warm Temperate,Moist,Forest,Mountains,Warm Temperate Moist,49,105,3,Warm Temperate Moist Forest on Mountains,#316903
3536,Vespa velutina,NA,"Setúbal, Portugal",inat,-8.84,38.52,1.669992446899414,701,23,184,Warm Temperate,Dry,Cropland,Mountains,Warm Temperate Dry,141,179,80,Warm Temperate Dry Cropland on Mountains,#8DB350
3537,Vespa velutina,BE,NA,gbif,3.65,50.88,1.0466250419616698,795,18,160,Warm Temperate,Moist,Cropland,Plains,Warm Temperate Moist,105,207,54,Warm Temperate Moist Cropland on Plains,#69CF36
3538,Vespa velutina,BE,NA,gbif,5.06,50.98,1.056206226348877,773,26,161,Warm Temperate,Moist,Settlement,Plains,Warm Temperate Moist,163,170,28,Warm Temperate Moist Settlement on Plains,#A3AA1C
3539,Vespa velutina,BE,NA,gbif,5.81,51.15,1.0033124923706054,720,28,116,Cool Temperate,Moist,Cropland,Plains,Cool Temperate Moist,29,153,10,Cool Temperate Moist Cropland on Plains,#1D990A
3540,Vespa velutina,NA,"Canton of Toulouse-6, Toulouse, France",inat,1.37,43.58,1.3110468864440918,683,159,161,Warm Temperate,Moist,Settlement,Plains,Warm Temperate Moist,163,170,28,Warm Temperate Moist Settlement on Plains,#A3AA1C
3541,Vespa velutina,BE,NA,gbif,4,50.81,1.018050003051758,787,38,109,Cool Temperate,Moist,Grassland,Tablelands,Cool Temperate Moist,78,92,155,Cool Temperate Moist Grassland on Tablelands,#4E5C9B
3542,Vespa velutina,NA,"Pforzheim Schwarzwaldstraße, 75173 Pforzheim, Deutschland",inat,8.69,48.89,0.9109313011169432,896,307,113,Cool Temperate,Moist,Settlement,Mountains,Cool Temperate Moist,61,67,0,Cool Temperate Moist Settlement on Mountains,#3D4300
3543,Vespa velutina,BE,NA,gbif,4.43,51.31,1.0570364952087403,798,6,120,Cool Temperate,Moist,Settlement,Plains,Cool Temperate Moist,78,119,2,Cool Temperate Moist Settlement on Plains,#4E7702
3544,Vespa velutina,NA,"Nordrhein-Westfalen, DE",inat,7.06,50.74,1.0298375129699706,717,59,120,Cool Temperate,Moist,Settlement,Plains,Cool Temperate Moist,78,119,2,Cool Temperate Moist Settlement on Plains,#4E7702
3545,Vespa velutina,NL,NA,gbif,4.2,51.5,1.0319975852966308,791,-2,NA,NA,NA,NA,NA,NA,NA,NA,NA,NA,NA
3546,Vespa velutina,BE,NA,gbif,4.33,51.35,1.0319975852966308,791,4,116,Cool Temperate,Moist,Cropland,Plains,Cool Temperate Moist,29,153,10,Cool Temperate Moist Cropland on Plains,#1D990A
3547,Vespa velutina,NA,"Jardin des Plantes, 75005 Paris, France",inat,2.36,48.84,1.144812488555908,641,46,169,Warm Temperate,Moist,Settlement,Hills,Warm Temperate Moist,136,158,52,Warm Temperate Moist Settlement on Hills,#889E34
3548,Vespa velutina,BE,NA,gbif,4.41,50.84,1.0497979164123534,783,78,108,Cool Temperate,Moist,Settlement,Hills,Cool Temperate Moist,67,109,14,Cool Temperate Moist Settlement on Hills,#436D0E
3549,Vespa velutina,NL,NA,gbif,4.7,52,0.9664947509765623,818,-1,120,Cool Temperate,Moist,Settlement,Plains,Cool Temperate Moist,78,119,2,Cool Temperate Moist Settlement on Plains,#4E7702
3550,Vespa velutina,BE,NA,gbif,4.45,51.11,1.039146900177002,785,17,120,Cool Temperate,Moist,Settlement,Plains,Cool Temperate Moist,78,119,2,Cool Temperate Moist Settlement on Plains,#4E7702
3551,Vespa velutina,DE,NA,gbif,8.36,49.62,1.063585376739502,617,95,161,Warm Temperate,Moist,Settlement,Plains,Warm Temperate Moist,163,170,28,Warm Temperate Moist Settlement on Plains,#A3AA1C
3552,Vespa velutina,NA,"Gazalbide, 01009 Vitoria-Gasteiz, Álava, España",inat,-2.69,42.86,1.092175006866455,880,513,161,Warm Temperate,Moist,Settlement,Plains,Warm Temperate Moist,163,170,28,Warm Temperate Moist Settlement on Plains,#A3AA1C
3553,Vespa velutina,NL,NA,gbif,5.35,51.3,0.9916239738464356,777,32,116,Cool Temperate,Moist,Cropland,Plains,Cool Temperate Moist,29,153,10,Cool Temperate Moist Cropland on Plains,#1D990A
3554,Vespa velutina,BE,NA,gbif,4.83,51.16,1.0428604125976562,774,15,116,Cool Temperate,Moist,Cropland,Plains,Cool Temperate Moist,29,153,10,Cool Temperate Moist Cropland on Plains,#1D990A
3555,Vespa velutina,NL,NA,gbif,5.7,51.8,0.9782135009765623,760,7,116,Cool Temperate,Moist,Cropland,Plains,Cool Temperate Moist,29,153,10,Cool Temperate Moist Cropland on Plains,#1D990A
3556,Vespa velutina,NL,NA,gbif,5.4,51.6,0.9877718925476074,767,10,111,Cool Temperate,Moist,Forest,Plains,Cool Temperate Moist,1,109,0,Cool Temperate Moist Forest on Plains,#016D00
3557,Vespa velutina,BE,NA,gbif,4.45,51.14,1.039146900177002,785,18,120,Cool Temperate,Moist,Settlement,Plains,Cool Temperate Moist,78,119,2,Cool Temperate Moist Settlement on Plains,#4E7702
3558,Vespa velutina,NA,"Vilaboa, 36141 Vilaboa, Pontevedra, España",inat,-8.63,42.35,1.3624034881591798,1700,60,NA,NA,NA,NA,NA,NA,NA,NA,NA,NA,NA
3559,Vespa velutina,ES,NA,gbif,-8.43,42.91,1.2908989906311037,1722,361,173,Warm Temperate,Moist,Cropland,Mountains,Warm Temperate Moist,100,150,37,Warm Temperate Moist Cropland on Mountains,#649625
3560,Vespa velutina,NA,"Kraainem, België",inat,4.48,50.86,1.0497979164123534,783,59,110,Cool Temperate,Moist,Cropland,Hills,Cool Temperate Moist,33,144,30,Cool Temperate Moist Cropland on Hills,#21901E
3561,Vespa velutina,NA,"76477 Elchesheim-Illingen, Deutschland",inat,8.19,48.93,1.03507604598999,871,108,NA,NA,NA,NA,NA,NA,NA,NA,NA,NA,NA
3562,Vespa velutina,NA,"Teruel, España",inat,-0.51,41.13,1.357759380340576,383,375,184,Warm Temperate,Dry,Cropland,Mountains,Warm Temperate Dry,141,179,80,Warm Temperate Dry Cropland on Mountains,#8DB350
3563,Vespa velutina,NL,NA,gbif,4.75,51.6,1.0014093399047852,815,2,116,Cool Temperate,Moist,Cropland,Plains,Cool Temperate Moist,29,153,10,Cool Temperate Moist Cropland on Plains,#1D990A
3564,Vespa velutina,NA,"Dalheim, Luxemburg",inat,6.26,49.55,0.9219437599182128,824,314,102,Cool Temperate,Moist,Cropland,Tablelands,Cool Temperate Moist,99,97,160,Cool Temperate Moist Cropland on Tablelands,#6361A0
3565,Vespa velutina,BE,NA,gbif,4.52,51.12,1.0294468879699707,777,4,116,Cool Temperate,Moist,Cropland,Plains,Cool Temperate Moist,29,153,10,Cool Temperate Moist Cropland on Plains,#1D990A
3566,Vespa velutina,NA,"Villedieu-la-Blouère, 49450 Beaupréau-en-Mauges, France",inat,-1.06,47.14,1.1469531059265137,781,92,160,Warm Temperate,Moist,Cropland,Plains,Warm Temperate Moist,105,207,54,Warm Temperate Moist Cropland on Plains,#69CF36
3567,Vespa velutina,NA,"Jardin des Plantes, 75005 Paris, 法国",inat,2.36,48.84,1.144812488555908,641,46,169,Warm Temperate,Moist,Settlement,Hills,Warm Temperate Moist,136,158,52,Warm Temperate Moist Settlement on Hills,#889E34
3568,Vespa velutina,BE,NA,gbif,5.56,50.77,0.9857937812805176,820,117,102,Cool Temperate,Moist,Cropland,Tablelands,Cool Temperate Moist,99,97,160,Cool Temperate Moist Cropland on Tablelands,#6361A0
3569,Vespa velutina,NL,NA,gbif,4.35,51.35,1.0215239524841309,802,6,111,Cool Temperate,Moist,Forest,Plains,Cool Temperate Moist,1,109,0,Cool Temperate Moist Forest on Plains,#016D00
3570,Vespa velutina,CH,NA,gbif,7.65,47.57,1.0200145721435547,805,301,105,Cool Temperate,Moist,Forest,Hills,Cool Temperate Moist,2,99,1,Cool Temperate Moist Forest on Hills,#026301
3571,Vespa velutina,NL,NA,gbif,4.4,51.65,1.0125802040100098,791,-1,116,Cool Temperate,Moist,Cropland,Plains,Cool Temperate Moist,29,153,10,Cool Temperate Moist Cropland on Plains,#1D990A
3572,Vespa velutina,NA,"Petingen, Luxemburg",inat,5.82,49.54,0.8987051963806152,976,307,105,Cool Temperate,Moist,Forest,Hills,Cool Temperate Moist,2,99,1,Cool Temperate Moist Forest on Hills,#026301
3573,Vespa velutina,NA,"Am Steffesgaart, Sandweiler, District Luxembourg, LU",inat,6.22,49.61,0.9219437599182128,824,331,109,Cool Temperate,Moist,Grassland,Tablelands,Cool Temperate Moist,78,92,155,Cool Temperate Moist Grassland on Tablelands,#4E5C9B
3574,Vespa velutina,BE,NA,gbif,3.74,51.18,1.0463364601135254,769,5,120,Cool Temperate,Moist,Settlement,Plains,Cool Temperate Moist,78,119,2,Cool Temperate Moist Settlement on Plains,#4E7702
3575,Vespa velutina,NA,"Heedscheierwee, Dalheim, District Grevenmacher, LU",inat,6.26,49.55,0.9219437599182128,824,314,102,Cool Temperate,Moist,Cropland,Tablelands,Cool Temperate Moist,99,97,160,Cool Temperate Moist Cropland on Tablelands,#6361A0
3576,Vespa velutina,BE,NA,gbif,4.73,50.87,1.0381396293640135,765,40,105,Cool Temperate,Moist,Forest,Hills,Cool Temperate Moist,2,99,1,Cool Temperate Moist Forest on Hills,#026301
3577,Vespa velutina,NL,NA,gbif,5.4,52.4,0.9534229278564452,781,-5,116,Cool Temperate,Moist,Cropland,Plains,Cool Temperate Moist,29,153,10,Cool Temperate Moist Cropland on Plains,#1D990A
3578,Vespa velutina,BE,NA,gbif,4.41,50.84,1.0497979164123534,783,78,108,Cool Temperate,Moist,Settlement,Hills,Cool Temperate Moist,67,109,14,Cool Temperate Moist Settlement on Hills,#436D0E
3579,Vespa velutina,BE,NA,gbif,2.92,51.22,1.010472011566162,727,3,111,Cool Temperate,Moist,Forest,Plains,Cool Temperate Moist,1,109,0,Cool Temperate Moist Forest on Plains,#016D00
3580,Vespa velutina,BE,NA,gbif,4.87,50.47,0.9631041526794434,813,125,108,Cool Temperate,Moist,Settlement,Hills,Cool Temperate Moist,67,109,14,Cool Temperate Moist Settlement on Hills,#436D0E
3581,Vespa velutina,NA,"29242 Ouessant, France",inat,-5.07,48.46,1.1914166450500487,1044,17,166,Warm Temperate,Moist,Forest,Plains,Warm Temperate Moist,45,158,6,Warm Temperate Moist Forest on Plains,#2D9E06
3582,Vespa velutina,NA,"Rue de la Vaurie, Aytré, Nouvelle-Aquitaine, FR",inat,-1.1,46.15,1.283797550201416,769,11,160,Warm Temperate,Moist,Cropland,Plains,Warm Temperate Moist,105,207,54,Warm Temperate Moist Cropland on Plains,#69CF36
3583,Vespa velutina,NL,NA,gbif,4.95,52.45,0.9731207847595216,848,-3,116,Cool Temperate,Moist,Cropland,Plains,Cool Temperate Moist,29,153,10,Cool Temperate Moist Cropland on Plains,#1D990A
3584,Vespa velutina,NA,"Place du Général Ingold, Paris, Ile-de-France, FR",inat,2.38,48.87,1.144812488555908,641,62,169,Warm Temperate,Moist,Settlement,Hills,Warm Temperate Moist,136,158,52,Warm Temperate Moist Settlement on Hills,#889E34
3585,Vespa velutina,NA,"Horta, Horta-Guinardó, Barcelona, España",inat,2.15,41.43,1.5362238883972168,635,206,172,Warm Temperate,Moist,Settlement,Mountains,Warm Temperate Moist,105,89,18,Warm Temperate Moist Settlement on Mountains,#695912
3586,Vespa velutina,NL,NA,gbif,3.8,51.4,1.0380054473876954,782,-1,116,Cool Temperate,Moist,Cropland,Plains,Cool Temperate Moist,29,153,10,Cool Temperate Moist Cropland on Plains,#1D990A
3587,Vespa velutina,NA,"81360 Montredon-Labessonnié, France",inat,2.34,43.73,1.1199937820434571,818,489,173,Warm Temperate,Moist,Cropland,Mountains,Warm Temperate Moist,100,150,37,Warm Temperate Moist Cropland on Mountains,#649625
3588,Vespa velutina,NA,"Rodingen Petingen, Luxemburg",inat,5.83,49.54,0.8987051963806152,976,307,105,Cool Temperate,Moist,Forest,Hills,Cool Temperate Moist,2,99,1,Cool Temperate Moist Forest on Hills,#026301
3589,Vespa velutina,BE,NA,gbif,3.72,51.05,1.0652593612670898,792,9,120,Cool Temperate,Moist,Settlement,Plains,Cool Temperate Moist,78,119,2,Cool Temperate Moist Settlement on Plains,#4E7702
3590,Vespa velutina,BE,NA,gbif,4.58,51.14,1.0294468879699707,777,5,111,Cool Temperate,Moist,Forest,Plains,Cool Temperate Moist,1,109,0,Cool Temperate Moist Forest on Plains,#016D00
3591,Vespa velutina,BE,NA,gbif,5.24,50.83,1.0078781127929688,800,49,116,Cool Temperate,Moist,Cropland,Plains,Cool Temperate Moist,29,153,10,Cool Temperate Moist Cropland on Plains,#1D990A
3592,Vespa velutina,BE,NA,gbif,4.2,51.13,1.0402281761169434,786,14,120,Cool Temperate,Moist,Settlement,Plains,Cool Temperate Moist,78,119,2,Cool Temperate Moist Settlement on Plains,#4E7702
3593,Vespa velutina,BE,NA,gbif,3.08,51.3,1.0130767822265625,758,-3,120,Cool Temperate,Moist,Settlement,Plains,Cool Temperate Moist,78,119,2,Cool Temperate Moist Settlement on Plains,#4E7702
3594,Vespa velutina,NA,"Bel-Air, 75012 Paris, France",inat,2.43,48.84,1.144812488555908,641,73,161,Warm Temperate,Moist,Settlement,Plains,Warm Temperate Moist,163,170,28,Warm Temperate Moist Settlement on Plains,#A3AA1C
3595,Vespa velutina,NL,NA,gbif,5.6,51.65,0.9889708518981932,754,11,116,Cool Temperate,Moist,Cropland,Plains,Cool Temperate Moist,29,153,10,Cool Temperate Moist Cropland on Plains,#1D990A
3596,Vespa velutina,NL,NA,gbif,3.85,51.5,1.0314996719360352,800,-2,116,Cool Temperate,Moist,Cropland,Plains,Cool Temperate Moist,29,153,10,Cool Temperate Moist Cropland on Plains,#1D990A
3597,Vespa velutina,NA,"Bernissart, Hainaut, BE",inat,3.69,50.47,1.0056135177612304,762,25,116,Cool Temperate,Moist,Cropland,Plains,Cool Temperate Moist,29,153,10,Cool Temperate Moist Cropland on Plains,#1D990A
3598,Vespa velutina,BE,NA,gbif,3.71,51.06,1.0652593612670898,792,8,120,Cool Temperate,Moist,Settlement,Plains,Cool Temperate Moist,78,119,2,Cool Temperate Moist Settlement on Plains,#4E7702
3599,Vespa velutina,NA,"Rue de l'Industrie, Helmsingen, Distrikt Luxemburg, LU",inat,6.14,49.66,0.9220864295959472,866,308,105,Cool Temperate,Moist,Forest,Hills,Cool Temperate Moist,2,99,1,Cool Temperate Moist Forest on Hills,#026301
3600,Vespa velutina,NA,"Georges Brassens, Paris, France",inat,2.3,48.83,1.1138312339782714,643,64,169,Warm Temperate,Moist,Settlement,Hills,Warm Temperate Moist,136,158,52,Warm Temperate Moist Settlement on Hills,#889E34
3601,Vespa velutina,BE,NA,gbif,5.1,51.21,1.0263051986694336,792,26,116,Cool Temperate,Moist,Cropland,Plains,Cool Temperate Moist,29,153,10,Cool Temperate Moist Cropland on Plains,#1D990A
3602,Vespa velutina,NL,NA,gbif,4.85,51.4,0.9976905822753906,802,21,116,Cool Temperate,Moist,Cropland,Plains,Cool Temperate Moist,29,153,10,Cool Temperate Moist Cropland on Plains,#1D990A
3603,Vespa velutina,BE,NA,gbif,2.64,51.1,1.0126445770263672,686,4,120,Cool Temperate,Moist,Settlement,Plains,Cool Temperate Moist,78,119,2,Cool Temperate Moist Settlement on Plains,#4E7702
3604,Vespa velutina,BE,NA,gbif,4.21,50.9,1.029301071166992,790,59,120,Cool Temperate,Moist,Settlement,Plains,Cool Temperate Moist,78,119,2,Cool Temperate Moist Settlement on Plains,#4E7702
3605,Vespa velutina,BE,NA,gbif,4.21,50.72,1.0301885604858398,788,49,108,Cool Temperate,Moist,Settlement,Hills,Cool Temperate Moist,67,109,14,Cool Temperate Moist Settlement on Hills,#436D0E
3606,Vespa velutina,BE,NA,gbif,4.37,51.08,1.039146900177002,785,6,120,Cool Temperate,Moist,Settlement,Plains,Cool Temperate Moist,78,119,2,Cool Temperate Moist Settlement on Plains,#4E7702
3607,Vespa velutina,BE,NA,gbif,3.72,51.04,1.0652593612670898,792,9,120,Cool Temperate,Moist,Settlement,Plains,Cool Temperate Moist,78,119,2,Cool Temperate Moist Settlement on Plains,#4E7702
3608,Vespa velutina,BE,NA,gbif,3.09,51.06,1.0103198051452638,773,21,116,Cool Temperate,Moist,Cropland,Plains,Cool Temperate Moist,29,153,10,Cool Temperate Moist Cropland on Plains,#1D990A
3609,Vespa velutina,BE,NA,gbif,3.2,51.13,1.017953109741211,799,12,116,Cool Temperate,Moist,Cropland,Plains,Cool Temperate Moist,29,153,10,Cool Temperate Moist Cropland on Plains,#1D990A
3610,Vespa velutina,NA,"16210 Bellon, France",inat,0.1,45.32,1.2632073402404784,894,84,168,Warm Temperate,Moist,Cropland,Hills,Warm Temperate Moist,112,198,86,Warm Temperate Moist Cropland on Hills,#70C656
3611,Vespa velutina,NA,"AC-453, Ames, La Coruña, ES",inat,-8.64,42.89,1.3204468727111816,1585,130,173,Warm Temperate,Moist,Cropland,Mountains,Warm Temperate Moist,100,150,37,Warm Temperate Moist Cropland on Mountains,#649625
3612,Vespa velutina,DE,NA,gbif,8.38,49.01,1.0572250366210938,765,119,161,Warm Temperate,Moist,Settlement,Plains,Warm Temperate Moist,163,170,28,Warm Temperate Moist Settlement on Plains,#A3AA1C
3613,Vespa velutina,NA,"Kortumstraße, Essen, Nordrhein-Westfalen, DE",inat,7,51.44,0.9963427543640136,967,112,108,Cool Temperate,Moist,Settlement,Hills,Cool Temperate Moist,67,109,14,Cool Temperate Moist Settlement on Hills,#436D0E
3614,Vespa velutina,BE,NA,gbif,3.3,50.87,1.0385656356811523,780,15,160,Warm Temperate,Moist,Cropland,Plains,Warm Temperate Moist,105,207,54,Warm Temperate Moist Cropland on Plains,#69CF36
3615,Vespa velutina,NA,"Saint-Maurice, Amiens, France",inat,2.3,49.9,1.0257604598999024,680,45,169,Warm Temperate,Moist,Settlement,Hills,Warm Temperate Moist,136,158,52,Warm Temperate Moist Settlement on Hills,#889E34
3616,Vespa velutina,NA,"44410 Herbignac, France",inat,-2.37,47.46,1.2530908584594729,812,36,160,Warm Temperate,Moist,Cropland,Plains,Warm Temperate Moist,105,207,54,Warm Temperate Moist Cropland on Plains,#69CF36
3617,Vespa velutina,BE,NA,gbif,4.06,50.79,1.018050003051758,787,40,114,Cool Temperate,Moist,Grassland,Hills,Cool Temperate Moist,22,124,10,Cool Temperate Moist Grassland on Hills,#167C0A
3618,Vespa velutina,NA,"Parc Naturel Régional du Marais Poitevin - Siège Administratif du Parc, Mareuil-sur-Lay-Dissais, Pays de la Loire, FR",inat,-1.22,46.53,1.217881202697754,766,25,160,Warm Temperate,Moist,Cropland,Plains,Warm Temperate Moist,105,207,54,Warm Temperate Moist Cropland on Plains,#69CF36
3619,Vespa velutina,NA,"Begraafplaats - Wemmel, Wemmel, Flemish Brabant, BE",inat,4.3,50.91,1.029301071166992,790,55,120,Cool Temperate,Moist,Settlement,Plains,Cool Temperate Moist,78,119,2,Cool Temperate Moist Settlement on Plains,#4E7702
3620,Vespa velutina,NL,NA,gbif,3.85,51.3,1.0390030860900878,773,2,120,Cool Temperate,Moist,Settlement,Plains,Cool Temperate Moist,78,119,2,Cool Temperate Moist Settlement on Plains,#4E7702
3621,Vespa velutina,NA,"4356 AX Oostkapelle, Nederland",inat,3.55,51.57,1.0425701141357422,767,-2,116,Cool Temperate,Moist,Cropland,Plains,Cool Temperate Moist,29,153,10,Cool Temperate Moist Cropland on Plains,#1D990A
3622,Vespa velutina,NA,"Chasseneuil-du-Poitou, France",inat,0.37,46.65,1.1428437232971191,694,86,161,Warm Temperate,Moist,Settlement,Plains,Warm Temperate Moist,163,170,28,Warm Temperate Moist Settlement on Plains,#A3AA1C
3623,Vespa velutina,NL,NA,gbif,4.65,52.05,0.96343231201171875,842,-3,120,Cool Temperate,Moist,Settlement,Plains,Cool Temperate Moist,78,119,2,Cool Temperate Moist Settlement on Plains,#4E7702
3624,Vespa velutina,BE,NA,gbif,4.46,51.15,1.039146900177002,785,18,120,Cool Temperate,Moist,Settlement,Plains,Cool Temperate Moist,78,119,2,Cool Temperate Moist Settlement on Plains,#4E7702
3625,Vespa velutina,NL,NA,gbif,6,51.2,1.0026583671569824,734,24,120,Cool Temperate,Moist,Settlement,Plains,Cool Temperate Moist,78,119,2,Cool Temperate Moist Settlement on Plains,#4E7702
3626,Vespa velutina,BE,NA,gbif,4.45,51.13,1.039146900177002,785,19,120,Cool Temperate,Moist,Settlement,Plains,Cool Temperate Moist,78,119,2,Cool Temperate Moist Settlement on Plains,#4E7702
3627,Vespa velutina,BE,NA,gbif,3.89,50.77,1.0213645935058593,779,32,110,Cool Temperate,Moist,Cropland,Hills,Cool Temperate Moist,33,144,30,Cool Temperate Moist Cropland on Hills,#21901E
3628,Vespa velutina,NA,"3063 Ittigen, Schweiz",inat,7.48,46.97,0.844139575958252,1079,566,97,Cool Temperate,Moist,Forest,Mountains,Cool Temperate Moist,6,64,0,Cool Temperate Moist Forest on Mountains,#064000
3629,Vespa velutina,NA,"Ceinture Um Schlass, Hesperange, District Luxembourg, LU",inat,6.15,49.57,0.9220864295959472,866,282,108,Cool Temperate,Moist,Settlement,Hills,Cool Temperate Moist,67,109,14,Cool Temperate Moist Settlement on Hills,#436D0E
3630,Vespa velutina,NA,"Impasse du Mechin, Saint-Germain-au-Mont-d'Or, Auvergne-Rhône-Alpes, FR",inat,4.81,45.88,1.1412500381469726,822,263,173,Warm Temperate,Moist,Cropland,Mountains,Warm Temperate Moist,100,150,37,Warm Temperate Moist Cropland on Mountains,#649625
3631,Vespa velutina,NL,NA,gbif,3.85,51.3,1.0390030860900878,773,2,120,Cool Temperate,Moist,Settlement,Plains,Cool Temperate Moist,78,119,2,Cool Temperate Moist Settlement on Plains,#4E7702
3632,Vespa velutina,BE,NA,gbif,3.13,50.93,1.016388511657715,761,21,120,Cool Temperate,Moist,Settlement,Plains,Cool Temperate Moist,78,119,2,Cool Temperate Moist Settlement on Plains,#4E7702
3633,Vespa velutina,NL,NA,gbif,5.65,50.8,0.9857937812805176,820,97,102,Cool Temperate,Moist,Cropland,Tablelands,Cool Temperate Moist,99,97,160,Cool Temperate Moist Cropland on Tablelands,#6361A0
3634,Vespa velutina,BE,NA,gbif,3.34,50.81,1.0314833641052246,767,26,120,Cool Temperate,Moist,Settlement,Plains,Cool Temperate Moist,78,119,2,Cool Temperate Moist Settlement on Plains,#4E7702
3635,Vespa velutina,BE,NA,gbif,3.2,51.23,1.029801559448242,783,4,116,Cool Temperate,Moist,Cropland,Plains,Cool Temperate Moist,29,153,10,Cool Temperate Moist Cropland on Plains,#1D990A
3636,Vespa velutina,BE,NA,gbif,4.59,50.98,1.0223458290100098,773,8,159,Warm Temperate,Moist,Grassland,Plains,Warm Temperate Moist,91,184,24,Warm Temperate Moist Grassland on Plains,#5BB818
3637,Vespa velutina,NL,NA,gbif,5.95,51.2,1.0021281242370603,732,18,NA,NA,NA,NA,NA,NA,NA,NA,NA,NA,NA
3638,Vespa velutina,NA,"Sc.El.Levanto, 19015 Levanto SP, Italia",inat,9.61,44.17,1.1865628242492676,1398,145,NA,NA,NA,NA,NA,NA,NA,NA,NA,NA,NA
3639,Vespa velutina,BE,NA,gbif,4.25,51.12,1.0402281761169434,786,7,NA,NA,NA,NA,NA,NA,NA,NA,NA,NA,NA
3640,Vespa velutina,NA,"Rue Iecker, Bartringen, Distrikt Luxemburg, LU",inat,6.05,49.61,0.9220864295959472,866,299,108,Cool Temperate,Moist,Settlement,Hills,Cool Temperate Moist,67,109,14,Cool Temperate Moist Settlement on Hills,#436D0E
3641,Vespa velutina,NA,"Rue des Terres St-Denis, Haravilliers, Île-de-France, FR",inat,2.02,49.17,1.0189791679382325,676,165,110,Cool Temperate,Moist,Cropland,Hills,Cool Temperate Moist,33,144,30,Cool Temperate Moist Cropland on Hills,#21901E
3642,Vespa velutina,DE,NA,gbif,7.67,47.72,0.7811521053314209,1405,461,103,Cool Temperate,Moist,Cropland,Mountains,Cool Temperate Moist,33,102,5,Cool Temperate Moist Cropland on Mountains,#216605
3643,Vespa velutina,NA,"Séné, France",inat,-2.77,47.62,1.247945785522461,850,8,NA,NA,NA,NA,NA,NA,NA,NA,NA,NA,NA
3644,Vespa velutina,NA,"Universidade - Crasto, 3810-193, Portugal",inat,-8.66,40.62,1.4932135581970214,978,8,161,Warm Temperate,Moist,Settlement,Plains,Warm Temperate Moist,163,170,28,Warm Temperate Moist Settlement on Plains,#A3AA1C
3645,Vespa velutina,NA,"06740 Châteauneuf-Grasse, France",inat,6.98,43.66,1.4293789863586426,851,265,171,Warm Temperate,Moist,Grassland,Mountains,Warm Temperate Moist,86,129,14,Warm Temperate Moist Grassland on Mountains,#56810E
3646,Vespa velutina,BE,NA,gbif,4.44,51.3,1.0570364952087403,798,9,120,Cool Temperate,Moist,Settlement,Plains,Cool Temperate Moist,78,119,2,Cool Temperate Moist Settlement on Plains,#4E7702
3647,Vespa velutina,NA,"Casa Miguel, Curriño, 15318 Abegondo, La Coruña, España",inat,-8.27,43.25,1.3617420196533203,1240,72,173,Warm Temperate,Moist,Cropland,Mountains,Warm Temperate Moist,100,150,37,Warm Temperate Moist Cropland on Mountains,#649625
3648,Vespa velutina,BE,NA,gbif,3.71,51.03,1.0652593612670898,792,9,120,Cool Temperate,Moist,Settlement,Plains,Cool Temperate Moist,78,119,2,Cool Temperate Moist Settlement on Plains,#4E7702
3649,Vespa velutina,NA,"01013 Vitoria-Gasteiz, Álava, España",inat,-2.64,42.86,1.1061979293823243,888,514,166,Warm Temperate,Moist,Forest,Plains,Warm Temperate Moist,45,158,6,Warm Temperate Moist Forest on Plains,#2D9E06
3650,Vespa velutina,NA,"Parc Naturel Régional du Marais Poitevin - Siège Administratif du Parc, Sansais, Nouvelle-Aquitaine, FR",inat,-0.58,46.27,1.2371593475341798,804,15,160,Warm Temperate,Moist,Cropland,Plains,Warm Temperate Moist,105,207,54,Warm Temperate Moist Cropland on Plains,#69CF36
3651,Vespa velutina,NL,NA,gbif,6,51.35,1.005424976348877,735,31,116,Cool Temperate,Moist,Cropland,Plains,Cool Temperate Moist,29,153,10,Cool Temperate Moist Cropland on Plains,#1D990A
3652,Vespa velutina,BE,NA,gbif,4.29,50.84,1.029301071166992,790,43,108,Cool Temperate,Moist,Settlement,Hills,Cool Temperate Moist,67,109,14,Cool Temperate Moist Settlement on Hills,#436D0E
3653,Vespa velutina,BE,NA,gbif,4.69,50.99,1.0381396293640135,765,10,116,Cool Temperate,Moist,Cropland,Plains,Cool Temperate Moist,29,153,10,Cool Temperate Moist Cropland on Plains,#1D990A
3654,Vespa velutina,NL,NA,gbif,5.75,51,1.0079051971435546,754,32,116,Cool Temperate,Moist,Cropland,Plains,Cool Temperate Moist,29,153,10,Cool Temperate Moist Cropland on Plains,#1D990A
3655,Vespa velutina,NA,"Manderveenstraat, Tilburg, North Brabant, NL",inat,4.99,51.59,0.9868624687194824,799,6,120,Cool Temperate,Moist,Settlement,Plains,Cool Temperate Moist,78,119,2,Cool Temperate Moist Settlement on Plains,#4E7702
3656,Vespa velutina,NA,"D-Himmelgeist, Friedhof, 40589 Düsseldorf, Deutschland",inat,6.8,51.17,1.0587124824523926,788,38,NA,NA,NA,NA,NA,NA,NA,NA,NA,NA,NA
3657,Vespa velutina,NA,"Barcelona, Espanya",inat,2.1,41.51,1.4473604202270507,676,156,184,Warm Temperate,Dry,Cropland,Mountains,Warm Temperate Dry,141,179,80,Warm Temperate Dry Cropland on Mountains,#8DB350
3658,Vespa velutina,BE,NA,gbif,4.23,51.13,1.0402281761169434,786,11,120,Cool Temperate,Moist,Settlement,Plains,Cool Temperate Moist,78,119,2,Cool Temperate Moist Settlement on Plains,#4E7702
3659,Vespa velutina,FR,NA,gbif,-0.16,43.08,1.1778489112854005,1049,687,176,Warm Temperate,Moist,Forest,Mountains,Warm Temperate Moist,49,105,3,Warm Temperate Moist Forest on Mountains,#316903
3660,Vespa velutina,NA,"Canton de Colmar-1, France",inat,7.33,48.06,0.9235551834106446,841,181,160,Warm Temperate,Moist,Cropland,Plains,Warm Temperate Moist,105,207,54,Warm Temperate Moist Cropland on Plains,#69CF36
3661,Vespa velutina,NA,"An der Burg, Geilenkirchen, North Rhine-Westphalia, DE",inat,6.06,50.98,0.990902042388916,782,79,116,Cool Temperate,Moist,Cropland,Plains,Cool Temperate Moist,29,153,10,Cool Temperate Moist Cropland on Plains,#1D990A
3662,Vespa velutina,BE,NA,gbif,4.18,50.87,1.029301071166992,790,32,120,Cool Temperate,Moist,Settlement,Plains,Cool Temperate Moist,78,119,2,Cool Temperate Moist Settlement on Plains,#4E7702
3663,Vespa velutina,BE,NA,gbif,4.06,51.24,1.0351354598999023,797,6,116,Cool Temperate,Moist,Cropland,Plains,Cool Temperate Moist,29,153,10,Cool Temperate Moist Cropland on Plains,#1D990A
3664,Vespa velutina,BE,NA,gbif,4.32,51.35,1.0319975852966308,791,3,120,Cool Temperate,Moist,Settlement,Plains,Cool Temperate Moist,78,119,2,Cool Temperate Moist Settlement on Plains,#4E7702
3665,Vespa velutina,NA,"Grand-Rue, Montreux, VD, CH",inat,6.91,46.44,0.839759349822998,1314,564,172,Warm Temperate,Moist,Settlement,Mountains,Warm Temperate Moist,105,89,18,Warm Temperate Moist Settlement on Mountains,#695912
3666,Vespa velutina,NA,"Castellbisbal, Barcelona, España",inat,1.95,41.49,1.4701176643371583,644,113,184,Warm Temperate,Dry,Cropland,Mountains,Warm Temperate Dry,141,179,80,Warm Temperate Dry Cropland on Mountains,#8DB350
3667,Vespa velutina,NA,"5954 Itzig Hesperingen, Luxemburg",inat,6.17,49.59,0.9219437599182128,824,295,108,Cool Temperate,Moist,Settlement,Hills,Cool Temperate Moist,67,109,14,Cool Temperate Moist Settlement on Hills,#436D0E
3668,Vespa velutina,BE,NA,gbif,3.8,50.5,1.0056135177612304,762,73,116,Cool Temperate,Moist,Cropland,Plains,Cool Temperate Moist,29,153,10,Cool Temperate Moist Cropland on Plains,#1D990A
3669,Vespa velutina,BE,NA,gbif,4.38,50.87,1.0497979164123534,783,33,169,Warm Temperate,Moist,Settlement,Hills,Warm Temperate Moist,136,158,52,Warm Temperate Moist Settlement on Hills,#889E34
3670,Vespa velutina,BE,NA,gbif,4.38,50.81,1.0074718475341795,805,101,105,Cool Temperate,Moist,Forest,Hills,Cool Temperate Moist,2,99,1,Cool Temperate Moist Forest on Hills,#026301
3671,Vespa velutina,NA,"64673 Zwingenberg, Deutschland",inat,8.61,49.72,1.022700023651123,684,111,113,Cool Temperate,Moist,Settlement,Mountains,Cool Temperate Moist,61,67,0,Cool Temperate Moist Settlement on Mountains,#3D4300
3672,Vespa velutina,BE,NA,gbif,3.26,50.93,1.0385656356811523,780,16,116,Cool Temperate,Moist,Cropland,Plains,Cool Temperate Moist,29,153,10,Cool Temperate Moist Cropland on Plains,#1D990A
3673,Vespa velutina,BE,NA,gbif,4.5,51,1.0223458290100098,773,8,116,Cool Temperate,Moist,Cropland,Plains,Cool Temperate Moist,29,153,10,Cool Temperate Moist Cropland on Plains,#1D990A
3674,Vespa velutina,BE,NA,gbif,4.66,50.86,1.0223458290100098,773,44,108,Cool Temperate,Moist,Settlement,Hills,Cool Temperate Moist,67,109,14,Cool Temperate Moist Settlement on Hills,#436D0E
3675,Vespa velutina,NL,NA,gbif,4.3,52.05,0.9714204788208008,837,2,120,Cool Temperate,Moist,Settlement,Plains,Cool Temperate Moist,78,119,2,Cool Temperate Moist Settlement on Plains,#4E7702
3676,Vespa velutina,NA,"Alsdorf, Kellersberg Husemannstraße, 52477 Alsdorf, Deutschland",inat,6.16,50.87,0.990902042388916,782,157,129,Cool Temperate,Moist,Settlement,Tablelands,Cool Temperate Moist,47,63,130,Cool Temperate Moist Settlement on Tablelands,#2F3F82
3677,Vespa velutina,NA,"Ourense, España",inat,-7.64,42.16,1.155284404754639,1604,632,173,Warm Temperate,Moist,Cropland,Mountains,Warm Temperate Moist,100,150,37,Warm Temperate Moist Cropland on Mountains,#649625
3678,Vespa velutina,BE,NA,gbif,4.01,50.83,1.018050003051758,787,28,116,Cool Temperate,Moist,Cropland,Plains,Cool Temperate Moist,29,153,10,Cool Temperate Moist Cropland on Plains,#1D990A
3679,Vespa velutina,BE,NA,gbif,4.25,50.85,1.029301071166992,790,56,116,Cool Temperate,Moist,Cropland,Plains,Cool Temperate Moist,29,153,10,Cool Temperate Moist Cropland on Plains,#1D990A
3680,Vespa velutina,NA,"Karl-Bosch-Straße, Köln, Nordrhein-Westfalen, DE",inat,6.88,50.97,1.0670458793640136,745,52,161,Warm Temperate,Moist,Settlement,Plains,Warm Temperate Moist,163,170,28,Warm Temperate Moist Settlement on Plains,#A3AA1C
3681,Vespa velutina,BE,NA,gbif,5.73,51,1.0079051971435546,754,34,116,Cool Temperate,Moist,Cropland,Plains,Cool Temperate Moist,29,153,10,Cool Temperate Moist Cropland on Plains,#1D990A
3682,Vespa velutina,NA,"Rue de la Charité, Montpellier, Occitanie, FR",inat,3.88,43.62,1.481810665130615,645,43,169,Warm Temperate,Moist,Settlement,Hills,Warm Temperate Moist,136,158,52,Warm Temperate Moist Settlement on Hills,#889E34
3683,Vespa velutina,NA,"Coimbra, PT",inat,-8.56,40.35,1.510797882080078,951,84,168,Warm Temperate,Moist,Cropland,Hills,Warm Temperate Moist,112,198,86,Warm Temperate Moist Cropland on Hills,#70C656
3684,Vespa velutina,BE,NA,gbif,3.54,50.99,1.0466250419616698,795,8,116,Cool Temperate,Moist,Cropland,Plains,Cool Temperate Moist,29,153,10,Cool Temperate Moist Cropland on Plains,#1D990A
3685,Vespa velutina,BE,NA,gbif,4.28,50.79,1.0301885604858398,788,26,120,Cool Temperate,Moist,Settlement,Plains,Cool Temperate Moist,78,119,2,Cool Temperate Moist Settlement on Plains,#4E7702
3686,Vespa velutina,NL,NA,gbif,5.65,50.8,0.9857937812805176,820,97,102,Cool Temperate,Moist,Cropland,Tablelands,Cool Temperate Moist,99,97,160,Cool Temperate Moist Cropland on Tablelands,#6361A0
3687,Vespa velutina,NA,"Calle Mayor, Arija, Burgos, ES",inat,-3.96,42.99,1.025519752502441,787,857,NA,NA,NA,NA,NA,NA,NA,NA,NA,NA,NA
3688,Vespa velutina,NA,"Pont de Neuilly, Neuilly-sur-Seine, Île-de-France, FR",inat,2.25,48.89,1.160487461090088,632,41,169,Warm Temperate,Moist,Settlement,Hills,Warm Temperate Moist,136,158,52,Warm Temperate Moist Settlement on Hills,#889E34
3689,Vespa velutina,NL,NA,gbif,4.75,51.55,1.0014093399047852,815,7,128,Cool Temperate,Moist,Grassland,Plains,Cool Temperate Moist,22,133,0,Cool Temperate Moist Grassland on Plains,#168500
3690,Vespa velutina,NA,"80200 Péronne, France",inat,2.93,49.93,1.001896858215332,665,56,108,Cool Temperate,Moist,Settlement,Hills,Cool Temperate Moist,67,109,14,Cool Temperate Moist Settlement on Hills,#436D0E
3691,Vespa velutina,NA,"Rangueil, Toulouse, France",inat,1.47,43.56,1.3110468864440918,683,169,169,Warm Temperate,Moist,Settlement,Hills,Warm Temperate Moist,136,158,52,Warm Temperate Moist Settlement on Hills,#889E34
3692,Vespa velutina,NA,"Boulevard St-Denis, Courbevoie, Île-de-France, FR",inat,2.27,48.9,1.160487461090088,632,40,161,Warm Temperate,Moist,Settlement,Plains,Warm Temperate Moist,163,170,28,Warm Temperate Moist Settlement on Plains,#A3AA1C
3693,Vespa velutina,NL,NA,gbif,4.7,51.8,0.9918021202087404,806,0,120,Cool Temperate,Moist,Settlement,Plains,Cool Temperate Moist,78,119,2,Cool Temperate Moist Settlement on Plains,#4E7702
3694,Vespa velutina,NA,"Soutomaior, 36690 Pontevedra, Spain",inat,-8.61,42.35,1.3624034881591798,1700,101,NA,NA,NA,NA,NA,NA,NA,NA,NA,NA,NA
3695,Vespa velutina,BE,NA,gbif,3.55,50.78,1.0210312843322753,786,62,110,Cool Temperate,Moist,Cropland,Hills,Cool Temperate Moist,33,144,30,Cool Temperate Moist Cropland on Hills,#21901E
3696,Vespa velutina,BE,NA,gbif,3.15,51.15,1.0103198051452638,773,11,116,Cool Temperate,Moist,Cropland,Plains,Cool Temperate Moist,29,153,10,Cool Temperate Moist Cropland on Plains,#1D990A
3697,Vespa velutina,BE,NA,gbif,5.13,50.78,1.0245490074157717,768,72,116,Cool Temperate,Moist,Cropland,Plains,Cool Temperate Moist,29,153,10,Cool Temperate Moist Cropland on Plains,#1D990A
3698,Vespa velutina,NA,"1325 HR Almere, Nederland",inat,5.23,52.37,0.9625198364257812,797,-1,120,Cool Temperate,Moist,Settlement,Plains,Cool Temperate Moist,78,119,2,Cool Temperate Moist Settlement on Plains,#4E7702
3699,Vespa velutina,NA,"33950 Lège-Cap-Ferret, Frankreich",inat,-1.24,44.71,1.30139102935791,945,-4,166,Warm Temperate,Moist,Forest,Plains,Warm Temperate Moist,45,158,6,Warm Temperate Moist Forest on Plains,#2D9E06
3700,Vespa velutina,NL,NA,gbif,4.65,51.5,1.0171833038330078,811,10,116,Cool Temperate,Moist,Cropland,Plains,Cool Temperate Moist,29,153,10,Cool Temperate Moist Cropland on Plains,#1D990A
3701,Vespa velutina,BE,NA,gbif,4.41,51.22,1.0570364952087403,798,6,161,Warm Temperate,Moist,Settlement,Plains,Warm Temperate Moist,163,170,28,Warm Temperate Moist Settlement on Plains,#A3AA1C
3702,Vespa velutina,BE,NA,gbif,4.46,51.16,1.039146900177002,785,16,120,Cool Temperate,Moist,Settlement,Plains,Cool Temperate Moist,78,119,2,Cool Temperate Moist Settlement on Plains,#4E7702
3703,Vespa velutina,BE,NA,gbif,4.27,51.13,1.0402281761169434,786,11,120,Cool Temperate,Moist,Settlement,Plains,Cool Temperate Moist,78,119,2,Cool Temperate Moist Settlement on Plains,#4E7702
3704,Vespa velutina,BE,NA,gbif,4.63,51.26,1.0279624938964844,800,15,116,Cool Temperate,Moist,Cropland,Plains,Cool Temperate Moist,29,153,10,Cool Temperate Moist Cropland on Plains,#1D990A
3705,Vespa velutina,NA,"Traverse du Château, Saint-Gilles, Occitanie, FR",inat,4.43,43.68,1.48746976852417,744,13,169,Warm Temperate,Moist,Settlement,Hills,Warm Temperate Moist,136,158,52,Warm Temperate Moist Settlement on Hills,#889E34
3706,Vespa velutina,NA,"LAIZE-CLINCHAMPS - CLINCHAMPS-SUR-ORNE_Le Village, 14320 Laize-Clinchamps, France",inat,-0.4,49.08,1.0941916465759278,766,64,168,Warm Temperate,Moist,Cropland,Hills,Warm Temperate Moist,112,198,86,Warm Temperate Moist Cropland on Hills,#70C656
3707,Vespa velutina,NA,"Saint-Sulpice, 53360 La Roche-Neuville, France",inat,-0.72,47.91,1.1493781089782715,740,64,160,Warm Temperate,Moist,Cropland,Plains,Warm Temperate Moist,105,207,54,Warm Temperate Moist Cropland on Plains,#69CF36
3708,Vespa velutina,BE,NA,gbif,3.33,51,1.0385656356811523,780,31,120,Cool Temperate,Moist,Settlement,Plains,Cool Temperate Moist,78,119,2,Cool Temperate Moist Settlement on Plains,#4E7702
3709,Vespa velutina,BE,NA,gbif,3.77,50.95,1.0391103744506835,795,28,116,Cool Temperate,Moist,Cropland,Plains,Cool Temperate Moist,29,153,10,Cool Temperate Moist Cropland on Plains,#1D990A
3710,Vespa velutina,BE,NA,gbif,3.29,51.13,1.017953109741211,799,12,116,Cool Temperate,Moist,Cropland,Plains,Cool Temperate Moist,29,153,10,Cool Temperate Moist Cropland on Plains,#1D990A
3711,Vespa velutina,NA,"Vila Nova de Gaia, Portugal",inat,-8.59,41.12,1.4505515098571775,1231,97,169,Warm Temperate,Moist,Settlement,Hills,Warm Temperate Moist,136,158,52,Warm Temperate Moist Settlement on Hills,#889E34
3712,Vespa velutina,NL,NA,gbif,5.25,51.65,0.9838749885559082,773,7,111,Cool Temperate,Moist,Forest,Plains,Cool Temperate Moist,1,109,0,Cool Temperate Moist Forest on Plains,#016D00
3713,Vespa velutina,NL,NA,gbif,5.35,51.4,0.9980051994323732,773,27,116,Cool Temperate,Moist,Cropland,Plains,Cool Temperate Moist,29,153,10,Cool Temperate Moist Cropland on Plains,#1D990A
3714,Vespa velutina,NA,"Rua Cap Luís Gonzaga, Coimbra, Centro, PT",inat,-8.41,40.22,1.5525750160217284,987,89,172,Warm Temperate,Moist,Settlement,Mountains,Warm Temperate Moist,105,89,18,Warm Temperate Moist Settlement on Mountains,#695912
3715,Vespa velutina,NA,"Gent, 9000 Gent, België",inat,3.73,51.06,1.0652593612670898,792,8,120,Cool Temperate,Moist,Settlement,Plains,Cool Temperate Moist,78,119,2,Cool Temperate Moist Settlement on Plains,#4E7702
3716,Vespa velutina,NA,"Harmignies, 7022 Mons, Belgique",inat,4.02,50.39,1.0019427299499513,791,61,114,Cool Temperate,Moist,Grassland,Hills,Cool Temperate Moist,22,124,10,Cool Temperate Moist Grassland on Hills,#167C0A
3717,Vespa velutina,FR,NA,gbif,3.89,43.63,1.481810665130615,645,41,169,Warm Temperate,Moist,Settlement,Hills,Warm Temperate Moist,136,158,52,Warm Temperate Moist Settlement on Hills,#889E34
3718,Vespa velutina,NA,"21110 Magny-sur-Tille, France",inat,5.17,47.3,1.0713010787963868,819,211,160,Warm Temperate,Moist,Cropland,Plains,Warm Temperate Moist,105,207,54,Warm Temperate Moist Cropland on Plains,#69CF36
3719,Vespa velutina,BE,NA,gbif,3.6,51.15,1.041869831085205,812,5,120,Cool Temperate,Moist,Settlement,Plains,Cool Temperate Moist,78,119,2,Cool Temperate Moist Settlement on Plains,#4E7702
3720,Vespa velutina,NA,"Passeig del Pi Forcat, Barcelona, Barcelona, ES",inat,2.09,41.42,1.5362238883972168,635,323,176,Warm Temperate,Moist,Forest,Mountains,Warm Temperate Moist,49,105,3,Warm Temperate Moist Forest on Mountains,#316903
3721,Vespa velutina,BE,NA,gbif,3.01,50.84,1.016388511657715,761,37,116,Cool Temperate,Moist,Cropland,Plains,Cool Temperate Moist,29,153,10,Cool Temperate Moist Cropland on Plains,#1D990A
3722,Vespa velutina,NA,"Rue de la Piscine, Redange, District Diekirch, LU",inat,5.9,49.77,0.8880406379699707,893,282,108,Cool Temperate,Moist,Settlement,Hills,Cool Temperate Moist,67,109,14,Cool Temperate Moist Settlement on Hills,#436D0E
3723,Vespa velutina,NA,"Innenstadt I, Frankfurt am Main, Deutschland",inat,8.67,50.11,1.014552116394043,674,111,161,Warm Temperate,Moist,Settlement,Plains,Warm Temperate Moist,163,170,28,Warm Temperate Moist Settlement on Plains,#A3AA1C
3724,Vespa velutina,NL,NA,gbif,3.9,51.5,1.0314996719360352,800,-1,120,Cool Temperate,Moist,Settlement,Plains,Cool Temperate Moist,78,119,2,Cool Temperate Moist Settlement on Plains,#4E7702
3725,Vespa velutina,BE,NA,gbif,4.47,50.93,1.0497979164123534,783,13,120,Cool Temperate,Moist,Settlement,Plains,Cool Temperate Moist,78,119,2,Cool Temperate Moist Settlement on Plains,#4E7702
3726,Vespa velutina,BE,NA,gbif,4.25,50.91,1.029301071166992,790,62,120,Cool Temperate,Moist,Settlement,Plains,Cool Temperate Moist,78,119,2,Cool Temperate Moist Settlement on Plains,#4E7702
3727,Vespa velutina,NA,Grund Luxemburg,inat,6.15,49.61,0.9220864295959472,866,295,110,Cool Temperate,Moist,Cropland,Hills,Cool Temperate Moist,33,144,30,Cool Temperate Moist Cropland on Hills,#21901E
3728,Vespa velutina,NA,"27190 La Bonneville-sur-Iton, France",inat,1.03,49,1.0204729080200194,651,122,101,Cool Temperate,Moist,Forest,Tablelands,Cool Temperate Moist,71,89,181,Cool Temperate Moist Forest on Tablelands,#4759B5
3729,Vespa velutina,NL,NA,gbif,4.4,51.5,1.0215239524841309,802,8,116,Cool Temperate,Moist,Cropland,Plains,Cool Temperate Moist,29,153,10,Cool Temperate Moist Cropland on Plains,#1D990A
3730,Vespa velutina,BE,NA,gbif,3.28,51.05,1.017953109741211,799,22,116,Cool Temperate,Moist,Cropland,Plains,Cool Temperate Moist,29,153,10,Cool Temperate Moist Cropland on Plains,#1D990A
3731,Vespa velutina,NL,NA,gbif,4.9,51.55,0.9868624687194824,799,14,116,Cool Temperate,Moist,Cropland,Plains,Cool Temperate Moist,29,153,10,Cool Temperate Moist Cropland on Plains,#1D990A
3732,Vespa velutina,NA,"Groesbeek, Nederland",inat,5.92,51.79,0.9752073287963868,758,79,109,Cool Temperate,Moist,Grassland,Tablelands,Cool Temperate Moist,78,92,155,Cool Temperate Moist Grassland on Tablelands,#4E5C9B
3733,Vespa velutina,NA,"Oliveira de Frades, Portugal",inat,-8.29,40.75,1.332868766784668,1409,219,176,Warm Temperate,Moist,Forest,Mountains,Warm Temperate Moist,49,105,3,Warm Temperate Moist Forest on Mountains,#316903
3734,Vespa velutina,BE,NA,gbif,3.87,50.87,1.0294885635375977,792,68,116,Cool Temperate,Moist,Cropland,Plains,Cool Temperate Moist,29,153,10,Cool Temperate Moist Cropland on Plains,#1D990A
3735,Vespa velutina,NA,"43500 Tortosa, Tarragona, Espanya",inat,0.49,40.84,1.4765447616577148,526,55,184,Warm Temperate,Dry,Cropland,Mountains,Warm Temperate Dry,141,179,80,Warm Temperate Dry Cropland on Mountains,#8DB350
3736,Vespa velutina,NA,"Île-de-France, FR",inat,2.29,48.77,1.1138312339782714,643,91,169,Warm Temperate,Moist,Settlement,Hills,Warm Temperate Moist,136,158,52,Warm Temperate Moist Settlement on Hills,#889E34
3737,Vespa velutina,BE,NA,gbif,4.72,51.08,1.0428604125976562,774,14,120,Cool Temperate,Moist,Settlement,Plains,Cool Temperate Moist,78,119,2,Cool Temperate Moist Settlement on Plains,#4E7702
3738,Vespa velutina,BE,NA,gbif,4.88,51.19,1.02982816696167,791,18,116,Cool Temperate,Moist,Cropland,Plains,Cool Temperate Moist,29,153,10,Cool Temperate Moist Cropland on Plains,#1D990A
3739,Vespa velutina,NA,"Olesa de Montserrat, Barcelona, Spain",inat,1.89,41.55,1.4234187126159668,646,185,185,Warm Temperate,Dry,Settlement,Mountains,Warm Temperate Dry,144,124,59,Warm Temperate Dry Settlement on Mountains,#907C3B
3740,Vespa velutina,NL,NA,gbif,5.3,51.65,0.9838749885559082,773,8,120,Cool Temperate,Moist,Settlement,Plains,Cool Temperate Moist,78,119,2,Cool Temperate Moist Settlement on Plains,#4E7702
3741,Vespa velutina,BE,NA,gbif,4.42,51.2,1.0570364952087403,798,12,161,Warm Temperate,Moist,Settlement,Plains,Warm Temperate Moist,163,170,28,Warm Temperate Moist Settlement on Plains,#A3AA1C
3742,Vespa velutina,NA,"X88W+3X Barrinha de Esmoriz, 4500 Espinho, Portugal",inat,-8.64,40.97,1.443885612487793,1143,12,168,Warm Temperate,Moist,Cropland,Hills,Warm Temperate Moist,112,198,86,Warm Temperate Moist Cropland on Hills,#70C656
3743,Vespa velutina,NA,"Rue Adrien Proby, Montpellier, Occitanie, FR",inat,3.86,43.63,1.481810665130615,645,55,169,Warm Temperate,Moist,Settlement,Hills,Warm Temperate Moist,136,158,52,Warm Temperate Moist Settlement on Hills,#889E34
3744,Vespa velutina,NL,NA,gbif,5.75,51.35,0.9874812126159668,737,27,116,Cool Temperate,Moist,Cropland,Plains,Cool Temperate Moist,29,153,10,Cool Temperate Moist Cropland on Plains,#1D990A
3745,Vespa velutina,NA,"Hérault, Languedoc-Roussillon, FR",inat,3.87,43.63,1.481810665130615,645,55,169,Warm Temperate,Moist,Settlement,Hills,Warm Temperate Moist,136,158,52,Warm Temperate Moist Settlement on Hills,#889E34
3746,Vespa velutina,BE,NA,gbif,4.38,50.93,1.0497979164123534,783,35,120,Cool Temperate,Moist,Settlement,Plains,Cool Temperate Moist,78,119,2,Cool Temperate Moist Settlement on Plains,#4E7702
3747,Vespa velutina,BE,NA,gbif,4.4,51.16,1.039146900177002,785,11,120,Cool Temperate,Moist,Settlement,Plains,Cool Temperate Moist,78,119,2,Cool Temperate Moist Settlement on Plains,#4E7702
3748,Vespa velutina,NA,"10400 Nogent-sur-Seine, France",inat,3.5,48.49,1.0486844062805176,632,63,169,Warm Temperate,Moist,Settlement,Hills,Warm Temperate Moist,136,158,52,Warm Temperate Moist Settlement on Hills,#889E34
3749,Vespa velutina,BE,NA,gbif,3.59,50.95,1.0466250419616698,795,7,116,Cool Temperate,Moist,Cropland,Plains,Cool Temperate Moist,29,153,10,Cool Temperate Moist Cropland on Plains,#1D990A
3750,Vespa velutina,BE,NA,gbif,5.17,51.05,1.0283103942871097,817,31,120,Cool Temperate,Moist,Settlement,Plains,Cool Temperate Moist,78,119,2,Cool Temperate Moist Settlement on Plains,#4E7702
3751,Vespa velutina,BE,NA,gbif,4.38,50.85,1.0497979164123534,783,49,169,Warm Temperate,Moist,Settlement,Hills,Warm Temperate Moist,136,158,52,Warm Temperate Moist Settlement on Hills,#889E34
3752,Vespa velutina,BE,NA,gbif,4.55,51.14,1.0294468879699707,777,7,120,Cool Temperate,Moist,Settlement,Plains,Cool Temperate Moist,78,119,2,Cool Temperate Moist Settlement on Plains,#4E7702
3753,Vespa velutina,BE,NA,gbif,5.68,50.91,1.0079051971435546,754,48,116,Cool Temperate,Moist,Cropland,Plains,Cool Temperate Moist,29,153,10,Cool Temperate Moist Cropland on Plains,#1D990A
3754,Vespa velutina,NA,"Boucoiran-et-Nozières, Occitanie, FR",inat,4.16,44.02,1.3489614486694337,747,113,168,Warm Temperate,Moist,Cropland,Hills,Warm Temperate Moist,112,198,86,Warm Temperate Moist Cropland on Hills,#70C656
3755,Vespa velutina,NL,NA,gbif,3.95,51.2,1.0390030860900878,773,3,116,Cool Temperate,Moist,Cropland,Plains,Cool Temperate Moist,29,153,10,Cool Temperate Moist Cropland on Plains,#1D990A
3756,Vespa velutina,NA,"76 Karlsruhe-Durlach, Deutschland",inat,8.47,48.97,0.9595218658447264,1036,208,102,Cool Temperate,Moist,Cropland,Tablelands,Cool Temperate Moist,99,97,160,Cool Temperate Moist Cropland on Tablelands,#6361A0
3757,Vespa velutina,NL,NA,gbif,4.7,51.55,1.0014093399047852,815,6,128,Cool Temperate,Moist,Grassland,Plains,Cool Temperate Moist,22,133,0,Cool Temperate Moist Grassland on Plains,#168500
3758,Vespa velutina,NL,NA,gbif,5.85,50.8,0.9454999923706054,888,170,109,Cool Temperate,Moist,Grassland,Tablelands,Cool Temperate Moist,78,92,155,Cool Temperate Moist Grassland on Tablelands,#4E5C9B
3759,Vespa velutina,NL,NA,gbif,6.1,51.35,1.005424976348877,735,25,116,Cool Temperate,Moist,Cropland,Plains,Cool Temperate Moist,29,153,10,Cool Temperate Moist Cropland on Plains,#1D990A
3760,Vespa velutina,BE,NA,gbif,4.49,51,1.0497979164123534,783,8,116,Cool Temperate,Moist,Cropland,Plains,Cool Temperate Moist,29,153,10,Cool Temperate Moist Cropland on Plains,#1D990A
3761,Vespa velutina,BE,NA,gbif,5.6,51.15,0.9810802459716796,756,45,120,Cool Temperate,Moist,Settlement,Plains,Cool Temperate Moist,78,119,2,Cool Temperate Moist Settlement on Plains,#4E7702
3762,Vespa velutina,NL,NA,gbif,5.75,50.95,1.0079051971435546,754,42,110,Cool Temperate,Moist,Cropland,Hills,Cool Temperate Moist,33,144,30,Cool Temperate Moist Cropland on Hills,#21901E
3763,Vespa velutina,NA,"Altstadt, 79 Freiburg im Breisgau, Deutschland",inat,7.85,47.99,0.7210000038146973,1480,288,113,Cool Temperate,Moist,Settlement,Mountains,Cool Temperate Moist,61,67,0,Cool Temperate Moist Settlement on Mountains,#3D4300
3764,Vespa velutina,BE,NA,gbif,4.93,51.08,1.0535478591918943,777,20,111,Cool Temperate,Moist,Forest,Plains,Cool Temperate Moist,1,109,0,Cool Temperate Moist Forest on Plains,#016D00
3765,Vespa velutina,NA,"Rue Pierre Semard, Lyon, Auvergne-Rhône-Alpes, FR",inat,4.84,45.74,1.1894624710083008,844,171,161,Warm Temperate,Moist,Settlement,Plains,Warm Temperate Moist,163,170,28,Warm Temperate Moist Settlement on Plains,#A3AA1C
3766,Vespa velutina,BE,NA,gbif,4.35,51.18,1.0570364952087403,798,7,120,Cool Temperate,Moist,Settlement,Plains,Cool Temperate Moist,78,119,2,Cool Temperate Moist Settlement on Plains,#4E7702
3767,Vespa velutina,NL,NA,gbif,5.2,51.35,0.9905437469482422,772,31,111,Cool Temperate,Moist,Forest,Plains,Cool Temperate Moist,1,109,0,Cool Temperate Moist Forest on Plains,#016D00
3768,Vespa velutina,BE,NA,gbif,4.1,51.04,1.0435916900634763,789,3,161,Warm Temperate,Moist,Settlement,Plains,Warm Temperate Moist,163,170,28,Warm Temperate Moist Settlement on Plains,#A3AA1C
3769,Vespa velutina,NA,"Woluwe-Saint-Lambert, 1200 Woluwe-Saint-Lambert, Belgium",inat,4.44,50.84,1.0497979164123534,783,69,108,Cool Temperate,Moist,Settlement,Hills,Cool Temperate Moist,67,109,14,Cool Temperate Moist Settlement on Hills,#436D0E
3770,Vespa velutina,NA,"Parc Natural Regional del Pirineu Català, Oceja, Occitanie, FR",inat,1.97,42.41,0.7677770614624023,994,1342,107,Cool Temperate,Moist,Grassland,Mountains,Cool Temperate Moist,26,83,0,Cool Temperate Moist Grassland on Mountains,#1A5300
3771,Vespa velutina,BE,NA,gbif,4.53,50.82,1.0064770698547365,782,84,110,Cool Temperate,Moist,Cropland,Hills,Cool Temperate Moist,33,144,30,Cool Temperate Moist Cropland on Hills,#21901E
3772,Vespa velutina,BE,NA,gbif,4.83,50.98,1.0381396293640135,765,27,116,Cool Temperate,Moist,Cropland,Plains,Cool Temperate Moist,29,153,10,Cool Temperate Moist Cropland on Plains,#1D990A
3773,Vespa velutina,NA,"Sebe, 21 Campo de fútbol Cacheiras 15886 TEO - Teo La Coruña ES, 15886 Cacheiras, La Coruña, España",inat,-8.55,42.82,1.3608187675476071,1580,200,173,Warm Temperate,Moist,Cropland,Mountains,Warm Temperate Moist,100,150,37,Warm Temperate Moist Cropland on Mountains,#649625
3774,Vespa velutina,BE,NA,gbif,4.49,50.98,1.0497979164123534,783,8,116,Cool Temperate,Moist,Cropland,Plains,Cool Temperate Moist,29,153,10,Cool Temperate Moist Cropland on Plains,#1D990A
3775,Vespa velutina,NA,"Esch/Alzette, Place Benelux, 4149 Esch an der Alzette, Luxemburg",inat,5.97,49.5,0.8908905982971191,934,300,108,Cool Temperate,Moist,Settlement,Hills,Cool Temperate Moist,67,109,14,Cool Temperate Moist Settlement on Hills,#436D0E
3776,Vespa velutina,NA,"Finistère, Bretagne, FR",inat,-4.54,48.38,1.1350642204284669,1106,57,177,Warm Temperate,Moist,Settlement,Tablelands,Warm Temperate Moist,62,63,152,Warm Temperate Moist Settlement on Tablelands,#3E3F98
3777,Vespa velutina,BE,NA,gbif,5.1,50.9,1.056206226348877,773,37,116,Cool Temperate,Moist,Cropland,Plains,Cool Temperate Moist,29,153,10,Cool Temperate Moist Cropland on Plains,#1D990A
3778,Vespa velutina,NA,"Coimbra (Sé Nova, Santa Cruz, Almedina e São Bartolomeu), 3000 Coimbra, Portugal",inat,-8.43,40.2,1.5525750160217284,987,62,172,Warm Temperate,Moist,Settlement,Mountains,Warm Temperate Moist,105,89,18,Warm Temperate Moist Settlement on Mountains,#695912
3779,Vespa velutina,NL,NA,gbif,5.45,51.55,0.9877718925476074,767,11,116,Cool Temperate,Moist,Cropland,Plains,Cool Temperate Moist,29,153,10,Cool Temperate Moist Cropland on Plains,#1D990A
3780,Vespa velutina,NA,"Bürmeringen Schengen, Luxemburg",inat,6.32,49.48,0.9871552467346192,796,213,110,Cool Temperate,Moist,Cropland,Hills,Cool Temperate Moist,33,144,30,Cool Temperate Moist Cropland on Hills,#21901E
3781,Vespa velutina,NL,NA,gbif,5.65,51.25,0.9874073028564452,732,35,115,Cool Temperate,Moist,Shrubland,Plains,Cool Temperate Moist,26,131,0,Cool Temperate Moist Shrubland on Plains,#1A8300
3782,Vespa velutina,NL,NA,gbif,5.8,50.85,1.0079051971435546,754,122,102,Cool Temperate,Moist,Cropland,Tablelands,Cool Temperate Moist,99,97,160,Cool Temperate Moist Cropland on Tablelands,#6361A0
3783,Vespa velutina,NA,"Quai Fillon, Lyon, Auvergne-Rhône-Alpes, FR",inat,4.82,45.72,1.1392176628112791,829,174,NA,NA,NA,NA,NA,NA,NA,NA,NA,NA,NA
3784,Vespa velutina,BE,NA,gbif,4.38,50.87,1.0497979164123534,783,33,169,Warm Temperate,Moist,Settlement,Hills,Warm Temperate Moist,136,158,52,Warm Temperate Moist Settlement on Hills,#889E34
3785,Vespa velutina,BE,NA,gbif,3.93,51.15,1.0463322639465331,779,3,111,Cool Temperate,Moist,Forest,Plains,Cool Temperate Moist,1,109,0,Cool Temperate Moist Forest on Plains,#016D00
3786,Vespa velutina,BE,NA,gbif,3.78,50.58,1.0026041984558105,772,51,116,Cool Temperate,Moist,Cropland,Plains,Cool Temperate Moist,29,153,10,Cool Temperate Moist Cropland on Plains,#1D990A
3787,Vespa velutina,NA,"Mertzig, Luxemburg",inat,6,49.83,0.9069146156311036,834,351,113,Cool Temperate,Moist,Settlement,Mountains,Cool Temperate Moist,61,67,0,Cool Temperate Moist Settlement on Mountains,#3D4300
3788,Vespa velutina,NL,NA,gbif,5.85,51.1,1.0099031448364255,731,27,116,Cool Temperate,Moist,Cropland,Plains,Cool Temperate Moist,29,153,10,Cool Temperate Moist Cropland on Plains,#1D990A
3789,Vespa velutina,BE,NA,gbif,4.42,51.01,1.039146900177002,785,7,116,Cool Temperate,Moist,Cropland,Plains,Cool Temperate Moist,29,153,10,Cool Temperate Moist Cropland on Plains,#1D990A
3790,Vespa velutina,NA,"Neudorf, 67100 Strasbourg, France",inat,7.74,48.57,1.061342716217041,735,141,161,Warm Temperate,Moist,Settlement,Plains,Warm Temperate Moist,163,170,28,Warm Temperate Moist Settlement on Plains,#A3AA1C
3791,Vespa velutina,BE,NA,gbif,4.04,50.92,1.040187454223633,782,15,116,Cool Temperate,Moist,Cropland,Plains,Cool Temperate Moist,29,153,10,Cool Temperate Moist Cropland on Plains,#1D990A
3792,Vespa velutina,BE,NA,gbif,5.53,50.98,0.9943770408630372,774,81,120,Cool Temperate,Moist,Settlement,Plains,Cool Temperate Moist,78,119,2,Cool Temperate Moist Settlement on Plains,#4E7702
3793,Vespa velutina,NL,NA,gbif,4.3,52.05,0.9714204788208008,837,2,120,Cool Temperate,Moist,Settlement,Plains,Cool Temperate Moist,78,119,2,Cool Temperate Moist Settlement on Plains,#4E7702
3794,Vespa velutina,BE,NA,gbif,3.89,50.78,1.0213645935058593,779,32,110,Cool Temperate,Moist,Cropland,Hills,Cool Temperate Moist,33,144,30,Cool Temperate Moist Cropland on Hills,#21901E
3795,Vespa velutina,BE,NA,gbif,3.77,51.08,1.0652593612670898,792,7,120,Cool Temperate,Moist,Settlement,Plains,Cool Temperate Moist,78,119,2,Cool Temperate Moist Settlement on Plains,#4E7702
3796,Vespa velutina,NA,"Bilbao, Biscay, Spain",inat,-2.93,43.26,1.3535219192504884,1158,93,172,Warm Temperate,Moist,Settlement,Mountains,Warm Temperate Moist,105,89,18,Warm Temperate Moist Settlement on Mountains,#695912
3797,Vespa velutina,NA,"Rua do Brasil, Coimbra, Centro, PT",inat,-8.42,40.2,1.5525750160217284,987,74,172,Warm Temperate,Moist,Settlement,Mountains,Warm Temperate Moist,105,89,18,Warm Temperate Moist Settlement on Mountains,#695912
3798,Vespa velutina,NA,"EPFL, 1024 Ecublens (VD), Switzerland",inat,6.57,46.52,0.961105251312256,1181,383,113,Cool Temperate,Moist,Settlement,Mountains,Cool Temperate Moist,61,67,0,Cool Temperate Moist Settlement on Mountains,#3D4300
3799,Vespa velutina,NA,"Esserts-Salève, 74560 Monnetier-Mornex, France",inat,6.21,46.15,0.8610094070434571,1135,771,97,Cool Temperate,Moist,Forest,Mountains,Cool Temperate Moist,6,64,0,Cool Temperate Moist Forest on Mountains,#064000
3800,Vespa velutina,BE,NA,gbif,3.64,50.99,1.0466250419616698,795,8,161,Warm Temperate,Moist,Settlement,Plains,Warm Temperate Moist,163,170,28,Warm Temperate Moist Settlement on Plains,#A3AA1C
3801,Vespa velutina,BE,NA,gbif,4.68,50.81,0.9946885108947754,774,80,101,Cool Temperate,Moist,Forest,Tablelands,Cool Temperate Moist,71,89,181,Cool Temperate Moist Forest on Tablelands,#4759B5
3802,Vespa velutina,NL,NA,gbif,5.55,51.45,0.9889156341552734,757,19,120,Cool Temperate,Moist,Settlement,Plains,Cool Temperate Moist,78,119,2,Cool Temperate Moist Settlement on Plains,#4E7702
3803,Vespa velutina,ES,NA,gbif,-8.26,42.92,1.2629270553588867,1701,363,178,Warm Temperate,Moist,Cropland,Tablelands,Warm Temperate Moist,61,89,194,Warm Temperate Moist Cropland on Tablelands,#3D59C2
3804,Vespa velutina,NL,NA,gbif,3.45,51.25,1.028710460662842,798,0,116,Cool Temperate,Moist,Cropland,Plains,Cool Temperate Moist,29,153,10,Cool Temperate Moist Cropland on Plains,#1D990A
3805,Vespa velutina,BE,NA,gbif,4.51,51.1,1.0294468879699707,777,5,120,Cool Temperate,Moist,Settlement,Plains,Cool Temperate Moist,78,119,2,Cool Temperate Moist Settlement on Plains,#4E7702
3806,Vespa velutina,BE,NA,gbif,3.95,50.95,1.0294885635375977,792,28,120,Cool Temperate,Moist,Settlement,Plains,Cool Temperate Moist,78,119,2,Cool Temperate Moist Settlement on Plains,#4E7702
3807,Vespa velutina,NA,"Schengen, Luxemburg",inat,6.36,49.5,0.921817684173584,856,187,NA,NA,NA,NA,NA,NA,NA,NA,NA,NA,NA
3808,Vespa velutina,BE,NA,gbif,3.14,51.18,1.0130767822265625,758,15,116,Cool Temperate,Moist,Cropland,Plains,Cool Temperate Moist,29,153,10,Cool Temperate Moist Cropland on Plains,#1D990A
3809,Vespa velutina,BE,NA,gbif,2.71,50.86,1.004269790649414,711,25,116,Cool Temperate,Moist,Cropland,Plains,Cool Temperate Moist,29,153,10,Cool Temperate Moist Cropland on Plains,#1D990A
3810,Vespa velutina,BE,NA,gbif,4.23,50.91,1.029301071166992,790,60,116,Cool Temperate,Moist,Cropland,Plains,Cool Temperate Moist,29,153,10,Cool Temperate Moist Cropland on Plains,#1D990A
3811,Vespa velutina,NA,"Aeródromo Municipal de Seia, 6270 Santa Marinha, Portugal",inat,-7.69,40.45,1.3613958358764648,1452,460,173,Warm Temperate,Moist,Cropland,Mountains,Warm Temperate Moist,100,150,37,Warm Temperate Moist Cropland on Mountains,#649625
3812,Vespa velutina,NA,"65120 Luz-Saint-Sauveur, France",inat,-0,42.87,0.49146456718444825,1300,1172,172,Warm Temperate,Moist,Settlement,Mountains,Warm Temperate Moist,105,89,18,Warm Temperate Moist Settlement on Mountains,#695912
3813,Vespa velutina,BE,NA,gbif,4.75,50.9,1.0381396293640135,765,41,110,Cool Temperate,Moist,Cropland,Hills,Cool Temperate Moist,33,144,30,Cool Temperate Moist Cropland on Hills,#21901E
3814,Vespa velutina,BE,NA,gbif,4.73,50.87,1.0381396293640135,765,40,105,Cool Temperate,Moist,Forest,Hills,Cool Temperate Moist,2,99,1,Cool Temperate Moist Forest on Hills,#026301
3815,Vespa velutina,NA,"Kundergats, 6367 Voerendaal, Netherlands",inat,5.94,50.88,0.9916646003723144,781,121,108,Cool Temperate,Moist,Settlement,Hills,Cool Temperate Moist,67,109,14,Cool Temperate Moist Settlement on Hills,#436D0E
3816,Vespa velutina,NL,NA,gbif,4.4,51.65,1.0125802040100098,791,-1,116,Cool Temperate,Moist,Cropland,Plains,Cool Temperate Moist,29,153,10,Cool Temperate Moist Cropland on Plains,#1D990A
3817,Vespa velutina,NA,"Aller, Asturias, ES",inat,-5.52,43.09,0.8798197746276856,1021,1004,97,Cool Temperate,Moist,Forest,Mountains,Cool Temperate Moist,6,64,0,Cool Temperate Moist Forest on Mountains,#064000
3818,Vespa velutina,BE,NA,gbif,3.81,51,1.0391103744506835,795,9,161,Warm Temperate,Moist,Settlement,Plains,Warm Temperate Moist,163,170,28,Warm Temperate Moist Settlement on Plains,#A3AA1C
3819,Vespa velutina,NA,"Gent Halfweg, 9000 Gent, Belgium",inat,3.68,51.05,1.0652593612670898,792,7,160,Warm Temperate,Moist,Cropland,Plains,Warm Temperate Moist,105,207,54,Warm Temperate Moist Cropland on Plains,#69CF36
3820,Vespa velutina,NL,NA,gbif,4.95,52.1,0.953907299041748,799,-2,128,Cool Temperate,Moist,Grassland,Plains,Cool Temperate Moist,22,133,0,Cool Temperate Moist Grassland on Plains,#168500
3821,Vespa velutina,BE,NA,gbif,5.56,50.95,0.9943770408630372,774,95,120,Cool Temperate,Moist,Settlement,Plains,Cool Temperate Moist,78,119,2,Cool Temperate Moist Settlement on Plains,#4E7702
3822,Vespa velutina,BE,NA,gbif,4,51.11,1.0435916900634763,789,4,160,Warm Temperate,Moist,Cropland,Plains,Warm Temperate Moist,105,207,54,Warm Temperate Moist Cropland on Plains,#69CF36
3823,Vespa velutina,BE,NA,gbif,4.19,51.03,1.0402281761169434,786,4,160,Warm Temperate,Moist,Cropland,Plains,Warm Temperate Moist,105,207,54,Warm Temperate Moist Cropland on Plains,#69CF36
3824,Vespa velutina,BE,NA,gbif,3.71,50.97,1.0391103744506835,795,15,160,Warm Temperate,Moist,Cropland,Plains,Warm Temperate Moist,105,207,54,Warm Temperate Moist Cropland on Plains,#69CF36
3825,Vespa velutina,NA,"Paris, França",inat,2.27,48.87,1.160487461090088,632,40,163,Warm Temperate,Moist,Forest,Hills,Warm Temperate Moist,47,146,24,Warm Temperate Moist Forest on Hills,#2F9218
3826,Vespa velutina,BE,NA,gbif,4.2,50.83,1.0301885604858398,788,57,116,Cool Temperate,Moist,Cropland,Plains,Cool Temperate Moist,29,153,10,Cool Temperate Moist Cropland on Plains,#1D990A
3827,Vespa velutina,NA,"Rua de São João, Porto, Norte, PT",inat,-8.61,41.14,1.4505515098571775,1231,88,NA,NA,NA,NA,NA,NA,NA,NA,NA,NA,NA
3828,Vespa velutina,NL,NA,gbif,5.85,50.95,0.9916646003723144,781,77,110,Cool Temperate,Moist,Cropland,Hills,Cool Temperate Moist,33,144,30,Cool Temperate Moist Cropland on Hills,#21901E
3829,Vespa velutina,BE,NA,gbif,3.29,50.89,1.0385656356811523,780,19,116,Cool Temperate,Moist,Cropland,Plains,Cool Temperate Moist,29,153,10,Cool Temperate Moist Cropland on Plains,#1D990A
3830,Vespa velutina,BE,NA,gbif,5.01,51.16,1.056958293914795,792,21,116,Cool Temperate,Moist,Cropland,Plains,Cool Temperate Moist,29,153,10,Cool Temperate Moist Cropland on Plains,#1D990A
3831,Vespa velutina,BE,NA,gbif,4.3,51.08,1.0402281761169434,786,2,116,Cool Temperate,Moist,Cropland,Plains,Cool Temperate Moist,29,153,10,Cool Temperate Moist Cropland on Plains,#1D990A
3832,Vespa velutina,BE,NA,gbif,4.36,51.06,1.039146900177002,785,2,120,Cool Temperate,Moist,Settlement,Plains,Cool Temperate Moist,78,119,2,Cool Temperate Moist Settlement on Plains,#4E7702
3833,Vespa velutina,BE,NA,gbif,3.04,51.27,1.0130767822265625,758,0,116,Cool Temperate,Moist,Cropland,Plains,Cool Temperate Moist,29,153,10,Cool Temperate Moist Cropland on Plains,#1D990A
3834,Vespa velutina,NA,"Frick, Neumatt, 5070 Frick, Schweiz",inat,8.02,47.51,0.8482301712036133,1286,394,113,Cool Temperate,Moist,Settlement,Mountains,Cool Temperate Moist,61,67,0,Cool Temperate Moist Settlement on Mountains,#3D4300
3835,Vespa velutina,NA,"Parc Chabrol, 91120 Palaiseau, France",inat,2.24,48.71,1.1138312339782714,643,102,169,Warm Temperate,Moist,Settlement,Hills,Warm Temperate Moist,136,158,52,Warm Temperate Moist Settlement on Hills,#889E34
3836,Vespa velutina,BE,NA,gbif,2.86,50.85,1.0072551727294925,735,18,120,Cool Temperate,Moist,Settlement,Plains,Cool Temperate Moist,78,119,2,Cool Temperate Moist Settlement on Plains,#4E7702
3837,Vespa velutina,BE,NA,gbif,4.95,51.33,1.02982816696167,791,25,120,Cool Temperate,Moist,Settlement,Plains,Cool Temperate Moist,78,119,2,Cool Temperate Moist Settlement on Plains,#4E7702
3838,Vespa velutina,BE,NA,gbif,5.33,51.26,1.0049365043640135,795,42,116,Cool Temperate,Moist,Cropland,Plains,Cool Temperate Moist,29,153,10,Cool Temperate Moist Cropland on Plains,#1D990A
3839,Vespa velutina,NA,"3438 AE Nieuwegein, Nederland",inat,5.09,52.04,0.9803396224975586,797,2,120,Cool Temperate,Moist,Settlement,Plains,Cool Temperate Moist,78,119,2,Cool Temperate Moist Settlement on Plains,#4E7702
3840,Vespa velutina,NA,"Paio Pires (R Eusébio Leão), 2840-078, Portugal",inat,-9.08,38.62,1.6673786163330078,687,12,161,Warm Temperate,Moist,Settlement,Plains,Warm Temperate Moist,163,170,28,Warm Temperate Moist Settlement on Plains,#A3AA1C
3841,Vespa velutina,NA,"Bilzen, 3740 Bilzen-Hoeselt, België",inat,5.51,50.87,0.9943770408630372,774,59,120,Cool Temperate,Moist,Settlement,Plains,Cool Temperate Moist,78,119,2,Cool Temperate Moist Settlement on Plains,#4E7702
3842,Vespa velutina,NA,"77400 Lagny-sur-Marne, France",inat,2.69,48.88,1.0582968711853027,633,68,169,Warm Temperate,Moist,Settlement,Hills,Warm Temperate Moist,136,158,52,Warm Temperate Moist Settlement on Hills,#889E34
3843,Vespa velutina,BE,NA,gbif,4.29,50.94,1.029301071166992,790,49,116,Cool Temperate,Moist,Cropland,Plains,Cool Temperate Moist,29,153,10,Cool Temperate Moist Cropland on Plains,#1D990A
3844,Vespa velutina,NL,NA,gbif,5.95,50.95,0.9916646003723144,781,88,110,Cool Temperate,Moist,Cropland,Hills,Cool Temperate Moist,33,144,30,Cool Temperate Moist Cropland on Hills,#21901E
3845,Vespa velutina,NA,"Montpellier, Occitanie, FR",inat,3.85,43.64,1.481810665130615,645,71,169,Warm Temperate,Moist,Settlement,Hills,Warm Temperate Moist,136,158,52,Warm Temperate Moist Settlement on Hills,#889E34
3846,Vespa velutina,BE,NA,gbif,4.56,51.13,1.0294468879699707,777,5,120,Cool Temperate,Moist,Settlement,Plains,Cool Temperate Moist,78,119,2,Cool Temperate Moist Settlement on Plains,#4E7702
3847,Vespa velutina,BE,NA,gbif,3.15,51,1.016388511657715,761,30,116,Cool Temperate,Moist,Cropland,Plains,Cool Temperate Moist,29,153,10,Cool Temperate Moist Cropland on Plains,#1D990A
3848,Vespa velutina,BE,NA,gbif,4.28,50.8,1.0301885604858398,788,26,120,Cool Temperate,Moist,Settlement,Plains,Cool Temperate Moist,78,119,2,Cool Temperate Moist Settlement on Plains,#4E7702
3849,Vespa velutina,NA,"Nationaal Park De Biesbosch, Hank, Brabant, NL",inat,4.87,51.72,0.97971773147583,794,-5,NA,NA,NA,NA,NA,NA,NA,NA,NA,NA,NA
3850,Vespa velutina,NA,Huizen,inat,5.23,52.3,0.9507135391235352,827,5,120,Cool Temperate,Moist,Settlement,Plains,Cool Temperate Moist,78,119,2,Cool Temperate Moist Settlement on Plains,#4E7702
3851,Vespa velutina,BE,NA,gbif,3.72,51.04,1.0652593612670898,792,9,120,Cool Temperate,Moist,Settlement,Plains,Cool Temperate Moist,78,119,2,Cool Temperate Moist Settlement on Plains,#4E7702
3852,Vespa velutina,FR,NA,gbif,1.11,49.43,1.0838677406311037,724,55,169,Warm Temperate,Moist,Settlement,Hills,Warm Temperate Moist,136,158,52,Warm Temperate Moist Settlement on Hills,#889E34
3853,Vespa velutina,BE,NA,gbif,4.37,50.83,1.0074718475341795,805,87,169,Warm Temperate,Moist,Settlement,Hills,Warm Temperate Moist,136,158,52,Warm Temperate Moist Settlement on Hills,#889E34
3854,Vespa velutina,BE,NA,gbif,4.39,51.2,1.0570364952087403,798,11,161,Warm Temperate,Moist,Settlement,Plains,Warm Temperate Moist,163,170,28,Warm Temperate Moist Settlement on Plains,#A3AA1C
3855,Vespa velutina,NA,"Montbau, Municipality of Horta-Guinardó, 08035 Barcelona, Spain",inat,2.13,41.44,1.5362238883972168,635,281,176,Warm Temperate,Moist,Forest,Mountains,Warm Temperate Moist,49,105,3,Warm Temperate Moist Forest on Mountains,#316903
3856,Vespa velutina,NA,"Impasse du Quai d'Embarquement, Tarbes, Occitanie, FR",inat,0.06,43.24,1.2677573204040526,1226,301,161,Warm Temperate,Moist,Settlement,Plains,Warm Temperate Moist,163,170,28,Warm Temperate Moist Settlement on Plains,#A3AA1C
3857,Vespa velutina,NA,"55100 Lucca LU, Italia",inat,10.5,43.86,1.2753239631652833,1228,41,176,Warm Temperate,Moist,Forest,Mountains,Warm Temperate Moist,49,105,3,Warm Temperate Moist Forest on Mountains,#316903
3858,Vespa velutina,NA,"34500 Béziers, France",inat,3.22,43.33,1.5046886444091796,566,40,190,Warm Temperate,Dry,Cropland,Hills,Warm Temperate Dry,153,217,128,Warm Temperate Dry Cropland on Hills,#99D980
3859,Vespa velutina,BE,NA,gbif,4.49,51.13,1.039146900177002,785,12,120,Cool Temperate,Moist,Settlement,Plains,Cool Temperate Moist,78,119,2,Cool Temperate Moist Settlement on Plains,#4E7702
3860,Vespa velutina,BE,NA,gbif,4.42,50.82,1.0074718475341795,805,74,129,Cool Temperate,Moist,Settlement,Tablelands,Cool Temperate Moist,47,63,130,Cool Temperate Moist Settlement on Tablelands,#2F3F82
3861,Vespa velutina,NA,"Sentheim, France",inat,7.04,47.76,0.9247374534606934,901,387,107,Cool Temperate,Moist,Grassland,Mountains,Cool Temperate Moist,26,83,0,Cool Temperate Moist Grassland on Mountains,#1A5300
3862,Vespa velutina,NA,"União das freguesias de Poiares e Canelas, 5050, Portugal",inat,-7.74,41.17,1.309711456298828,1221,294,176,Warm Temperate,Moist,Forest,Mountains,Warm Temperate Moist,49,105,3,Warm Temperate Moist Forest on Mountains,#316903
3863,Vespa velutina,NL,NA,gbif,5.15,52.1,0.9803396224975586,797,4,120,Cool Temperate,Moist,Settlement,Plains,Cool Temperate Moist,78,119,2,Cool Temperate Moist Settlement on Plains,#4E7702
3864,Vespa velutina,NA,"11360 Villeneuve-les-Corbières, France",inat,2.78,42.98,1.3333260536193847,663,202,175,Warm Temperate,Moist,Shrubland,Mountains,Warm Temperate Moist,102,130,4,Warm Temperate Moist Shrubland on Mountains,#668204
3865,Vespa velutina,NA,"Watermael, Watermael-Boitsfort, Belgium",inat,4.41,50.81,1.0074718475341795,805,87,108,Cool Temperate,Moist,Settlement,Hills,Cool Temperate Moist,67,109,14,Cool Temperate Moist Settlement on Hills,#436D0E
3866,Vespa velutina,BE,NA,gbif,4.11,51.23,1.0351354598999023,797,4,116,Cool Temperate,Moist,Cropland,Plains,Cool Temperate Moist,29,153,10,Cool Temperate Moist Cropland on Plains,#1D990A
3867,Vespa velutina,BE,NA,gbif,5.59,51.04,0.9810802459716796,756,76,116,Cool Temperate,Moist,Cropland,Plains,Cool Temperate Moist,29,153,10,Cool Temperate Moist Cropland on Plains,#1D990A
3868,Vespa velutina,NA,"Opherdicker Str., 59439 Holzwickede, Deutschland",inat,7.62,51.5,0.920718765258789,952,145,108,Cool Temperate,Moist,Settlement,Hills,Cool Temperate Moist,67,109,14,Cool Temperate Moist Settlement on Hills,#436D0E
3869,Vespa velutina,NA,"Castelldefels, Barcelona, España",inat,1.98,41.26,1.4701315879821777,657,2,NA,NA,NA,NA,NA,NA,NA,NA,NA,NA,NA
3870,Vespa velutina,BE,NA,gbif,4.59,51.15,1.0294468879699707,777,5,116,Cool Temperate,Moist,Cropland,Plains,Cool Temperate Moist,29,153,10,Cool Temperate Moist Cropland on Plains,#1D990A
3871,Vespa velutina,BE,NA,gbif,2.82,51.19,0.9913055419921876,707,0,NA,NA,NA,NA,NA,NA,NA,NA,NA,NA,NA
3872,Vespa velutina,BE,NA,gbif,4.45,51.07,1.039146900177002,785,4,111,Cool Temperate,Moist,Forest,Plains,Cool Temperate Moist,1,109,0,Cool Temperate Moist Forest on Plains,#016D00
3873,Vespa velutina,ES,NA,gbif,-1.94,42.72,1.1175864219665528,804,501,NA,NA,NA,NA,NA,NA,NA,NA,NA,NA,NA
3874,Vespa velutina,BE,NA,gbif,4.45,50.92,1.0497979164123534,783,19,160,Warm Temperate,Moist,Cropland,Plains,Warm Temperate Moist,105,207,54,Warm Temperate Moist Cropland on Plains,#69CF36
3875,Vespa velutina,NA,"ATH Route de Beloeil, 7800 Ath, Belgique",inat,3.79,50.62,1.0026041984558105,772,44,116,Cool Temperate,Moist,Cropland,Plains,Cool Temperate Moist,29,153,10,Cool Temperate Moist Cropland on Plains,#1D990A
3876,Vespa velutina,NA,"Vendeuvre, 14000 Caen, France",inat,-0.35,49.18,1.1162137031555175,754,25,161,Warm Temperate,Moist,Settlement,Plains,Warm Temperate Moist,163,170,28,Warm Temperate Moist Settlement on Plains,#A3AA1C
3877,Vespa velutina,BE,NA,gbif,4.74,50.91,1.0381396293640135,765,41,105,Cool Temperate,Moist,Forest,Hills,Cool Temperate Moist,2,99,1,Cool Temperate Moist Forest on Hills,#026301
3878,Vespa velutina,CH,NA,gbif,7.08,47.42,0.8553583145141601,1032,461,113,Cool Temperate,Moist,Settlement,Mountains,Cool Temperate Moist,61,67,0,Cool Temperate Moist Settlement on Mountains,#3D4300
3879,Vespa velutina,NA,"Est. Aurobusos-Sols, 25280 Solsona, Lérida, Espanya",inat,1.52,42,1.2132489204406738,731,704,173,Warm Temperate,Moist,Cropland,Mountains,Warm Temperate Moist,100,150,37,Warm Temperate Moist Cropland on Mountains,#649625
3880,Vespa velutina,NA,"Zoo Lyon, Lyon, Auvergne-Rhône-Alpes, FR",inat,4.85,45.78,1.1894624710083008,844,204,NA,NA,NA,NA,NA,NA,NA,NA,NA,NA,NA
3881,Vespa velutina,NA,"Coimbra, Portugal",inat,-8.41,40.21,1.5525750160217284,987,74,172,Warm Temperate,Moist,Settlement,Mountains,Warm Temperate Moist,105,89,18,Warm Temperate Moist Settlement on Mountains,#695912
3882,Vespa velutina,NA,"73614 Schorndorf, Deutschland",inat,9.54,48.8,0.8860572814941406,944,328,108,Cool Temperate,Moist,Settlement,Hills,Cool Temperate Moist,67,109,14,Cool Temperate Moist Settlement on Hills,#436D0E
3883,Vespa velutina,BE,NA,gbif,2.95,51.15,1.0027176856994628,735,0,120,Cool Temperate,Moist,Settlement,Plains,Cool Temperate Moist,78,119,2,Cool Temperate Moist Settlement on Plains,#4E7702
3884,Vespa velutina,NL,NA,gbif,5.4,51.45,0.9980051994323732,773,20,120,Cool Temperate,Moist,Settlement,Plains,Cool Temperate Moist,78,119,2,Cool Temperate Moist Settlement on Plains,#4E7702
3885,Vespa velutina,NA,"Matosinhos, PT",inat,-8.7,41.18,1.4303919792175293,1292,4,NA,NA,NA,NA,NA,NA,NA,NA,NA,NA,NA
3886,Vespa velutina,BE,NA,gbif,5.54,50.99,0.9943770408630372,774,81,120,Cool Temperate,Moist,Settlement,Plains,Cool Temperate Moist,78,119,2,Cool Temperate Moist Settlement on Plains,#4E7702
3887,Vespa velutina,NL,NA,gbif,4.75,51.55,1.0014093399047852,815,7,128,Cool Temperate,Moist,Grassland,Plains,Cool Temperate Moist,22,133,0,Cool Temperate Moist Grassland on Plains,#168500
3888,Vespa velutina,BE,NA,gbif,4.58,51.14,1.0294468879699707,777,5,111,Cool Temperate,Moist,Forest,Plains,Cool Temperate Moist,1,109,0,Cool Temperate Moist Forest on Plains,#016D00
3889,Vespa velutina,NA,"Camp del Frare s/n, 17862 Vallfogona de Ripollès, Girona, Spain",inat,2.31,42.19,0.9148791313171388,930,1097,97,Cool Temperate,Moist,Forest,Mountains,Cool Temperate Moist,6,64,0,Cool Temperate Moist Forest on Mountains,#064000
3890,Vespa velutina,BE,NA,gbif,4.68,50.88,1.0381396293640135,765,43,108,Cool Temperate,Moist,Settlement,Hills,Cool Temperate Moist,67,109,14,Cool Temperate Moist Settlement on Hills,#436D0E
3891,Vespa velutina,BE,NA,gbif,3.31,51.21,1.029801559448242,783,3,116,Cool Temperate,Moist,Cropland,Plains,Cool Temperate Moist,29,153,10,Cool Temperate Moist Cropland on Plains,#1D990A
3892,Vespa velutina,NL,NA,gbif,5.45,51.45,0.9980051994323732,773,20,120,Cool Temperate,Moist,Settlement,Plains,Cool Temperate Moist,78,119,2,Cool Temperate Moist Settlement on Plains,#4E7702
3893,Vespa velutina,NA,"Charonne, 75020 Paris, France",inat,2.41,48.85,1.144812488555908,641,67,169,Warm Temperate,Moist,Settlement,Hills,Warm Temperate Moist,136,158,52,Warm Temperate Moist Settlement on Hills,#889E34
3894,Vespa velutina,BE,NA,gbif,4.45,51.06,1.039146900177002,785,4,116,Cool Temperate,Moist,Cropland,Plains,Cool Temperate Moist,29,153,10,Cool Temperate Moist Cropland on Plains,#1D990A
3895,Vespa velutina,NA,"Seine-et-Marne, Île-de-France, FR",inat,2.7,48.91,1.0582968711853027,633,82,178,Warm Temperate,Moist,Cropland,Tablelands,Warm Temperate Moist,61,89,194,Warm Temperate Moist Cropland on Tablelands,#3D59C2
3896,Vespa velutina,BE,NA,gbif,4.38,50.9,1.0497979164123534,783,41,160,Warm Temperate,Moist,Cropland,Plains,Warm Temperate Moist,105,207,54,Warm Temperate Moist Cropland on Plains,#69CF36
3897,Vespa velutina,BE,NA,gbif,4.37,50.9,1.0497979164123534,783,41,161,Warm Temperate,Moist,Settlement,Plains,Warm Temperate Moist,163,170,28,Warm Temperate Moist Settlement on Plains,#A3AA1C
3898,Vespa velutina,NA,"Boulevard de la Chaînette, Auxerre, Bourgogne-Franche-Comté, FR",inat,3.57,47.8,1.051504135131836,704,126,169,Warm Temperate,Moist,Settlement,Hills,Warm Temperate Moist,136,158,52,Warm Temperate Moist Settlement on Hills,#889E34
3899,Vespa velutina,NA,"Rillieux Piscine, 69140 Rillieux-la-Pape, France",inat,4.89,45.82,1.1894624710083008,844,286,172,Warm Temperate,Moist,Settlement,Mountains,Warm Temperate Moist,105,89,18,Warm Temperate Moist Settlement on Mountains,#695912
3900,Vespa velutina,BE,NA,gbif,4.01,50.95,1.040187454223633,782,13,128,Cool Temperate,Moist,Grassland,Plains,Cool Temperate Moist,22,133,0,Cool Temperate Moist Grassland on Plains,#168500
3901,Vespa velutina,BE,NA,gbif,4.42,51.18,1.0570364952087403,798,13,161,Warm Temperate,Moist,Settlement,Plains,Warm Temperate Moist,163,170,28,Warm Temperate Moist Settlement on Plains,#A3AA1C
3902,Vespa velutina,BE,NA,gbif,4.43,51.16,1.039146900177002,785,12,120,Cool Temperate,Moist,Settlement,Plains,Cool Temperate Moist,78,119,2,Cool Temperate Moist Settlement on Plains,#4E7702
3903,Vespa velutina,NL,NA,gbif,3.95,51.45,1.0314996719360352,800,-2,NA,NA,NA,NA,NA,NA,NA,NA,NA,NA,NA
3904,Vespa velutina,NA,"Etterbeek, 1040 Etterbeek, Belgium",inat,4.4,50.84,1.0497979164123534,783,76,129,Cool Temperate,Moist,Settlement,Tablelands,Cool Temperate Moist,47,63,130,Cool Temperate Moist Settlement on Tablelands,#2F3F82
3905,Vespa velutina,NA,"Badenweiler ev. Kirche, 79410 Badenweiler, Deutschland",inat,7.67,47.8,0.7811521053314209,1405,479,113,Cool Temperate,Moist,Settlement,Mountains,Cool Temperate Moist,61,67,0,Cool Temperate Moist Settlement on Mountains,#3D4300
3906,Vespa velutina,BE,NA,gbif,4.64,51.24,1.0279624938964844,800,13,116,Cool Temperate,Moist,Cropland,Plains,Cool Temperate Moist,29,153,10,Cool Temperate Moist Cropland on Plains,#1D990A
3907,Vespa velutina,FR,NA,gbif,-4.43,48.46,1.126568508148193,1108,91,160,Warm Temperate,Moist,Cropland,Plains,Warm Temperate Moist,105,207,54,Warm Temperate Moist Cropland on Plains,#69CF36
3908,Vespa velutina,BE,NA,gbif,3.7,51.02,1.0652593612670898,792,7,161,Warm Temperate,Moist,Settlement,Plains,Warm Temperate Moist,163,170,28,Warm Temperate Moist Settlement on Plains,#A3AA1C
3909,Vespa velutina,NA,"Bremen Egestorff-Stiftung, 28307 Bremen, Deutschland",inat,8.96,53.06,0.8958739280700684,689,5,120,Cool Temperate,Moist,Settlement,Plains,Cool Temperate Moist,78,119,2,Cool Temperate Moist Settlement on Plains,#4E7702
3910,Vespa velutina,BE,NA,gbif,4.84,51.09,1.0535478591918943,777,12,120,Cool Temperate,Moist,Settlement,Plains,Cool Temperate Moist,78,119,2,Cool Temperate Moist Settlement on Plains,#4E7702
3911,Vespa velutina,NL,NA,gbif,5.05,51.5,0.9912364959716796,790,19,128,Cool Temperate,Moist,Grassland,Plains,Cool Temperate Moist,22,133,0,Cool Temperate Moist Grassland on Plains,#168500
3912,Vespa velutina,BE,NA,gbif,3.87,50.76,1.0213645935058593,779,30,102,Cool Temperate,Moist,Cropland,Tablelands,Cool Temperate Moist,99,97,160,Cool Temperate Moist Cropland on Tablelands,#6361A0
3913,Vespa velutina,NA,"4301 JK Zierikzee, Nederland",inat,3.92,51.65,1.0235614776611328,779,-6,120,Cool Temperate,Moist,Settlement,Plains,Cool Temperate Moist,78,119,2,Cool Temperate Moist Settlement on Plains,#4E7702
3914,Vespa velutina,BE,NA,gbif,4.58,51.01,1.0294468879699707,777,7,116,Cool Temperate,Moist,Cropland,Plains,Cool Temperate Moist,29,153,10,Cool Temperate Moist Cropland on Plains,#1D990A
3915,Vespa velutina,NA,"Coimbra, PT",inat,-8.04,40.19,1.4849458694458009,1166,483,176,Warm Temperate,Moist,Forest,Mountains,Warm Temperate Moist,49,105,3,Warm Temperate Moist Forest on Mountains,#316903
3916,Vespa velutina,BE,NA,gbif,4.46,50.95,1.0497979164123534,783,10,116,Cool Temperate,Moist,Cropland,Plains,Cool Temperate Moist,29,153,10,Cool Temperate Moist Cropland on Plains,#1D990A
3917,Vespa velutina,NL,NA,gbif,3.4,51.35,1.031646156311035,772,2,116,Cool Temperate,Moist,Cropland,Plains,Cool Temperate Moist,29,153,10,Cool Temperate Moist Cropland on Plains,#1D990A
3918,Vespa velutina,NA,Bagnasco (CN),inat,8.06,44.31,1.1162676811218262,883,553,176,Warm Temperate,Moist,Forest,Mountains,Warm Temperate Moist,49,105,3,Warm Temperate Moist Forest on Mountains,#316903
3919,Vespa velutina,NA,"Avenue de l'Impératrice, Biarritz, Nouvelle-Aquitaine, FR",inat,-1.55,43.49,1.4124530792236327,1238,-11,161,Warm Temperate,Moist,Settlement,Plains,Warm Temperate Moist,163,170,28,Warm Temperate Moist Settlement on Plains,#A3AA1C
3920,Vespa velutina,BE,NA,gbif,4.68,51.16,1.0428604125976562,774,6,116,Cool Temperate,Moist,Cropland,Plains,Cool Temperate Moist,29,153,10,Cool Temperate Moist Cropland on Plains,#1D990A
3921,Vespa velutina,BE,NA,gbif,4.08,50.89,1.040187454223633,782,18,161,Warm Temperate,Moist,Settlement,Plains,Warm Temperate Moist,163,170,28,Warm Temperate Moist Settlement on Plains,#A3AA1C
3922,Vespa velutina,NA,"Diestsevest, Leuven, Flemish Brabant, BE",inat,4.71,50.88,1.0381396293640135,765,33,108,Cool Temperate,Moist,Settlement,Hills,Cool Temperate Moist,67,109,14,Cool Temperate Moist Settlement on Hills,#436D0E
3923,Vespa velutina,NA,"06140 Coursegoules, France",inat,7.03,43.79,1.2146843910217284,875,1120,107,Cool Temperate,Moist,Grassland,Mountains,Cool Temperate Moist,26,83,0,Cool Temperate Moist Grassland on Mountains,#1A5300
3924,Vespa velutina,NL,NA,gbif,5.9,51.95,0.9808792114257812,791,6,120,Cool Temperate,Moist,Settlement,Plains,Cool Temperate Moist,78,119,2,Cool Temperate Moist Settlement on Plains,#4E7702
3925,Vespa velutina,BE,NA,gbif,5.59,51.04,0.9810802459716796,756,76,116,Cool Temperate,Moist,Cropland,Plains,Cool Temperate Moist,29,153,10,Cool Temperate Moist Cropland on Plains,#1D990A
3926,Vespa velutina,BE,NA,gbif,4.01,51.06,1.0435916900634763,789,3,160,Warm Temperate,Moist,Cropland,Plains,Warm Temperate Moist,105,207,54,Warm Temperate Moist Cropland on Plains,#69CF36
3927,Vespa velutina,NA,"Ctra. C-155 - Entrada P. I. Can Coll, 08185 Lliçà de Vall, Barcelona, España",inat,2.24,41.58,1.5025729179382323,659,130,173,Warm Temperate,Moist,Cropland,Mountains,Warm Temperate Moist,100,150,37,Warm Temperate Moist Cropland on Mountains,#649625
3928,Vespa velutina,NA,"Tregor Goëlo, Île-de-Bréhat, Bretagne, FR",inat,-3.01,48.85,1.166656494140625,893,-1,NA,NA,NA,NA,NA,NA,NA,NA,NA,NA,NA
3929,Vespa velutina,FR,NA,gbif,0.3,48.88,1.021975040435791,755,209,109,Cool Temperate,Moist,Grassland,Tablelands,Cool Temperate Moist,78,92,155,Cool Temperate Moist Grassland on Tablelands,#4E5C9B
3930,Vespa velutina,NA,1380-Champ d'Al Vau,inat,4.48,50.71,1.0074718475341795,805,90,110,Cool Temperate,Moist,Cropland,Hills,Cool Temperate Moist,33,144,30,Cool Temperate Moist Cropland on Hills,#21901E
3931,Vespa velutina,NL,NA,gbif,5.65,51.25,0.9874073028564452,732,35,115,Cool Temperate,Moist,Shrubland,Plains,Cool Temperate Moist,26,131,0,Cool Temperate Moist Shrubland on Plains,#1A8300
3932,Vespa velutina,BE,NA,gbif,4.55,51.35,1.0171833038330078,811,24,116,Cool Temperate,Moist,Cropland,Plains,Cool Temperate Moist,29,153,10,Cool Temperate Moist Cropland on Plains,#1D990A
3933,Vespa velutina,NL,NA,gbif,5.55,51.75,0.9760427474975586,755,11,111,Cool Temperate,Moist,Forest,Plains,Cool Temperate Moist,1,109,0,Cool Temperate Moist Forest on Plains,#016D00
3934,Vespa velutina,BE,NA,gbif,5.26,50.95,1.0412812232971191,790,29,116,Cool Temperate,Moist,Cropland,Plains,Cool Temperate Moist,29,153,10,Cool Temperate Moist Cropland on Plains,#1D990A
3935,Vespa velutina,NA,"1873 GA Groet, Niederlande",inat,4.67,52.72,0.9533771514892578,814,11,NA,NA,NA,NA,NA,NA,NA,NA,NA,NA,NA
3936,Vespa velutina,NA,"Ormea, loc. Provincia di Cuneo",inat,7.91,44.12,1.1032896041870115,895,1073,97,Cool Temperate,Moist,Forest,Mountains,Cool Temperate Moist,6,64,0,Cool Temperate Moist Forest on Mountains,#064000
3937,Vespa velutina,BE,NA,gbif,5.09,51.1,1.056958293914795,792,20,NA,NA,NA,NA,NA,NA,NA,NA,NA,NA,NA
3938,Vespa velutina,NA,"4430 Avintes, Portugal",inat,-8.55,41.1,1.4505515098571775,1231,73,169,Warm Temperate,Moist,Settlement,Hills,Warm Temperate Moist,136,158,52,Warm Temperate Moist Settlement on Hills,#889E34
3939,Vespa velutina,NA,"Esch-sur-Alzette, LU-LU, LU",inat,6.08,49.48,0.9359707832336426,862,333,108,Cool Temperate,Moist,Settlement,Hills,Cool Temperate Moist,67,109,14,Cool Temperate Moist Settlement on Hills,#436D0E
3940,Vespa velutina,NA,"Av Afonso Albuquerque (Campismo), 2825-044, Portugal",inat,-9.24,38.65,1.6470182418823245,681,18,169,Warm Temperate,Moist,Settlement,Hills,Warm Temperate Moist,136,158,52,Warm Temperate Moist Settlement on Hills,#889E34
3941,Vespa velutina,NL,NA,gbif,5.55,51.4,0.9889156341552734,757,23,111,Cool Temperate,Moist,Forest,Plains,Cool Temperate Moist,1,109,0,Cool Temperate Moist Forest on Plains,#016D00
3942,Vespa velutina,BE,NA,gbif,4.39,51.13,1.039146900177002,785,17,120,Cool Temperate,Moist,Settlement,Plains,Cool Temperate Moist,78,119,2,Cool Temperate Moist Settlement on Plains,#4E7702
3943,Vespa velutina,BE,NA,gbif,4.59,51.18,1.0279624938964844,800,9,116,Cool Temperate,Moist,Cropland,Plains,Cool Temperate Moist,29,153,10,Cool Temperate Moist Cropland on Plains,#1D990A
3944,Vespa velutina,BE,NA,gbif,3.74,51.06,1.0652593612670898,792,8,161,Warm Temperate,Moist,Settlement,Plains,Warm Temperate Moist,163,170,28,Warm Temperate Moist Settlement on Plains,#A3AA1C
3945,Vespa velutina,NA,Montmoreau,inat,0.13,45.4,1.2388792037963867,893,108,169,Warm Temperate,Moist,Settlement,Hills,Warm Temperate Moist,136,158,52,Warm Temperate Moist Settlement on Hills,#889E34
3946,Vespa velutina,NA,Grund Luxemburg,inat,6.14,49.61,0.9220864295959472,866,295,108,Cool Temperate,Moist,Settlement,Hills,Cool Temperate Moist,67,109,14,Cool Temperate Moist Settlement on Hills,#436D0E
3947,Vespa velutina,NA,"42400 Saint-Chamond, France",inat,4.52,45.47,0.9177802085876464,980,406,172,Warm Temperate,Moist,Settlement,Mountains,Warm Temperate Moist,105,89,18,Warm Temperate Moist Settlement on Mountains,#695912
3948,Vespa velutina,BE,NA,gbif,4.77,50.86,1.0381396293640135,765,56,110,Cool Temperate,Moist,Cropland,Hills,Cool Temperate Moist,33,144,30,Cool Temperate Moist Cropland on Hills,#21901E
3949,Vespa velutina,NA,"48000 Saint-Bauzile, France",inat,3.5,44.48,0.8227698326110839,1053,925,107,Cool Temperate,Moist,Grassland,Mountains,Cool Temperate Moist,26,83,0,Cool Temperate Moist Grassland on Mountains,#1A5300
3950,Vespa velutina,BE,NA,gbif,4.54,50.99,1.0223458290100098,773,9,116,Cool Temperate,Moist,Cropland,Plains,Cool Temperate Moist,29,153,10,Cool Temperate Moist Cropland on Plains,#1D990A
3951,Vespa velutina,NA,"Rúa das Ameas, Santiago de Compostela, A Coruña, ES",inat,-8.54,42.88,1.3204468727111816,1585,275,172,Warm Temperate,Moist,Settlement,Mountains,Warm Temperate Moist,105,89,18,Warm Temperate Moist Settlement on Mountains,#695912
3952,Vespa velutina,NL,NA,gbif,5.35,51.65,0.9877718925476074,767,6,116,Cool Temperate,Moist,Cropland,Plains,Cool Temperate Moist,29,153,10,Cool Temperate Moist Cropland on Plains,#1D990A
3953,Vespa velutina,BE,NA,gbif,4.58,51.17,1.0279624938964844,800,9,128,Cool Temperate,Moist,Grassland,Plains,Cool Temperate Moist,22,133,0,Cool Temperate Moist Grassland on Plains,#168500
3954,Vespa velutina,NL,NA,gbif,3.85,51.2,1.0390030860900878,773,5,116,Cool Temperate,Moist,Cropland,Plains,Cool Temperate Moist,29,153,10,Cool Temperate Moist Cropland on Plains,#1D990A
3955,Vespa velutina,BE,NA,gbif,4.61,50.91,1.0223458290100098,773,37,160,Warm Temperate,Moist,Cropland,Plains,Warm Temperate Moist,105,207,54,Warm Temperate Moist Cropland on Plains,#69CF36
3956,Vespa velutina,BE,NA,gbif,3.76,51.03,1.0652593612670898,792,8,120,Cool Temperate,Moist,Settlement,Plains,Cool Temperate Moist,78,119,2,Cool Temperate Moist Settlement on Plains,#4E7702
3957,Vespa velutina,BE,NA,gbif,4.32,51.35,1.0319975852966308,791,3,120,Cool Temperate,Moist,Settlement,Plains,Cool Temperate Moist,78,119,2,Cool Temperate Moist Settlement on Plains,#4E7702
3958,Vespa velutina,BE,NA,gbif,4.76,50.92,1.0381396293640135,765,38,108,Cool Temperate,Moist,Settlement,Hills,Cool Temperate Moist,67,109,14,Cool Temperate Moist Settlement on Hills,#436D0E
3959,Vespa velutina,NA,"Vila do Conde - Ponte, 4480-754 Vila do Conde, Portogallo",inat,-8.74,41.35,1.4257161140441894,1414,8,168,Warm Temperate,Moist,Cropland,Hills,Warm Temperate Moist,112,198,86,Warm Temperate Moist Cropland on Hills,#70C656
3960,Vespa velutina,BE,NA,gbif,4.44,51.25,1.0570364952087403,798,4,161,Warm Temperate,Moist,Settlement,Plains,Warm Temperate Moist,163,170,28,Warm Temperate Moist Settlement on Plains,#A3AA1C
3961,Vespa velutina,NA,"Vern-sur-Seiche, Bretagne, FR",inat,-1.62,48.05,1.142260456085205,737,42,161,Warm Temperate,Moist,Settlement,Plains,Warm Temperate Moist,163,170,28,Warm Temperate Moist Settlement on Plains,#A3AA1C
3962,Vespa velutina,DE,NA,gbif,7.21,51.47,0.956671905517578,1007,110,108,Cool Temperate,Moist,Settlement,Hills,Cool Temperate Moist,67,109,14,Cool Temperate Moist Settlement on Hills,#436D0E
3963,Vespa velutina,NA,Tournai,inat,3.41,50.59,1.0263708114624024,745,37,102,Cool Temperate,Moist,Cropland,Tablelands,Cool Temperate Moist,99,97,160,Cool Temperate Moist Cropland on Tablelands,#6361A0
3964,Vespa velutina,BE,NA,gbif,3.26,50.81,1.0392760276794433,754,30,120,Cool Temperate,Moist,Settlement,Plains,Cool Temperate Moist,78,119,2,Cool Temperate Moist Settlement on Plains,#4E7702
3965,Vespa velutina,NA,"Rue de Saint-Hubert, Nassogne, Luxemburg, BE",inat,5.31,50.11,0.8845166206359864,929,292,97,Cool Temperate,Moist,Forest,Mountains,Cool Temperate Moist,6,64,0,Cool Temperate Moist Forest on Mountains,#064000
3966,Vespa velutina,BE,NA,gbif,4.95,50.86,1.0436156272888184,766,51,116,Cool Temperate,Moist,Cropland,Plains,Cool Temperate Moist,29,153,10,Cool Temperate Moist Cropland on Plains,#1D990A
3967,Vespa velutina,NA,"A Coruña, ES-GA, ES",inat,-8.52,43.35,NA,NA,-34,NA,NA,NA,NA,NA,NA,NA,NA,NA,NA,NA
3968,Vespa velutina,BE,NA,gbif,4.51,51.11,1.0294468879699707,777,6,128,Cool Temperate,Moist,Grassland,Plains,Cool Temperate Moist,22,133,0,Cool Temperate Moist Grassland on Plains,#168500
3969,Vespa velutina,NA,"14640 Villers-sur-Mer, France",inat,0,49.32,1.09439115524292,742,48,169,Warm Temperate,Moist,Settlement,Hills,Warm Temperate Moist,136,158,52,Warm Temperate Moist Settlement on Hills,#889E34
3970,Vespa velutina,NA,"CHATELET Athénée, 6200 Châtelet, Belgique",inat,4.53,50.41,0.9846739768981934,803,118,108,Cool Temperate,Moist,Settlement,Hills,Cool Temperate Moist,67,109,14,Cool Temperate Moist Settlement on Hills,#436D0E
3971,Vespa velutina,NA,"06560 Valbonne, France",inat,7.02,43.63,1.4755531311035155,854,210,173,Warm Temperate,Moist,Cropland,Mountains,Warm Temperate Moist,100,150,37,Warm Temperate Moist Cropland on Mountains,#649625
3972,Vespa velutina,NA,"8256 RJ Biddinghuizen, Nederland",inat,5.76,52.44,0.9656708717346192,799,-2,116,Cool Temperate,Moist,Cropland,Plains,Cool Temperate Moist,29,153,10,Cool Temperate Moist Cropland on Plains,#1D990A
3973,Vespa velutina,BE,NA,gbif,3.72,51.05,1.0652593612670898,792,9,120,Cool Temperate,Moist,Settlement,Plains,Cool Temperate Moist,78,119,2,Cool Temperate Moist Settlement on Plains,#4E7702
3974,Vespa velutina,NA,"Botanischer Garten, 69120 Heidelberg, Deutschland",inat,8.67,49.42,0.9509333610534668,953,105,161,Warm Temperate,Moist,Settlement,Plains,Warm Temperate Moist,163,170,28,Warm Temperate Moist Settlement on Plains,#A3AA1C
3975,Vespa velutina,NL,NA,gbif,3.55,51.45,1.040852928161621,757,-1,NA,NA,NA,NA,NA,NA,NA,NA,NA,NA,NA
3976,Vespa velutina,BE,NA,gbif,4.64,50.77,1.0064770698547365,782,53,110,Cool Temperate,Moist,Cropland,Hills,Cool Temperate Moist,33,144,30,Cool Temperate Moist Cropland on Hills,#21901E
3977,Vespa velutina,BE,NA,gbif,3.85,50.99,1.0294885635375977,792,14,161,Warm Temperate,Moist,Settlement,Plains,Warm Temperate Moist,163,170,28,Warm Temperate Moist Settlement on Plains,#A3AA1C
3978,Vespa velutina,BE,NA,gbif,3.55,50.84,1.0466250419616698,795,23,116,Cool Temperate,Moist,Cropland,Plains,Cool Temperate Moist,29,153,10,Cool Temperate Moist Cropland on Plains,#1D990A
3979,Vespa velutina,BE,NA,gbif,4.31,50.79,1.0301885604858398,788,34,108,Cool Temperate,Moist,Settlement,Hills,Cool Temperate Moist,67,109,14,Cool Temperate Moist Settlement on Hills,#436D0E
3980,Vespa velutina,NA,"1358 AD Almere, Nederland",inat,5.27,52.34,0.9625198364257812,797,-3,111,Cool Temperate,Moist,Forest,Plains,Cool Temperate Moist,1,109,0,Cool Temperate Moist Forest on Plains,#016D00
3981,Vespa velutina,BE,NA,gbif,5.58,51.05,0.9810802459716796,756,81,120,Cool Temperate,Moist,Settlement,Plains,Cool Temperate Moist,78,119,2,Cool Temperate Moist Settlement on Plains,#4E7702
3982,Vespa velutina,NL,NA,gbif,5.4,51.45,0.9980051994323732,773,20,120,Cool Temperate,Moist,Settlement,Plains,Cool Temperate Moist,78,119,2,Cool Temperate Moist Settlement on Plains,#4E7702
3983,Vespa velutina,BE,NA,gbif,4.48,51.02,1.039146900177002,785,7,120,Cool Temperate,Moist,Settlement,Plains,Cool Temperate Moist,78,119,2,Cool Temperate Moist Settlement on Plains,#4E7702
3984,Vespa velutina,BE,NA,gbif,3.19,50.93,1.0385656356811523,780,17,120,Cool Temperate,Moist,Settlement,Plains,Cool Temperate Moist,78,119,2,Cool Temperate Moist Settlement on Plains,#4E7702
3985,Vespa velutina,BE,NA,gbif,4.85,50.49,0.9631041526794434,813,138,102,Cool Temperate,Moist,Cropland,Tablelands,Cool Temperate Moist,99,97,160,Cool Temperate Moist Cropland on Tablelands,#6361A0
3986,Vespa velutina,ES,NA,gbif,2.18,41.39,1.557114028930664,615,35,172,Warm Temperate,Moist,Settlement,Mountains,Warm Temperate Moist,105,89,18,Warm Temperate Moist Settlement on Mountains,#695912
3987,Vespa velutina,NL,NA,gbif,5.2,52.35,0.9625198364257812,797,-2,111,Cool Temperate,Moist,Forest,Plains,Cool Temperate Moist,1,109,0,Cool Temperate Moist Forest on Plains,#016D00
3988,Vespa velutina,NA,"Arrondissement of Mechelen, 2800 Mechelen, Belgium",inat,4.48,51.02,1.039146900177002,785,7,120,Cool Temperate,Moist,Settlement,Plains,Cool Temperate Moist,78,119,2,Cool Temperate Moist Settlement on Plains,#4E7702
3989,Vespa velutina,BE,NA,gbif,4.84,50.89,1.0436156272888184,766,61,116,Cool Temperate,Moist,Cropland,Plains,Cool Temperate Moist,29,153,10,Cool Temperate Moist Cropland on Plains,#1D990A
3990,Vespa velutina,NA,"Île d'Ouessant, Ouessant, Bretagne, FR",inat,-5.08,48.46,1.1914166450500487,1044,19,167,Warm Temperate,Moist,Shrubland,Plains,Warm Temperate Moist,101,184,9,Warm Temperate Moist Shrubland on Plains,#65B809
3991,Vespa velutina,NL,NA,gbif,3.95,51.35,1.0314996719360352,800,-14,116,Cool Temperate,Moist,Cropland,Plains,Cool Temperate Moist,29,153,10,Cool Temperate Moist Cropland on Plains,#1D990A
3992,Vespa velutina,BE,NA,gbif,5.1,51.04,1.056958293914795,792,29,120,Cool Temperate,Moist,Settlement,Plains,Cool Temperate Moist,78,119,2,Cool Temperate Moist Settlement on Plains,#4E7702
3993,Vespa velutina,BE,NA,gbif,4.03,50.93,1.040187454223633,782,14,120,Cool Temperate,Moist,Settlement,Plains,Cool Temperate Moist,78,119,2,Cool Temperate Moist Settlement on Plains,#4E7702
3994,Vespa velutina,BE,NA,gbif,5.36,50.93,1.0172677040100098,787,38,120,Cool Temperate,Moist,Settlement,Plains,Cool Temperate Moist,78,119,2,Cool Temperate Moist Settlement on Plains,#4E7702
3995,Vespa velutina,BE,NA,gbif,4.64,51.22,1.0279624938964844,800,12,111,Cool Temperate,Moist,Forest,Plains,Cool Temperate Moist,1,109,0,Cool Temperate Moist Forest on Plains,#016D00
3996,Vespa velutina,BE,NA,gbif,3.04,51.03,1.0103198051452638,773,10,120,Cool Temperate,Moist,Settlement,Plains,Cool Temperate Moist,78,119,2,Cool Temperate Moist Settlement on Plains,#4E7702
3997,Vespa velutina,NA,"Avenida Infante Dom Pedro 47, 2615-149 Alverca do Ribatejo, Portugal",inat,-9.04,38.89,1.6104358673095702,725,21,172,Warm Temperate,Moist,Settlement,Mountains,Warm Temperate Moist,105,89,18,Warm Temperate Moist Settlement on Mountains,#695912
3998,Vespa velutina,BE,NA,gbif,4.43,51.21,1.0570364952087403,798,9,161,Warm Temperate,Moist,Settlement,Plains,Warm Temperate Moist,163,170,28,Warm Temperate Moist Settlement on Plains,#A3AA1C
3999,Vespa velutina,NA,"Vlaams Brabant, Vlaanderen, BE",inat,4.33,50.75,1.0301885604858398,788,98,129,Cool Temperate,Moist,Settlement,Tablelands,Cool Temperate Moist,47,63,130,Cool Temperate Moist Settlement on Tablelands,#2F3F82
4000,Vespa velutina,BE,NA,gbif,4.73,50.89,1.0381396293640135,765,35,108,Cool Temperate,Moist,Settlement,Hills,Cool Temperate Moist,67,109,14,Cool Temperate Moist Settlement on Hills,#436D0E
4001,Vespa velutina,BE,NA,gbif,3.59,50.85,1.0466250419616698,795,16,116,Cool Temperate,Moist,Cropland,Plains,Cool Temperate Moist,29,153,10,Cool Temperate Moist Cropland on Plains,#1D990A
4002,Vespa velutina,BE,NA,gbif,3.69,51.07,1.0652593612670898,792,6,120,Cool Temperate,Moist,Settlement,Plains,Cool Temperate Moist,78,119,2,Cool Temperate Moist Settlement on Plains,#4E7702
4003,Vespa velutina,BE,NA,gbif,4.92,50.81,1.0242583274841308,751,56,120,Cool Temperate,Moist,Settlement,Plains,Cool Temperate Moist,78,119,2,Cool Temperate Moist Settlement on Plains,#4E7702
4004,Vespa velutina,BE,NA,gbif,3.74,51.07,1.0652593612670898,792,8,161,Warm Temperate,Moist,Settlement,Plains,Warm Temperate Moist,163,170,28,Warm Temperate Moist Settlement on Plains,#A3AA1C
4005,Vespa velutina,NA,"Île de Miribel, Vaulx-en-Velin, Auvergne-Rhône-Alpes, FR",inat,4.92,45.79,1.1894624710083008,844,187,161,Warm Temperate,Moist,Settlement,Plains,Warm Temperate Moist,163,170,28,Warm Temperate Moist Settlement on Plains,#A3AA1C
4006,Vespa velutina,NA,"Hautes-Pyrénées, Midi-Pyrénées, FR",inat,0.11,43.16,1.1360625267028808,1083,408,168,Warm Temperate,Moist,Cropland,Hills,Warm Temperate Moist,112,198,86,Warm Temperate Moist Cropland on Hills,#70C656
4007,Vespa velutina,DE,NA,gbif,8.36,49.62,1.063585376739502,617,95,161,Warm Temperate,Moist,Settlement,Plains,Warm Temperate Moist,163,170,28,Warm Temperate Moist Settlement on Plains,#A3AA1C
4008,Vespa velutina,NL,NA,gbif,5.6,51.85,0.967956256866455,791,6,116,Cool Temperate,Moist,Cropland,Plains,Cool Temperate Moist,29,153,10,Cool Temperate Moist Cropland on Plains,#1D990A
4009,Vespa velutina,NA,"22430 Graus, Huesca, Espanya",inat,0.34,42.2,1.226995849609375,713,530,184,Warm Temperate,Dry,Cropland,Mountains,Warm Temperate Dry,141,179,80,Warm Temperate Dry Cropland on Mountains,#8DB350
4010,Vespa velutina,NA,"VMF2+XQ Déviation Sentier du Fartz, 62179 Tardinghen, Frankrijk",inat,1.65,50.88,1.037075901031494,582,20,168,Warm Temperate,Moist,Cropland,Hills,Warm Temperate Moist,112,198,86,Warm Temperate Moist Cropland on Hills,#70C656
4011,Vespa velutina,BE,NA,gbif,4.4,51.16,1.039146900177002,785,11,120,Cool Temperate,Moist,Settlement,Plains,Cool Temperate Moist,78,119,2,Cool Temperate Moist Settlement on Plains,#4E7702
4012,Vespa velutina,NL,NA,gbif,5.75,50.95,1.0079051971435546,754,42,110,Cool Temperate,Moist,Cropland,Hills,Cool Temperate Moist,33,144,30,Cool Temperate Moist Cropland on Hills,#21901E
4013,Vespa velutina,NA,Fanqueiro,inat,-9.17,38.84,1.5595458030700684,737,44,172,Warm Temperate,Moist,Settlement,Mountains,Warm Temperate Moist,105,89,18,Warm Temperate Moist Settlement on Mountains,#695912
4014,Vespa velutina,BE,NA,gbif,4.89,50.47,0.9631041526794434,813,132,129,Cool Temperate,Moist,Settlement,Tablelands,Cool Temperate Moist,47,63,130,Cool Temperate Moist Settlement on Tablelands,#2F3F82
4015,Vespa velutina,NA,"Route d'Arles, 30000 Nîmes, France",inat,4.37,43.82,1.48746976852417,744,27,161,Warm Temperate,Moist,Settlement,Plains,Warm Temperate Moist,163,170,28,Warm Temperate Moist Settlement on Plains,#A3AA1C
4016,Vespa velutina,NA,"Floralaan, 2640 Mortsel, Belgium",inat,4.45,51.17,1.0570364952087403,798,13,120,Cool Temperate,Moist,Settlement,Plains,Cool Temperate Moist,78,119,2,Cool Temperate Moist Settlement on Plains,#4E7702
4017,Vespa velutina,BE,NA,gbif,4.22,50.74,1.0301885604858398,788,48,110,Cool Temperate,Moist,Cropland,Hills,Cool Temperate Moist,33,144,30,Cool Temperate Moist Cropland on Hills,#21901E
4018,Vespa velutina,NA,1941 Luxembourg,inat,6.09,49.6,0.9220864295959472,866,297,110,Cool Temperate,Moist,Cropland,Hills,Cool Temperate Moist,33,144,30,Cool Temperate Moist Cropland on Hills,#21901E
4019,Vespa velutina,NA,"Camaret-sur-Mer, France",inat,-4.6,48.28,1.161780548095703,1048,-8,NA,NA,NA,NA,NA,NA,NA,NA,NA,NA,NA
4020,Vespa velutina,NA,"Rohrbacher Straße, Heidelberg, Baden-Württemberg, DE",inat,8.69,49.4,0.9509333610534668,953,134,161,Warm Temperate,Moist,Settlement,Plains,Warm Temperate Moist,163,170,28,Warm Temperate Moist Settlement on Plains,#A3AA1C
4021,Vespa velutina,BE,NA,gbif,3.78,50.95,1.0391103744506835,795,31,116,Cool Temperate,Moist,Cropland,Plains,Cool Temperate Moist,29,153,10,Cool Temperate Moist Cropland on Plains,#1D990A
4022,Vespa velutina,NA,"60 Frankfurt am Main-Innenstadt II, Deutschland",inat,8.66,50.12,1.0215635299682615,620,111,161,Warm Temperate,Moist,Settlement,Plains,Warm Temperate Moist,163,170,28,Warm Temperate Moist Settlement on Plains,#A3AA1C
4023,Vespa velutina,NA,"A Coruña, ES-GA, ES",inat,-8.03,43.7,1.3398579597473144,1078,91,176,Warm Temperate,Moist,Forest,Mountains,Warm Temperate Moist,49,105,3,Warm Temperate Moist Forest on Mountains,#316903
4024,Vespa velutina,BE,NA,gbif,3.51,50.84,1.0466250419616698,795,48,116,Cool Temperate,Moist,Cropland,Plains,Cool Temperate Moist,29,153,10,Cool Temperate Moist Cropland on Plains,#1D990A
4025,Vespa velutina,BE,NA,gbif,4.83,51.25,1.0255916595458985,796,16,116,Cool Temperate,Moist,Cropland,Plains,Cool Temperate Moist,29,153,10,Cool Temperate Moist Cropland on Plains,#1D990A
4026,Vespa velutina,NL,NA,gbif,5.9,51.05,1.0099031448364255,731,40,120,Cool Temperate,Moist,Settlement,Plains,Cool Temperate Moist,78,119,2,Cool Temperate Moist Settlement on Plains,#4E7702
4027,Vespa velutina,BE,NA,gbif,3.75,50.96,1.0391103744506835,795,29,116,Cool Temperate,Moist,Cropland,Plains,Cool Temperate Moist,29,153,10,Cool Temperate Moist Cropland on Plains,#1D990A
4028,Vespa velutina,CH,NA,gbif,7.61,47.56,1.0200145721435547,805,257,169,Warm Temperate,Moist,Settlement,Hills,Warm Temperate Moist,136,158,52,Warm Temperate Moist Settlement on Hills,#889E34
4029,Vespa velutina,BE,NA,gbif,5.35,50.9,1.0172677040100098,787,49,116,Cool Temperate,Moist,Cropland,Plains,Cool Temperate Moist,29,153,10,Cool Temperate Moist Cropland on Plains,#1D990A
4030,Vespa velutina,BE,NA,gbif,3.11,50.9,1.016388511657715,761,26,116,Cool Temperate,Moist,Cropland,Plains,Cool Temperate Moist,29,153,10,Cool Temperate Moist Cropland on Plains,#1D990A
4031,Vespa velutina,NA,"VAUX-SOUS-OLNE Route de Soiron, 4870 Trooz, Belgique",inat,5.74,50.58,0.9298562049865724,945,195,114,Cool Temperate,Moist,Grassland,Hills,Cool Temperate Moist,22,124,10,Cool Temperate Moist Grassland on Hills,#167C0A
4032,Vespa velutina,BE,NA,gbif,3.13,51.07,1.0103198051452638,773,20,116,Cool Temperate,Moist,Cropland,Plains,Cool Temperate Moist,29,153,10,Cool Temperate Moist Cropland on Plains,#1D990A
4033,Vespa velutina,BE,NA,gbif,5.46,50.95,1.0172677040100098,787,51,111,Cool Temperate,Moist,Forest,Plains,Cool Temperate Moist,1,109,0,Cool Temperate Moist Forest on Plains,#016D00
4034,Vespa velutina,BE,NA,gbif,4.46,50.89,1.0497979164123534,783,40,108,Cool Temperate,Moist,Settlement,Hills,Cool Temperate Moist,67,109,14,Cool Temperate Moist Settlement on Hills,#436D0E
4035,Vespa velutina,BE,NA,gbif,5.81,51.1,1.0033124923706054,720,26,116,Cool Temperate,Moist,Cropland,Plains,Cool Temperate Moist,29,153,10,Cool Temperate Moist Cropland on Plains,#1D990A
4036,Vespa velutina,NA,"Groesbeek, Nederland",inat,5.92,51.79,0.9752073287963868,758,79,109,Cool Temperate,Moist,Grassland,Tablelands,Cool Temperate Moist,78,92,155,Cool Temperate Moist Grassland on Tablelands,#4E5C9B
4037,Vespa velutina,NA,"Asturias, Spain",inat,-6.09,43.54,1.3009259223937988,1003,43,NA,NA,NA,NA,NA,NA,NA,NA,NA,NA,NA
4038,Vespa velutina,NA,"Rue des Sciences, Villeurbanne, Auvergne-Rhône-Alpes, FR",inat,4.88,45.78,1.1894624710083008,844,181,161,Warm Temperate,Moist,Settlement,Plains,Warm Temperate Moist,163,170,28,Warm Temperate Moist Settlement on Plains,#A3AA1C
4039,Vespa velutina,NL,NA,gbif,5.9,50.9,0.9916646003723144,781,83,110,Cool Temperate,Moist,Cropland,Hills,Cool Temperate Moist,33,144,30,Cool Temperate Moist Cropland on Hills,#21901E
4040,Vespa velutina,NA,"Kirschenweg, Pulheim, North Rhine-Westphalia, DE",inat,6.76,51.03,1.036717700958252,748,56,116,Cool Temperate,Moist,Cropland,Plains,Cool Temperate Moist,29,153,10,Cool Temperate Moist Cropland on Plains,#1D990A
4041,Vespa velutina,BE,NA,gbif,4.19,50.84,1.029301071166992,790,54,116,Cool Temperate,Moist,Cropland,Plains,Cool Temperate Moist,29,153,10,Cool Temperate Moist Cropland on Plains,#1D990A
4042,Vespa velutina,NA,"79 Freiburg im Breisgau-Weingarten, Deutschland",inat,7.81,48,0.9775771141052246,969,248,172,Warm Temperate,Moist,Settlement,Mountains,Warm Temperate Moist,105,89,18,Warm Temperate Moist Settlement on Mountains,#695912
4043,Vespa velutina,NA,"O Pino, La Coruña, ES",inat,-8.4,42.91,1.2908989906311037,1722,321,173,Warm Temperate,Moist,Cropland,Mountains,Warm Temperate Moist,100,150,37,Warm Temperate Moist Cropland on Mountains,#649625
4044,Vespa velutina,NA,"81360 Montredon-Labessonnié, France",inat,2.34,43.73,1.1199937820434571,818,489,173,Warm Temperate,Moist,Cropland,Mountains,Warm Temperate Moist,100,150,37,Warm Temperate Moist Cropland on Mountains,#649625
4045,Vespa velutina,BE,NA,gbif,4.63,50.69,1.0064770698547365,782,104,101,Cool Temperate,Moist,Forest,Tablelands,Cool Temperate Moist,71,89,181,Cool Temperate Moist Forest on Tablelands,#4759B5
4046,Vespa velutina,BE,NA,gbif,3.14,50.8,1.0312749862670898,735,18,116,Cool Temperate,Moist,Cropland,Plains,Cool Temperate Moist,29,153,10,Cool Temperate Moist Cropland on Plains,#1D990A
4047,Vespa velutina,NA,"64291 Arheilgen, Deutschland",inat,8.66,49.9,1.020603084564209,638,144,120,Cool Temperate,Moist,Settlement,Plains,Cool Temperate Moist,78,119,2,Cool Temperate Moist Settlement on Plains,#4E7702
4048,Vespa velutina,NL,NA,gbif,5.75,51,1.0079051971435546,754,32,116,Cool Temperate,Moist,Cropland,Plains,Cool Temperate Moist,29,153,10,Cool Temperate Moist Cropland on Plains,#1D990A
4049,Vespa velutina,FR,NA,gbif,2.78,50.44,1.0122187614440918,703,52,108,Cool Temperate,Moist,Settlement,Hills,Cool Temperate Moist,67,109,14,Cool Temperate Moist Settlement on Hills,#436D0E
4050,Vespa velutina,DE,NA,gbif,8.83,54.8,0.8565197944641113,811,-3,120,Cool Temperate,Moist,Settlement,Plains,Cool Temperate Moist,78,119,2,Cool Temperate Moist Settlement on Plains,#4E7702
4051,Vespa velutina,BE,NA,gbif,4.91,50.47,0.9631041526794434,813,142,108,Cool Temperate,Moist,Settlement,Hills,Cool Temperate Moist,67,109,14,Cool Temperate Moist Settlement on Hills,#436D0E
4052,Vespa velutina,NA,"Woluwe-Saint-Lambert, 1200 Woluwe-Saint-Lambert, Belgique",inat,4.42,50.85,1.0497979164123534,783,68,108,Cool Temperate,Moist,Settlement,Hills,Cool Temperate Moist,67,109,14,Cool Temperate Moist Settlement on Hills,#436D0E
4053,Vespa velutina,BE,NA,gbif,3.61,50.85,1.0466250419616698,795,14,120,Cool Temperate,Moist,Settlement,Plains,Cool Temperate Moist,78,119,2,Cool Temperate Moist Settlement on Plains,#4E7702
4054,Vespa velutina,NA,"Rua da Lenta, Lovelhe, Norte, PT",inat,-8.75,41.96,1.3692541122436523,1581,12,176,Warm Temperate,Moist,Forest,Mountains,Warm Temperate Moist,49,105,3,Warm Temperate Moist Forest on Mountains,#316903
4055,Vespa velutina,NL,NA,gbif,5.3,51.65,0.9838749885559082,773,8,120,Cool Temperate,Moist,Settlement,Plains,Cool Temperate Moist,78,119,2,Cool Temperate Moist Settlement on Plains,#4E7702
4056,Vespa velutina,BE,NA,gbif,3.69,50.97,1.0391103744506835,795,11,159,Warm Temperate,Moist,Grassland,Plains,Warm Temperate Moist,91,184,24,Warm Temperate Moist Grassland on Plains,#5BB818
4057,Vespa velutina,NA,"Alverca do Ribatejo, Portugal",inat,-9.05,38.89,1.6104358673095702,725,73,172,Warm Temperate,Moist,Settlement,Mountains,Warm Temperate Moist,105,89,18,Warm Temperate Moist Settlement on Mountains,#695912
4058,Vespa velutina,BE,NA,gbif,3.93,51.18,1.0390030860900878,773,4,120,Cool Temperate,Moist,Settlement,Plains,Cool Temperate Moist,78,119,2,Cool Temperate Moist Settlement on Plains,#4E7702
4059,Vespa velutina,BE,NA,gbif,5.11,51.34,0.9912364959716796,790,30,120,Cool Temperate,Moist,Settlement,Plains,Cool Temperate Moist,78,119,2,Cool Temperate Moist Settlement on Plains,#4E7702
4060,Vespa velutina,NL,NA,gbif,4.9,51.6,0.9868624687194824,799,11,111,Cool Temperate,Moist,Forest,Plains,Cool Temperate Moist,1,109,0,Cool Temperate Moist Forest on Plains,#016D00
4061,Vespa velutina,BE,NA,gbif,3.12,51.3,1.0130767822265625,758,-2,128,Cool Temperate,Moist,Grassland,Plains,Cool Temperate Moist,22,133,0,Cool Temperate Moist Grassland on Plains,#168500
4062,Vespa velutina,NL,NA,gbif,5.4,52.4,0.9534229278564452,781,-5,116,Cool Temperate,Moist,Cropland,Plains,Cool Temperate Moist,29,153,10,Cool Temperate Moist Cropland on Plains,#1D990A
4063,Vespa velutina,BE,NA,gbif,4.45,51.12,1.039146900177002,785,17,120,Cool Temperate,Moist,Settlement,Plains,Cool Temperate Moist,78,119,2,Cool Temperate Moist Settlement on Plains,#4E7702
4064,Vespa velutina,NA,"BV-1424, Caldes de Montbui, Barcelona, ES",inat,2.17,41.62,1.5025729179382323,659,198,173,Warm Temperate,Moist,Cropland,Mountains,Warm Temperate Moist,100,150,37,Warm Temperate Moist Cropland on Mountains,#649625
4065,Vespa velutina,NA,"61440 Oberursel (Taunus), Deutschland",inat,8.58,50.21,0.9044145584106446,745,199,113,Cool Temperate,Moist,Settlement,Mountains,Cool Temperate Moist,61,67,0,Cool Temperate Moist Settlement on Mountains,#3D4300
4066,Vespa velutina,NA,"A Coruña, España",inat,-8.57,43.31,1.3265371322631836,1260,86,173,Warm Temperate,Moist,Cropland,Mountains,Warm Temperate Moist,100,150,37,Warm Temperate Moist Cropland on Mountains,#649625
4067,Vespa velutina,BE,NA,gbif,3.76,51.02,1.0652593612670898,792,11,120,Cool Temperate,Moist,Settlement,Plains,Cool Temperate Moist,78,119,2,Cool Temperate Moist Settlement on Plains,#4E7702
4068,Vespa velutina,NA,1380-Champ d'Al Vau,inat,4.48,50.71,1.0074718475341795,805,90,110,Cool Temperate,Moist,Cropland,Hills,Cool Temperate Moist,33,144,30,Cool Temperate Moist Cropland on Hills,#21901E
4069,Vespa velutina,NA,"Hyères, Francia",inat,6.1,43.12,1.4988213539123536,696,85,169,Warm Temperate,Moist,Settlement,Hills,Warm Temperate Moist,136,158,52,Warm Temperate Moist Settlement on Hills,#889E34
4070,Vespa velutina,NA,"Villa Sainte-Anne, 06000 Nice, France",inat,7.23,43.71,1.419241428375244,807,106,172,Warm Temperate,Moist,Settlement,Mountains,Warm Temperate Moist,105,89,18,Warm Temperate Moist Settlement on Mountains,#695912
4071,Vespa velutina,NA,"Innenstadt I, Frankfurt am Main, Deutschland",inat,8.67,50.11,1.014552116394043,674,111,161,Warm Temperate,Moist,Settlement,Plains,Warm Temperate Moist,163,170,28,Warm Temperate Moist Settlement on Plains,#A3AA1C
4072,Vespa velutina,NA,"Place des Bernardines, Pontarlier, Bourgogne-Franche-Comté, FR",inat,6.36,46.91,0.650042724609375,1371,873,113,Cool Temperate,Moist,Settlement,Mountains,Cool Temperate Moist,61,67,0,Cool Temperate Moist Settlement on Mountains,#3D4300
4073,Vespa velutina,NA,"45739 Oer-Erkenschwick, Deutschland",inat,7.26,51.65,0.9944573402404784,888,94,108,Cool Temperate,Moist,Settlement,Hills,Cool Temperate Moist,67,109,14,Cool Temperate Moist Settlement on Hills,#436D0E
4074,Vespa velutina,BE,NA,gbif,4.29,50.81,1.0301885604858398,788,20,120,Cool Temperate,Moist,Settlement,Plains,Cool Temperate Moist,78,119,2,Cool Temperate Moist Settlement on Plains,#4E7702
4075,Vespa velutina,BE,NA,gbif,5.5,50.88,0.9943770408630372,774,58,116,Cool Temperate,Moist,Cropland,Plains,Cool Temperate Moist,29,153,10,Cool Temperate Moist Cropland on Plains,#1D990A
4076,Vespa velutina,BE,NA,gbif,4.51,51.01,1.0294468879699707,777,6,116,Cool Temperate,Moist,Cropland,Plains,Cool Temperate Moist,29,153,10,Cool Temperate Moist Cropland on Plains,#1D990A
4077,Vespa velutina,NL,NA,gbif,5.45,51.4,0.9980051994323732,773,21,111,Cool Temperate,Moist,Forest,Plains,Cool Temperate Moist,1,109,0,Cool Temperate Moist Forest on Plains,#016D00
4078,Vespa velutina,BE,NA,gbif,3.64,50.88,1.0466250419616698,795,16,159,Warm Temperate,Moist,Grassland,Plains,Warm Temperate Moist,91,184,24,Warm Temperate Moist Grassland on Plains,#5BB818
4079,Vespa velutina,DE,NA,gbif,6.16,51.21,1.0026583671569824,734,66,116,Cool Temperate,Moist,Cropland,Plains,Cool Temperate Moist,29,153,10,Cool Temperate Moist Cropland on Plains,#1D990A
4080,Vespa velutina,NA,"Pabellón Mies van der Rohe, Barcelona, Barcelona, ES",inat,2.15,41.37,1.5362238883972168,635,42,172,Warm Temperate,Moist,Settlement,Mountains,Warm Temperate Moist,105,89,18,Warm Temperate Moist Settlement on Mountains,#695912
4081,Vespa velutina,BE,NA,gbif,4.5,51.04,1.0294468879699707,777,5,116,Cool Temperate,Moist,Cropland,Plains,Cool Temperate Moist,29,153,10,Cool Temperate Moist Cropland on Plains,#1D990A
4082,Vespa velutina,NA,"60 Frankfurt-Ost, Deutschland",inat,8.73,50.13,1.014552116394043,674,126,108,Cool Temperate,Moist,Settlement,Hills,Cool Temperate Moist,67,109,14,Cool Temperate Moist Settlement on Hills,#436D0E
4083,Vespa velutina,NA,"Sallent, 08650, Barcelona, Spain",inat,1.9,41.79,1.3732572555541993,631,289,173,Warm Temperate,Moist,Cropland,Mountains,Warm Temperate Moist,100,150,37,Warm Temperate Moist Cropland on Mountains,#649625
4084,Vespa velutina,NA,"Avenue Dutuit, Paris, Île-de-France, FR",inat,2.32,48.87,1.160487461090088,632,48,169,Warm Temperate,Moist,Settlement,Hills,Warm Temperate Moist,136,158,52,Warm Temperate Moist Settlement on Hills,#889E34
4085,Vespa velutina,BE,NA,gbif,5.29,51.03,1.0283103942871097,817,40,116,Cool Temperate,Moist,Cropland,Plains,Cool Temperate Moist,29,153,10,Cool Temperate Moist Cropland on Plains,#1D990A
4086,Vespa velutina,FR,NA,gbif,6.77,47.95,0.7678072929382325,1180,642,113,Cool Temperate,Moist,Settlement,Mountains,Cool Temperate Moist,61,67,0,Cool Temperate Moist Settlement on Mountains,#3D4300
4087,Vespa velutina,NA,"1, Place Henri Malou, La Mailleraye-sur-Seine, 76940 Arelaune-en-Seine, France",inat,0.77,49.48,1.065861415863037,727,2,169,Warm Temperate,Moist,Settlement,Hills,Warm Temperate Moist,136,158,52,Warm Temperate Moist Settlement on Hills,#889E34
4088,Vespa velutina,BE,NA,gbif,5.74,51.14,1.0033124923706054,720,30,116,Cool Temperate,Moist,Cropland,Plains,Cool Temperate Moist,29,153,10,Cool Temperate Moist Cropland on Plains,#1D990A
4089,Vespa velutina,BE,NA,gbif,5.29,50.98,1.0412812232971191,790,35,116,Cool Temperate,Moist,Cropland,Plains,Cool Temperate Moist,29,153,10,Cool Temperate Moist Cropland on Plains,#1D990A
4090,Vespa velutina,NL,NA,gbif,5.25,51.7,0.9796489715576172,776,2,128,Cool Temperate,Moist,Grassland,Plains,Cool Temperate Moist,22,133,0,Cool Temperate Moist Grassland on Plains,#168500
4091,Vespa velutina,BE,NA,gbif,4.68,50.83,0.9946885108947754,774,69,101,Cool Temperate,Moist,Forest,Tablelands,Cool Temperate Moist,71,89,181,Cool Temperate Moist Forest on Tablelands,#4759B5
4092,Vespa velutina,NA,"3800-012 Aveiro, Portugal",inat,-8.64,40.64,1.4932135581970214,978,15,161,Warm Temperate,Moist,Settlement,Plains,Warm Temperate Moist,163,170,28,Warm Temperate Moist Settlement on Plains,#A3AA1C
4093,Vespa velutina,BE,NA,gbif,3.26,50.93,1.0385656356811523,780,16,116,Cool Temperate,Moist,Cropland,Plains,Cool Temperate Moist,29,153,10,Cool Temperate Moist Cropland on Plains,#1D990A
4094,Vespa velutina,BE,NA,gbif,4.58,51.15,1.0294468879699707,777,5,116,Cool Temperate,Moist,Cropland,Plains,Cool Temperate Moist,29,153,10,Cool Temperate Moist Cropland on Plains,#1D990A
4095,Vespa velutina,BE,NA,gbif,4.08,51.21,1.0351354598999023,797,4,120,Cool Temperate,Moist,Settlement,Plains,Cool Temperate Moist,78,119,2,Cool Temperate Moist Settlement on Plains,#4E7702
4096,Vespa velutina,BE,NA,gbif,3.82,51.04,1.0652593612670898,792,5,160,Warm Temperate,Moist,Cropland,Plains,Warm Temperate Moist,105,207,54,Warm Temperate Moist Cropland on Plains,#69CF36
4097,Vespa velutina,BE,NA,gbif,3.26,50.81,1.0392760276794433,754,30,120,Cool Temperate,Moist,Settlement,Plains,Cool Temperate Moist,78,119,2,Cool Temperate Moist Settlement on Plains,#4E7702
4098,Vespa velutina,DE,NA,gbif,8.34,49.31,1.054005241394043,714,111,120,Cool Temperate,Moist,Settlement,Plains,Cool Temperate Moist,78,119,2,Cool Temperate Moist Settlement on Plains,#4E7702
4099,Vespa velutina,BE,NA,gbif,4.49,51.1,1.039146900177002,785,6,116,Cool Temperate,Moist,Cropland,Plains,Cool Temperate Moist,29,153,10,Cool Temperate Moist Cropland on Plains,#1D990A
4100,Vespa velutina,NA,"Square des Pasteliers, Villefranche-de-Lauragais, Occitanie, FR",inat,1.72,43.4,1.2784364700317383,755,189,169,Warm Temperate,Moist,Settlement,Hills,Warm Temperate Moist,136,158,52,Warm Temperate Moist Settlement on Hills,#889E34
4101,Vespa velutina,NA,"BIWER, Mairie, 6834 Biwer, Luxemburg",inat,6.37,49.71,0.9227978706359864,800,268,114,Cool Temperate,Moist,Grassland,Hills,Cool Temperate Moist,22,124,10,Cool Temperate Moist Grassland on Hills,#167C0A
4102,Vespa velutina,BE,NA,gbif,3.52,50.86,1.0466250419616698,795,61,116,Cool Temperate,Moist,Cropland,Plains,Cool Temperate Moist,29,153,10,Cool Temperate Moist Cropland on Plains,#1D990A
4103,Vespa velutina,NA,"Castelnou, Occitanie, FR",inat,2.72,42.64,1.406432247161865,619,154,173,Warm Temperate,Moist,Cropland,Mountains,Warm Temperate Moist,100,150,37,Warm Temperate Moist Cropland on Mountains,#649625
4104,Vespa velutina,DE,NA,gbif,7,49.65,0.7677583217620849,1007,586,107,Cool Temperate,Moist,Grassland,Mountains,Cool Temperate Moist,26,83,0,Cool Temperate Moist Grassland on Mountains,#1A5300
4105,Vespa velutina,NA,2427 Luxemburg,inat,6.14,49.61,0.9220864295959472,866,295,108,Cool Temperate,Moist,Settlement,Hills,Cool Temperate Moist,67,109,14,Cool Temperate Moist Settlement on Hills,#436D0E
4106,Vespa velutina,BE,NA,gbif,3.57,50.97,1.0466250419616698,795,7,116,Cool Temperate,Moist,Cropland,Plains,Cool Temperate Moist,29,153,10,Cool Temperate Moist Cropland on Plains,#1D990A
4107,Vespa velutina,NA,"63430 Les Martres-d'Artière, France",inat,3.28,45.83,1.086703109741211,612,309,168,Warm Temperate,Moist,Cropland,Hills,Warm Temperate Moist,112,198,86,Warm Temperate Moist Cropland on Hills,#70C656
4108,Vespa velutina,BE,NA,gbif,5.37,51.25,0.9916239738464356,777,42,111,Cool Temperate,Moist,Forest,Plains,Cool Temperate Moist,1,109,0,Cool Temperate Moist Forest on Plains,#016D00
4109,Vespa velutina,BE,NA,gbif,4.35,50.91,1.0497979164123534,783,49,120,Cool Temperate,Moist,Settlement,Plains,Cool Temperate Moist,78,119,2,Cool Temperate Moist Settlement on Plains,#4E7702
4110,Vespa velutina,NL,NA,gbif,3.9,51.25,1.0390030860900878,773,2,116,Cool Temperate,Moist,Cropland,Plains,Cool Temperate Moist,29,153,10,Cool Temperate Moist Cropland on Plains,#1D990A
4111,Vespa velutina,BE,NA,gbif,4.39,50.9,1.0497979164123534,783,34,160,Warm Temperate,Moist,Cropland,Plains,Warm Temperate Moist,105,207,54,Warm Temperate Moist Cropland on Plains,#69CF36
4112,Vespa velutina,NA,"Querweg Freiburg-Bodensee, Freiburg im Breisgau, Baden-Württemberg, DE",inat,7.86,47.99,0.7210000038146973,1480,345,113,Cool Temperate,Moist,Settlement,Mountains,Cool Temperate Moist,61,67,0,Cool Temperate Moist Settlement on Mountains,#3D4300
4113,Vespa velutina,NA,"Île-de-France, FR",inat,2.6,48.66,1.0804916381835938,630,80,160,Warm Temperate,Moist,Cropland,Plains,Warm Temperate Moist,105,207,54,Warm Temperate Moist Cropland on Plains,#69CF36
4114,Vespa velutina,BE,NA,gbif,2.92,51.21,1.010472011566162,727,4,120,Cool Temperate,Moist,Settlement,Plains,Cool Temperate Moist,78,119,2,Cool Temperate Moist Settlement on Plains,#4E7702
4115,Vespa velutina,NA,"Pontevedra, España",inat,-8.77,42.51,1.4116792678833008,1504,26,176,Warm Temperate,Moist,Forest,Mountains,Warm Temperate Moist,49,105,3,Warm Temperate Moist Forest on Mountains,#316903
4116,Vespa velutina,NL,NA,gbif,5.55,51.25,0.9874073028564452,732,35,120,Cool Temperate,Moist,Settlement,Plains,Cool Temperate Moist,78,119,2,Cool Temperate Moist Settlement on Plains,#4E7702
