occurrence_id,species,countryCode,location,source,longitude,latitude,tas_mean_c,prec_mean_annual,elevation_m,ecosystem_code,Temperatur,Moisture,Landcover,Landforms,Climate_Re,Red,Green,Blue,W_Ecosystm,color,NDVI
6,Vespa crabro,NA,"Hoofdweg, Loenen, Gelderland, NL",inat,6.03,52.13,0.9595292091369628,817,20,116,Cool Temperate,Moist,Cropland,Plains,Cool Temperate Moist,29,153,10,Cool Temperate Moist Cropland on Plains,#1D990A,0.6200041666666667
8,Vespa crabro,NA,"07 Hainspitz, Deutschland",inat,11.83,50.96,0.8699322700500488,641,304,110,Cool Temperate,Moist,Cropland,Hills,Cool Temperate Moist,33,144,30,Cool Temperate Moist Cropland on Hills,#21901E,0.3388125
10,Vespa crabro,NA,"Roecklplatz, 80469 München, Deutschland",inat,11.57,48.12,0.8841385841369629,1006,526,120,Cool Temperate,Moist,Settlement,Plains,Cool Temperate Moist,78,119,2,Cool Temperate Moist Settlement on Plains,#4E7702,0.4343416666666667
11,Vespa crabro,NA,"Timișoara, Romania",inat,21.26,45.78,1.0678229331970217,589,94,195,Warm Temperate,Dry,Forest,Plains,Warm Temperate Dry,94,186,42,Warm Temperate Dry Forest on Plains,#5EBA2A,0.6926916666666667
13,Vespa crabro,NL,NA,gbif,3.8,51.2,1.0463364601135254,769,6,120,Cool Temperate,Moist,Settlement,Plains,Cool Temperate Moist,78,119,2,Cool Temperate Moist Settlement on Plains,#4E7702,0.5540041666666666
16,Vespa crabro,NA,"Bergivaux, 57130 Ancy-Dornot, France",inat,6.05,49.05,0.989382266998291,773,254,105,Cool Temperate,Moist,Forest,Hills,Cool Temperate Moist,2,99,1,Cool Temperate Moist Forest on Hills,#026301,0.5396541666666667
19,Vespa crabro,GB,NA,gbif,-1.33,50.92,1.0439030647277832,782,51,166,Warm Temperate,Moist,Forest,Plains,Warm Temperate Moist,45,158,6,Warm Temperate Moist Forest on Plains,#2D9E06,0.39864166666666667
24,Vespa crabro,NL,NA,gbif,5.65,51.2,0.9874073028564452,732,35,116,Cool Temperate,Moist,Cropland,Plains,Cool Temperate Moist,29,153,10,Cool Temperate Moist Cropland on Plains,#1D990A,0.5893625
26,Vespa crabro,NL,NA,gbif,5.9,52.2,0.9391374588012696,876,62,105,Cool Temperate,Moist,Forest,Hills,Cool Temperate Moist,2,99,1,Cool Temperate Moist Forest on Hills,#026301,0.6555541666666667
31,Vespa crabro,FR,NA,gbif,-0.61,43.17,1.3609167098999024,1260,243,172,Warm Temperate,Moist,Settlement,Mountains,Warm Temperate Moist,105,89,18,Warm Temperate Moist Settlement on Mountains,#695912,0.6873416666666666
34,Vespa crabro,CZ,NA,gbif,14.27,50,0.8207864761352539,525,363,102,Cool Temperate,Moist,Cropland,Tablelands,Cool Temperate Moist,99,97,160,Cool Temperate Moist Cropland on Tablelands,#6361A0,0.6085416666666666
37,Vespa crabro,NA,"23018 Talamona SO, Italia",inat,9.63,46.14,0.6013031005859375,1022,664,171,Warm Temperate,Moist,Grassland,Mountains,Warm Temperate Moist,86,129,14,Warm Temperate Moist Grassland on Mountains,#56810E,0.7923541666666667
38,Vespa crabro,NA,"Eure, Haute-Normandie, FR",inat,0.97,48.91,1.0121155738830567,679,175,116,Cool Temperate,Moist,Cropland,Plains,Cool Temperate Moist,29,153,10,Cool Temperate Moist Cropland on Plains,#1D990A,0.3200625
39,Vespa crabro,NA,"Bad Wilsnacker Straße, Bad Wilsnack, Brandenburg, DE",inat,11.86,52.96,0.9347749710083008,573,24,116,Cool Temperate,Moist,Cropland,Plains,Cool Temperate Moist,29,153,10,Cool Temperate Moist Cropland on Plains,#1D990A,0.3557
40,Vespa crabro,NL,NA,gbif,6.2,52.65,0.9588500022888184,798,-4,128,Cool Temperate,Moist,Grassland,Plains,Cool Temperate Moist,22,133,0,Cool Temperate Moist Grassland on Plains,#168500,0.49435
41,Vespa crabro,NA,Hünxe,inat,6.74,51.66,1.0405062675476071,802,34,116,Cool Temperate,Moist,Cropland,Plains,Cool Temperate Moist,29,153,10,Cool Temperate Moist Cropland on Plains,#1D990A,0.5614166666666667
48,Vespa crabro,DE,NA,gbif,6.1,50.78,0.9450010299682616,907,169,108,Cool Temperate,Moist,Settlement,Hills,Cool Temperate Moist,67,109,14,Cool Temperate Moist Settlement on Hills,#436D0E,0.39045416666666666
49,Vespa crabro,NL,NA,gbif,4.65,51.8,0.9967260360717772,816,0,120,Cool Temperate,Moist,Settlement,Plains,Cool Temperate Moist,78,119,2,Cool Temperate Moist Settlement on Plains,#4E7702,0.5671791666666667
52,Vespa crabro,DE,NA,gbif,6.23,50.79,0.9189249992370604,871,206,108,Cool Temperate,Moist,Settlement,Hills,Cool Temperate Moist,67,109,14,Cool Temperate Moist Settlement on Hills,#436D0E,0.5350708333333333
61,Vespa crabro,DE,NA,gbif,8.9,50.1,1.0042031288146973,698,112,116,Cool Temperate,Moist,Cropland,Plains,Cool Temperate Moist,29,153,10,Cool Temperate Moist Cropland on Plains,#1D990A,0.7399666666666667
64,Vespa crabro,NL,NA,gbif,5.1,51.6,0.9860114097595216,794,12,116,Cool Temperate,Moist,Cropland,Plains,Cool Temperate Moist,29,153,10,Cool Temperate Moist Cropland on Plains,#1D990A,0.5303708333333333
69,Vespa crabro,NL,NA,gbif,3.95,51.25,1.0390030860900878,773,-1,116,Cool Temperate,Moist,Cropland,Plains,Cool Temperate Moist,29,153,10,Cool Temperate Moist Cropland on Plains,#1D990A,0.5648416666666667
72,Vespa crabro,DE,NA,gbif,13.38,52.48,0.9307083129882812,555,44,120,Cool Temperate,Moist,Settlement,Plains,Cool Temperate Moist,78,119,2,Cool Temperate Moist Settlement on Plains,#4E7702,0.6384541666666667
76,Vespa crabro,NL,NA,gbif,6.1,52.05,0.9595292091369628,817,19,108,Cool Temperate,Moist,Settlement,Hills,Cool Temperate Moist,67,109,14,Cool Temperate Moist Settlement on Hills,#436D0E,0.4553916666666667
78,Vespa crabro,NA,"Leipzig 2, DE-SN, DE",inat,12.35,51.29,0.9444021224975586,567,115,111,Cool Temperate,Moist,Forest,Plains,Cool Temperate Moist,1,109,0,Cool Temperate Moist Forest on Plains,#016D00,0.47488749999999996
80,Vespa crabro,NA,"Royston, England, GB",inat,-0.03,52.15,0.963223934173584,596,49,116,Cool Temperate,Moist,Cropland,Plains,Cool Temperate Moist,29,153,10,Cool Temperate Moist Cropland on Plains,#1D990A,0.6767833333333333
81,Vespa crabro,NA,"Schlosspark Neuhardenberg, Neuhardenberg, Brandenburg, DE",inat,14.24,52.59,0.907563591003418,511,20,120,Cool Temperate,Moist,Settlement,Plains,Cool Temperate Moist,78,119,2,Cool Temperate Moist Settlement on Plains,#4E7702,0.6454541666666667
83,Vespa crabro,NL,NA,gbif,4.5,51.55,1.0070833206176757,804,5,116,Cool Temperate,Moist,Cropland,Plains,Cool Temperate Moist,29,153,10,Cool Temperate Moist Cropland on Plains,#1D990A,0.4984166666666667
84,Vespa crabro,NA,"Broxbourne EN10 7QZ, UK",inat,-0.06,51.74,0.9853885650634766,626,77,114,Cool Temperate,Moist,Grassland,Hills,Cool Temperate Moist,22,124,10,Cool Temperate Moist Grassland on Hills,#167C0A,0.52275
90,Vespa crabro,NA,"24558 Henstedt-Ulzburg-Rhen, Deutschland",inat,9.99,53.76,0.8610062599182129,802,36,128,Cool Temperate,Moist,Grassland,Plains,Cool Temperate Moist,22,133,0,Cool Temperate Moist Grassland on Plains,#168500,0.6944458333333333
94,Vespa crabro,NA,"Schinveld, Nederland",inat,6.03,50.98,0.990902042388916,782,71,116,Cool Temperate,Moist,Cropland,Plains,Cool Temperate Moist,29,153,10,Cool Temperate Moist Cropland on Plains,#1D990A,0.34092916666666667
95,Vespa crabro,FR,NA,gbif,0.99,46.77,1.156583309173584,704,106,160,Warm Temperate,Moist,Cropland,Plains,Warm Temperate Moist,105,207,54,Warm Temperate Moist Cropland on Plains,#69CF36,0.5177833333333334
106,Vespa crabro,NL,NA,gbif,5.65,51.95,0.967956256866455,791,7,116,Cool Temperate,Moist,Cropland,Plains,Cool Temperate Moist,29,153,10,Cool Temperate Moist Cropland on Plains,#1D990A,0.5548791666666667
108,Vespa crabro,NL,NA,gbif,4.4,51.75,0.9891593933105468,812,-1,116,Cool Temperate,Moist,Cropland,Plains,Cool Temperate Moist,29,153,10,Cool Temperate Moist Cropland on Plains,#1D990A,0.4561
115,Vespa crabro,NL,NA,gbif,4.6,51.85,0.9911375045776368,858,-1,120,Cool Temperate,Moist,Settlement,Plains,Cool Temperate Moist,78,119,2,Cool Temperate Moist Settlement on Plains,#4E7702,0.5562375
117,Vespa crabro,NA,"Ramsey Road, Upwood, Huntingdon PE26 2QE, UK",inat,-0.15,52.43,0.9901614189147948,542,10,116,Cool Temperate,Moist,Cropland,Plains,Cool Temperate Moist,29,153,10,Cool Temperate Moist Cropland on Plains,#1D990A,0.5175375
119,Vespa crabro,NL,NA,gbif,3.8,51.45,1.0380054473876954,782,-8,116,Cool Temperate,Moist,Cropland,Plains,Cool Temperate Moist,29,153,10,Cool Temperate Moist Cropland on Plains,#1D990A,0.5197958333333333
121,Vespa crabro,DE,NA,gbif,11.19,48.17,0.8284781455993653,908,554,105,Cool Temperate,Moist,Forest,Hills,Cool Temperate Moist,2,99,1,Cool Temperate Moist Forest on Hills,#026301,0.58685
127,Vespa crabro,NL,NA,gbif,4.75,51.55,1.0014093399047852,815,7,128,Cool Temperate,Moist,Grassland,Plains,Cool Temperate Moist,22,133,0,Cool Temperate Moist Grassland on Plains,#168500,0.5930541666666667
134,Vespa crabro,NA,"Audun-le-Tiche, Grand Est, FR",inat,5.97,49.48,0.8908905982971191,934,358,105,Cool Temperate,Moist,Forest,Hills,Cool Temperate Moist,2,99,1,Cool Temperate Moist Forest on Hills,#026301,0.5631916666666666
137,Vespa crabro,NA,"Vámosszabadi, Szabadi u. 18, 9061 Magyarország",inat,17.65,47.75,1.024997901916504,538,108,157,Cool Temperate,Dry,Settlement,Plains,Cool Temperate Dry,140,163,40,Cool Temperate Dry Settlement on Plains,#8CA328,0.5229583333333333
141,Vespa crabro,NA,"38049 Altopiano della Vigolana TN, Italia",inat,11.2,46.02,0.8804041862487793,638,920,97,Cool Temperate,Moist,Forest,Mountains,Cool Temperate Moist,6,64,0,Cool Temperate Moist Forest on Mountains,#064000,0.42746666666666666
151,Vespa crabro,NA,"12349 Berlin-Bezirk Neukölln, Deutschland",inat,13.43,52.43,0.9307083129882812,555,45,120,Cool Temperate,Moist,Settlement,Plains,Cool Temperate Moist,78,119,2,Cool Temperate Moist Settlement on Plains,#4E7702,0.7108958333333333
153,Vespa crabro,IT,NA,gbif,12.6,42.22,1.4798155784606934,520,114,173,Warm Temperate,Moist,Cropland,Mountains,Warm Temperate Moist,100,150,37,Warm Temperate Moist Cropland on Mountains,#649625,0.5973708333333333
155,Vespa crabro,NA,"2049 Ochusha, Bulgaria",inat,23.73,42.39,0.9139552116394044,613,816,97,Cool Temperate,Moist,Forest,Mountains,Cool Temperate Moist,6,64,0,Cool Temperate Moist Forest on Mountains,#064000,0.4751416666666667
160,Vespa crabro,DE,NA,gbif,8.66,52.16,0.942315673828125,833,86,105,Cool Temperate,Moist,Forest,Hills,Cool Temperate Moist,2,99,1,Cool Temperate Moist Forest on Hills,#026301,0.6108291666666666
162,Vespa crabro,DE,NA,gbif,6.38,51.51,1.006418800354004,737,27,116,Cool Temperate,Moist,Cropland,Plains,Cool Temperate Moist,29,153,10,Cool Temperate Moist Cropland on Plains,#1D990A,0.6544416666666667
163,Vespa crabro,NL,NA,gbif,6.65,52.25,0.9446489334106444,791,12,128,Cool Temperate,Moist,Grassland,Plains,Cool Temperate Moist,22,133,0,Cool Temperate Moist Grassland on Plains,#168500,0.6354083333333334
165,Vespa crabro,NA,"Veneto, IT",inat,12.22,45.76,1.2987531661987304,921,51,160,Warm Temperate,Moist,Cropland,Plains,Warm Temperate Moist,105,207,54,Warm Temperate Moist Cropland on Plains,#69CF36,0.6491583333333333
166,Vespa crabro,NL,NA,gbif,4.2,51.85,0.984907341003418,832,-3,116,Cool Temperate,Moist,Cropland,Plains,Cool Temperate Moist,29,153,10,Cool Temperate Moist Cropland on Plains,#1D990A,0.7158208333333334
168,Vespa crabro,NA,"Zichyújfalu, 8112 Magyarország",inat,18.67,47.15,1.0808395385742189,527,122,195,Warm Temperate,Dry,Forest,Plains,Warm Temperate Dry,94,186,42,Warm Temperate Dry Forest on Plains,#5EBA2A,0.7284166666666666
170,Vespa crabro,NL,NA,gbif,5.1,52.1,0.9803396224975586,797,4,120,Cool Temperate,Moist,Settlement,Plains,Cool Temperate Moist,78,119,2,Cool Temperate Moist Settlement on Plains,#4E7702,0.5969458333333333
177,Vespa crabro,NL,NA,gbif,5.45,51.35,0.9980051994323732,773,25,120,Cool Temperate,Moist,Settlement,Plains,Cool Temperate Moist,78,119,2,Cool Temperate Moist Settlement on Plains,#4E7702,0.6341708333333334
185,Vespa crabro,PL,NA,gbif,14.64,52.32,0.9103958129882812,544,64,111,Cool Temperate,Moist,Forest,Plains,Cool Temperate Moist,1,109,0,Cool Temperate Moist Forest on Plains,#016D00,0.5292083333333333
186,Vespa crabro,NA,"Esplanade, Berlin, Berlin, DE",inat,13.4,52.56,0.9484271049499512,572,50,120,Cool Temperate,Moist,Settlement,Plains,Cool Temperate Moist,78,119,2,Cool Temperate Moist Settlement on Plains,#4E7702,0.6381958333333333
189,Vespa crabro,AT,NA,gbif,13.31,46.88,0.2589197874069214,1463,1044,107,Cool Temperate,Moist,Grassland,Mountains,Cool Temperate Moist,26,83,0,Cool Temperate Moist Grassland on Mountains,#1A5300,0.4681166666666667
190,Vespa crabro,NA,"Mayfield TN20 6RJ, UK",inat,0.29,51.02,0.9762770652770996,794,73,114,Cool Temperate,Moist,Grassland,Hills,Cool Temperate Moist,22,124,10,Cool Temperate Moist Grassland on Hills,#167C0A,0.6526916666666667
191,Vespa crabro,NA,"Plav, Montenegro",inat,19.9,42.63,0.585503101348877,1051,1344,97,Cool Temperate,Moist,Forest,Mountains,Cool Temperate Moist,6,64,0,Cool Temperate Moist Forest on Mountains,#064000,0.6454541666666667
193,Vespa crabro,NA,"Didcot OX11 9GF, UK",inat,-1.22,51.62,0.9953374862670898,682,57,116,Cool Temperate,Moist,Cropland,Plains,Cool Temperate Moist,29,153,10,Cool Temperate Moist Cropland on Plains,#1D990A,0.512725
195,Vespa crabro,NL,NA,gbif,6.5,52.8,0.9194552421569824,821,14,116,Cool Temperate,Moist,Cropland,Plains,Cool Temperate Moist,29,153,10,Cool Temperate Moist Cropland on Plains,#1D990A,0.6519083333333333
196,Vespa crabro,NL,NA,gbif,5.2,52.25,0.9507135391235352,827,16,111,Cool Temperate,Moist,Forest,Plains,Cool Temperate Moist,1,109,0,Cool Temperate Moist Forest on Plains,#016D00,0.4915083333333333
200,Vespa crabro,NL,NA,gbif,6,52.1,0.9595292091369628,817,56,105,Cool Temperate,Moist,Forest,Hills,Cool Temperate Moist,2,99,1,Cool Temperate Moist Forest on Hills,#026301,0.6612166666666667
201,Vespa crabro,GB,NA,gbif,-0.5,51.37,1.0744176864624024,608,15,120,Cool Temperate,Moist,Settlement,Plains,Cool Temperate Moist,78,119,2,Cool Temperate Moist Settlement on Plains,#4E7702,0.6555541666666667
204,Vespa crabro,NA,"54 Trier, Germany",inat,6.7,49.73,0.8938666343688965,873,318,113,Cool Temperate,Moist,Settlement,Mountains,Cool Temperate Moist,61,67,0,Cool Temperate Moist Settlement on Mountains,#3D4300,0.6286208333333333
205,Vespa crabro,NA,"Regierungsviertel, 3100 St. Pölten, Österreich",inat,15.63,48.2,0.8747239112854004,643,274,108,Cool Temperate,Moist,Settlement,Hills,Cool Temperate Moist,67,109,14,Cool Temperate Moist Settlement on Hills,#436D0E,0.7091875
209,Vespa crabro,NA,"Great Bookham, UK",inat,-0.39,51.3,0.9951166152954102,714,35,110,Cool Temperate,Moist,Cropland,Hills,Cool Temperate Moist,33,144,30,Cool Temperate Moist Cropland on Hills,#21901E,0.6364083333333334
211,Vespa crabro,NL,NA,gbif,4.9,51.8,0.97971773147583,794,-1,116,Cool Temperate,Moist,Cropland,Plains,Cool Temperate Moist,29,153,10,Cool Temperate Moist Cropland on Plains,#1D990A,0.6566500000000001
212,Vespa crabro,NL,NA,gbif,5.92,51.98,0.9808792114257812,791,29,108,Cool Temperate,Moist,Settlement,Hills,Cool Temperate Moist,67,109,14,Cool Temperate Moist Settlement on Hills,#436D0E,0.5193791666666667
217,Vespa crabro,DE,NA,gbif,7.12,50.71,1.0298375129699706,717,76,120,Cool Temperate,Moist,Settlement,Plains,Cool Temperate Moist,78,119,2,Cool Temperate Moist Settlement on Plains,#4E7702,0.5081916666666667
218,Vespa crabro,NA,"Turnov 124, 511 01 Turnov, Česko",inat,15.15,50.57,0.8060552597045898,586,302,105,Cool Temperate,Moist,Forest,Hills,Cool Temperate Moist,2,99,1,Cool Temperate Moist Forest on Hills,#026301,0.6334375
221,Vespa crabro,NL,NA,gbif,5.5,51.3,0.9874073028564452,732,32,111,Cool Temperate,Moist,Forest,Plains,Cool Temperate Moist,1,109,0,Cool Temperate Moist Forest on Plains,#016D00,0.5470458333333333
229,Vespa crabro,NA,"39 Magdeburg-Stadtfeld Ost, Deutschland",inat,11.62,52.13,0.9160634994506835,506,53,120,Cool Temperate,Moist,Settlement,Plains,Cool Temperate Moist,78,119,2,Cool Temperate Moist Settlement on Plains,#4E7702,0.6611166666666667
235,Vespa crabro,NL,NA,gbif,5.5,51.95,0.967956256866455,791,2,128,Cool Temperate,Moist,Grassland,Plains,Cool Temperate Moist,22,133,0,Cool Temperate Moist Grassland on Plains,#168500,0.6679333333333334
236,Vespa crabro,FR,NA,gbif,1.64,49.07,1.0553458213806153,635,50,163,Warm Temperate,Moist,Forest,Hills,Warm Temperate Moist,47,146,24,Warm Temperate Moist Forest on Hills,#2F9218,0.5915541666666667
237,Vespa crabro,NL,NA,gbif,4.95,51.8,0.97971773147583,794,2,116,Cool Temperate,Moist,Cropland,Plains,Cool Temperate Moist,29,153,10,Cool Temperate Moist Cropland on Plains,#1D990A,0.4209791666666667
241,Vespa crabro,SE,NA,gbif,12.83,56.67,0.7363234519958496,827,19,108,Cool Temperate,Moist,Settlement,Hills,Cool Temperate Moist,67,109,14,Cool Temperate Moist Settlement on Hills,#436D0E,0.5311541666666667
242,Vespa crabro,NL,NA,gbif,6.4,53.1,0.8974020957946778,835,5,128,Cool Temperate,Moist,Grassland,Plains,Cool Temperate Moist,22,133,0,Cool Temperate Moist Grassland on Plains,#168500,0.49748333333333333
243,Vespa crabro,NA,Séris,inat,1.53,47.75,1.121596908569336,643,112,160,Warm Temperate,Moist,Cropland,Plains,Warm Temperate Moist,105,207,54,Warm Temperate Moist Cropland on Plains,#69CF36,0.44992916666666666
251,Vespa crabro,NL,NA,gbif,5.65,52,0.967956256866455,791,9,128,Cool Temperate,Moist,Grassland,Plains,Cool Temperate Moist,22,133,0,Cool Temperate Moist Grassland on Plains,#168500,0.654925
259,Vespa crabro,NA,"45290 Nogent-sur-Vernisson, France",inat,2.75,47.84,1.07966251373291,658,133,160,Warm Temperate,Moist,Cropland,Plains,Warm Temperate Moist,105,207,54,Warm Temperate Moist Cropland on Plains,#69CF36,0.5026
261,Vespa crabro,NA,"Кам'янець-Подільський район, Хмельницька область, Україна",inat,26.79,48.63,0.8455635070800781,581,207,105,Cool Temperate,Moist,Forest,Hills,Cool Temperate Moist,2,99,1,Cool Temperate Moist Forest on Hills,#026301,0.6214208333333333
265,Vespa crabro,CH,NA,gbif,8.01,47.53,0.8482301712036133,1286,345,103,Cool Temperate,Moist,Cropland,Mountains,Cool Temperate Moist,33,102,5,Cool Temperate Moist Cropland on Mountains,#216605,0.5992708333333333
270,Vespa crabro,AT,NA,gbif,15.44,47.07,0.8947572708129883,862,362,113,Cool Temperate,Moist,Settlement,Mountains,Cool Temperate Moist,61,67,0,Cool Temperate Moist Settlement on Mountains,#3D4300,0.5023166666666666
277,Vespa crabro,NL,NA,gbif,4.05,51.25,1.0351354598999023,797,6,116,Cool Temperate,Moist,Cropland,Plains,Cool Temperate Moist,29,153,10,Cool Temperate Moist Cropland on Plains,#1D990A,0.6095083333333333
278,Vespa crabro,NA,"Centro Direzionale, 20124 Milano MI, Italy",inat,9.19,45.49,1.2738364219665528,924,132,161,Warm Temperate,Moist,Settlement,Plains,Warm Temperate Moist,163,170,28,Warm Temperate Moist Settlement on Plains,#A3AA1C,0.6681125
279,Vespa crabro,FR,NA,gbif,4.6,44.96,1.0208624839782714,952,674,97,Cool Temperate,Moist,Forest,Mountains,Cool Temperate Moist,6,64,0,Cool Temperate Moist Forest on Mountains,#064000,0.42746666666666666
282,Vespa crabro,PL,NA,gbif,16.93,52.42,0.859751033782959,507,72,116,Cool Temperate,Moist,Cropland,Plains,Cool Temperate Moist,29,153,10,Cool Temperate Moist Cropland on Plains,#1D990A,0.652475
292,Vespa crabro,DE,NA,gbif,7.87,48.44,1.0097469329833983,969,147,128,Cool Temperate,Moist,Grassland,Plains,Cool Temperate Moist,22,133,0,Cool Temperate Moist Grassland on Plains,#168500,0.41176666666666667
294,Vespa crabro,NL,NA,gbif,5.7,51.85,0.9700655937194824,799,7,128,Cool Temperate,Moist,Grassland,Plains,Cool Temperate Moist,22,133,0,Cool Temperate Moist Grassland on Plains,#168500,0.5765625
297,Vespa crabro,NA,"Nantes, Pays de la Loire, France",inat,-1.58,47.27,1.191419792175293,794,41,159,Warm Temperate,Moist,Grassland,Plains,Warm Temperate Moist,91,184,24,Warm Temperate Moist Grassland on Plains,#5BB818,0.7002916666666666
303,Vespa crabro,NA,"Corso Bruno Peirolo, Bussoleno, Piemonte, IT",inat,7.14,45.14,0.6286448001861572,1080,552,173,Warm Temperate,Moist,Cropland,Mountains,Warm Temperate Moist,100,150,37,Warm Temperate Moist Cropland on Mountains,#649625,0.6885125
311,Vespa crabro,NA,"3Q6Q+5R Lago Verde, 12110 Alcora, Castellón, España",inat,-0.21,40.06,1.459151077270508,434,235,194,Warm Temperate,Dry,Forest,Mountains,Warm Temperate Dry,96,139,37,Warm Temperate Dry Forest on Mountains,#608B25,0.60275
315,Vespa crabro,NL,NA,gbif,5.6,51.85,0.967956256866455,791,6,116,Cool Temperate,Moist,Cropland,Plains,Cool Temperate Moist,29,153,10,Cool Temperate Moist Cropland on Plains,#1D990A,0.5020125
316,Vespa crabro,NL,NA,gbif,5.65,51.95,0.967956256866455,791,7,116,Cool Temperate,Moist,Cropland,Plains,Cool Temperate Moist,29,153,10,Cool Temperate Moist Cropland on Plains,#1D990A,0.6190416666666667
319,Vespa crabro,DE,NA,gbif,11.33,48.16,0.8233562469482422,994,530,110,Cool Temperate,Moist,Cropland,Hills,Cool Temperate Moist,33,144,30,Cool Temperate Moist Cropland on Hills,#21901E,0.5527458333333334
323,Vespa crabro,NA,"Páka, 8956 Magyarország",inat,16.65,46.59,1.005786418914795,778,213,110,Cool Temperate,Moist,Cropland,Hills,Cool Temperate Moist,33,144,30,Cool Temperate Moist Cropland on Hills,#21901E,0.6337958333333333
330,Vespa crabro,DE,NA,gbif,7.83,47.97,0.9775771141052246,969,357,113,Cool Temperate,Moist,Settlement,Mountains,Cool Temperate Moist,61,67,0,Cool Temperate Moist Settlement on Mountains,#3D4300,0.4691125
337,Vespa crabro,FR,NA,gbif,1.95,48.98,1.0736177444458008,629,43,163,Warm Temperate,Moist,Forest,Hills,Warm Temperate Moist,47,146,24,Warm Temperate Moist Forest on Hills,#2F9218,0.5946791666666666
344,Vespa crabro,NA,"Kings Comp School, Wolverhampton WV6 8XG, UK",inat,-2.18,52.6,0.8992489814758301,887,122,108,Cool Temperate,Moist,Settlement,Hills,Cool Temperate Moist,67,109,14,Cool Temperate Moist Settlement on Hills,#436D0E,0.5698833333333333
347,Vespa crabro,NL,NA,gbif,6.25,52.15,0.9676468849182128,789,11,128,Cool Temperate,Moist,Grassland,Plains,Cool Temperate Moist,22,133,0,Cool Temperate Moist Grassland on Plains,#168500,0.5198083333333333
348,Vespa crabro,IT,NA,gbif,11.35,46.5,0.7397343635559082,643,477,172,Warm Temperate,Moist,Settlement,Mountains,Warm Temperate Moist,105,89,18,Warm Temperate Moist Settlement on Mountains,#695912,0.6001125
349,Vespa crabro,NL,NA,gbif,3.5,51.55,1.0425701141357422,767,4,116,Cool Temperate,Moist,Cropland,Plains,Cool Temperate Moist,29,153,10,Cool Temperate Moist Cropland on Plains,#1D990A,0.5635166666666667
357,Vespa crabro,NA,"Sremski Karlovci, Serbia",inat,19.91,45.16,1.0858187675476074,646,299,97,Cool Temperate,Moist,Forest,Mountains,Cool Temperate Moist,6,64,0,Cool Temperate Moist Forest on Mountains,#064000,0.6307333333333334
358,Vespa crabro,DE,NA,gbif,9.29,52.49,0.940571880340576,718,46,116,Cool Temperate,Moist,Cropland,Plains,Cool Temperate Moist,29,153,10,Cool Temperate Moist Cropland on Plains,#1D990A,0.5846791666666666
373,Vespa crabro,AT,NA,gbif,16.25,48.12,0.9499468803405762,609,315,113,Cool Temperate,Moist,Settlement,Mountains,Cool Temperate Moist,61,67,0,Cool Temperate Moist Settlement on Mountains,#3D4300,0.7287458333333333
374,Vespa crabro,DE,NA,gbif,9.65,52.42,0.9319552421569824,666,51,120,Cool Temperate,Moist,Settlement,Plains,Cool Temperate Moist,78,119,2,Cool Temperate Moist Settlement on Plains,#4E7702,0.7071958333333334
378,Vespa crabro,FR,NA,gbif,2.63,48.44,1.0599989891052246,633,101,163,Warm Temperate,Moist,Forest,Hills,Warm Temperate Moist,47,146,24,Warm Temperate Moist Forest on Hills,#2F9218,0.6740041666666666
379,Vespa crabro,NA,"Várasfenes, Románia",inat,22.29,46.62,0.7971958160400391,709,492,97,Cool Temperate,Moist,Forest,Mountains,Cool Temperate Moist,6,64,0,Cool Temperate Moist Forest on Mountains,#064000,0.5927375
381,Vespa crabro,NA,"Aspern, 1220 Vienna, Austria",inat,16.48,48.19,1.0255562782287595,572,155,111,Cool Temperate,Moist,Forest,Plains,Cool Temperate Moist,1,109,0,Cool Temperate Moist Forest on Plains,#016D00,0.42974166666666663
384,Vespa crabro,NA,"71 Sindelfingen, Deutschland",inat,9.01,48.71,0.8853989601135254,740,449,108,Cool Temperate,Moist,Settlement,Hills,Cool Temperate Moist,67,109,14,Cool Temperate Moist Settlement on Hills,#436D0E,0.7401958333333334
386,Vespa crabro,NL,NA,gbif,5.85,51.85,0.9808792114257812,791,18,120,Cool Temperate,Moist,Settlement,Plains,Cool Temperate Moist,78,119,2,Cool Temperate Moist Settlement on Plains,#4E7702,0.6557208333333333
392,Vespa crabro,AT,NA,gbif,15.88,46.83,0.9356552124023436,853,273,103,Cool Temperate,Moist,Cropland,Mountains,Cool Temperate Moist,33,102,5,Cool Temperate Moist Cropland on Mountains,#216605,0.5720416666666667
396,Vespa crabro,NA,"Llandough, UK",inat,-3.2,51.45,1.021825408935547,1019,41,108,Cool Temperate,Moist,Settlement,Hills,Cool Temperate Moist,67,109,14,Cool Temperate Moist Settlement on Hills,#436D0E,0.47055416666666666
398,Vespa crabro,NL,NA,gbif,6.1,53.1,0.9211447715759278,829,1,120,Cool Temperate,Moist,Settlement,Plains,Cool Temperate Moist,78,119,2,Cool Temperate Moist Settlement on Plains,#4E7702,0.6073125
402,Vespa crabro,NL,NA,gbif,4.85,51.5,0.9976905822753906,802,12,116,Cool Temperate,Moist,Cropland,Plains,Cool Temperate Moist,29,153,10,Cool Temperate Moist Cropland on Plains,#1D990A,0.5835458333333333
403,Vespa crabro,DE,NA,gbif,9.19,49.08,0.9608406066894531,783,233,110,Cool Temperate,Moist,Cropland,Hills,Cool Temperate Moist,33,144,30,Cool Temperate Moist Cropland on Hills,#21901E,0.6743916666666667
407,Vespa crabro,NA,"Gommecourt, France",inat,1.6,49.07,1.0553458213806153,635,46,168,Warm Temperate,Moist,Cropland,Hills,Warm Temperate Moist,112,198,86,Warm Temperate Moist Cropland on Hills,#70C656,0.6441708333333334
409,Vespa crabro,NL,NA,gbif,4.6,51.85,0.9911375045776368,858,-1,120,Cool Temperate,Moist,Settlement,Plains,Cool Temperate Moist,78,119,2,Cool Temperate Moist Settlement on Plains,#4E7702,0.6374625
413,Vespa crabro,NA,"11420 Saint-Sernin, France",inat,1.82,43.21,1.2587156295776367,780,305,168,Warm Temperate,Moist,Cropland,Hills,Warm Temperate Moist,112,198,86,Warm Temperate Moist Cropland on Hills,#70C656,0.6703958333333333
415,Vespa crabro,NL,NA,gbif,4,51.3,1.0351354598999023,797,-8,116,Cool Temperate,Moist,Cropland,Plains,Cool Temperate Moist,29,153,10,Cool Temperate Moist Cropland on Plains,#1D990A,0.6416541666666666
422,Vespa crabro,NA,"Ávila, España",inat,-5.03,40.23,1.1363759994506837,584,618,186,Warm Temperate,Dry,Grassland,Mountains,Warm Temperate Dry,132,162,55,Warm Temperate Dry Grassland on Mountains,#84A237,0.6302041666666667
424,Vespa crabro,NL,NA,gbif,6,51.85,0.9773374557495116,766,11,116,Cool Temperate,Moist,Cropland,Plains,Cool Temperate Moist,29,153,10,Cool Temperate Moist Cropland on Plains,#1D990A,0.39045416666666666
426,Vespa crabro,NL,NA,gbif,4.9,51.75,0.97971773147583,794,-21,116,Cool Temperate,Moist,Cropland,Plains,Cool Temperate Moist,29,153,10,Cool Temperate Moist Cropland on Plains,#1D990A,0.6382708333333333
431,Vespa crabro,DE,NA,gbif,11.62,48.15,0.8841385841369629,1006,518,120,Cool Temperate,Moist,Settlement,Plains,Cool Temperate Moist,78,119,2,Cool Temperate Moist Settlement on Plains,#4E7702,0.7411375
441,Vespa crabro,NA,"Rue de Besançon, Novillars, Bourgogne-Franche-Comté, FR",inat,6.14,47.29,0.9826781272888184,1156,323,103,Cool Temperate,Moist,Cropland,Mountains,Cool Temperate Moist,33,102,5,Cool Temperate Moist Cropland on Mountains,#216605,0.6126958333333333
445,Vespa crabro,NL,NA,gbif,5.05,51.65,0.9860114097595216,794,12,111,Cool Temperate,Moist,Forest,Plains,Cool Temperate Moist,1,109,0,Cool Temperate Moist Forest on Plains,#016D00,0.6209208333333334
446,Vespa crabro,NA,"Landsberger Straße, Mulheim an der Ruhr, North Rhine-Westphalia, DE",inat,6.88,51.4,1.0297656059265137,883,58,108,Cool Temperate,Moist,Settlement,Hills,Cool Temperate Moist,67,109,14,Cool Temperate Moist Settlement on Hills,#436D0E,0.6766916666666667
447,Vespa crabro,NA,"Ober-Olm, Rhineland-Palatinate, DE",inat,8.17,49.96,1.0134291648864746,587,233,101,Cool Temperate,Moist,Forest,Tablelands,Cool Temperate Moist,71,89,181,Cool Temperate Moist Forest on Tablelands,#4759B5,0.6279208333333334
450,Vespa crabro,NL,NA,gbif,5.1,52.2,0.9512177467346192,822,-2,111,Cool Temperate,Moist,Forest,Plains,Cool Temperate Moist,1,109,0,Cool Temperate Moist Forest on Plains,#016D00,0.672175
452,Vespa crabro,DE,NA,gbif,7.56,50.77,0.8859739303588867,1034,235,113,Cool Temperate,Moist,Settlement,Mountains,Cool Temperate Moist,61,67,0,Cool Temperate Moist Settlement on Mountains,#3D4300,0.5530791666666667
455,Vespa crabro,NL,NA,gbif,5.2,51.8,0.9796489715576172,776,2,120,Cool Temperate,Moist,Settlement,Plains,Cool Temperate Moist,78,119,2,Cool Temperate Moist Settlement on Plains,#4E7702,0.5982625
456,Vespa crabro,IT,NA,gbif,12.59,41.89,1.5642478942871094,760,41,161,Warm Temperate,Moist,Settlement,Plains,Warm Temperate Moist,163,170,28,Warm Temperate Moist Settlement on Plains,#A3AA1C,0.5433541666666667
457,Vespa crabro,IT,NA,gbif,9.13,45.58,1.2410552024841308,1087,175,161,Warm Temperate,Moist,Settlement,Plains,Warm Temperate Moist,163,170,28,Warm Temperate Moist Settlement on Plains,#A3AA1C,0.5357666666666667
458,Vespa crabro,FR,NA,gbif,4.14,49.1,1.0098270416259765,632,207,101,Cool Temperate,Moist,Forest,Tablelands,Cool Temperate Moist,71,89,181,Cool Temperate Moist Forest on Tablelands,#4759B5,0.5691041666666666
459,Vespa crabro,NA,"30 Hannover-Südstadt-Bult, Deutschland",inat,9.77,52.36,0.950290584564209,654,62,120,Cool Temperate,Moist,Settlement,Plains,Cool Temperate Moist,78,119,2,Cool Temperate Moist Settlement on Plains,#4E7702,0.6990375
461,Vespa crabro,NA,"73663 Berglen-Streich, Deutschland",inat,9.5,48.85,0.8363228797912597,1081,363,107,Cool Temperate,Moist,Grassland,Mountains,Cool Temperate Moist,26,83,0,Cool Temperate Moist Grassland on Mountains,#1A5300,0.5472541666666667
463,Vespa crabro,NL,NA,gbif,5.45,52.45,0.9534229278564452,781,-4,116,Cool Temperate,Moist,Cropland,Plains,Cool Temperate Moist,29,153,10,Cool Temperate Moist Cropland on Plains,#1D990A,0.5942875
464,Vespa crabro,DE,NA,gbif,8.43,53.03,0.89059476852417,722,33,116,Cool Temperate,Moist,Cropland,Plains,Cool Temperate Moist,29,153,10,Cool Temperate Moist Cropland on Plains,#1D990A,0.663875
468,Vespa crabro,DE,NA,gbif,6.47,51.46,1.0225020408630372,743,40,116,Cool Temperate,Moist,Cropland,Plains,Cool Temperate Moist,29,153,10,Cool Temperate Moist Cropland on Plains,#1D990A,0.555025
473,Vespa crabro,NL,NA,gbif,6.1,52.5,0.9653812408447264,821,2,120,Cool Temperate,Moist,Settlement,Plains,Cool Temperate Moist,78,119,2,Cool Temperate Moist Settlement on Plains,#4E7702,0.6194458333333334
475,Vespa crabro,FR,NA,gbif,6.85,49.19,0.9382645606994628,919,230,105,Cool Temperate,Moist,Forest,Hills,Cool Temperate Moist,2,99,1,Cool Temperate Moist Forest on Hills,#026301,0.4829125
477,Vespa crabro,NA,"20250 Corte, France",inat,9.15,42.31,0.8865530967712403,919,507,172,Warm Temperate,Moist,Settlement,Mountains,Warm Temperate Moist,105,89,18,Warm Temperate Moist Settlement on Mountains,#695912,0.577925
479,Vespa crabro,NO,NA,gbif,11.41,59.97,0.4614916801452637,813,253,101,Cool Temperate,Moist,Forest,Tablelands,Cool Temperate Moist,71,89,181,Cool Temperate Moist Forest on Tablelands,#4759B5,0.46652916666666666
480,Vespa crabro,NL,NA,gbif,5.6,51.45,0.9889156341552734,757,21,116,Cool Temperate,Moist,Cropland,Plains,Cool Temperate Moist,29,153,10,Cool Temperate Moist Cropland on Plains,#1D990A,0.5238041666666666
490,Vespa crabro,NA,"Wageningen, NL-GE, NL",inat,5.67,51.99,0.9700655937194824,799,16,116,Cool Temperate,Moist,Cropland,Plains,Cool Temperate Moist,29,153,10,Cool Temperate Moist Cropland on Plains,#1D990A,0.7401833333333333
493,Vespa crabro,FR,NA,gbif,7.77,48.56,1.061342716217041,735,140,161,Warm Temperate,Moist,Settlement,Plains,Warm Temperate Moist,163,170,28,Warm Temperate Moist Settlement on Plains,#A3AA1C,0.5304583333333334
494,Vespa crabro,DE,NA,gbif,13.09,52.59,0.9248781204223632,544,33,111,Cool Temperate,Moist,Forest,Plains,Cool Temperate Moist,1,109,0,Cool Temperate Moist Forest on Plains,#016D00,0.6716791666666666
500,Vespa crabro,NA,"Chránená Krajinná Oblasť Dunajské luhy, Bratislava V, Bratislavský kraj, SK",inat,17.18,48.05,1.005454158782959,606,130,111,Cool Temperate,Moist,Forest,Plains,Cool Temperate Moist,1,109,0,Cool Temperate Moist Forest on Plains,#016D00,0.5608375
516,Vespa crabro,NL,NA,gbif,6.05,53.05,0.9211447715759278,829,1,128,Cool Temperate,Moist,Grassland,Plains,Cool Temperate Moist,22,133,0,Cool Temperate Moist Grassland on Plains,#168500,0.6190416666666667
519,Vespa crabro,NA,"Lymm, UK",inat,-2.47,53.39,0.9737885475158692,814,24,116,Cool Temperate,Moist,Cropland,Plains,Cool Temperate Moist,29,153,10,Cool Temperate Moist Cropland on Plains,#1D990A,0.39045416666666666
522,Vespa crabro,CZ,NA,gbif,16.66,49.19,0.8612343788146972,515,229,108,Cool Temperate,Moist,Settlement,Hills,Cool Temperate Moist,67,109,14,Cool Temperate Moist Settlement on Hills,#436D0E,0.5395583333333334
524,Vespa crabro,GB,NA,gbif,-0.69,50.99,0.9997750282287596,882,38,110,Cool Temperate,Moist,Cropland,Hills,Cool Temperate Moist,33,144,30,Cool Temperate Moist Cropland on Hills,#21901E,0.3135541666666667
526,Vespa crabro,NL,NA,gbif,6.35,53.35,0.8999107360839844,809,-1,128,Cool Temperate,Moist,Grassland,Plains,Cool Temperate Moist,22,133,0,Cool Temperate Moist Grassland on Plains,#168500,0.3388125
528,Vespa crabro,NA,"St Marys Lodge, York, England, GB",inat,-1.09,53.96,0.9251280784606932,595,15,120,Cool Temperate,Moist,Settlement,Plains,Cool Temperate Moist,78,119,2,Cool Temperate Moist Settlement on Plains,#4E7702,0.6509208333333334
537,Vespa crabro,NA,"Dulwich, London, UK",inat,-0.06,51.45,1.0485145568847656,661,45,169,Warm Temperate,Moist,Settlement,Hills,Warm Temperate Moist,136,158,52,Warm Temperate Moist Settlement on Hills,#889E34,0.5917333333333333
539,Vespa crabro,NL,NA,gbif,5.75,51.95,0.9700655937194824,799,7,116,Cool Temperate,Moist,Cropland,Plains,Cool Temperate Moist,29,153,10,Cool Temperate Moist Cropland on Plains,#1D990A,0.5641875
541,Vespa crabro,NA,"Tierp, Sverige",inat,17.69,60.22,0.5373104095458985,613,20,111,Cool Temperate,Moist,Forest,Plains,Cool Temperate Moist,1,109,0,Cool Temperate Moist Forest on Plains,#016D00,0.69835
544,Vespa crabro,NA,"Poznań, PL-WP, PL",inat,17.02,52.31,0.8466291427612305,503,72,116,Cool Temperate,Moist,Cropland,Plains,Cool Temperate Moist,29,153,10,Cool Temperate Moist Cropland on Plains,#1D990A,0.4909
545,Vespa crabro,NL,NA,gbif,5.45,51.5,0.9980051994323732,773,18,120,Cool Temperate,Moist,Settlement,Plains,Cool Temperate Moist,78,119,2,Cool Temperate Moist Settlement on Plains,#4E7702,0.7514833333333334
549,Vespa crabro,NA,"Pest, HU",inat,19.28,47.36,1.0550156593322757,522,113,187,Warm Temperate,Dry,Cropland,Plains,Warm Temperate Dry,155,228,99,Warm Temperate Dry Cropland on Plains,#9BE463,0.5637583333333334
554,Vespa crabro,FR,NA,gbif,-0.46,47.24,1.1593009948730468,729,53,160,Warm Temperate,Moist,Cropland,Plains,Warm Temperate Moist,105,207,54,Warm Temperate Moist Cropland on Plains,#69CF36,0.4641958333333333
555,Vespa crabro,NA,"41200 Romorantin-Lanthenay, France",inat,1.76,47.35,1.1346593856811524,675,95,161,Warm Temperate,Moist,Settlement,Plains,Warm Temperate Moist,163,170,28,Warm Temperate Moist Settlement on Plains,#A3AA1C,0.6269958333333333
557,Vespa crabro,NA,"Province of L'Aquila, Italy",inat,13.34,42.14,0.960084342956543,868,1337,103,Cool Temperate,Moist,Cropland,Mountains,Cool Temperate Moist,33,102,5,Cool Temperate Moist Cropland on Mountains,#216605,0.5099041666666667
560,Vespa crabro,NL,NA,gbif,5.5,52.1,0.9649312019348144,817,8,128,Cool Temperate,Moist,Grassland,Plains,Cool Temperate Moist,22,133,0,Cool Temperate Moist Grassland on Plains,#168500,0.656725
564,Vespa crabro,NL,NA,gbif,5.85,51.95,0.9808792114257812,791,5,120,Cool Temperate,Moist,Settlement,Plains,Cool Temperate Moist,78,119,2,Cool Temperate Moist Settlement on Plains,#4E7702,0.47315
566,Vespa crabro,NA,"Doctors Hill, Bromsgrove, England, GB",inat,-2.08,52.36,0.8957937240600586,1073,135,114,Cool Temperate,Moist,Grassland,Hills,Cool Temperate Moist,22,124,10,Cool Temperate Moist Grassland on Hills,#167C0A,0.5637583333333334
576,Vespa crabro,NA,"Città metropolitana di Roma Capitale, Italia",inat,12,42.05,1.4577115058898926,255,214,173,Warm Temperate,Moist,Cropland,Mountains,Warm Temperate Moist,100,150,37,Warm Temperate Moist Cropland on Mountains,#649625,0.6968833333333333
578,Vespa crabro,NA,"Warwickshire, UK",inat,-1.43,52.38,0.9469947814941406,637,83,128,Cool Temperate,Moist,Grassland,Plains,Cool Temperate Moist,22,133,0,Cool Temperate Moist Grassland on Plains,#168500,0.5021333333333333
579,Vespa crabro,NL,NA,gbif,6.65,52.9,0.9060968399047852,829,20,111,Cool Temperate,Moist,Forest,Plains,Cool Temperate Moist,1,109,0,Cool Temperate Moist Forest on Plains,#016D00,0.6558
581,Vespa crabro,DE,NA,gbif,11.17,50.36,0.6715218544006347,971,427,113,Cool Temperate,Moist,Settlement,Mountains,Cool Temperate Moist,61,67,0,Cool Temperate Moist Settlement on Mountains,#3D4300,0.532375
588,Vespa crabro,NA,"Sołtysowice, Wrocław, Polska",inat,17.08,51.16,0.8825676918029786,560,116,128,Cool Temperate,Moist,Grassland,Plains,Cool Temperate Moist,22,133,0,Cool Temperate Moist Grassland on Plains,#168500,0.6498458333333333
589,Vespa crabro,NA,"Temple Farm, Solihull, England, GB",inat,-1.7,52.38,0.9318979263305665,715,106,116,Cool Temperate,Moist,Cropland,Plains,Cool Temperate Moist,29,153,10,Cool Temperate Moist Cropland on Plains,#1D990A,0.5050083333333333
593,Vespa crabro,GB,NA,gbif,0.83,51.07,1.006264591217041,701,25,116,Cool Temperate,Moist,Cropland,Plains,Cool Temperate Moist,29,153,10,Cool Temperate Moist Cropland on Plains,#1D990A,0.43677916666666666
597,Vespa crabro,NL,NA,gbif,5.72,51.99,0.9700655937194824,799,36,111,Cool Temperate,Moist,Forest,Plains,Cool Temperate Moist,1,109,0,Cool Temperate Moist Forest on Plains,#016D00,0.5756083333333333
599,Vespa crabro,NA,"Rue George Sand, Saint-Firmin-des-Prés, Centre-Val de Loire, FR",inat,1.11,47.84,1.0640239715576172,681,96,160,Warm Temperate,Moist,Cropland,Plains,Warm Temperate Moist,105,207,54,Warm Temperate Moist Cropland on Plains,#69CF36,0.49907083333333335
602,Vespa crabro,NA,"88021 Borgia CZ, Italia",inat,16.59,38.81,1.6938373565673828,910,8,173,Warm Temperate,Moist,Cropland,Mountains,Warm Temperate Moist,100,150,37,Warm Temperate Moist Cropland on Mountains,#649625,0.5754125
605,Vespa crabro,NA,"06 Sandersdorf-Brehna, Germany",inat,12.3,51.58,0.9271124839782716,521,87,111,Cool Temperate,Moist,Forest,Plains,Cool Temperate Moist,1,109,0,Cool Temperate Moist Forest on Plains,#016D00,0.43546666666666667
608,Vespa crabro,NL,NA,gbif,4.7,52,0.9664947509765623,818,-1,120,Cool Temperate,Moist,Settlement,Plains,Cool Temperate Moist,78,119,2,Cool Temperate Moist Settlement on Plains,#4E7702,0.6432583333333334
610,Vespa crabro,NL,NA,gbif,6.2,53,0.9209405899047852,848,3,128,Cool Temperate,Moist,Grassland,Plains,Cool Temperate Moist,22,133,0,Cool Temperate Moist Grassland on Plains,#168500,0.5285
617,Vespa crabro,NL,NA,gbif,4.3,52.1,0.9714204788208008,837,7,120,Cool Temperate,Moist,Settlement,Plains,Cool Temperate Moist,78,119,2,Cool Temperate Moist Settlement on Plains,#4E7702,0.7342166666666666
618,Vespa crabro,HU,NA,gbif,19.29,47.62,1.0304552078247071,540,189,146,Cool Temperate,Dry,Cropland,Hills,Cool Temperate Dry,97,186,84,Cool Temperate Dry Cropland on Hills,#61BA54,0.5260208333333334
619,Vespa crabro,FR,NA,gbif,4.99,45.77,1.1894624710083008,844,209,169,Warm Temperate,Moist,Settlement,Hills,Warm Temperate Moist,136,158,52,Warm Temperate Moist Settlement on Hills,#889E34,0.6226125
620,Vespa crabro,NA,"Kaivokorvenkatu, Lappeenranta, Etelä-Karjala, FI",inat,28.09,61.05,0.3916801929473877,635,91,105,Cool Temperate,Moist,Forest,Hills,Cool Temperate Moist,2,99,1,Cool Temperate Moist Forest on Hills,#026301,0.6551625
622,Vespa crabro,NA,"Le Château-d'Olonne, 85180 Les Sables-d'Olonne, France",inat,-1.73,46.51,1.253140926361084,754,33,160,Warm Temperate,Moist,Cropland,Plains,Warm Temperate Moist,105,207,54,Warm Temperate Moist Cropland on Plains,#69CF36,0.7415041666666666
625,Vespa crabro,NL,NA,gbif,5.1,52,0.9610124588012696,776,3,128,Cool Temperate,Moist,Grassland,Plains,Cool Temperate Moist,22,133,0,Cool Temperate Moist Grassland on Plains,#168500,0.5743291666666667
626,Vespa crabro,DE,NA,gbif,10.28,52.19,0.9242062568664552,654,95,110,Cool Temperate,Moist,Cropland,Hills,Cool Temperate Moist,33,144,30,Cool Temperate Moist Cropland on Hills,#21901E,0.6282625000000001
627,Vespa crabro,NL,NA,gbif,4.95,51.8,0.97971773147583,794,2,116,Cool Temperate,Moist,Cropland,Plains,Cool Temperate Moist,29,153,10,Cool Temperate Moist Cropland on Plains,#1D990A,0.60305
633,Vespa crabro,NA,"Woluwe-Saint-Pierre, Belgium",inat,4.43,50.84,1.0497979164123534,783,73,108,Cool Temperate,Moist,Settlement,Hills,Cool Temperate Moist,67,109,14,Cool Temperate Moist Settlement on Hills,#436D0E,0.6244208333333333
637,Vespa crabro,NA,Pont-du-Château,inat,3.25,45.8,1.086703109741211,612,348,169,Warm Temperate,Moist,Settlement,Hills,Warm Temperate Moist,136,158,52,Warm Temperate Moist Settlement on Hills,#889E34,0.6643541666666667
639,Vespa crabro,NL,NA,gbif,3.45,51.35,1.031646156311035,772,-20,116,Cool Temperate,Moist,Cropland,Plains,Cool Temperate Moist,29,153,10,Cool Temperate Moist Cropland on Plains,#1D990A,0.6845041666666667
643,Vespa crabro,NL,NA,gbif,5.05,51.55,0.9860114097595216,794,16,120,Cool Temperate,Moist,Settlement,Plains,Cool Temperate Moist,78,119,2,Cool Temperate Moist Settlement on Plains,#4E7702,0.5738208333333333
646,Vespa crabro,DE,NA,gbif,8.49,49.44,1.051504135131836,669,95,166,Warm Temperate,Moist,Forest,Plains,Warm Temperate Moist,45,158,6,Warm Temperate Moist Forest on Plains,#2D9E06,0.70965
648,Vespa crabro,NA,"Poueyferré - Mairie, 65100 Poueyferré, France",inat,-0.08,43.12,1.1778489112854005,1049,454,171,Warm Temperate,Moist,Grassland,Mountains,Warm Temperate Moist,86,129,14,Warm Temperate Moist Grassland on Mountains,#56810E,0.5358333333333333
657,Vespa crabro,FR,NA,gbif,2.11,50.22,0.9973041534423828,723,70,110,Cool Temperate,Moist,Cropland,Hills,Cool Temperate Moist,33,144,30,Cool Temperate Moist Cropland on Hills,#21901E,0.70335
660,Vespa crabro,DE,NA,gbif,8.83,48.87,0.9109313011169432,896,438,102,Cool Temperate,Moist,Cropland,Tablelands,Cool Temperate Moist,99,97,160,Cool Temperate Moist Cropland on Tablelands,#6361A0,0.5891625
665,Vespa crabro,NA,Roosdaal,inat,4.08,50.84,1.040187454223633,782,44,108,Cool Temperate,Moist,Settlement,Hills,Cool Temperate Moist,67,109,14,Cool Temperate Moist Settlement on Hills,#436D0E,0.47389583333333335
666,Vespa crabro,NA,"Tribulaunstraße, 81 München, Deutschland",inat,11.65,48.09,0.8841385841369629,1006,544,120,Cool Temperate,Moist,Settlement,Plains,Cool Temperate Moist,78,119,2,Cool Temperate Moist Settlement on Plains,#4E7702,0.5906208333333334
667,Vespa crabro,NA,"Egger Seepromenade, Villach, Carinthia, AT",inat,13.93,46.59,0.7058145999908447,1373,547,97,Cool Temperate,Moist,Forest,Mountains,Cool Temperate Moist,6,64,0,Cool Temperate Moist Forest on Mountains,#064000,0.6213583333333333
668,Vespa crabro,NA,"O Verdeal, 27438 Pantón, Lugo, Spain",inat,-7.61,42.52,1.2676395416259765,1643,377,173,Warm Temperate,Moist,Cropland,Mountains,Warm Temperate Moist,100,150,37,Warm Temperate Moist Cropland on Mountains,#649625,0.5192916666666667
670,Vespa crabro,NA,"Fyn, Årslev, Region Syddanmark, DK",inat,10.38,55.3,0.8398958206176758,637,39,116,Cool Temperate,Moist,Cropland,Plains,Cool Temperate Moist,29,153,10,Cool Temperate Moist Cropland on Plains,#1D990A,0.74735
671,Vespa crabro,NA,"Île-de-France, FR",inat,2.19,48.83,1.1138312339782714,643,131,180,Warm Temperate,Moist,Forest,Tablelands,Warm Temperate Moist,69,72,136,Warm Temperate Moist Forest on Tablelands,#454888,0.7179125
672,Vespa crabro,CH,NA,gbif,7.68,47.31,0.8970728874206543,1172,637,113,Cool Temperate,Moist,Settlement,Mountains,Cool Temperate Moist,61,67,0,Cool Temperate Moist Settlement on Mountains,#3D4300,0.5254208333333333
677,Vespa crabro,DE,NA,gbif,7.22,50.12,0.8874073028564453,746,186,97,Cool Temperate,Moist,Forest,Mountains,Cool Temperate Moist,6,64,0,Cool Temperate Moist Forest on Mountains,#064000,0.6118125
680,Vespa crabro,DE,NA,gbif,9.8,52.41,0.950290584564209,654,54,120,Cool Temperate,Moist,Settlement,Plains,Cool Temperate Moist,78,119,2,Cool Temperate Moist Settlement on Plains,#4E7702,0.5774291666666667
682,Vespa crabro,DE,NA,gbif,9.11,49.93,0.9606249809265136,805,112,116,Cool Temperate,Moist,Cropland,Plains,Cool Temperate Moist,29,153,10,Cool Temperate Moist Cropland on Plains,#1D990A,0.6355208333333333
686,Vespa crabro,NL,NA,gbif,5.6,51.45,0.9889156341552734,757,21,116,Cool Temperate,Moist,Cropland,Plains,Cool Temperate Moist,29,153,10,Cool Temperate Moist Cropland on Plains,#1D990A,0.654075
690,Vespa crabro,DE,NA,gbif,9.94,51.52,0.8735249519348145,714,159,113,Cool Temperate,Moist,Settlement,Mountains,Cool Temperate Moist,61,67,0,Cool Temperate Moist Settlement on Mountains,#3D4300,0.63785
696,Vespa crabro,NA,Portugal,inat,-9.09,39.17,1.555065631866455,705,244,173,Warm Temperate,Moist,Cropland,Mountains,Warm Temperate Moist,100,150,37,Warm Temperate Moist Cropland on Mountains,#649625,0.6493958333333333
698,Vespa crabro,NL,NA,gbif,6.55,51.9,0.9658645629882812,771,21,116,Cool Temperate,Moist,Cropland,Plains,Cool Temperate Moist,29,153,10,Cool Temperate Moist Cropland on Plains,#1D990A,0.5285333333333333
699,Vespa crabro,ES,NA,gbif,-0.69,40.82,0.9889135360717772,491,1107,183,Warm Temperate,Dry,Shrubland,Mountains,Warm Temperate Dry,144,160,38,Warm Temperate Dry Shrubland on Mountains,#90A026,0.3642708333333333
706,Vespa crabro,IT,NA,gbif,10.25,45.52,1.1451041221618652,856,201,161,Warm Temperate,Moist,Settlement,Plains,Warm Temperate Moist,163,170,28,Warm Temperate Moist Settlement on Plains,#A3AA1C,0.6878375
709,Vespa crabro,PT,NA,gbif,-9.17,38.74,1.6334726333618164,722,100,169,Warm Temperate,Moist,Settlement,Hills,Warm Temperate Moist,136,158,52,Warm Temperate Moist Settlement on Hills,#889E34,0.6057416666666666
710,Vespa crabro,NA,"Drežnik Grad, Croazia",inat,15.67,44.94,1.0213375091552734,1293,394,103,Cool Temperate,Moist,Cropland,Mountains,Cool Temperate Moist,33,102,5,Cool Temperate Moist Cropland on Mountains,#216605,0.5584208333333334
711,Vespa crabro,NA,"Castellón, España",inat,-0.1,40.44,1.154587459564209,496,1089,107,Cool Temperate,Moist,Grassland,Mountains,Cool Temperate Moist,26,83,0,Cool Temperate Moist Grassland on Mountains,#1A5300,0.2262125
712,Vespa crabro,NA,"Pola De Lena/La Pola, Pola de Lena, 33630 Lena, Asturias, España",inat,-5.83,43.16,0.9599843978881836,1009,453,172,Warm Temperate,Moist,Settlement,Mountains,Warm Temperate Moist,105,89,18,Warm Temperate Moist Settlement on Mountains,#695912,0.44864166666666666
714,Vespa crabro,DE,NA,gbif,6.17,50.75,0.9189249992370604,871,243,114,Cool Temperate,Moist,Grassland,Hills,Cool Temperate Moist,22,124,10,Cool Temperate Moist Grassland on Hills,#167C0A,0.6471458333333333
722,Vespa crabro,DE,NA,gbif,7.48,51.62,0.9850656509399414,857,55,111,Cool Temperate,Moist,Forest,Plains,Cool Temperate Moist,1,109,0,Cool Temperate Moist Forest on Plains,#016D00,0.5768875
724,Vespa crabro,NL,NA,gbif,6.2,52.2,0.9648281097412108,788,8,120,Cool Temperate,Moist,Settlement,Plains,Cool Temperate Moist,78,119,2,Cool Temperate Moist Settlement on Plains,#4E7702,0.6316083333333333
726,Vespa crabro,NL,NA,gbif,5.4,51.4,0.9980051994323732,773,20,120,Cool Temperate,Moist,Settlement,Plains,Cool Temperate Moist,78,119,2,Cool Temperate Moist Settlement on Plains,#4E7702,0.4588291666666667
744,Vespa crabro,NL,NA,gbif,5.9,51.75,0.9752073287963868,758,48,105,Cool Temperate,Moist,Forest,Hills,Cool Temperate Moist,2,99,1,Cool Temperate Moist Forest on Hills,#026301,0.3230125
747,Vespa crabro,NL,NA,gbif,5.35,51.65,0.9877718925476074,767,6,116,Cool Temperate,Moist,Cropland,Plains,Cool Temperate Moist,29,153,10,Cool Temperate Moist Cropland on Plains,#1D990A,0.74095
752,Vespa crabro,NL,NA,gbif,5.15,52,0.9610124588012696,776,1,128,Cool Temperate,Moist,Grassland,Plains,Cool Temperate Moist,22,133,0,Cool Temperate Moist Grassland on Plains,#168500,0.6465291666666667
755,Vespa crabro,NL,NA,gbif,4.85,51.9,0.9609541893005372,800,-1,128,Cool Temperate,Moist,Grassland,Plains,Cool Temperate Moist,22,133,0,Cool Temperate Moist Grassland on Plains,#168500,0.6223625
756,Vespa crabro,NA,"Schönbrunn, 1130 Wien, Österreich",inat,16.3,48.18,0.9368698120117188,598,209,97,Cool Temperate,Moist,Forest,Mountains,Cool Temperate Moist,6,64,0,Cool Temperate Moist Forest on Mountains,#064000,0.7285583333333333
757,Vespa crabro,GB,NA,gbif,-1.42,51.82,0.9933551788330078,646,108,110,Cool Temperate,Moist,Cropland,Hills,Cool Temperate Moist,33,144,30,Cool Temperate Moist Cropland on Hills,#21901E,0.42407083333333334
758,Vespa crabro,NA,"Botanischer Garten Frankfurt, Siesmayerstraße 72, 60323 Frankfurt am Main, Deutschland",inat,8.66,50.13,1.0215635299682615,620,118,111,Cool Temperate,Moist,Forest,Plains,Cool Temperate Moist,1,109,0,Cool Temperate Moist Forest on Plains,#016D00,0.5671291666666667
765,Vespa crabro,NA,"Cochem-Zell, Rheinland-Pfalz, Germany",inat,7.16,50.15,0.8878832817077636,778,274,103,Cool Temperate,Moist,Cropland,Mountains,Cool Temperate Moist,33,102,5,Cool Temperate Moist Cropland on Mountains,#216605,0.5806875
767,Vespa crabro,NA,"Bor, Česko",inat,12.78,49.73,0.7184083461761475,654,483,114,Cool Temperate,Moist,Grassland,Hills,Cool Temperate Moist,22,124,10,Cool Temperate Moist Grassland on Hills,#167C0A,0.6728125
774,Vespa crabro,AT,NA,gbif,9.83,47.15,0.3286812543869019,1525,730,113,Cool Temperate,Moist,Settlement,Mountains,Cool Temperate Moist,61,67,0,Cool Temperate Moist Settlement on Mountains,#3D4300,0.4306083333333333
775,Vespa crabro,IT,NA,gbif,8.64,45.87,1.0934072494506837,1199,259,173,Warm Temperate,Moist,Cropland,Mountains,Warm Temperate Moist,100,150,37,Warm Temperate Moist Cropland on Mountains,#649625,0.5373708333333334
779,Vespa crabro,DE,NA,gbif,6.93,51.68,0.9867343902587892,822,41,120,Cool Temperate,Moist,Settlement,Plains,Cool Temperate Moist,78,119,2,Cool Temperate Moist Settlement on Plains,#4E7702,0.5580041666666666
785,Vespa crabro,DE,NA,gbif,11.16,49.53,0.8589104652404785,745,378,108,Cool Temperate,Moist,Settlement,Hills,Cool Temperate Moist,67,109,14,Cool Temperate Moist Settlement on Hills,#436D0E,0.7252958333333334
788,Vespa crabro,NA,"91 Wiesenthau, Deutschland",inat,11.16,49.71,0.8481552124023437,747,359,107,Cool Temperate,Moist,Grassland,Mountains,Cool Temperate Moist,26,83,0,Cool Temperate Moist Grassland on Mountains,#1A5300,0.6526375
789,Vespa crabro,NA,"Žitenice 604, 411 41 Žitenice, Česko",inat,14.16,50.55,0.8654885292053223,627,250,103,Cool Temperate,Moist,Cropland,Mountains,Cool Temperate Moist,33,102,5,Cool Temperate Moist Cropland on Mountains,#216605,0.43025833333333335
791,Vespa crabro,NL,NA,gbif,4.65,51.9,0.9911375045776368,858,-2,128,Cool Temperate,Moist,Grassland,Plains,Cool Temperate Moist,22,133,0,Cool Temperate Moist Grassland on Plains,#168500,0.7276916666666666
793,Vespa crabro,NA,"Gebze/Kocaeli, Türkiye",inat,29.53,41.01,1.3350114822387695,830,239,180,Warm Temperate,Moist,Forest,Tablelands,Warm Temperate Moist,69,72,136,Warm Temperate Moist Forest on Tablelands,#454888,0.4981541666666667
794,Vespa crabro,NA,"Am Ried, 78315 Radolfzell am Bodensee, Deutschland",inat,9,47.77,0.8956812858581543,876,507,103,Cool Temperate,Moist,Cropland,Mountains,Cool Temperate Moist,33,102,5,Cool Temperate Moist Cropland on Mountains,#216605,0.6542708333333334
797,Vespa crabro,IT,NA,gbif,10.25,45.52,1.1451041221618652,856,201,161,Warm Temperate,Moist,Settlement,Plains,Warm Temperate Moist,163,170,28,Warm Temperate Moist Settlement on Plains,#A3AA1C,0.6511125
814,Vespa crabro,GB,NA,gbif,-0.07,51.43,1.0485145568847656,661,63,177,Warm Temperate,Moist,Settlement,Tablelands,Warm Temperate Moist,62,63,152,Warm Temperate Moist Settlement on Tablelands,#3E3F98,0.46992083333333334
821,Vespa crabro,IT,NA,gbif,10.49,44.58,1.151988506317139,1049,419,171,Warm Temperate,Moist,Grassland,Mountains,Warm Temperate Moist,86,129,14,Warm Temperate Moist Grassland on Mountains,#56810E,0.5696041666666667
822,Vespa crabro,NL,NA,gbif,6.2,52.25,0.9648281097412108,788,7,120,Cool Temperate,Moist,Settlement,Plains,Cool Temperate Moist,78,119,2,Cool Temperate Moist Settlement on Plains,#4E7702,0.4815625
827,Vespa crabro,NA,"Via Roma, Revine Lago, Veneto, IT",inat,12.26,46,1.2267666816711429,975,412,173,Warm Temperate,Moist,Cropland,Mountains,Warm Temperate Moist,100,150,37,Warm Temperate Moist Cropland on Mountains,#649625,0.7011416666666667
831,Vespa crabro,DE,NA,gbif,7.18,51.26,0.8812573432922364,1153,249,108,Cool Temperate,Moist,Settlement,Hills,Cool Temperate Moist,67,109,14,Cool Temperate Moist Settlement on Hills,#436D0E,0.6960791666666667
840,Vespa crabro,FR,NA,gbif,-3.54,48.62,1.08183650970459,1058,108,168,Warm Temperate,Moist,Cropland,Hills,Warm Temperate Moist,112,198,86,Warm Temperate Moist Cropland on Hills,#70C656,0.4935666666666667
844,Vespa crabro,NL,NA,gbif,3.95,51.2,1.0390030860900878,773,3,116,Cool Temperate,Moist,Cropland,Plains,Cool Temperate Moist,29,153,10,Cool Temperate Moist Cropland on Plains,#1D990A,0.48787916666666664
846,Vespa crabro,NA,"00166 Roma RM, Italia",inat,12.29,41.88,1.545767116546631,536,48,166,Warm Temperate,Moist,Forest,Plains,Warm Temperate Moist,45,158,6,Warm Temperate Moist Forest on Plains,#2D9E06,0.49291666666666667
847,Vespa crabro,DE,NA,gbif,7.03,50.71,1.0298375129699706,717,121,108,Cool Temperate,Moist,Settlement,Hills,Cool Temperate Moist,67,109,14,Cool Temperate Moist Settlement on Hills,#436D0E,0.5238583333333333
848,Vespa crabro,RO,NA,gbif,24.14,45.78,0.8117541313171387,649,437,108,Cool Temperate,Moist,Settlement,Hills,Cool Temperate Moist,67,109,14,Cool Temperate Moist Settlement on Hills,#436D0E,0.6872625
850,Vespa crabro,NA,"Eure, Haute-Normandie, FR",inat,0.86,48.96,1.0121155738830567,679,169,105,Cool Temperate,Moist,Forest,Hills,Cool Temperate Moist,2,99,1,Cool Temperate Moist Forest on Hills,#026301,0.686925
856,Vespa crabro,NA,"Schönholzer Straße, Berlin, DE",inat,13.4,52.57,0.9484271049499512,572,47,120,Cool Temperate,Moist,Settlement,Plains,Cool Temperate Moist,78,119,2,Cool Temperate Moist Settlement on Plains,#4E7702,0.42742083333333336
859,Vespa crabro,DE,NA,gbif,6.92,51.36,1.0297656059265137,883,97,105,Cool Temperate,Moist,Forest,Hills,Cool Temperate Moist,2,99,1,Cool Temperate Moist Forest on Hills,#026301,0.5129375
860,Vespa crabro,NL,NA,gbif,5.05,51.55,0.9860114097595216,794,16,120,Cool Temperate,Moist,Settlement,Plains,Cool Temperate Moist,78,119,2,Cool Temperate Moist Settlement on Plains,#4E7702,0.5843833333333334
872,Vespa crabro,GB,NA,gbif,-1.47,51.01,0.99877290725708,749,42,114,Cool Temperate,Moist,Grassland,Hills,Cool Temperate Moist,22,124,10,Cool Temperate Moist Grassland on Hills,#167C0A,0.6884083333333333
873,Vespa crabro,NA,"Dabas, 2370 Dabas, Kossuth utca 5/a, 2370 Hungary",inat,19.31,47.19,1.0521187782287598,510,100,187,Warm Temperate,Dry,Cropland,Plains,Warm Temperate Dry,155,228,99,Warm Temperate Dry Cropland on Plains,#9BE463,0.6049166666666667
876,Vespa crabro,NL,NA,gbif,6.05,53.25,0.907870864868164,828,-1,128,Cool Temperate,Moist,Grassland,Plains,Cool Temperate Moist,22,133,0,Cool Temperate Moist Grassland on Plains,#168500,0.5357916666666667
878,Vespa crabro,DE,NA,gbif,13.62,52.33,0.8976739883422852,549,48,120,Cool Temperate,Moist,Settlement,Plains,Cool Temperate Moist,78,119,2,Cool Temperate Moist Settlement on Plains,#4E7702,0.509
879,Vespa crabro,DE,NA,gbif,6.19,50.91,0.9941916465759276,748,126,120,Cool Temperate,Moist,Settlement,Plains,Cool Temperate Moist,78,119,2,Cool Temperate Moist Settlement on Plains,#4E7702,0.5975125
886,Vespa crabro,NL,NA,gbif,4,51.3,1.0351354598999023,797,-8,116,Cool Temperate,Moist,Cropland,Plains,Cool Temperate Moist,29,153,10,Cool Temperate Moist Cropland on Plains,#1D990A,0.42312083333333333
891,Vespa crabro,NL,NA,gbif,5.9,51.95,0.9808792114257812,791,6,120,Cool Temperate,Moist,Settlement,Plains,Cool Temperate Moist,78,119,2,Cool Temperate Moist Settlement on Plains,#4E7702,0.7065125
898,Vespa crabro,BE,NA,gbif,3.37,51.03,1.0276729583740234,812,18,116,Cool Temperate,Moist,Cropland,Plains,Cool Temperate Moist,29,153,10,Cool Temperate Moist Cropland on Plains,#1D990A,0.4251833333333333
904,Vespa crabro,NA,"Seujet, Genève, Suisse",inat,6.13,46.2,0.973855209350586,1039,407,113,Cool Temperate,Moist,Settlement,Mountains,Cool Temperate Moist,61,67,0,Cool Temperate Moist Settlement on Mountains,#3D4300,0.6557
905,Vespa crabro,NA,"TIVOLI | Piazza Garibaldi (Villa d'Este) # f11836, 00019 Tivoli RM, Италия",inat,12.8,41.96,1.5321395874023438,843,239,172,Warm Temperate,Moist,Settlement,Mountains,Warm Temperate Moist,105,89,18,Warm Temperate Moist Settlement on Mountains,#695912,0.5236791666666667
919,Vespa crabro,NL,NA,gbif,5.95,51.45,0.9843155860900878,737,31,116,Cool Temperate,Moist,Cropland,Plains,Cool Temperate Moist,29,153,10,Cool Temperate Moist Cropland on Plains,#1D990A,0.6086583333333333
920,Vespa crabro,NL,NA,gbif,6.45,53.1,0.8974020957946778,835,5,128,Cool Temperate,Moist,Grassland,Plains,Cool Temperate Moist,22,133,0,Cool Temperate Moist Grassland on Plains,#168500,0.5642583333333333
923,Vespa crabro,HR,NA,gbif,16.56,46.22,1.031236457824707,812,235,97,Cool Temperate,Moist,Forest,Mountains,Cool Temperate Moist,6,64,0,Cool Temperate Moist Forest on Mountains,#064000,0.5122166666666667
924,Vespa crabro,NA,"Ranica Europa 4, 24020 Ranica BG, Italia",inat,9.71,45.73,1.0968093872070312,1017,376,172,Warm Temperate,Moist,Settlement,Mountains,Warm Temperate Moist,105,89,18,Warm Temperate Moist Settlement on Mountains,#695912,0.5459833333333334
926,Vespa crabro,DE,NA,gbif,7.2,51.51,0.9944573402404784,888,66,108,Cool Temperate,Moist,Settlement,Hills,Cool Temperate Moist,67,109,14,Cool Temperate Moist Settlement on Hills,#436D0E,0.5969125
928,Vespa crabro,NL,NA,gbif,4.5,52.05,0.96343231201171875,842,-4,120,Cool Temperate,Moist,Settlement,Plains,Cool Temperate Moist,78,119,2,Cool Temperate Moist Settlement on Plains,#4E7702,0.4669666666666667
929,Vespa crabro,AT,NA,gbif,11.47,47.09,0.4237437248229981,1009,1273,107,Cool Temperate,Moist,Grassland,Mountains,Cool Temperate Moist,26,83,0,Cool Temperate Moist Grassland on Mountains,#1A5300,0.7191125
930,Vespa crabro,NA,"Turkey Road, Bexhill-On-Sea, England, GB",inat,0.46,50.86,1.022257137298584,790,26,108,Cool Temperate,Moist,Settlement,Hills,Cool Temperate Moist,67,109,14,Cool Temperate Moist Settlement on Hills,#436D0E,0.6248666666666667
931,Vespa crabro,NL,NA,gbif,5.65,51.65,0.9889708518981932,754,17,120,Cool Temperate,Moist,Settlement,Plains,Cool Temperate Moist,78,119,2,Cool Temperate Moist Settlement on Plains,#4E7702,0.6378041666666666
932,Vespa crabro,NA,"Dillenburg Mittelfeld, 35683 Dillenburg, Deutschland",inat,8.29,50.73,0.8186979293823242,893,289,113,Cool Temperate,Moist,Settlement,Mountains,Cool Temperate Moist,61,67,0,Cool Temperate Moist Settlement on Mountains,#3D4300,0.48185416666666664
938,Vespa crabro,NL,NA,gbif,4.5,52.25,0.9717395782470704,824,2,120,Cool Temperate,Moist,Settlement,Plains,Cool Temperate Moist,78,119,2,Cool Temperate Moist Settlement on Plains,#4E7702,0.5021333333333333
944,Vespa crabro,NL,NA,gbif,4.8,51.65,1.0014093399047852,815,2,128,Cool Temperate,Moist,Grassland,Plains,Cool Temperate Moist,22,133,0,Cool Temperate Moist Grassland on Plains,#168500,0.6470041666666667
945,Vespa crabro,AT,NA,gbif,16.78,47.95,1.0081208229064942,586,119,110,Cool Temperate,Moist,Cropland,Hills,Cool Temperate Moist,33,144,30,Cool Temperate Moist Cropland on Hills,#21901E,0.5013208333333333
946,Vespa crabro,NA,"Heinzelstraße, Görlitz, Saxony, DE",inat,14.98,51.14,0.8464781761169433,676,213,108,Cool Temperate,Moist,Settlement,Hills,Cool Temperate Moist,67,109,14,Cool Temperate Moist Settlement on Hills,#436D0E,0.5433125
950,Vespa crabro,DE,NA,gbif,9.36,50.3,0.8309926986694336,962,234,107,Cool Temperate,Moist,Grassland,Mountains,Cool Temperate Moist,26,83,0,Cool Temperate Moist Grassland on Mountains,#1A5300,0.5360833333333334
953,Vespa crabro,NA,"Thames Meadow, Shepperton, England, GB",inat,-0.44,51.39,1.0744176864624024,608,18,120,Cool Temperate,Moist,Settlement,Plains,Cool Temperate Moist,78,119,2,Cool Temperate Moist Settlement on Plains,#4E7702,0.6622083333333333
956,Vespa crabro,NA,"Chulmleigh EX18, UK",inat,-3.87,50.91,0.9922687530517578,1121,114,114,Cool Temperate,Moist,Grassland,Hills,Cool Temperate Moist,22,124,10,Cool Temperate Moist Grassland on Hills,#167C0A,0.7678041666666666
957,Vespa crabro,NA,"Southwest Finland, FI-LS, FI",inat,22.71,60.17,0.5199013233184815,677,28,111,Cool Temperate,Moist,Forest,Plains,Cool Temperate Moist,1,109,0,Cool Temperate Moist Forest on Plains,#016D00,0.6063000000000001
960,Vespa crabro,FR,NA,gbif,-0.12,48.42,1.037557315826416,771,218,164,Warm Temperate,Moist,Grassland,Hills,Warm Temperate Moist,86,172,49,Warm Temperate Moist Grassland on Hills,#56AC31,0.6300958333333333
981,Vespa crabro,NA,"Poppendorf, Österreich",inat,15.86,46.87,0.9042864799499511,829,325,97,Cool Temperate,Moist,Forest,Mountains,Cool Temperate Moist,6,64,0,Cool Temperate Moist Forest on Mountains,#064000,0.5372416666666666
983,Vespa crabro,NA,"Oltre il Colle - via roma, 60, 24013 Oltre Il Colle BG, Italia",inat,9.77,45.89,0.6378854274749756,908,1241,97,Cool Temperate,Moist,Forest,Mountains,Cool Temperate Moist,6,64,0,Cool Temperate Moist Forest on Mountains,#064000,0.512025
985,Vespa crabro,NL,NA,gbif,4.65,51.8,0.9967260360717772,816,0,120,Cool Temperate,Moist,Settlement,Plains,Cool Temperate Moist,78,119,2,Cool Temperate Moist Settlement on Plains,#4E7702,0.5950083333333334
986,Vespa crabro,NL,NA,gbif,6.05,52.75,0.9534812927246094,811,-4,128,Cool Temperate,Moist,Grassland,Plains,Cool Temperate Moist,22,133,0,Cool Temperate Moist Grassland on Plains,#168500,0.539875
987,Vespa crabro,NA,"Bannau Brycheiniog National Park, Crickhowell, Wales, GB",inat,-3.17,51.86,0.8880072593688965,1247,249,107,Cool Temperate,Moist,Grassland,Mountains,Cool Temperate Moist,26,83,0,Cool Temperate Moist Grassland on Mountains,#1A5300,0.5801708333333333
988,Vespa crabro,NA,"Zeebrugge, Bruges, Belgium",inat,3.21,51.28,1.029801559448242,783,3,116,Cool Temperate,Moist,Cropland,Plains,Cool Temperate Moist,29,153,10,Cool Temperate Moist Cropland on Plains,#1D990A,0.42965416666666667
989,Vespa crabro,DE,NA,gbif,8.6,53.59,0.920223331451416,726,6,120,Cool Temperate,Moist,Settlement,Plains,Cool Temperate Moist,78,119,2,Cool Temperate Moist Settlement on Plains,#4E7702,0.6408
990,Vespa crabro,NL,NA,gbif,5.45,51.85,0.9671229362487792,780,3,128,Cool Temperate,Moist,Grassland,Plains,Cool Temperate Moist,22,133,0,Cool Temperate Moist Grassland on Plains,#168500,0.6798875
993,Vespa crabro,HU,NA,gbif,20.44,48.04,0.79508957862854,594,658,97,Cool Temperate,Moist,Forest,Mountains,Cool Temperate Moist,6,64,0,Cool Temperate Moist Forest on Mountains,#064000,0.4519458333333333
995,Vespa crabro,DE,NA,gbif,10.64,51.12,0.840106201171875,646,191,108,Cool Temperate,Moist,Settlement,Hills,Cool Temperate Moist,67,109,14,Cool Temperate Moist Settlement on Hills,#436D0E,0.47394166666666665
1006,Vespa crabro,NL,NA,gbif,4.6,51.9,0.9911375045776368,858,0,128,Cool Temperate,Moist,Grassland,Plains,Cool Temperate Moist,22,133,0,Cool Temperate Moist Grassland on Plains,#168500,0.6308625
1011,Vespa crabro,NA,"Hundeauslaufzone, A22, 39051, 39051 Pfatten, Autonome Provinz Bozen - Südtirol, Italien",inat,11.26,46.45,0.9285968780517578,685,538,103,Cool Temperate,Moist,Cropland,Mountains,Cool Temperate Moist,33,102,5,Cool Temperate Moist Cropland on Mountains,#216605,0.6529541666666667
1013,Vespa crabro,NL,NA,gbif,6.15,52.1,0.9595292091369628,817,10,120,Cool Temperate,Moist,Settlement,Plains,Cool Temperate Moist,78,119,2,Cool Temperate Moist Settlement on Plains,#4E7702,0.6354083333333334
1014,Vespa crabro,NA,"Kenilworth Road, Solihull, England, GB",inat,-1.7,52.38,0.9318979263305665,715,106,116,Cool Temperate,Moist,Cropland,Plains,Cool Temperate Moist,29,153,10,Cool Temperate Moist Cropland on Plains,#1D990A,0.40379583333333335
1016,Vespa crabro,DE,NA,gbif,7.19,50.7,0.968272876739502,827,111,97,Cool Temperate,Moist,Forest,Mountains,Cool Temperate Moist,6,64,0,Cool Temperate Moist Forest on Mountains,#064000,0.6883666666666667
1017,Vespa crabro,NA,"Sjælland, Karlslunde, Region Sjælland, DK",inat,12.23,55.57,0.8342547416687012,615,10,120,Cool Temperate,Moist,Settlement,Plains,Cool Temperate Moist,78,119,2,Cool Temperate Moist Settlement on Plains,#4E7702,0.5826833333333333
1021,Vespa crabro,NA,"33010 Bordano UD, Italia",inat,13.11,46.31,1.1376708030700684,1603,360,173,Warm Temperate,Moist,Cropland,Mountains,Warm Temperate Moist,100,150,37,Warm Temperate Moist Cropland on Mountains,#649625,0.623425
1023,Vespa crabro,NA,"Θεσσαλία, Ελλάδα",inat,21.59,39.72,1.378056240081787,715,210,184,Warm Temperate,Dry,Cropland,Mountains,Warm Temperate Dry,141,179,80,Warm Temperate Dry Cropland on Mountains,#8DB350,0.40965
1029,Vespa crabro,NL,NA,gbif,4.6,51.55,1.0070833206176757,804,8,116,Cool Temperate,Moist,Cropland,Plains,Cool Temperate Moist,29,153,10,Cool Temperate Moist Cropland on Plains,#1D990A,0.327125
1034,Vespa crabro,NA,"00060 Canale Monterano RM, Italia",inat,12.07,42.14,1.4577115058898926,255,318,173,Warm Temperate,Moist,Cropland,Mountains,Warm Temperate Moist,100,150,37,Warm Temperate Moist Cropland on Mountains,#649625,0.6968833333333333
1038,Vespa crabro,NA,"Fenn Street, Rochester, England, GB",inat,0.59,51.45,1.025844383239746,590,31,116,Cool Temperate,Moist,Cropland,Plains,Cool Temperate Moist,29,153,10,Cool Temperate Moist Cropland on Plains,#1D990A,0.5098708333333333
1044,Vespa crabro,NL,NA,gbif,5.6,51.95,0.967956256866455,791,15,111,Cool Temperate,Moist,Forest,Plains,Cool Temperate Moist,1,109,0,Cool Temperate Moist Forest on Plains,#016D00,0.5782166666666667
1047,Vespa crabro,FR,NA,gbif,-1.5,48.08,1.1285624504089355,751,69,166,Warm Temperate,Moist,Forest,Plains,Warm Temperate Moist,45,158,6,Warm Temperate Moist Forest on Plains,#2D9E06,0.7284166666666666
1054,Vespa crabro,DE,NA,gbif,11.89,54.11,0.852837085723877,609,34,110,Cool Temperate,Moist,Cropland,Hills,Cool Temperate Moist,33,144,30,Cool Temperate Moist Cropland on Hills,#21901E,0.68975
1060,Vespa crabro,NA,"Wiesbaden, Hessen, Germany",inat,8.29,50.11,0.9595843315124511,653,278,103,Cool Temperate,Moist,Cropland,Mountains,Cool Temperate Moist,33,102,5,Cool Temperate Moist Cropland on Mountains,#216605,0.5871
1063,Vespa crabro,NA,"Soimi, Románia",inat,22.13,46.68,1.007827091217041,599,209,97,Cool Temperate,Moist,Forest,Mountains,Cool Temperate Moist,6,64,0,Cool Temperate Moist Forest on Mountains,#064000,0.7206083333333333
1065,Vespa crabro,DE,NA,gbif,8.23,49.1,1.0336833000183103,748,121,111,Cool Temperate,Moist,Forest,Plains,Cool Temperate Moist,1,109,0,Cool Temperate Moist Forest on Plains,#016D00,0.5909083333333334
1072,Vespa crabro,NL,NA,gbif,5.15,51.95,0.9610124588012696,776,-7,128,Cool Temperate,Moist,Grassland,Plains,Cool Temperate Moist,22,133,0,Cool Temperate Moist Grassland on Plains,#168500,0.7325208333333333
1075,Vespa crabro,IT,NA,gbif,11.8,45.67,1.2566499710083008,984,52,160,Warm Temperate,Moist,Cropland,Plains,Warm Temperate Moist,105,207,54,Warm Temperate Moist Cropland on Plains,#69CF36,0.5478833333333333
1076,Vespa crabro,NA,"Rue de Bâle, Geispolsheim, Grand Est, FR",inat,7.68,48.52,1.061342716217041,735,143,120,Cool Temperate,Moist,Settlement,Plains,Cool Temperate Moist,78,119,2,Cool Temperate Moist Settlement on Plains,#4E7702,0.45048333333333335
1078,Vespa crabro,FR,NA,gbif,-0.12,49.04,1.1221447944641114,715,55,168,Warm Temperate,Moist,Cropland,Hills,Warm Temperate Moist,112,198,86,Warm Temperate Moist Cropland on Hills,#70C656,0.6332875
1079,Vespa crabro,DE,NA,gbif,8.58,50.01,1.0215635299682615,620,106,120,Cool Temperate,Moist,Settlement,Plains,Cool Temperate Moist,78,119,2,Cool Temperate Moist Settlement on Plains,#4E7702,0.4958125
1081,Vespa crabro,NL,NA,gbif,6.2,52.15,0.9676468849182128,789,7,120,Cool Temperate,Moist,Settlement,Plains,Cool Temperate Moist,78,119,2,Cool Temperate Moist Settlement on Plains,#4E7702,0.46974166666666667
1083,Vespa crabro,NA,"Hohenzollerndamm, Berlin, Berlin, DE",inat,13.32,52.49,0.919979190826416,558,43,120,Cool Temperate,Moist,Settlement,Plains,Cool Temperate Moist,78,119,2,Cool Temperate Moist Settlement on Plains,#4E7702,0.6557208333333333
1088,Vespa crabro,NL,NA,gbif,4.9,52.3,0.9645885467529296,826,1,128,Cool Temperate,Moist,Grassland,Plains,Cool Temperate Moist,22,133,0,Cool Temperate Moist Grassland on Plains,#168500,0.3977291666666667
1098,Vespa crabro,PL,NA,gbif,16.66,52.26,0.8341562271118164,514,84,116,Cool Temperate,Moist,Cropland,Plains,Cool Temperate Moist,29,153,10,Cool Temperate Moist Cropland on Plains,#1D990A,0.6244208333333333
1107,Vespa crabro,NL,NA,gbif,4.6,52.35,0.9709492683410644,828,7,128,Cool Temperate,Moist,Grassland,Plains,Cool Temperate Moist,22,133,0,Cool Temperate Moist Grassland on Plains,#168500,0.7338041666666667
1108,Vespa crabro,DE,NA,gbif,8.27,48.97,1.03507604598999,871,108,116,Cool Temperate,Moist,Cropland,Plains,Cool Temperate Moist,29,153,10,Cool Temperate Moist Cropland on Plains,#1D990A,0.44955
1109,Vespa crabro,NA,"Chemin du Ramierou, Montauban, Occitanie, FR",inat,1.39,44.02,1.2861332893371582,741,108,168,Warm Temperate,Moist,Cropland,Hills,Warm Temperate Moist,112,198,86,Warm Temperate Moist Cropland on Hills,#70C656,0.5959291666666666
1113,Vespa crabro,NA,"Fulbrook, Burford OX18 4DB, UK",inat,-1.6,51.82,0.9750781059265136,663,153,102,Cool Temperate,Moist,Cropland,Tablelands,Cool Temperate Moist,99,97,160,Cool Temperate Moist Cropland on Tablelands,#6361A0,0.363975
1115,Vespa crabro,NL,NA,gbif,5.85,51.05,1.0099031448364255,731,31,116,Cool Temperate,Moist,Cropland,Plains,Cool Temperate Moist,29,153,10,Cool Temperate Moist Cropland on Plains,#1D990A,0.739175
1118,Vespa crabro,NL,NA,gbif,6.45,52.35,0.9452625274658204,791,26,111,Cool Temperate,Moist,Forest,Plains,Cool Temperate Moist,1,109,0,Cool Temperate Moist Forest on Plains,#016D00,0.5260874999999999
1120,Vespa crabro,DE,NA,gbif,7.07,51.6,1.0221354484558105,872,78,108,Cool Temperate,Moist,Settlement,Hills,Cool Temperate Moist,67,109,14,Cool Temperate Moist Settlement on Hills,#436D0E,0.36469166666666664
1124,Vespa crabro,FR,NA,gbif,7.7,48.57,1.061342716217041,735,141,161,Warm Temperate,Moist,Settlement,Plains,Warm Temperate Moist,163,170,28,Warm Temperate Moist Settlement on Plains,#A3AA1C,0.5111
1128,Vespa crabro,NA,"Koburger Straße, Leipzig, Saxony, DE",inat,12.37,51.3,0.9444021224975586,567,116,111,Cool Temperate,Moist,Forest,Plains,Cool Temperate Moist,1,109,0,Cool Temperate Moist Forest on Plains,#016D00,0.6866791666666666
1129,Vespa crabro,DE,NA,gbif,6.77,51.25,1.0587124824523926,788,40,161,Warm Temperate,Moist,Settlement,Plains,Warm Temperate Moist,163,170,28,Warm Temperate Moist Settlement on Plains,#A3AA1C,0.5920125
1132,Vespa crabro,CZ,NA,gbif,14.31,50.07,0.8207219123840332,504,352,129,Cool Temperate,Moist,Settlement,Tablelands,Cool Temperate Moist,47,63,130,Cool Temperate Moist Settlement on Tablelands,#2F3F82,0.41138749999999996
1134,Vespa crabro,NA,"Mågevej (Faaborg Midtfyn), 5772 Kværndrup, Danmark",inat,10.52,55.18,0.8323729515075684,621,74,120,Cool Temperate,Moist,Settlement,Plains,Cool Temperate Moist,78,119,2,Cool Temperate Moist Settlement on Plains,#4E7702,0.6912375
1135,Vespa crabro,NL,NA,gbif,4.4,52.1,0.971110725402832,849,0,120,Cool Temperate,Moist,Settlement,Plains,Cool Temperate Moist,78,119,2,Cool Temperate Moist Settlement on Plains,#4E7702,0.7005458333333333
1137,Vespa crabro,NA,"Pragrande, Pula, Hrvatska",inat,13.86,44.86,1.3711278915405274,824,26,168,Warm Temperate,Moist,Cropland,Hills,Warm Temperate Moist,112,198,86,Warm Temperate Moist Cropland on Hills,#70C656,0.5858208333333333
1139,Vespa crabro,NA,"Strandbad, 68199 Mannheim, Deutschland",inat,8.45,49.45,1.051504135131836,669,94,166,Warm Temperate,Moist,Forest,Plains,Warm Temperate Moist,45,158,6,Warm Temperate Moist Forest on Plains,#2D9E06,0.5129375
1140,Vespa crabro,NL,NA,gbif,3.9,51.25,1.0390030860900878,773,2,116,Cool Temperate,Moist,Cropland,Plains,Cool Temperate Moist,29,153,10,Cool Temperate Moist Cropland on Plains,#1D990A,0.50005
1142,Vespa crabro,NA,"39044 Neumarkt, Autonome Provinz Bozen - Südtirol, Italien",inat,11.28,46.31,0.8883832931518555,638,661,97,Cool Temperate,Moist,Forest,Mountains,Cool Temperate Moist,6,64,0,Cool Temperate Moist Forest on Mountains,#064000,0.5283708333333333
1143,Vespa crabro,NL,NA,gbif,4.9,51.4,0.9976905822753906,802,23,116,Cool Temperate,Moist,Cropland,Plains,Cool Temperate Moist,29,153,10,Cool Temperate Moist Cropland on Plains,#1D990A,0.5765208333333334
1146,Vespa crabro,GB,NA,gbif,-1.98,51.51,0.9666000366210936,681,110,129,Cool Temperate,Moist,Settlement,Tablelands,Cool Temperate Moist,47,63,130,Cool Temperate Moist Settlement on Tablelands,#2F3F82,0.5861
1149,Vespa crabro,GB,NA,gbif,-2.07,52.29,0.9326791763305664,805,77,110,Cool Temperate,Moist,Cropland,Hills,Cool Temperate Moist,33,144,30,Cool Temperate Moist Cropland on Hills,#21901E,0.5294833333333333
1152,Vespa crabro,NL,NA,gbif,6,51.25,1.0026583671569824,734,18,116,Cool Temperate,Moist,Cropland,Plains,Cool Temperate Moist,29,153,10,Cool Temperate Moist Cropland on Plains,#1D990A,0.5175208333333333
1153,Vespa crabro,NA,"Novara, Italia",inat,8.61,45.45,1.1822479248046875,903,154,161,Warm Temperate,Moist,Settlement,Plains,Warm Temperate Moist,163,170,28,Warm Temperate Moist Settlement on Plains,#A3AA1C,0.46592916666666667
1154,Vespa crabro,NA,"83050 Senerchia AV, Italia",inat,15.2,40.74,1.2076229095458983,764,550,173,Warm Temperate,Moist,Cropland,Mountains,Warm Temperate Moist,100,150,37,Warm Temperate Moist Cropland on Mountains,#649625,0.6273916666666667
1158,Vespa crabro,NA,"708 00 Ostrava-Poruba, Česko",inat,18.17,49.83,0.85047607421875,701,250,108,Cool Temperate,Moist,Settlement,Hills,Cool Temperate Moist,67,109,14,Cool Temperate Moist Settlement on Hills,#436D0E,0.6468583333333333
1159,Vespa crabro,NA,"Kwiatkowskiej 01, 81-578 Gdynia, Polska",inat,18.43,54.49,0.7288093566894531,674,159,102,Cool Temperate,Moist,Cropland,Tablelands,Cool Temperate Moist,99,97,160,Cool Temperate Moist Cropland on Tablelands,#6361A0,0.58065
1163,Vespa crabro,NA,"Central Macedonia, Greece",inat,23.28,40.52,1.3323895454406738,471,603,184,Warm Temperate,Dry,Cropland,Mountains,Warm Temperate Dry,141,179,80,Warm Temperate Dry Cropland on Mountains,#8DB350,0.6487416666666667
1165,Vespa crabro,NA,"Bielsko-Biała, Polska",inat,19.05,49.77,0.7171854019165039,933,514,97,Cool Temperate,Moist,Forest,Mountains,Cool Temperate Moist,6,64,0,Cool Temperate Moist Forest on Mountains,#064000,0.6256833333333334
1167,Vespa crabro,NA,"Vogelschutzgebiet 'Rieselfelder Münster', Coermühle 181, 48157 Münster, Germany",inat,7.65,52.03,0.95678129196167,747,48,116,Cool Temperate,Moist,Cropland,Plains,Cool Temperate Moist,29,153,10,Cool Temperate Moist Cropland on Plains,#1D990A,0.40375
1172,Vespa crabro,NL,NA,gbif,4.55,52.35,0.9709492683410644,828,11,128,Cool Temperate,Moist,Grassland,Plains,Cool Temperate Moist,22,133,0,Cool Temperate Moist Grassland on Plains,#168500,0.5823916666666666
1176,Vespa crabro,NA,"55 Ingelheim am Rhein, Deutschland",inat,8.05,49.99,0.9874885559082032,573,91,116,Cool Temperate,Moist,Cropland,Plains,Cool Temperate Moist,29,153,10,Cool Temperate Moist Cropland on Plains,#1D990A,0.3793666666666667
1183,Vespa crabro,NA,"Obernau Am Obstkeller, Aschaffenburg, 63743 Aschaffenburg, Deutschland",inat,9.14,49.93,0.9606249809265136,805,118,103,Cool Temperate,Moist,Cropland,Mountains,Cool Temperate Moist,33,102,5,Cool Temperate Moist Cropland on Mountains,#216605,0.6147208333333333
1188,Vespa crabro,BE,NA,gbif,4.56,51.09,1.0294468879699707,777,6,116,Cool Temperate,Moist,Cropland,Plains,Cool Temperate Moist,29,153,10,Cool Temperate Moist Cropland on Plains,#1D990A,0.5214083333333334
1199,Vespa crabro,DK,NA,gbif,9.23,55.48,0.7808541774749755,835,39,120,Cool Temperate,Moist,Settlement,Plains,Cool Temperate Moist,78,119,2,Cool Temperate Moist Settlement on Plains,#4E7702,0.4925791666666667
1202,Vespa crabro,NA,"West Macedonia Region, Greece",inat,21.13,40.8,0.9502374649047852,784,942,173,Warm Temperate,Moist,Cropland,Mountains,Warm Temperate Moist,100,150,37,Warm Temperate Moist Cropland on Mountains,#649625,0.6517916666666667
1204,Vespa crabro,NA,"68300 Saint-Louis, France",inat,7.55,47.62,1.0200145721435547,805,237,116,Cool Temperate,Moist,Cropland,Plains,Cool Temperate Moist,29,153,10,Cool Temperate Moist Cropland on Plains,#1D990A,0.6819458333333334
1205,Vespa crabro,NA,"5220 Zatolmin, Slovenia",inat,13.74,46.2,0.5684999942779541,2127,381,97,Cool Temperate,Moist,Forest,Mountains,Cool Temperate Moist,6,64,0,Cool Temperate Moist Forest on Mountains,#064000,0.5903416666666667
1212,Vespa crabro,NL,NA,gbif,6.05,53.35,0.9052278518676756,818,-1,128,Cool Temperate,Moist,Grassland,Plains,Cool Temperate Moist,22,133,0,Cool Temperate Moist Grassland on Plains,#168500,0.45313749999999997
1213,Vespa crabro,NA,"Hofhaymer-Allee, Salzburg, Salzburg, AT",inat,13.06,47.79,0.8130990028381347,1307,422,107,Cool Temperate,Moist,Grassland,Mountains,Cool Temperate Moist,26,83,0,Cool Temperate Moist Grassland on Mountains,#1A5300,0.48209583333333333
1227,Vespa crabro,DE,NA,gbif,6.63,51.79,0.9929187774658204,748,36,116,Cool Temperate,Moist,Cropland,Plains,Cool Temperate Moist,29,153,10,Cool Temperate Moist Cropland on Plains,#1D990A,0.6500333333333334
1233,Vespa crabro,CH,NA,gbif,6.01,46.16,0.8976312637329101,1098,408,173,Warm Temperate,Moist,Cropland,Mountains,Warm Temperate Moist,100,150,37,Warm Temperate Moist Cropland on Mountains,#649625,0.6340791666666666
1234,Vespa crabro,FR,NA,gbif,-3.96,47.93,1.1710904121398926,1035,74,164,Warm Temperate,Moist,Grassland,Hills,Warm Temperate Moist,86,172,49,Warm Temperate Moist Grassland on Hills,#56AC31,0.5054125
1237,Vespa crabro,NA,"07-306 Brok, Polska",inat,21.85,52.7,0.7604343891143799,496,110,120,Cool Temperate,Moist,Settlement,Plains,Cool Temperate Moist,78,119,2,Cool Temperate Moist Settlement on Plains,#4E7702,0.5423333333333333
1240,Vespa crabro,DE,NA,gbif,9.12,49.93,0.9606249809265136,805,112,111,Cool Temperate,Moist,Forest,Plains,Cool Temperate Moist,1,109,0,Cool Temperate Moist Forest on Plains,#016D00,0.6264
1241,Vespa crabro,NA,"Зеленоградск, Калининградская обл., Россия",inat,20.48,54.96,0.7614500045776367,784,0,120,Cool Temperate,Moist,Settlement,Plains,Cool Temperate Moist,78,119,2,Cool Temperate Moist Settlement on Plains,#4E7702,0.6612416666666666
1243,Vespa crabro,NA,"Bad Wilsnacker Straße, Bad Wilsnack, Brandenburg, DE",inat,11.86,52.96,0.9347749710083008,573,24,116,Cool Temperate,Moist,Cropland,Plains,Cool Temperate Moist,29,153,10,Cool Temperate Moist Cropland on Plains,#1D990A,0.6749208333333334
1246,Vespa crabro,GB,NA,gbif,0.31,51.16,0.9762770652770996,794,91,101,Cool Temperate,Moist,Forest,Tablelands,Cool Temperate Moist,71,89,181,Cool Temperate Moist Forest on Tablelands,#4759B5,0.39116666666666666
1247,Vespa crabro,NL,NA,gbif,3.75,51.3,1.0463364601135254,769,1,115,Cool Temperate,Moist,Shrubland,Plains,Cool Temperate Moist,26,131,0,Cool Temperate Moist Shrubland on Plains,#1A8300,0.48751666666666665
1248,Vespa crabro,NL,NA,gbif,6,51.85,0.9773374557495116,766,11,116,Cool Temperate,Moist,Cropland,Plains,Cool Temperate Moist,29,153,10,Cool Temperate Moist Cropland on Plains,#1D990A,0.615075
1249,Vespa crabro,GB,NA,gbif,-1.14,53.99,0.9251280784606932,595,15,116,Cool Temperate,Moist,Cropland,Plains,Cool Temperate Moist,29,153,10,Cool Temperate Moist Cropland on Plains,#1D990A,0.7031583333333333
1250,Vespa crabro,NA,"G4W6+J3, 45889 Gelsenkirchen, Deutschland",inat,7.11,51.55,1.0221354484558105,872,41,105,Cool Temperate,Moist,Forest,Hills,Cool Temperate Moist,2,99,1,Cool Temperate Moist Forest on Hills,#026301,0.5682166666666667
1253,Vespa crabro,NL,NA,gbif,5.85,51.85,0.9808792114257812,791,18,120,Cool Temperate,Moist,Settlement,Plains,Cool Temperate Moist,78,119,2,Cool Temperate Moist Settlement on Plains,#4E7702,0.6398958333333333
1261,Vespa crabro,DE,NA,gbif,10.27,48.36,0.8334229469299317,822,489,105,Cool Temperate,Moist,Forest,Hills,Cool Temperate Moist,2,99,1,Cool Temperate Moist Forest on Hills,#026301,0.7143833333333334
1262,Vespa crabro,NA,"85077 Manching-Pichl, Deutschland",inat,11.47,48.71,0.8617218971252442,743,367,120,Cool Temperate,Moist,Settlement,Plains,Cool Temperate Moist,78,119,2,Cool Temperate Moist Settlement on Plains,#4E7702,0.6915625
1264,Vespa crabro,NA,"Ingelheimer Straße, Darmstadt, Hessen, DE",inat,8.64,49.86,1.020603084564209,638,142,108,Cool Temperate,Moist,Settlement,Hills,Cool Temperate Moist,67,109,14,Cool Temperate Moist Settlement on Hills,#436D0E,0.491175
1268,Vespa crabro,DE,NA,gbif,6.25,50.76,0.9189249992370604,871,262,105,Cool Temperate,Moist,Forest,Hills,Cool Temperate Moist,2,99,1,Cool Temperate Moist Forest on Hills,#026301,0.5521625
1273,Vespa crabro,NA,"Montigny-sur-Loing, France",inat,2.75,48.34,1.0644302368164062,633,78,180,Warm Temperate,Moist,Forest,Tablelands,Warm Temperate Moist,69,72,136,Warm Temperate Moist Forest on Tablelands,#454888,0.68305
1274,Vespa crabro,GB,NA,gbif,0.03,51.57,1.0349489212036134,611,21,161,Warm Temperate,Moist,Settlement,Plains,Warm Temperate Moist,163,170,28,Warm Temperate Moist Settlement on Plains,#A3AA1C,0.7266958333333333
1282,Vespa crabro,DE,NA,gbif,7.89,50.45,0.8701239585876465,842,284,114,Cool Temperate,Moist,Grassland,Hills,Cool Temperate Moist,22,124,10,Cool Temperate Moist Grassland on Hills,#167C0A,0.64715
1297,Vespa crabro,IT,NA,gbif,10.26,45.08,1.2663844108581543,754,28,160,Warm Temperate,Moist,Cropland,Plains,Warm Temperate Moist,105,207,54,Warm Temperate Moist Cropland on Plains,#69CF36,0.4514458333333333
1302,Vespa crabro,NL,NA,gbif,5.6,51.5,0.9889156341552734,757,19,128,Cool Temperate,Moist,Grassland,Plains,Cool Temperate Moist,22,133,0,Cool Temperate Moist Grassland on Plains,#168500,0.5959041666666667
1304,Vespa crabro,AT,NA,gbif,16.29,48.15,0.9499468803405762,609,232,113,Cool Temperate,Moist,Settlement,Mountains,Cool Temperate Moist,61,67,0,Cool Temperate Moist Settlement on Mountains,#3D4300,0.40329583333333335
1307,Vespa crabro,DE,NA,gbif,11.09,49.47,0.8993906021118164,700,318,120,Cool Temperate,Moist,Settlement,Plains,Cool Temperate Moist,78,119,2,Cool Temperate Moist Settlement on Plains,#4E7702,0.5437708333333333
1310,Vespa crabro,NA,"Przy Rondzie, Kraków, Lesser Poland, PL",inat,19.96,50.07,0.8696708679199219,687,204,120,Cool Temperate,Moist,Settlement,Plains,Cool Temperate Moist,78,119,2,Cool Temperate Moist Settlement on Plains,#4E7702,0.6999791666666667
1311,Vespa crabro,NA,"Gamlitz, 8462, Österreich",inat,15.52,46.7,0.9184562683105468,971,430,97,Cool Temperate,Moist,Forest,Mountains,Cool Temperate Moist,6,64,0,Cool Temperate Moist Forest on Mountains,#064000,0.7098916666666667
1313,Vespa crabro,DE,NA,gbif,7.92,50.97,0.8298406600952148,1059,409,107,Cool Temperate,Moist,Grassland,Mountains,Cool Temperate Moist,26,83,0,Cool Temperate Moist Grassland on Mountains,#1A5300,0.5626083333333334
1314,Vespa crabro,NL,NA,gbif,4.3,52.05,0.9714204788208008,837,2,120,Cool Temperate,Moist,Settlement,Plains,Cool Temperate Moist,78,119,2,Cool Temperate Moist Settlement on Plains,#4E7702,0.5826625
1323,Vespa crabro,NA,"Sangiano, Besozzi/Carlo Alberto, 21038 Sangiano VA, Italia",inat,8.63,45.87,1.0934072494506837,1199,259,172,Warm Temperate,Moist,Settlement,Mountains,Warm Temperate Moist,105,89,18,Warm Temperate Moist Settlement on Mountains,#695912,0.3950125
1326,Vespa crabro,NL,NA,gbif,6.3,53.1,0.9074552536010744,854,4,128,Cool Temperate,Moist,Grassland,Plains,Cool Temperate Moist,22,133,0,Cool Temperate Moist Grassland on Plains,#168500,0.6544958333333334
1332,Vespa crabro,FR,NA,gbif,-1.05,46,1.293558120727539,791,1,160,Warm Temperate,Moist,Cropland,Plains,Warm Temperate Moist,105,207,54,Warm Temperate Moist Cropland on Plains,#69CF36,0.6126958333333333
1333,Vespa crabro,DE,NA,gbif,11.01,49.6,0.8589104652404785,745,295,108,Cool Temperate,Moist,Settlement,Hills,Cool Temperate Moist,67,109,14,Cool Temperate Moist Settlement on Hills,#436D0E,0.7401833333333333
1334,Vespa crabro,NA,"Budapest, Forrásliget lakópark, 1038 Magyarország",inat,19.04,47.58,1.1065521240234375,528,116,185,Warm Temperate,Dry,Settlement,Mountains,Warm Temperate Dry,144,124,59,Warm Temperate Dry Settlement on Mountains,#907C3B,0.4354166666666667
1344,Vespa crabro,NA,"Sychem Place, Tonbridge, England, GB",inat,0.35,51.18,1.0039145469665527,668,41,114,Cool Temperate,Moist,Grassland,Hills,Cool Temperate Moist,22,124,10,Cool Temperate Moist Grassland on Hills,#167C0A,0.4587
1347,Vespa crabro,NA,"Impasse de la Grave, Béraut, Occitanie, FR",inat,0.39,43.93,1.2741948127746583,1011,112,168,Warm Temperate,Moist,Cropland,Hills,Warm Temperate Moist,112,198,86,Warm Temperate Moist Cropland on Hills,#70C656,0.7331333333333333
1348,Vespa crabro,NL,NA,gbif,5.75,51.75,0.9782135009765623,760,8,120,Cool Temperate,Moist,Settlement,Plains,Cool Temperate Moist,78,119,2,Cool Temperate Moist Settlement on Plains,#4E7702,0.559375
1350,Vespa crabro,NA,"16 Wandlitz-Stolzenhagen, Deutschland",inat,13.43,52.76,0.8852864265441894,579,53,116,Cool Temperate,Moist,Cropland,Plains,Cool Temperate Moist,29,153,10,Cool Temperate Moist Cropland on Plains,#1D990A,0.6555541666666667
1352,Vespa crabro,PT,NA,gbif,-8.71,41.64,1.404978370666504,1497,96,172,Warm Temperate,Moist,Settlement,Mountains,Warm Temperate Moist,105,89,18,Warm Temperate Moist Settlement on Mountains,#695912,0.6715333333333333
1354,Vespa crabro,NA,"79 Müllheim im Markgräflerland, Deutschland",inat,7.6,47.84,1.0544635772705078,783,223,116,Cool Temperate,Moist,Cropland,Plains,Cool Temperate Moist,29,153,10,Cool Temperate Moist Cropland on Plains,#1D990A,0.6483875
1355,Vespa crabro,NA,"Innsbruck Klammgründe, 6020 Innsbruck, Österreich",inat,11.33,47.27,0.5379750251770019,1098,1092,97,Cool Temperate,Moist,Forest,Mountains,Cool Temperate Moist,6,64,0,Cool Temperate Moist Forest on Mountains,#064000,0.630625
1363,Vespa crabro,NA,"Scharnhorst, Dortmund, North Rhine-Westphalia, DE",inat,7.54,51.58,0.9763291358947754,826,68,120,Cool Temperate,Moist,Settlement,Plains,Cool Temperate Moist,78,119,2,Cool Temperate Moist Settlement on Plains,#4E7702,0.44719166666666665
1370,Vespa crabro,GR,NA,gbif,19.91,39.73,1.515049362182617,1207,213,173,Warm Temperate,Moist,Cropland,Mountains,Warm Temperate Moist,100,150,37,Warm Temperate Moist Cropland on Mountains,#649625,0.39218333333333333
1373,Vespa crabro,NA,"47822 Santarcangelo di Romagna RN, Italia",inat,12.48,44.02,1.3714278221130372,833,73,173,Warm Temperate,Moist,Cropland,Mountains,Warm Temperate Moist,100,150,37,Warm Temperate Moist Cropland on Mountains,#649625,0.48185416666666664
1374,Vespa crabro,NA,"Gounod, 83240 Cavalaire-sur-Mer, France",inat,6.52,43.17,1.4828852653503417,802,167,172,Warm Temperate,Moist,Settlement,Mountains,Warm Temperate Moist,105,89,18,Warm Temperate Moist Settlement on Mountains,#695912,0.5612833333333334
1375,Vespa crabro,DE,NA,gbif,11.47,53.62,0.875852108001709,628,38,111,Cool Temperate,Moist,Forest,Plains,Cool Temperate Moist,1,109,0,Cool Temperate Moist Forest on Plains,#016D00,0.5647208333333333
1377,Vespa crabro,NL,NA,gbif,4.55,51.85,0.9911375045776368,858,-4,120,Cool Temperate,Moist,Settlement,Plains,Cool Temperate Moist,78,119,2,Cool Temperate Moist Settlement on Plains,#4E7702,0.4715375
1379,Vespa crabro,NA,Kielce,inat,20.61,50.88,0.758384370803833,625,273,108,Cool Temperate,Moist,Settlement,Hills,Cool Temperate Moist,67,109,14,Cool Temperate Moist Settlement on Hills,#436D0E,0.5712125
1386,Vespa crabro,RO,NA,gbif,21.27,45.8,1.0678229331970217,589,97,195,Warm Temperate,Dry,Forest,Plains,Warm Temperate Dry,94,186,42,Warm Temperate Dry Forest on Plains,#5EBA2A,0.63685
1388,Vespa crabro,NA,"Babadag, Romania",inat,28.69,44.87,1.093010425567627,426,156,199,Warm Temperate,Dry,Forest,Hills,Warm Temperate Dry,91,175,66,Warm Temperate Dry Forest on Hills,#5BAF42,0.6479625
1396,Vespa crabro,NA,"Western Greece, Greece",inat,22.23,38.08,1.1566645622253418,811,984,176,Warm Temperate,Moist,Forest,Mountains,Warm Temperate Moist,49,105,3,Warm Temperate Moist Forest on Mountains,#316903,0.5984708333333333
1398,Vespa crabro,NA,"36300 Le Blanc, France",inat,1.1,46.64,1.1675010681152345,742,109,159,Warm Temperate,Moist,Grassland,Plains,Warm Temperate Moist,91,184,24,Warm Temperate Moist Grassland on Plains,#5BB818,0.6175583333333333
1401,Vespa crabro,NL,NA,gbif,5.35,51.55,0.9877718925476074,767,13,111,Cool Temperate,Moist,Forest,Plains,Cool Temperate Moist,1,109,0,Cool Temperate Moist Forest on Plains,#016D00,0.39045416666666666
1408,Vespa crabro,NA,"21020 Pacit VA, Italia",inat,8.69,45.8,1.1357104301452636,1211,278,171,Warm Temperate,Moist,Grassland,Mountains,Warm Temperate Moist,86,129,14,Warm Temperate Moist Grassland on Mountains,#56810E,0.5146999999999999
1415,Vespa crabro,NA,"Moorburg, Hamburg, Hamburg, DE",inat,9.9,53.49,0.8900676727294922,746,0,128,Cool Temperate,Moist,Grassland,Plains,Cool Temperate Moist,22,133,0,Cool Temperate Moist Grassland on Plains,#168500,0.6894208333333334
1416,Vespa crabro,FR,NA,gbif,-2.15,48.08,1.1370062828063965,813,119,163,Warm Temperate,Moist,Forest,Hills,Warm Temperate Moist,47,146,24,Warm Temperate Moist Forest on Hills,#2F9218,0.6197625
1427,Vespa crabro,NL,NA,gbif,5.1,52.05,0.9803396224975586,797,3,116,Cool Temperate,Moist,Cropland,Plains,Cool Temperate Moist,29,153,10,Cool Temperate Moist Cropland on Plains,#1D990A,0.6555124999999999
1431,Vespa crabro,GB,NA,gbif,-2.18,51.42,0.9780625343322754,774,94,110,Cool Temperate,Moist,Cropland,Hills,Cool Temperate Moist,33,144,30,Cool Temperate Moist Cropland on Hills,#21901E,0.646775
1438,Vespa crabro,NA,"Golik, Kroatien",inat,14.88,45.47,0.7983927249908447,1488,345,97,Cool Temperate,Moist,Forest,Mountains,Cool Temperate Moist,6,64,0,Cool Temperate Moist Forest on Mountains,#064000,0.5586041666666667
1447,Vespa crabro,DK,NA,gbif,9.81,56.6,0.7540173530578613,683,38,116,Cool Temperate,Moist,Cropland,Plains,Cool Temperate Moist,29,153,10,Cool Temperate Moist Cropland on Plains,#1D990A,0.6210666666666667
1448,Vespa crabro,NL,NA,gbif,4.6,52.4,0.9709492683410644,828,14,111,Cool Temperate,Moist,Forest,Plains,Cool Temperate Moist,1,109,0,Cool Temperate Moist Forest on Plains,#016D00,0.5767833333333333
1449,Vespa crabro,DE,NA,gbif,7.07,49.27,0.928123950958252,927,290,105,Cool Temperate,Moist,Forest,Hills,Cool Temperate Moist,2,99,1,Cool Temperate Moist Forest on Hills,#026301,0.6841083333333333
1450,Vespa crabro,NL,NA,gbif,5.9,51.4,0.9843155860900878,737,34,116,Cool Temperate,Moist,Cropland,Plains,Cool Temperate Moist,29,153,10,Cool Temperate Moist Cropland on Plains,#1D990A,0.7245375000000001
1451,Vespa crabro,NA,"Castellón, España",inat,-0.14,40.39,1.154587459564209,496,866,184,Warm Temperate,Dry,Cropland,Mountains,Warm Temperate Dry,141,179,80,Warm Temperate Dry Cropland on Mountains,#8DB350,0.6483666666666666
1458,Vespa crabro,NA,"Naturpark Frankenhöhe, 羅滕堡, 巴伐利亞, DE",inat,10.18,49.37,0.8332094192504883,713,406,110,Cool Temperate,Moist,Cropland,Hills,Cool Temperate Moist,33,144,30,Cool Temperate Moist Cropland on Hills,#21901E,0.6515833333333333
1467,Vespa crabro,DE,NA,gbif,9.94,51.36,0.8481562614440918,736,288,97,Cool Temperate,Moist,Forest,Mountains,Cool Temperate Moist,6,64,0,Cool Temperate Moist Forest on Mountains,#064000,0.4529458333333333
1482,Vespa crabro,DE,NA,gbif,6.71,51.82,0.9871582984924316,792,33,116,Cool Temperate,Moist,Cropland,Plains,Cool Temperate Moist,29,153,10,Cool Temperate Moist Cropland on Plains,#1D990A,0.5005833333333334
1483,Vespa crabro,NA,"Murgleiter Etappe 2, Kobern-Gondorf, Rhineland-Palatinate, DE",inat,7.47,50.33,0.9308843612670898,667,201,102,Cool Temperate,Moist,Cropland,Tablelands,Cool Temperate Moist,99,97,160,Cool Temperate Moist Cropland on Tablelands,#6361A0,0.46581666666666666
1487,Vespa crabro,DE,NA,gbif,13.42,52.51,0.9484271049499512,572,41,120,Cool Temperate,Moist,Settlement,Plains,Cool Temperate Moist,78,119,2,Cool Temperate Moist Settlement on Plains,#4E7702,0.5610583333333333
1488,Vespa crabro,NA,"1,Jennersdorf, Österreich",inat,16.16,46.96,0.9148364067077636,779,288,101,Cool Temperate,Moist,Forest,Tablelands,Cool Temperate Moist,71,89,181,Cool Temperate Moist Forest on Tablelands,#4759B5,0.4868625
1493,Vespa crabro,IT,NA,gbif,12.19,42.1,1.4831978797912595,227,210,176,Warm Temperate,Moist,Forest,Mountains,Warm Temperate Moist,49,105,3,Warm Temperate Moist Forest on Mountains,#316903,0.5403625
1498,Vespa crabro,NL,NA,gbif,3.65,51.55,1.0425701141357422,767,-1,111,Cool Temperate,Moist,Forest,Plains,Cool Temperate Moist,1,109,0,Cool Temperate Moist Forest on Plains,#016D00,0.6144499999999999
1499,Vespa crabro,NA,"68128 Rosenau, France",inat,7.55,47.62,1.0200145721435547,805,237,116,Cool Temperate,Moist,Cropland,Plains,Cool Temperate Moist,29,153,10,Cool Temperate Moist Cropland on Plains,#1D990A,0.5882166666666666
1501,Vespa crabro,NL,NA,gbif,4.6,51.55,1.0070833206176757,804,8,116,Cool Temperate,Moist,Cropland,Plains,Cool Temperate Moist,29,153,10,Cool Temperate Moist Cropland on Plains,#1D990A,0.7144125
1502,Vespa crabro,SI,NA,gbif,14.08,46.36,0.6098395824432373,1779,539,97,Cool Temperate,Moist,Forest,Mountains,Cool Temperate Moist,6,64,0,Cool Temperate Moist Forest on Mountains,#064000,0.661075
1503,Vespa crabro,NA,"5760 Saalfelden am Steinernen Meer, Österreich",inat,12.85,47.43,0.4057166576385498,1352,697,113,Cool Temperate,Moist,Settlement,Mountains,Cool Temperate Moist,61,67,0,Cool Temperate Moist Settlement on Mountains,#3D4300,0.7018666666666666
1505,Vespa crabro,DE,NA,gbif,8.61,49.66,1.0386229515075684,691,91,159,Warm Temperate,Moist,Grassland,Plains,Warm Temperate Moist,91,184,24,Warm Temperate Moist Grassland on Plains,#5BB818,0.5628833333333333
1506,Vespa crabro,NA,"England, GB",inat,-1.56,52.35,0.930471897125244,673,80,120,Cool Temperate,Moist,Settlement,Plains,Cool Temperate Moist,78,119,2,Cool Temperate Moist Settlement on Plains,#4E7702,0.5043333333333334
1507,Vespa crabro,NL,NA,gbif,5.15,52.2,0.9512177467346192,822,6,111,Cool Temperate,Moist,Forest,Plains,Cool Temperate Moist,1,109,0,Cool Temperate Moist Forest on Plains,#016D00,0.5720041666666666
1511,Vespa crabro,CH,NA,gbif,8.01,47.53,0.8482301712036133,1286,345,103,Cool Temperate,Moist,Cropland,Mountains,Cool Temperate Moist,33,102,5,Cool Temperate Moist Cropland on Mountains,#216605,0.6638291666666667
1516,Vespa crabro,NA,"Vasevej, Randers NV, Central Denmark Region, DK",inat,9.84,56.48,0.7551395893096924,662,36,111,Cool Temperate,Moist,Forest,Plains,Cool Temperate Moist,1,109,0,Cool Temperate Moist Forest on Plains,#016D00,0.6654666666666667
1518,Vespa crabro,NA,"77760 Larchant, France",inat,2.61,48.29,1.0686291694641112,643,85,166,Warm Temperate,Moist,Forest,Plains,Warm Temperate Moist,45,158,6,Warm Temperate Moist Forest on Plains,#2D9E06,0.6352916666666667
1524,Vespa crabro,NA,"85190 Beaulieu-sous-la-Roche, France",inat,-1.62,46.68,1.2077500343322751,759,49,160,Warm Temperate,Moist,Cropland,Plains,Warm Temperate Moist,105,207,54,Warm Temperate Moist Cropland on Plains,#69CF36,0.5313041666666667
1529,Vespa crabro,NA,"02 Olbersdorf, Deutschland",inat,14.77,50.89,0.8024666786193848,751,254,107,Cool Temperate,Moist,Grassland,Mountains,Cool Temperate Moist,26,83,0,Cool Temperate Moist Grassland on Mountains,#1A5300,0.6969708333333333
1530,Vespa crabro,NA,"Lobau, Wien, Österreich",inat,16.49,48.19,1.0255562782287595,572,155,111,Cool Temperate,Moist,Forest,Plains,Cool Temperate Moist,1,109,0,Cool Temperate Moist Forest on Plains,#016D00,0.4902625
1531,Vespa crabro,DE,NA,gbif,7.23,50.11,0.8874073028564453,746,216,103,Cool Temperate,Moist,Cropland,Mountains,Cool Temperate Moist,33,102,5,Cool Temperate Moist Cropland on Mountains,#216605,0.7027416666666667
1533,Vespa crabro,NA,"Istarska, HR",inat,13.88,45.15,1.2602229118347168,956,324,180,Warm Temperate,Moist,Forest,Tablelands,Warm Temperate Moist,69,72,136,Warm Temperate Moist Forest on Tablelands,#454888,0.4469375
1540,Vespa crabro,GB,NA,gbif,-0.12,51.94,0.9489051818847656,647,107,116,Cool Temperate,Moist,Cropland,Plains,Cool Temperate Moist,29,153,10,Cool Temperate Moist Cropland on Plains,#1D990A,0.6139458333333333
1546,Vespa crabro,NL,NA,gbif,5.45,51.6,0.9877718925476074,767,10,116,Cool Temperate,Moist,Cropland,Plains,Cool Temperate Moist,29,153,10,Cool Temperate Moist Cropland on Plains,#1D990A,0.6147208333333333
1547,Vespa crabro,DE,NA,gbif,9.82,53.56,0.8971062660217285,748,23,120,Cool Temperate,Moist,Settlement,Plains,Cool Temperate Moist,78,119,2,Cool Temperate Moist Settlement on Plains,#4E7702,0.6817
1550,Vespa crabro,NA,"Dolmer Vænge, Grenaa, DK-82, DK",inat,10.86,56.43,0.802644920349121,557,19,116,Cool Temperate,Moist,Cropland,Plains,Cool Temperate Moist,29,153,10,Cool Temperate Moist Cropland on Plains,#1D990A,0.5112875
1556,Vespa crabro,DK,NA,gbif,11.91,54.74,0.879460334777832,597,5,111,Cool Temperate,Moist,Forest,Plains,Cool Temperate Moist,1,109,0,Cool Temperate Moist Forest on Plains,#016D00,0.530525
1557,Vespa crabro,DE,NA,gbif,11.64,48.07,0.8841385841369629,1006,547,128,Cool Temperate,Moist,Grassland,Plains,Cool Temperate Moist,22,133,0,Cool Temperate Moist Grassland on Plains,#168500,0.575725
1561,Vespa crabro,DE,NA,gbif,7.05,51.26,0.9381072998046877,1087,171,110,Cool Temperate,Moist,Cropland,Hills,Cool Temperate Moist,33,144,30,Cool Temperate Moist Cropland on Hills,#21901E,0.5963208333333333
1562,Vespa crabro,NA,"Parkdreef, Budel-Dorplein, Brabant, NL",inat,5.59,51.24,0.9874073028564452,732,35,116,Cool Temperate,Moist,Cropland,Plains,Cool Temperate Moist,29,153,10,Cool Temperate Moist Cropland on Plains,#1D990A,0.45366666666666666
1568,Vespa crabro,GB,NA,gbif,0.15,52.21,0.9961083412170412,551,14,120,Cool Temperate,Moist,Settlement,Plains,Cool Temperate Moist,78,119,2,Cool Temperate Moist Settlement on Plains,#4E7702,0.560625
1570,Vespa crabro,NA,"Burford OX18, UK",inat,-1.63,51.81,0.9750781059265136,663,136,114,Cool Temperate,Moist,Grassland,Hills,Cool Temperate Moist,22,124,10,Cool Temperate Moist Grassland on Hills,#167C0A,0.65995
1572,Vespa crabro,DE,NA,gbif,8.2,50.4,0.9087791442871094,694,202,110,Cool Temperate,Moist,Cropland,Hills,Cool Temperate Moist,33,144,30,Cool Temperate Moist Cropland on Hills,#21901E,0.5660208333333333
1578,Vespa crabro,NL,NA,gbif,5.4,51.85,0.9671229362487792,780,4,128,Cool Temperate,Moist,Grassland,Plains,Cool Temperate Moist,22,133,0,Cool Temperate Moist Grassland on Plains,#168500,0.6285999999999999
1580,Vespa crabro,NA,"Riserva Naturale dell'Insugherata, Roma, Lazio, IT",inat,12.42,41.95,1.5392760276794433,601,114,180,Warm Temperate,Moist,Forest,Tablelands,Warm Temperate Moist,69,72,136,Warm Temperate Moist Forest on Tablelands,#454888,0.7022625
1582,Vespa crabro,NL,NA,gbif,4.6,52.45,0.9709492683410644,828,11,116,Cool Temperate,Moist,Cropland,Plains,Cool Temperate Moist,29,153,10,Cool Temperate Moist Cropland on Plains,#1D990A,0.6728125
1587,Vespa crabro,SE,NA,gbif,13.55,58.52,0.6475395679473877,599,88,111,Cool Temperate,Moist,Forest,Plains,Cool Temperate Moist,1,109,0,Cool Temperate Moist Forest on Plains,#016D00,0.7164583333333333
1594,Vespa crabro,NL,NA,gbif,5.7,51.35,0.9874812126159668,737,26,116,Cool Temperate,Moist,Cropland,Plains,Cool Temperate Moist,29,153,10,Cool Temperate Moist Cropland on Plains,#1D990A,0.6584291666666666
1602,Vespa crabro,NA,"Palazzolo Milanese, Paderno Dugnano MI, Italia",inat,9.17,45.59,1.2678531646728517,1068,172,161,Warm Temperate,Moist,Settlement,Plains,Warm Temperate Moist,163,170,28,Warm Temperate Moist Settlement on Plains,#A3AA1C,0.43374583333333333
1604,Vespa crabro,NA,"Úri, 2244 Hungary",inat,19.52,47.4,1.0120052337646483,517,180,146,Cool Temperate,Dry,Cropland,Hills,Cool Temperate Dry,97,186,84,Cool Temperate Dry Cropland on Hills,#61BA54,0.6213291666666667
1611,Vespa crabro,NA,"Säuerhäuser, Auerbach, Saxony, DE",inat,12.42,50.51,0.7565093994140625,799,556,113,Cool Temperate,Moist,Settlement,Mountains,Cool Temperate Moist,61,67,0,Cool Temperate Moist Settlement on Mountains,#3D4300,0.6999875
1612,Vespa crabro,NA,"Merriott, UK",inat,-2.8,50.91,1.021023941040039,826,63,108,Cool Temperate,Moist,Settlement,Hills,Cool Temperate Moist,67,109,14,Cool Temperate Moist Settlement on Hills,#436D0E,0.5145458333333334
1615,Vespa crabro,NA,"3213 Kleinbösingen, Suisse",inat,7.22,46.9,0.8778406143188476,1001,519,110,Cool Temperate,Moist,Cropland,Hills,Cool Temperate Moist,33,144,30,Cool Temperate Moist Cropland on Hills,#21901E,0.68735
1616,Vespa crabro,NL,NA,gbif,6.55,52,0.9658645629882812,771,19,128,Cool Temperate,Moist,Grassland,Plains,Cool Temperate Moist,22,133,0,Cool Temperate Moist Grassland on Plains,#168500,0.5983333333333333
1618,Vespa velutina,NA,"Carnide, Lisboa, Portugal",inat,-9.19,38.76,1.6334726333618164,722,99,169,Warm Temperate,Moist,Settlement,Hills,Warm Temperate Moist,136,158,52,Warm Temperate Moist Settlement on Hills,#889E34,0.6563833333333333
1621,Vespa velutina,BE,NA,gbif,5.49,50.92,1.0172677040100098,787,47,116,Cool Temperate,Moist,Cropland,Plains,Cool Temperate Moist,29,153,10,Cool Temperate Moist Cropland on Plains,#1D990A,0.40681666666666666
1629,Vespa velutina,NA,"26110 Mirabel-aux-Baronnies, France",inat,5.1,44.3,1.279280185699463,872,299,173,Warm Temperate,Moist,Cropland,Mountains,Warm Temperate Moist,100,150,37,Warm Temperate Moist Cropland on Mountains,#649625,0.2732041666666667
1635,Vespa velutina,NL,NA,gbif,5.65,50.8,0.9857937812805176,820,97,102,Cool Temperate,Moist,Cropland,Tablelands,Cool Temperate Moist,99,97,160,Cool Temperate Moist Cropland on Tablelands,#6361A0,0.6584583333333334
1636,Vespa velutina,BE,NA,gbif,4.41,50.92,1.0497979164123534,783,23,166,Warm Temperate,Moist,Forest,Plains,Warm Temperate Moist,45,158,6,Warm Temperate Moist Forest on Plains,#2D9E06,0.28978333333333334
1641,Vespa velutina,BE,NA,gbif,3.72,51.05,1.0652593612670898,792,9,120,Cool Temperate,Moist,Settlement,Plains,Cool Temperate Moist,78,119,2,Cool Temperate Moist Settlement on Plains,#4E7702,0.41717916666666666
1646,Vespa velutina,NA,"Lisboa, PT-LI, PT",inat,-9.15,38.72,1.6865142822265624,703,67,169,Warm Temperate,Moist,Settlement,Hills,Warm Temperate Moist,136,158,52,Warm Temperate Moist Settlement on Hills,#889E34,0.5717208333333333
1649,Vespa velutina,BE,NA,gbif,3.03,51.21,1.0130767822265625,758,-7,116,Cool Temperate,Moist,Cropland,Plains,Cool Temperate Moist,29,153,10,Cool Temperate Moist Cropland on Plains,#1D990A,0.6102625
1651,Vespa velutina,NA,"4575 Torrão, Portugal",inat,-8.29,41.09,1.3851500511169434,1326,121,173,Warm Temperate,Moist,Cropland,Mountains,Warm Temperate Moist,100,150,37,Warm Temperate Moist Cropland on Mountains,#649625,0.6542625
1656,Vespa velutina,NA,"Goes, Hilleweg, 4464 JB Goes, Nederland",inat,3.91,51.51,1.0235614776611328,779,2,120,Cool Temperate,Moist,Settlement,Plains,Cool Temperate Moist,78,119,2,Cool Temperate Moist Settlement on Plains,#4E7702,0.6325208333333333
1679,Vespa velutina,BE,NA,gbif,4.26,51.22,1.0467052459716797,796,3,120,Cool Temperate,Moist,Settlement,Plains,Cool Temperate Moist,78,119,2,Cool Temperate Moist Settlement on Plains,#4E7702,0.46274583333333336
1684,Vespa velutina,NA,"Urbi-Vouga / Alagoas B, 3810-164, Portugal",inat,-8.61,40.64,1.4932135581970214,978,38,169,Warm Temperate,Moist,Settlement,Hills,Warm Temperate Moist,136,158,52,Warm Temperate Moist Settlement on Hills,#889E34,0.5839375
1688,Vespa velutina,NA,"50321 Brühl, Deutschland",inat,6.88,50.8,1.005074977874756,678,144,129,Cool Temperate,Moist,Settlement,Tablelands,Cool Temperate Moist,47,63,130,Cool Temperate Moist Settlement on Tablelands,#2F3F82,0.5665458333333333
1712,Vespa velutina,CH,NA,gbif,6.35,46.49,1.0434999465942385,1078,573,103,Cool Temperate,Moist,Cropland,Mountains,Cool Temperate Moist,33,102,5,Cool Temperate Moist Cropland on Mountains,#216605,0.5823041666666666
1715,Vespa velutina,BE,NA,gbif,3.6,50.82,1.0210312843322753,786,27,110,Cool Temperate,Moist,Cropland,Hills,Cool Temperate Moist,33,144,30,Cool Temperate Moist Cropland on Hills,#21901E,0.5951458333333334
1720,Vespa velutina,BE,NA,gbif,3.88,50.78,1.0213645935058593,779,32,110,Cool Temperate,Moist,Cropland,Hills,Cool Temperate Moist,33,144,30,Cool Temperate Moist Cropland on Hills,#21901E,0.5552416666666666
1724,Vespa velutina,BE,NA,gbif,3.71,50.98,1.0391103744506835,795,8,160,Warm Temperate,Moist,Cropland,Plains,Warm Temperate Moist,105,207,54,Warm Temperate Moist Cropland on Plains,#69CF36,0.55435
1738,Vespa velutina,BE,NA,gbif,4.1,50.88,1.040187454223633,782,23,160,Warm Temperate,Moist,Cropland,Plains,Warm Temperate Moist,105,207,54,Warm Temperate Moist Cropland on Plains,#69CF36,0.49927083333333333
1749,Vespa velutina,BE,NA,gbif,4.18,50.9,1.029301071166992,790,56,116,Cool Temperate,Moist,Cropland,Plains,Cool Temperate Moist,29,153,10,Cool Temperate Moist Cropland on Plains,#1D990A,0.6364625
1752,Vespa velutina,NA,"04800 Gréoux-les-Bains, France",inat,5.89,43.76,1.2667854309082032,734,382,172,Warm Temperate,Moist,Settlement,Mountains,Warm Temperate Moist,105,89,18,Warm Temperate Moist Settlement on Mountains,#695912,0.6519083333333333
1763,Vespa velutina,NL,NA,gbif,5.3,52.1,0.9599833488464355,815,21,111,Cool Temperate,Moist,Forest,Plains,Cool Temperate Moist,1,109,0,Cool Temperate Moist Forest on Plains,#016D00,0.6392875
1768,Vespa velutina,NL,NA,gbif,5.9,51.1,1.0099031448364255,731,32,116,Cool Temperate,Moist,Cropland,Plains,Cool Temperate Moist,29,153,10,Cool Temperate Moist Cropland on Plains,#1D990A,0.48794166666666666
1769,Vespa velutina,BE,NA,gbif,4.14,50.92,1.040187454223633,782,47,116,Cool Temperate,Moist,Cropland,Plains,Cool Temperate Moist,29,153,10,Cool Temperate Moist Cropland on Plains,#1D990A,0.45313749999999997
1770,Vespa velutina,NA,"Rue des Bois, Holtz, District Diekirch, LU",inat,5.79,49.8,0.8467562675476075,997,427,101,Cool Temperate,Moist,Forest,Tablelands,Cool Temperate Moist,71,89,181,Cool Temperate Moist Forest on Tablelands,#4759B5,0.6009958333333334
1775,Vespa velutina,BE,NA,gbif,3.15,51.18,1.0130767822265625,758,19,111,Cool Temperate,Moist,Forest,Plains,Cool Temperate Moist,1,109,0,Cool Temperate Moist Forest on Plains,#016D00,0.4619375
1779,Vespa velutina,BE,NA,gbif,4.3,51.13,1.0402281761169434,786,5,116,Cool Temperate,Moist,Cropland,Plains,Cool Temperate Moist,29,153,10,Cool Temperate Moist Cropland on Plains,#1D990A,0.54365
1783,Vespa velutina,NA,"Hessen, DE",inat,8.71,50.14,1.014552116394043,674,133,110,Cool Temperate,Moist,Cropland,Hills,Cool Temperate Moist,33,144,30,Cool Temperate Moist Cropland on Hills,#21901E,0.3352791666666667
1795,Vespa velutina,BE,NA,gbif,5.28,51.04,1.0283103942871097,817,38,120,Cool Temperate,Moist,Settlement,Plains,Cool Temperate Moist,78,119,2,Cool Temperate Moist Settlement on Plains,#4E7702,0.6237208333333333
1797,Vespa velutina,BE,NA,gbif,4.75,50.92,1.0381396293640135,765,32,108,Cool Temperate,Moist,Settlement,Hills,Cool Temperate Moist,67,109,14,Cool Temperate Moist Settlement on Hills,#436D0E,0.685125
1800,Vespa velutina,DE,NA,gbif,6.9,51.15,1.057521915435791,811,47,120,Cool Temperate,Moist,Settlement,Plains,Cool Temperate Moist,78,119,2,Cool Temperate Moist Settlement on Plains,#4E7702,0.5458041666666666
1803,Vespa velutina,FR,NA,gbif,4.35,46.68,1.0266302108764649,821,291,168,Warm Temperate,Moist,Cropland,Hills,Warm Temperate Moist,112,198,86,Warm Temperate Moist Cropland on Hills,#70C656,0.6721125
1808,Vespa velutina,BE,NA,gbif,5,50.78,1.0245490074157717,768,55,116,Cool Temperate,Moist,Cropland,Plains,Cool Temperate Moist,29,153,10,Cool Temperate Moist Cropland on Plains,#1D990A,0.5226666666666666
1809,Vespa velutina,NA,"Álava, Spain",inat,-2.31,42.85,1.0452937126159667,970,775,97,Cool Temperate,Moist,Forest,Mountains,Cool Temperate Moist,6,64,0,Cool Temperate Moist Forest on Mountains,#064000,0.5923083333333333
1819,Vespa velutina,NA,"17310 Lloret de Mar, Prowincja Girona, Hiszpania",inat,2.85,41.73,1.432300853729248,703,160,176,Warm Temperate,Moist,Forest,Mountains,Warm Temperate Moist,49,105,3,Warm Temperate Moist Forest on Mountains,#316903,0.5616708333333333
1820,Vespa velutina,NA,Strebelle kinesport,inat,3.95,50.39,1.006679153442383,777,77,110,Cool Temperate,Moist,Cropland,Hills,Cool Temperate Moist,33,144,30,Cool Temperate Moist Cropland on Hills,#21901E,0.5959791666666666
1827,Vespa velutina,ES,NA,gbif,1.87,41.55,1.4234187126159668,646,194,194,Warm Temperate,Dry,Forest,Mountains,Warm Temperate Dry,96,139,37,Warm Temperate Dry Forest on Mountains,#608B25,0.6254958333333334
1836,Vespa velutina,BE,NA,gbif,4.04,50.93,1.040187454223633,782,12,120,Cool Temperate,Moist,Settlement,Plains,Cool Temperate Moist,78,119,2,Cool Temperate Moist Settlement on Plains,#4E7702,0.4946041666666667
1839,Vespa velutina,NA,"Av. Canaletes/c. de la Costa, 08290 Cerdanyola del Vallès, Barcelona, España",inat,2.15,41.48,1.5362238883972168,635,140,176,Warm Temperate,Moist,Forest,Mountains,Warm Temperate Moist,49,105,3,Warm Temperate Moist Forest on Mountains,#316903,0.34575
1847,Vespa velutina,BE,NA,gbif,4.39,51.21,1.0570364952087403,798,7,161,Warm Temperate,Moist,Settlement,Plains,Warm Temperate Moist,163,170,28,Warm Temperate Moist Settlement on Plains,#A3AA1C,0.6300375
1855,Vespa velutina,NA,"Danton, 29480 Le Relecq-Kerhuon, France",inat,-4.4,48.41,1.126568508148193,1108,49,169,Warm Temperate,Moist,Settlement,Hills,Warm Temperate Moist,136,158,52,Warm Temperate Moist Settlement on Hills,#889E34,0.43445833333333334
1859,Vespa velutina,BE,NA,gbif,4.47,51.39,1.0215239524841309,802,20,120,Cool Temperate,Moist,Settlement,Plains,Cool Temperate Moist,78,119,2,Cool Temperate Moist Settlement on Plains,#4E7702,0.442075
1861,Vespa velutina,NL,NA,gbif,5.9,51.55,0.9829667091369628,754,30,111,Cool Temperate,Moist,Forest,Plains,Cool Temperate Moist,1,109,0,Cool Temperate Moist Forest on Plains,#016D00,0.7022625
1863,Vespa velutina,BE,NA,gbif,4.76,51.19,1.0255916595458985,796,12,128,Cool Temperate,Moist,Grassland,Plains,Cool Temperate Moist,22,133,0,Cool Temperate Moist Grassland on Plains,#168500,0.5950916666666667
1878,Vespa velutina,BE,NA,gbif,4.45,51.16,1.039146900177002,785,16,116,Cool Temperate,Moist,Cropland,Plains,Cool Temperate Moist,29,153,10,Cool Temperate Moist Cropland on Plains,#1D990A,0.6354083333333334
1880,Vespa velutina,NA,"Antigone, 34000 Montpellier, France",inat,3.9,43.61,1.481810665130615,645,28,169,Warm Temperate,Moist,Settlement,Hills,Warm Temperate Moist,136,158,52,Warm Temperate Moist Settlement on Hills,#889E34,0.5864375
1882,Vespa velutina,NA,"Rodingen Petingen, Luxemburg",inat,5.83,49.54,0.8987051963806152,976,307,105,Cool Temperate,Moist,Forest,Hills,Cool Temperate Moist,2,99,1,Cool Temperate Moist Forest on Hills,#026301,0.5852333333333333
1883,Vespa velutina,BE,NA,gbif,4.91,50.47,0.9631041526794434,813,142,108,Cool Temperate,Moist,Settlement,Hills,Cool Temperate Moist,67,109,14,Cool Temperate Moist Settlement on Hills,#436D0E,0.5166333333333333
1887,Vespa velutina,NA,"STEINFORT, Gemeng, 8422 Steinfort, Luxembourg",inat,5.91,49.66,0.9034072875976562,936,319,110,Cool Temperate,Moist,Cropland,Hills,Cool Temperate Moist,33,144,30,Cool Temperate Moist Cropland on Hills,#21901E,0.7291875
1891,Vespa velutina,BE,NA,gbif,4.02,50.94,1.040187454223633,782,14,120,Cool Temperate,Moist,Settlement,Plains,Cool Temperate Moist,78,119,2,Cool Temperate Moist Settlement on Plains,#4E7702,0.5282208333333334
1893,Vespa velutina,BE,NA,gbif,4.09,51.02,1.0435916900634763,789,3,161,Warm Temperate,Moist,Settlement,Plains,Warm Temperate Moist,163,170,28,Warm Temperate Moist Settlement on Plains,#A3AA1C,0.5882333333333334
1896,Vespa velutina,NA,"59170 Croix, France",inat,3.15,50.68,1.0312749862670898,735,37,161,Warm Temperate,Moist,Settlement,Plains,Warm Temperate Moist,163,170,28,Warm Temperate Moist Settlement on Plains,#A3AA1C,0.5950916666666667
1898,Vespa velutina,BE,NA,gbif,4.76,51.09,1.0428604125976562,774,8,116,Cool Temperate,Moist,Cropland,Plains,Cool Temperate Moist,29,153,10,Cool Temperate Moist Cropland on Plains,#1D990A,0.46544583333333334
1899,Vespa velutina,NL,NA,gbif,4.45,52.05,0.971110725402832,849,-3,111,Cool Temperate,Moist,Forest,Plains,Cool Temperate Moist,1,109,0,Cool Temperate Moist Forest on Plains,#016D00,0.46450833333333336
1900,Vespa velutina,NL,NA,gbif,5.9,50.85,0.9916646003723144,781,129,109,Cool Temperate,Moist,Grassland,Tablelands,Cool Temperate Moist,78,92,155,Cool Temperate Moist Grassland on Tablelands,#4E5C9B,0.4339166666666667
1905,Vespa velutina,NA,"Santander - Cànem, Sant Andreu, 08020 Barcelona, España",inat,2.2,41.43,1.557114028930664,615,11,172,Warm Temperate,Moist,Settlement,Mountains,Warm Temperate Moist,105,89,18,Warm Temperate Moist Settlement on Mountains,#695912,0.4241916666666667
1911,Vespa velutina,BE,NA,gbif,4.45,51.22,1.0570364952087403,798,4,161,Warm Temperate,Moist,Settlement,Plains,Warm Temperate Moist,163,170,28,Warm Temperate Moist Settlement on Plains,#A3AA1C,0.5949208333333333
1912,Vespa velutina,BE,NA,gbif,3.78,51,1.0391103744506835,795,15,111,Cool Temperate,Moist,Forest,Plains,Cool Temperate Moist,1,109,0,Cool Temperate Moist Forest on Plains,#016D00,0.3674375
1925,Vespa velutina,BE,NA,gbif,4.68,50.86,1.0381396293640135,765,45,108,Cool Temperate,Moist,Settlement,Hills,Cool Temperate Moist,67,109,14,Cool Temperate Moist Settlement on Hills,#436D0E,0.5884666666666667
1933,Vespa velutina,NL,NA,gbif,5.1,51.35,0.9912364959716796,790,34,111,Cool Temperate,Moist,Forest,Plains,Cool Temperate Moist,1,109,0,Cool Temperate Moist Forest on Plains,#016D00,0.5751
1934,Vespa velutina,NA,"Parc de l'Europe, 1466 Dommeldange Luxemburg, Luxembourg",inat,6.14,49.64,0.9220864295959472,866,314,105,Cool Temperate,Moist,Forest,Hills,Cool Temperate Moist,2,99,1,Cool Temperate Moist Forest on Hills,#026301,0.5206708333333333
1945,Vespa velutina,PT,NA,gbif,-9.14,38.6,1.6673786163330078,687,49,169,Warm Temperate,Moist,Settlement,Hills,Warm Temperate Moist,136,158,52,Warm Temperate Moist Settlement on Hills,#889E34,0.4881583333333333
1947,Vespa velutina,NA,"54 Manderscheid, Deutschland",inat,6.81,50.09,0.8217854499816895,935,365,113,Cool Temperate,Moist,Settlement,Mountains,Cool Temperate Moist,61,67,0,Cool Temperate Moist Settlement on Mountains,#3D4300,0.4832
1953,Vespa velutina,BE,NA,gbif,4.38,51.1,1.039146900177002,785,10,116,Cool Temperate,Moist,Cropland,Plains,Cool Temperate Moist,29,153,10,Cool Temperate Moist Cropland on Plains,#1D990A,0.6258083333333333
1956,Vespa velutina,BE,NA,gbif,4.82,50.92,1.0381396293640135,765,42,110,Cool Temperate,Moist,Cropland,Hills,Cool Temperate Moist,33,144,30,Cool Temperate Moist Cropland on Hills,#21901E,0.53835
1957,Vespa velutina,NA,"Santiago de Compostela, Corunha, Espanha",inat,-8.54,42.88,1.3204468727111816,1585,275,172,Warm Temperate,Moist,Settlement,Mountains,Warm Temperate Moist,105,89,18,Warm Temperate Moist Settlement on Mountains,#695912,0.5353708333333334
1967,Vespa velutina,CH,NA,gbif,6.14,46.23,0.973855209350586,1039,396,110,Cool Temperate,Moist,Cropland,Hills,Cool Temperate Moist,33,144,30,Cool Temperate Moist Cropland on Hills,#21901E,0.7136041666666667
1968,Vespa velutina,BE,NA,gbif,4.42,51.2,1.0570364952087403,798,12,161,Warm Temperate,Moist,Settlement,Plains,Warm Temperate Moist,163,170,28,Warm Temperate Moist Settlement on Plains,#A3AA1C,0.5411208333333334
1975,Vespa velutina,NL,NA,gbif,5.05,51.6,0.9860114097595216,794,14,116,Cool Temperate,Moist,Cropland,Plains,Cool Temperate Moist,29,153,10,Cool Temperate Moist Cropland on Plains,#1D990A,0.6538791666666667
1977,Vespa velutina,NA,"Frileuse, 76610 Le Havre, France",inat,0.15,49.51,1.1144232749938965,755,45,177,Warm Temperate,Moist,Settlement,Tablelands,Warm Temperate Moist,62,63,152,Warm Temperate Moist Settlement on Tablelands,#3E3F98,0.5855541666666667
1981,Vespa velutina,NA,"Sicó/Alvaiazere, Pussos, Centro, PT",inat,-8.39,39.78,1.5509208679199218,853,286,173,Warm Temperate,Moist,Cropland,Mountains,Warm Temperate Moist,100,150,37,Warm Temperate Moist Cropland on Mountains,#649625,0.38349583333333337
1985,Vespa velutina,NA,"76307 Karlsbad-Spielberg, Deutschland",inat,8.47,48.9,0.9595218658447264,1036,304,129,Cool Temperate,Moist,Settlement,Tablelands,Cool Temperate Moist,47,63,130,Cool Temperate Moist Settlement on Tablelands,#2F3F82,0.24459583333333335
1986,Vespa velutina,BE,NA,gbif,5.59,51.04,0.9810802459716796,756,76,116,Cool Temperate,Moist,Cropland,Plains,Cool Temperate Moist,29,153,10,Cool Temperate Moist Cropland on Plains,#1D990A,0.4696125
1989,Vespa velutina,BE,NA,gbif,2.76,50.78,1.0040645599365234,718,76,114,Cool Temperate,Moist,Grassland,Hills,Cool Temperate Moist,22,124,10,Cool Temperate Moist Grassland on Hills,#167C0A,0.7192583333333333
1992,Vespa velutina,NA,"Schiltigheim, France",inat,7.71,48.61,1.061342716217041,735,148,161,Warm Temperate,Moist,Settlement,Plains,Warm Temperate Moist,163,170,28,Warm Temperate Moist Settlement on Plains,#A3AA1C,0.5305083333333334
2002,Vespa velutina,BE,NA,gbif,4.39,51.14,1.039146900177002,785,13,120,Cool Temperate,Moist,Settlement,Plains,Cool Temperate Moist,78,119,2,Cool Temperate Moist Settlement on Plains,#4E7702,0.5361333333333334
2012,Vespa velutina,BE,NA,gbif,3.43,50.89,1.0440187454223633,791,12,120,Cool Temperate,Moist,Settlement,Plains,Cool Temperate Moist,78,119,2,Cool Temperate Moist Settlement on Plains,#4E7702,0.5382375
2036,Vespa velutina,NL,NA,gbif,4.4,51.55,1.0125802040100098,791,-1,116,Cool Temperate,Moist,Cropland,Plains,Cool Temperate Moist,29,153,10,Cool Temperate Moist Cropland on Plains,#1D990A,0.3201875
2047,Vespa velutina,BE,NA,gbif,3.51,50.88,1.0466250419616698,795,54,116,Cool Temperate,Moist,Cropland,Plains,Cool Temperate Moist,29,153,10,Cool Temperate Moist Cropland on Plains,#1D990A,0.5471416666666666
2058,Vespa velutina,NA,"Mape, Busturia, Bizkaia, ES",inat,-2.71,43.37,1.3266465187072751,1220,161,176,Warm Temperate,Moist,Forest,Mountains,Warm Temperate Moist,49,105,3,Warm Temperate Moist Forest on Mountains,#316903,0.698775
2071,Vespa velutina,NL,NA,gbif,4.15,51.85,0.9975513458251952,810,-2,116,Cool Temperate,Moist,Cropland,Plains,Cool Temperate Moist,29,153,10,Cool Temperate Moist Cropland on Plains,#1D990A,0.6228
2072,Vespa velutina,NA,"2080 Almeirim, Portugal",inat,-8.62,39.21,1.6496406555175782,696,22,161,Warm Temperate,Moist,Settlement,Plains,Warm Temperate Moist,163,170,28,Warm Temperate Moist Settlement on Plains,#A3AA1C,0.6826833333333333
2074,Vespa velutina,FR,NA,gbif,2.28,50.71,1.0343145370483398,673,39,110,Cool Temperate,Moist,Cropland,Hills,Cool Temperate Moist,33,144,30,Cool Temperate Moist Cropland on Hills,#21901E,0.5794916666666666
2076,Vespa velutina,NA,"Luxembourg, LU-LU, LU",inat,6.13,49.59,0.9220864295959472,866,290,108,Cool Temperate,Moist,Settlement,Hills,Cool Temperate Moist,67,109,14,Cool Temperate Moist Settlement on Hills,#436D0E,0.30316666666666664
2080,Vespa velutina,BE,NA,gbif,4.18,51.17,1.0467052459716797,796,16,116,Cool Temperate,Moist,Cropland,Plains,Cool Temperate Moist,29,153,10,Cool Temperate Moist Cropland on Plains,#1D990A,0.5603291666666667
2087,Vespa velutina,CH,NA,gbif,7.58,47.56,1.0200145721435547,805,275,169,Warm Temperate,Moist,Settlement,Hills,Warm Temperate Moist,136,158,52,Warm Temperate Moist Settlement on Hills,#889E34,0.5632916666666666
2097,Vespa velutina,NA,"4775-273 Viatodos, Portugal",inat,-8.56,41.46,1.4215146064758302,1449,92,173,Warm Temperate,Moist,Cropland,Mountains,Warm Temperate Moist,100,150,37,Warm Temperate Moist Cropland on Mountains,#649625,0.47405
2103,Vespa velutina,BE,NA,gbif,4.68,50.85,1.0381396293640135,765,45,105,Cool Temperate,Moist,Forest,Hills,Cool Temperate Moist,2,99,1,Cool Temperate Moist Forest on Hills,#026301,0.5156291666666667
2105,Vespa velutina,BE,NA,gbif,4.43,51.03,1.039146900177002,785,3,116,Cool Temperate,Moist,Cropland,Plains,Cool Temperate Moist,29,153,10,Cool Temperate Moist Cropland on Plains,#1D990A,0.5928208333333334
2107,Vespa velutina,NL,NA,gbif,5.05,51.55,0.9860114097595216,794,16,120,Cool Temperate,Moist,Settlement,Plains,Cool Temperate Moist,78,119,2,Cool Temperate Moist Settlement on Plains,#4E7702,0.41744166666666666
2109,Vespa velutina,NA,"Watermael, Watermael-Boitsfort, Belgium",inat,4.4,50.81,1.0074718475341795,805,96,129,Cool Temperate,Moist,Settlement,Tablelands,Cool Temperate Moist,47,63,130,Cool Temperate Moist Settlement on Tablelands,#2F3F82,0.3039
2110,Vespa velutina,NL,NA,gbif,6,51.4,1.005424976348877,735,31,111,Cool Temperate,Moist,Forest,Plains,Cool Temperate Moist,1,109,0,Cool Temperate Moist Forest on Plains,#016D00,0.37083333333333335
2113,Vespa velutina,BE,NA,gbif,4.36,51.17,1.0570364952087403,798,9,120,Cool Temperate,Moist,Settlement,Plains,Cool Temperate Moist,78,119,2,Cool Temperate Moist Settlement on Plains,#4E7702,0.6074291666666667
2128,Vespa velutina,NA,"69118 Heidelberg-Ziegelhausen, Germany",inat,8.75,49.43,0.9509333610534668,953,315,113,Cool Temperate,Moist,Settlement,Mountains,Cool Temperate Moist,61,67,0,Cool Temperate Moist Settlement on Mountains,#3D4300,0.4401333333333333
2138,Vespa velutina,NA,"34140 Loupian, France",inat,3.61,43.45,1.5087735176086423,593,29,169,Warm Temperate,Moist,Settlement,Hills,Warm Temperate Moist,136,158,52,Warm Temperate Moist Settlement on Hills,#889E34,0.5268791666666667
2142,Vespa velutina,BE,NA,gbif,4.45,51.12,1.039146900177002,785,17,120,Cool Temperate,Moist,Settlement,Plains,Cool Temperate Moist,78,119,2,Cool Temperate Moist Settlement on Plains,#4E7702,0.6872166666666667
2144,Vespa velutina,BE,NA,gbif,3.98,50.92,1.0294885635375977,792,35,116,Cool Temperate,Moist,Cropland,Plains,Cool Temperate Moist,29,153,10,Cool Temperate Moist Cropland on Plains,#1D990A,0.602125
2164,Vespa velutina,BE,NA,gbif,3.34,51.14,1.0276729583740234,812,9,116,Cool Temperate,Moist,Cropland,Plains,Cool Temperate Moist,29,153,10,Cool Temperate Moist Cropland on Plains,#1D990A,0.6328916666666666
2165,Vespa velutina,NL,NA,gbif,5.7,51.55,0.9794114112854004,751,16,120,Cool Temperate,Moist,Settlement,Plains,Cool Temperate Moist,78,119,2,Cool Temperate Moist Settlement on Plains,#4E7702,0.4386833333333333
2174,Vespa velutina,BE,NA,gbif,3.71,51,1.0391103744506835,795,6,120,Cool Temperate,Moist,Settlement,Plains,Cool Temperate Moist,78,119,2,Cool Temperate Moist Settlement on Plains,#4E7702,0.58455
2188,Vespa velutina,NA,Hollerich Luxembourg,inat,6.12,49.61,0.9220864295959472,866,297,108,Cool Temperate,Moist,Settlement,Hills,Cool Temperate Moist,67,109,14,Cool Temperate Moist Settlement on Hills,#436D0E,0.5724041666666667
2197,Vespa velutina,NA,Gelida,inat,1.87,41.45,1.4701176643371583,644,137,185,Warm Temperate,Dry,Settlement,Mountains,Warm Temperate Dry,144,124,59,Warm Temperate Dry Settlement on Mountains,#907C3B,0.6289541666666667
2201,Vespa velutina,BE,NA,gbif,2.87,50.9,1.0072551727294925,735,10,116,Cool Temperate,Moist,Cropland,Plains,Cool Temperate Moist,29,153,10,Cool Temperate Moist Cropland on Plains,#1D990A,0.6643958333333333
2202,Vespa velutina,NA,"Lisbon, Portugal",inat,-9.15,38.77,1.6865142822265624,703,111,169,Warm Temperate,Moist,Settlement,Hills,Warm Temperate Moist,136,158,52,Warm Temperate Moist Settlement on Hills,#889E34,0.6829291666666667
2203,Vespa velutina,NA,"Nijmegen, Neerbosscheweg, 6544 ZD Nijmegen, Nederland",inat,5.82,51.83,0.9782135009765623,760,13,120,Cool Temperate,Moist,Settlement,Plains,Cool Temperate Moist,78,119,2,Cool Temperate Moist Settlement on Plains,#4E7702,0.61625
2214,Vespa velutina,NA,"Parc Naturel Régional des Baronnies Provençales, Venterol, Auvergne-Rhône-Alpes, FR",inat,5.12,44.38,1.148381233215332,957,475,176,Warm Temperate,Moist,Forest,Mountains,Warm Temperate Moist,49,105,3,Warm Temperate Moist Forest on Mountains,#316903,0.4679041666666667
2219,Vespa velutina,NA,"Guipúzcoa, España",inat,-2.34,43.29,1.2710551261901857,1203,101,171,Warm Temperate,Moist,Grassland,Mountains,Warm Temperate Moist,86,129,14,Warm Temperate Moist Grassland on Mountains,#56810E,0.49141250000000003
2226,Vespa velutina,BE,NA,gbif,4.98,50.99,1.0436156272888184,766,38,160,Warm Temperate,Moist,Cropland,Plains,Warm Temperate Moist,105,207,54,Warm Temperate Moist Cropland on Plains,#69CF36,0.5525125
2229,Vespa velutina,NA,"MERSCH, Lankheck, 7514 Mersch, Luxemburg",inat,6.1,49.74,0.9069146156311036,834,238,114,Cool Temperate,Moist,Grassland,Hills,Cool Temperate Moist,22,124,10,Cool Temperate Moist Grassland on Hills,#167C0A,0.4896375
2236,Vespa velutina,BE,NA,gbif,5,51.3,1.0263051986694336,792,24,128,Cool Temperate,Moist,Grassland,Plains,Cool Temperate Moist,22,133,0,Cool Temperate Moist Grassland on Plains,#168500,0.461725
2237,Vespa velutina,BE,NA,gbif,4.5,51.02,1.0294468879699707,777,6,120,Cool Temperate,Moist,Settlement,Plains,Cool Temperate Moist,78,119,2,Cool Temperate Moist Settlement on Plains,#4E7702,0.2960125
2239,Vespa velutina,NA,"70376, 70376 Stuttgart, Deutschland",inat,9.21,48.81,0.9237000465393066,744,239,108,Cool Temperate,Moist,Settlement,Hills,Cool Temperate Moist,67,109,14,Cool Temperate Moist Settlement on Hills,#436D0E,0.6268083333333333
2244,Vespa velutina,NA,"Lörrach, DE-BW, DE",inat,7.66,47.71,1.001968765258789,820,405,113,Cool Temperate,Moist,Settlement,Mountains,Cool Temperate Moist,61,67,0,Cool Temperate Moist Settlement on Mountains,#3D4300,0.5786875
2258,Vespa velutina,BE,NA,gbif,4.47,51.2,1.0570364952087403,798,9,116,Cool Temperate,Moist,Cropland,Plains,Cool Temperate Moist,29,153,10,Cool Temperate Moist Cropland on Plains,#1D990A,0.5314291666666666
2262,Vespa velutina,BE,NA,gbif,4.68,50.86,1.0381396293640135,765,45,108,Cool Temperate,Moist,Settlement,Hills,Cool Temperate Moist,67,109,14,Cool Temperate Moist Settlement on Hills,#436D0E,0.5295666666666666
2263,Vespa velutina,BE,NA,gbif,3.71,51.11,1.0652593612670898,792,6,120,Cool Temperate,Moist,Settlement,Plains,Cool Temperate Moist,78,119,2,Cool Temperate Moist Settlement on Plains,#4E7702,0.540125
2271,Vespa velutina,NA,"Bel-Air, 75012 Paris, France",inat,2.46,48.84,1.144812488555908,641,78,163,Warm Temperate,Moist,Forest,Hills,Warm Temperate Moist,47,146,24,Warm Temperate Moist Forest on Hills,#2F9218,0.6421208333333334
2279,Vespa velutina,NA,"26004 Logroño, La Rioja, España",inat,-2.43,42.47,1.2656895637512209,440,392,191,Warm Temperate,Dry,Settlement,Hills,Warm Temperate Dry,173,187,99,Warm Temperate Dry Settlement on Hills,#ADBB63,0.5398166666666666
2280,Vespa velutina,NA,"Heidhauser Straße, Essen, Nordrhein-Westfalen, DE",inat,7.02,51.38,0.9963427543640136,967,115,105,Cool Temperate,Moist,Forest,Hills,Cool Temperate Moist,2,99,1,Cool Temperate Moist Forest on Hills,#026301,0.6540708333333333
2282,Vespa velutina,NL,NA,gbif,5.95,50.9,0.9916646003723144,781,87,108,Cool Temperate,Moist,Settlement,Hills,Cool Temperate Moist,67,109,14,Cool Temperate Moist Settlement on Hills,#436D0E,0.5442541666666667
2294,Vespa velutina,NA,"Girona, Espanya",inat,3.01,42.3,1.514659404754639,546,30,187,Warm Temperate,Dry,Cropland,Plains,Warm Temperate Dry,155,228,99,Warm Temperate Dry Cropland on Plains,#9BE463,0.442125
2305,Vespa velutina,NA,"Kleingemünd, Im Brühl, 69151 Neckargemünd, Deutschland",inat,8.8,49.4,0.9509333610534668,953,224,113,Cool Temperate,Moist,Settlement,Mountains,Cool Temperate Moist,61,67,0,Cool Temperate Moist Settlement on Mountains,#3D4300,0.6233583333333333
2313,Vespa velutina,NA,"La Valette, 42400 Saint-Chamond, France",inat,4.51,45.47,0.9177802085876464,980,418,172,Warm Temperate,Moist,Settlement,Mountains,Warm Temperate Moist,105,89,18,Warm Temperate Moist Settlement on Mountains,#695912,0.5824708333333334
2317,Vespa velutina,BE,NA,gbif,4.34,51.08,1.039146900177002,785,2,111,Cool Temperate,Moist,Forest,Plains,Cool Temperate Moist,1,109,0,Cool Temperate Moist Forest on Plains,#016D00,0.6485875
2318,Vespa velutina,BE,NA,gbif,5.13,51.18,1.0263051986694336,792,29,120,Cool Temperate,Moist,Settlement,Plains,Cool Temperate Moist,78,119,2,Cool Temperate Moist Settlement on Plains,#4E7702,0.5116666666666667
2321,Vespa velutina,NA,"Gentbrugge, 9050 Gent, België",inat,3.76,51.05,1.0652593612670898,792,7,161,Warm Temperate,Moist,Settlement,Plains,Warm Temperate Moist,163,170,28,Warm Temperate Moist Settlement on Plains,#A3AA1C,0.5348625
2324,Vespa velutina,NL,NA,gbif,5.75,50.95,1.0079051971435546,754,42,110,Cool Temperate,Moist,Cropland,Hills,Cool Temperate Moist,33,144,30,Cool Temperate Moist Cropland on Hills,#21901E,0.5524541666666667
2327,Vespa velutina,BE,NA,gbif,4.41,51.31,1.0570364952087403,798,3,120,Cool Temperate,Moist,Settlement,Plains,Cool Temperate Moist,78,119,2,Cool Temperate Moist Settlement on Plains,#4E7702,0.6131791666666666
2329,Vespa velutina,BE,NA,gbif,5.65,50.83,0.9857937812805176,820,92,110,Cool Temperate,Moist,Cropland,Hills,Cool Temperate Moist,33,144,30,Cool Temperate Moist Cropland on Hills,#21901E,0.6923625
2335,Vespa velutina,NA,"Rue Principale, Le Champ-Saint-Père, Pays de la Loire, FR",inat,-1.35,46.54,1.2183354377746582,768,45,160,Warm Temperate,Moist,Cropland,Plains,Warm Temperate Moist,105,207,54,Warm Temperate Moist Cropland on Plains,#69CF36,0.6892041666666666
2336,Vespa velutina,NL,NA,gbif,4.85,52.5,0.9731207847595216,848,-2,111,Cool Temperate,Moist,Forest,Plains,Cool Temperate Moist,1,109,0,Cool Temperate Moist Forest on Plains,#016D00,0.6857041666666667
2344,Vespa velutina,BE,NA,gbif,4.7,51.17,1.0255916595458985,796,8,120,Cool Temperate,Moist,Settlement,Plains,Cool Temperate Moist,78,119,2,Cool Temperate Moist Settlement on Plains,#4E7702,0.4580666666666667
2345,Vespa velutina,BE,NA,gbif,4.84,51.08,1.0535478591918943,777,11,116,Cool Temperate,Moist,Cropland,Plains,Cool Temperate Moist,29,153,10,Cool Temperate Moist Cropland on Plains,#1D990A,0.5722333333333334
2348,Vespa velutina,NL,NA,gbif,5,52.3,0.9512177467346192,822,-1,128,Cool Temperate,Moist,Grassland,Plains,Cool Temperate Moist,22,133,0,Cool Temperate Moist Grassland on Plains,#168500,0.5029458333333333
2356,Vespa velutina,NA,"Ingelheimer Straße, Darmstadt, Hessen, DE",inat,8.64,49.86,1.020603084564209,638,142,108,Cool Temperate,Moist,Settlement,Hills,Cool Temperate Moist,67,109,14,Cool Temperate Moist Settlement on Hills,#436D0E,0.6588458333333334
2359,Vespa velutina,BE,NA,gbif,4.85,51.18,1.02982816696167,791,17,120,Cool Temperate,Moist,Settlement,Plains,Cool Temperate Moist,78,119,2,Cool Temperate Moist Settlement on Plains,#4E7702,0.6011958333333334
2364,Vespa velutina,NA,"VIRTON Rue Maréchal Foch, 6760 Virton, Belgique",inat,5.53,49.57,0.8991728782653808,1002,235,108,Cool Temperate,Moist,Settlement,Hills,Cool Temperate Moist,67,109,14,Cool Temperate Moist Settlement on Hills,#436D0E,0.4090916666666667
2366,Vespa velutina,BE,NA,gbif,4.49,50.76,1.0074718475341795,805,93,110,Cool Temperate,Moist,Cropland,Hills,Cool Temperate Moist,33,144,30,Cool Temperate Moist Cropland on Hills,#21901E,0.3595625
2382,Vespa velutina,BE,NA,gbif,4.38,51.1,1.039146900177002,785,10,116,Cool Temperate,Moist,Cropland,Plains,Cool Temperate Moist,29,153,10,Cool Temperate Moist Cropland on Plains,#1D990A,0.6602875
2393,Vespa velutina,NA,"4356 EB Oostkapelle, Nederland",inat,3.56,51.57,1.0425701141357422,767,-2,116,Cool Temperate,Moist,Cropland,Plains,Cool Temperate Moist,29,153,10,Cool Temperate Moist Cropland on Plains,#1D990A,0.5295791666666667
2395,Vespa velutina,BE,NA,gbif,3.29,51.34,1.033952713012695,766,1,120,Cool Temperate,Moist,Settlement,Plains,Cool Temperate Moist,78,119,2,Cool Temperate Moist Settlement on Plains,#4E7702,0.5393625
2396,Vespa velutina,BE,NA,gbif,5.13,50.84,1.056206226348877,773,33,111,Cool Temperate,Moist,Forest,Plains,Cool Temperate Moist,1,109,0,Cool Temperate Moist Forest on Plains,#016D00,0.6083041666666666
2399,Vespa velutina,BE,NA,gbif,3.93,50.99,1.0294885635375977,792,15,120,Cool Temperate,Moist,Settlement,Plains,Cool Temperate Moist,78,119,2,Cool Temperate Moist Settlement on Plains,#4E7702,0.470275
2401,Vespa velutina,NA,"1808 Monts-de-Corsier, Switzerland",inat,6.88,46.51,0.733579158782959,1298,812,107,Cool Temperate,Moist,Grassland,Mountains,Cool Temperate Moist,26,83,0,Cool Temperate Moist Grassland on Mountains,#1A5300,0.6147125
2404,Vespa velutina,BE,NA,gbif,5.51,50.76,0.9857937812805176,820,105,110,Cool Temperate,Moist,Cropland,Hills,Cool Temperate Moist,33,144,30,Cool Temperate Moist Cropland on Hills,#21901E,0.49925416666666667
2405,Vespa velutina,BE,NA,gbif,3.98,51.1,1.0463322639465331,779,4,120,Cool Temperate,Moist,Settlement,Plains,Cool Temperate Moist,78,119,2,Cool Temperate Moist Settlement on Plains,#4E7702,0.5558458333333334
2409,Vespa velutina,BE,NA,gbif,4.72,51.2,1.0255916595458985,796,11,116,Cool Temperate,Moist,Cropland,Plains,Cool Temperate Moist,29,153,10,Cool Temperate Moist Cropland on Plains,#1D990A,0.5890833333333333
2412,Vespa velutina,FR,NA,gbif,1.47,43.57,1.3110468864440918,683,159,169,Warm Temperate,Moist,Settlement,Hills,Warm Temperate Moist,136,158,52,Warm Temperate Moist Settlement on Hills,#889E34,0.492725
2418,Vespa velutina,BE,NA,gbif,4.5,50.85,1.0223458290100098,773,67,110,Cool Temperate,Moist,Cropland,Hills,Cool Temperate Moist,33,144,30,Cool Temperate Moist Cropland on Hills,#21901E,0.4761875
2420,Vespa velutina,NA,"Rua do Mar, Comporta, Alentejo, PT",inat,-8.78,38.38,1.661822509765625,638,6,195,Warm Temperate,Dry,Forest,Plains,Warm Temperate Dry,94,186,42,Warm Temperate Dry Forest on Plains,#5EBA2A,0.4981833333333333
2426,Vespa velutina,BE,NA,gbif,3.18,50.82,1.0392760276794433,754,15,120,Cool Temperate,Moist,Settlement,Plains,Cool Temperate Moist,78,119,2,Cool Temperate Moist Settlement on Plains,#4E7702,0.5502083333333333
2431,Vespa velutina,NA,"Castañares, Burgos, España",inat,-3.63,42.34,1.0777145385742188,556,897,190,Warm Temperate,Dry,Cropland,Hills,Warm Temperate Dry,153,217,128,Warm Temperate Dry Cropland on Hills,#99D980,0.6093833333333334
2436,Vespa velutina,BE,NA,gbif,4.44,51.19,1.0570364952087403,798,11,161,Warm Temperate,Moist,Settlement,Plains,Warm Temperate Moist,163,170,28,Warm Temperate Moist Settlement on Plains,#A3AA1C,0.6421375
2437,Vespa velutina,NA,"Rua Vergílio Ferreira, 2785-599 São Domingos de Rana, Portugal",inat,-9.34,38.71,1.581121826171875,711,67,169,Warm Temperate,Moist,Settlement,Hills,Warm Temperate Moist,136,158,52,Warm Temperate Moist Settlement on Hills,#889E34,0.6809291666666667
2443,Vespa velutina,FR,NA,gbif,4.26,44.64,1.114594841003418,868,504,175,Warm Temperate,Moist,Shrubland,Mountains,Warm Temperate Moist,102,130,4,Warm Temperate Moist Shrubland on Mountains,#668204,0.6897833333333333
2444,Vespa velutina,NA,"Hansen-Soulielaan, Etterbeek, Brussels-Capital Region, BE",inat,4.4,50.83,1.0074718475341795,805,85,129,Cool Temperate,Moist,Settlement,Tablelands,Cool Temperate Moist,47,63,130,Cool Temperate Moist Settlement on Tablelands,#2F3F82,0.5802625
2445,Vespa velutina,CH,NA,gbif,6.23,46.38,0.931196880340576,1134,406,172,Warm Temperate,Moist,Settlement,Mountains,Warm Temperate Moist,105,89,18,Warm Temperate Moist Settlement on Mountains,#695912,0.474825
2458,Vespa velutina,NL,NA,gbif,5.5,51.45,0.9889156341552734,757,18,120,Cool Temperate,Moist,Settlement,Plains,Cool Temperate Moist,78,119,2,Cool Temperate Moist Settlement on Plains,#4E7702,0.6373916666666667
2459,Vespa velutina,NA,"Oosterland, Netherlands",inat,4.05,51.64,1.0141395568847655,791,-2,116,Cool Temperate,Moist,Cropland,Plains,Cool Temperate Moist,29,153,10,Cool Temperate Moist Cropland on Plains,#1D990A,0.4580666666666667
2466,Vespa velutina,NA,"Rue Saint-Éloi, Moyeuvre-Grande, Grand Est, FR",inat,6.05,49.25,0.9826552391052246,814,263,108,Cool Temperate,Moist,Settlement,Hills,Cool Temperate Moist,67,109,14,Cool Temperate Moist Settlement on Hills,#436D0E,0.5206708333333333
2476,Vespa velutina,NA,"KAIN Rue Delcambre, 7540 Tournai, Belgique",inat,3.38,50.64,1.0263708114624024,745,34,108,Cool Temperate,Moist,Settlement,Hills,Cool Temperate Moist,67,109,14,Cool Temperate Moist Settlement on Hills,#436D0E,0.631475
2477,Vespa velutina,NA,"34270 Lauret, France",inat,3.89,43.83,1.4095989227294925,685,165,173,Warm Temperate,Moist,Cropland,Mountains,Warm Temperate Moist,100,150,37,Warm Temperate Moist Cropland on Mountains,#649625,0.5879375
2482,Vespa velutina,BE,NA,gbif,4.65,50.83,1.0064770698547365,782,41,110,Cool Temperate,Moist,Cropland,Hills,Cool Temperate Moist,33,144,30,Cool Temperate Moist Cropland on Hills,#21901E,0.619775
2483,Vespa velutina,BE,NA,gbif,5.05,50.98,1.056206226348877,773,29,161,Warm Temperate,Moist,Settlement,Plains,Warm Temperate Moist,163,170,28,Warm Temperate Moist Settlement on Plains,#A3AA1C,0.38186666666666663
2491,Vespa velutina,NA,"Rua da Cerca 9, 2800-205 Almada, Portugal",inat,-9.16,38.68,1.6865142822265624,703,20,169,Warm Temperate,Moist,Settlement,Hills,Warm Temperate Moist,136,158,52,Warm Temperate Moist Settlement on Hills,#889E34,0.6175083333333333
2497,Vespa velutina,BE,NA,gbif,4.7,51.07,1.0428604125976562,774,14,120,Cool Temperate,Moist,Settlement,Plains,Cool Temperate Moist,78,119,2,Cool Temperate Moist Settlement on Plains,#4E7702,0.37893333333333334
2499,Vespa velutina,NA,"Mühlenstr., 54296 Trier, Deutschland",inat,6.7,49.73,0.8938666343688965,873,318,113,Cool Temperate,Moist,Settlement,Mountains,Cool Temperate Moist,61,67,0,Cool Temperate Moist Settlement on Mountains,#3D4300,0.5258375000000001
2515,Vespa velutina,NA,"Salburua, Álava, España",inat,-2.64,42.86,1.1061979293823243,888,514,166,Warm Temperate,Moist,Forest,Plains,Warm Temperate Moist,45,158,6,Warm Temperate Moist Forest on Plains,#2D9E06,0.6596166666666666
2519,Vespa velutina,NA,"Linda-A-Velha (Palácio Aciprestes), 2795-164 Linda-a-Velha, Portugal",inat,-9.24,38.71,1.6334726333618164,722,58,169,Warm Temperate,Moist,Settlement,Hills,Warm Temperate Moist,136,158,52,Warm Temperate Moist Settlement on Hills,#889E34,0.4004625
2527,Vespa velutina,BE,NA,gbif,5.12,51.33,1.0263051986694336,792,26,120,Cool Temperate,Moist,Settlement,Plains,Cool Temperate Moist,78,119,2,Cool Temperate Moist Settlement on Plains,#4E7702,0.5861
2531,Vespa velutina,BE,NA,gbif,3.13,50.93,1.016388511657715,761,21,120,Cool Temperate,Moist,Settlement,Plains,Cool Temperate Moist,78,119,2,Cool Temperate Moist Settlement on Plains,#4E7702,0.6505291666666667
2532,Vespa velutina,NA,"Cambrils, Tarragona, ES",inat,1.02,41.1,1.5854812622070311,535,90,184,Warm Temperate,Dry,Cropland,Mountains,Warm Temperate Dry,141,179,80,Warm Temperate Dry Cropland on Mountains,#8DB350,0.45953333333333335
2548,Vespa velutina,BE,NA,gbif,5.48,50.88,1.0172677040100098,787,60,116,Cool Temperate,Moist,Cropland,Plains,Cool Temperate Moist,29,153,10,Cool Temperate Moist Cropland on Plains,#1D990A,0.45552916666666665
2561,Vespa velutina,NA,"Valkenswaard, Markt, 5554 CA Valkenswaard, Netherlands",inat,5.46,51.35,0.9980051994323732,773,25,120,Cool Temperate,Moist,Settlement,Plains,Cool Temperate Moist,78,119,2,Cool Temperate Moist Settlement on Plains,#4E7702,0.6020958333333334
2565,Vespa velutina,NA,"Grammene Dorp, 9800 Deinze, België",inat,3.47,50.97,1.0440187454223633,791,8,116,Cool Temperate,Moist,Cropland,Plains,Cool Temperate Moist,29,153,10,Cool Temperate Moist Cropland on Plains,#1D990A,0.6797125
2569,Vespa velutina,NA,"34570 Vailhauquès, France",inat,3.72,43.67,1.3534667015075683,694,166,169,Warm Temperate,Moist,Settlement,Hills,Warm Temperate Moist,136,158,52,Warm Temperate Moist Settlement on Hills,#889E34,0.5742166666666667
2574,Vespa velutina,NL,NA,gbif,4.35,51.5,1.0215239524841309,802,11,116,Cool Temperate,Moist,Cropland,Plains,Cool Temperate Moist,29,153,10,Cool Temperate Moist Cropland on Plains,#1D990A,0.6441458333333333
2575,Vespa velutina,BE,NA,gbif,4.28,51.07,1.0402281761169434,786,3,160,Warm Temperate,Moist,Cropland,Plains,Warm Temperate Moist,105,207,54,Warm Temperate Moist Cropland on Plains,#69CF36,0.6026958333333333
2581,Vespa velutina,BE,NA,gbif,4.18,51.11,1.0402281761169434,786,11,128,Cool Temperate,Moist,Grassland,Plains,Cool Temperate Moist,22,133,0,Cool Temperate Moist Grassland on Plains,#168500,0.5611833333333334
2585,Vespa velutina,BE,NA,gbif,4.47,51.17,1.0570364952087403,798,13,116,Cool Temperate,Moist,Cropland,Plains,Cool Temperate Moist,29,153,10,Cool Temperate Moist Cropland on Plains,#1D990A,0.5689625
2586,Vespa velutina,BE,NA,gbif,4.26,50.74,1.0301885604858398,788,46,105,Cool Temperate,Moist,Forest,Hills,Cool Temperate Moist,2,99,1,Cool Temperate Moist Forest on Hills,#026301,0.5405375
2590,Vespa velutina,NA,"34560 Poussan, France",inat,3.68,43.49,1.5024091720581054,611,32,169,Warm Temperate,Moist,Settlement,Hills,Warm Temperate Moist,136,158,52,Warm Temperate Moist Settlement on Hills,#889E34,0.6625541666666667
2591,Vespa velutina,NA,"71290 Ratenelle, France",inat,4.98,46.52,1.0995624542236329,871,182,166,Warm Temperate,Moist,Forest,Plains,Warm Temperate Moist,45,158,6,Warm Temperate Moist Forest on Plains,#2D9E06,0.5665458333333333
2592,Vespa velutina,BE,NA,gbif,4.38,51.17,1.0570364952087403,798,11,161,Warm Temperate,Moist,Settlement,Plains,Warm Temperate Moist,163,170,28,Warm Temperate Moist Settlement on Plains,#A3AA1C,0.39864166666666667
2594,Vespa velutina,BE,NA,gbif,3.2,51.15,1.017953109741211,799,8,116,Cool Temperate,Moist,Cropland,Plains,Cool Temperate Moist,29,153,10,Cool Temperate Moist Cropland on Plains,#1D990A,0.5230416666666666
2601,Vespa velutina,BE,NA,gbif,4.37,51.11,1.039146900177002,785,14,120,Cool Temperate,Moist,Settlement,Plains,Cool Temperate Moist,78,119,2,Cool Temperate Moist Settlement on Plains,#4E7702,0.6248
2603,Vespa velutina,NA,"17022 Borgio SV, Italia",inat,8.3,44.16,1.4829946517944337,788,61,172,Warm Temperate,Moist,Settlement,Mountains,Warm Temperate Moist,105,89,18,Warm Temperate Moist Settlement on Mountains,#695912,0.6155416666666667
2604,Vespa velutina,NL,NA,gbif,5.9,50.85,0.9916646003723144,781,129,109,Cool Temperate,Moist,Grassland,Tablelands,Cool Temperate Moist,78,92,155,Cool Temperate Moist Grassland on Tablelands,#4E5C9B,0.6034666666666667
2607,Vespa velutina,NA,"21370 Plombières-lès-Dijon, France",inat,4.96,47.34,0.9123739242553712,869,342,97,Cool Temperate,Moist,Forest,Mountains,Cool Temperate Moist,6,64,0,Cool Temperate Moist Forest on Mountains,#064000,0.50265
2613,Vespa velutina,BE,NA,gbif,4.39,51.14,1.039146900177002,785,13,120,Cool Temperate,Moist,Settlement,Plains,Cool Temperate Moist,78,119,2,Cool Temperate Moist Settlement on Plains,#4E7702,0.6534125
2617,Vespa velutina,NL,NA,gbif,4.45,51.8,0.9891593933105468,812,1,116,Cool Temperate,Moist,Cropland,Plains,Cool Temperate Moist,29,153,10,Cool Temperate Moist Cropland on Plains,#1D990A,0.5031916666666667
2623,Vespa velutina,NA,"Rue des Vias, Aixe-sur-Vienne, Nouvelle-Aquitaine, FR",inat,1.15,45.8,1.130471897125244,988,249,169,Warm Temperate,Moist,Settlement,Hills,Warm Temperate Moist,136,158,52,Warm Temperate Moist Settlement on Hills,#889E34,0.48806666666666665
2638,Vespa velutina,BE,NA,gbif,4.44,51.2,1.0570364952087403,798,11,161,Warm Temperate,Moist,Settlement,Plains,Warm Temperate Moist,163,170,28,Warm Temperate Moist Settlement on Plains,#A3AA1C,0.2193125
2644,Vespa velutina,NL,NA,gbif,6,50.75,0.9450010299682616,907,238,110,Cool Temperate,Moist,Cropland,Hills,Cool Temperate Moist,33,144,30,Cool Temperate Moist Cropland on Hills,#21901E,0.493075
2645,Vespa velutina,NA,"Sous-Préfecture - Eglise de l'Hay-les-Roses, 94240 L'Haÿ-les-Roses, France",inat,2.33,48.78,1.1138312339782714,643,81,169,Warm Temperate,Moist,Settlement,Hills,Warm Temperate Moist,136,158,52,Warm Temperate Moist Settlement on Hills,#889E34,0.6346625
2646,Vespa velutina,BE,NA,gbif,4.46,51.25,1.0570364952087403,798,4,120,Cool Temperate,Moist,Settlement,Plains,Cool Temperate Moist,78,119,2,Cool Temperate Moist Settlement on Plains,#4E7702,0.5830666666666666
2648,Vespa velutina,BE,NA,gbif,4.37,51.14,1.039146900177002,785,14,128,Cool Temperate,Moist,Grassland,Plains,Cool Temperate Moist,22,133,0,Cool Temperate Moist Grassland on Plains,#168500,0.7214875
2653,Vespa velutina,NL,NA,gbif,4.65,51.85,0.9911375045776368,858,-1,120,Cool Temperate,Moist,Settlement,Plains,Cool Temperate Moist,78,119,2,Cool Temperate Moist Settlement on Plains,#4E7702,0.6583666666666667
2663,Vespa velutina,NA,"União das freguesias de Coimbra (Sé Nova, Santa Cruz, Almedina e São Bartolomeu), Coimbra, Centro, PT",inat,-8.43,40.2,1.5525750160217284,987,62,172,Warm Temperate,Moist,Settlement,Mountains,Warm Temperate Moist,105,89,18,Warm Temperate Moist Settlement on Mountains,#695912,0.5040458333333333
2664,Vespa velutina,NA,"08222 Terrassa, Barcelona, Espanya",inat,2.02,41.56,1.4473604202270507,676,283,172,Warm Temperate,Moist,Settlement,Mountains,Warm Temperate Moist,105,89,18,Warm Temperate Moist Settlement on Mountains,#695912,0.6484916666666667
2671,Vespa velutina,NA,"08571 Sant Vicenç de Torelló, Barcelona, Espanya",inat,2.27,42.06,1.1454646110534668,775,608,173,Warm Temperate,Moist,Cropland,Mountains,Warm Temperate Moist,100,150,37,Warm Temperate Moist Cropland on Mountains,#649625,0.5473541666666667
2677,Vespa velutina,NA,"66400 Calmeilles, France",inat,2.68,42.55,1.406432247161865,619,518,176,Warm Temperate,Moist,Forest,Mountains,Warm Temperate Moist,49,105,3,Warm Temperate Moist Forest on Mountains,#316903,0.5994541666666666
2686,Vespa velutina,NA,"67240 Bobenheim-Roxheim, Deutschland",inat,8.39,49.59,1.063585376739502,617,90,160,Warm Temperate,Moist,Cropland,Plains,Warm Temperate Moist,105,207,54,Warm Temperate Moist Cropland on Plains,#69CF36,0.426975
2695,Vespa velutina,BE,NA,gbif,4.7,50.92,1.0381396293640135,765,19,120,Cool Temperate,Moist,Settlement,Plains,Cool Temperate Moist,78,119,2,Cool Temperate Moist Settlement on Plains,#4E7702,0.6703208333333334
2697,Vespa velutina,NA,"24500 Eymet, France",inat,0.4,44.67,1.283467674255371,972,79,169,Warm Temperate,Moist,Settlement,Hills,Warm Temperate Moist,136,158,52,Warm Temperate Moist Settlement on Hills,#889E34,0.6983
2705,Vespa velutina,NA,"Pfinztal-Wöschbach, Deutschland",inat,8.57,49,0.9271801948547364,1003,214,110,Cool Temperate,Moist,Cropland,Hills,Cool Temperate Moist,33,144,30,Cool Temperate Moist Cropland on Hills,#21901E,0.6073125
2709,Vespa velutina,CH,NA,gbif,7.16,47.36,0.8553583145141601,1032,621,97,Cool Temperate,Moist,Forest,Mountains,Cool Temperate Moist,6,64,0,Cool Temperate Moist Forest on Mountains,#064000,0.4598125
2715,Vespa velutina,NA,"Paris, Île-de-France, FR",inat,2.34,48.83,1.1437250137329102,632,59,169,Warm Temperate,Moist,Settlement,Hills,Warm Temperate Moist,136,158,52,Warm Temperate Moist Settlement on Hills,#889E34,0.3241375
2717,Vespa velutina,BE,NA,gbif,3.18,50.82,1.0392760276794433,754,15,120,Cool Temperate,Moist,Settlement,Plains,Cool Temperate Moist,78,119,2,Cool Temperate Moist Settlement on Plains,#4E7702,0.4400625
2723,Vespa velutina,BE,NA,gbif,3.19,51.17,1.029801559448242,783,12,111,Cool Temperate,Moist,Forest,Plains,Cool Temperate Moist,1,109,0,Cool Temperate Moist Forest on Plains,#016D00,0.5386791666666667
2726,Vespa velutina,BE,NA,gbif,4.71,50.86,1.0381396293640135,765,47,108,Cool Temperate,Moist,Settlement,Hills,Cool Temperate Moist,67,109,14,Cool Temperate Moist Settlement on Hills,#436D0E,0.5357833333333334
2727,Vespa velutina,FR,NA,gbif,3.9,43.65,1.481810665130615,645,67,169,Warm Temperate,Moist,Settlement,Hills,Warm Temperate Moist,136,158,52,Warm Temperate Moist Settlement on Hills,#889E34,0.7413541666666666
2736,Vespa velutina,BE,NA,gbif,4.5,50.99,1.0223458290100098,773,9,120,Cool Temperate,Moist,Settlement,Plains,Cool Temperate Moist,78,119,2,Cool Temperate Moist Settlement on Plains,#4E7702,0.46544583333333334
2742,Vespa velutina,NA,"41110 Couffy, France",inat,1.43,47.25,1.1405198097229003,691,90,160,Warm Temperate,Moist,Cropland,Plains,Warm Temperate Moist,105,207,54,Warm Temperate Moist Cropland on Plains,#69CF36,0.5333583333333334
2744,Vespa velutina,NA,"12075 Garessio CN, Italia",inat,8.02,44.2,1.1162676811218262,883,737,173,Warm Temperate,Moist,Cropland,Mountains,Warm Temperate Moist,100,150,37,Warm Temperate Moist Cropland on Mountains,#649625,0.6208625
2756,Vespa velutina,NL,NA,gbif,4.9,51.4,0.9976905822753906,802,23,116,Cool Temperate,Moist,Cropland,Plains,Cool Temperate Moist,29,153,10,Cool Temperate Moist Cropland on Plains,#1D990A,0.583325
2757,Vespa velutina,BE,NA,gbif,4.64,51.15,1.0294468879699707,777,6,116,Cool Temperate,Moist,Cropland,Plains,Cool Temperate Moist,29,153,10,Cool Temperate Moist Cropland on Plains,#1D990A,0.6467083333333333
2762,Vespa velutina,NA,"Rambla Prim - Santander, Sant Martí, 08020 Barcelona, España",inat,2.2,41.42,1.557114028930664,615,11,172,Warm Temperate,Moist,Settlement,Mountains,Warm Temperate Moist,105,89,18,Warm Temperate Moist Settlement on Mountains,#695912,0.5362125
2768,Vespa velutina,NA,"WWG6+V5, 51100 Pistoia PT, Italia",inat,10.91,43.93,1.3806374549865723,1061,63,172,Warm Temperate,Moist,Settlement,Mountains,Warm Temperate Moist,105,89,18,Warm Temperate Moist Settlement on Mountains,#695912,0.4801958333333333
2770,Vespa velutina,BE,NA,gbif,4.21,50.72,1.0301885604858398,788,49,108,Cool Temperate,Moist,Settlement,Hills,Cool Temperate Moist,67,109,14,Cool Temperate Moist Settlement on Hills,#436D0E,0.5108625
2771,Vespa velutina,NA,"Plantentuin Meise, Wemmel, Vlaams-Brabant, BE",inat,4.33,50.93,1.029301071166992,790,42,116,Cool Temperate,Moist,Cropland,Plains,Cool Temperate Moist,29,153,10,Cool Temperate Moist Cropland on Plains,#1D990A,0.47632916666666664
2776,Vespa velutina,NL,NA,gbif,4.1,51.3,1.0351354598999023,797,-5,116,Cool Temperate,Moist,Cropland,Plains,Cool Temperate Moist,29,153,10,Cool Temperate Moist Cropland on Plains,#1D990A,0.5134291666666667
2778,Vespa velutina,BE,NA,gbif,4.7,50.9,1.0381396293640135,765,25,108,Cool Temperate,Moist,Settlement,Hills,Cool Temperate Moist,67,109,14,Cool Temperate Moist Settlement on Hills,#436D0E,0.6097750000000001
2780,Vespa velutina,NA,"46160 Saint-Chels, France",inat,1.8,44.53,1.1922656059265138,814,336,179,Warm Temperate,Moist,Grassland,Tablelands,Warm Temperate Moist,50,73,167,Warm Temperate Moist Grassland on Tablelands,#3249A7,0.5288916666666666
2781,Vespa velutina,BE,NA,gbif,4.59,51.21,1.0279624938964844,800,10,120,Cool Temperate,Moist,Settlement,Plains,Cool Temperate Moist,78,119,2,Cool Temperate Moist Settlement on Plains,#4E7702,0.43805
2783,Vespa velutina,NA,"41110 Couffy, France",inat,1.43,47.26,1.1405198097229003,691,90,160,Warm Temperate,Moist,Cropland,Plains,Warm Temperate Moist,105,207,54,Warm Temperate Moist Cropland on Plains,#69CF36,0.35709583333333333
2786,Vespa velutina,NA,"Rue du Thiers, Rochefort, Namur, BE",inat,5.22,50.16,0.8845166206359864,929,216,108,Cool Temperate,Moist,Settlement,Hills,Cool Temperate Moist,67,109,14,Cool Temperate Moist Settlement on Hills,#436D0E,0.5939083333333334
2787,Vespa velutina,NL,NA,gbif,4.45,51.55,1.0125802040100098,791,3,120,Cool Temperate,Moist,Settlement,Plains,Cool Temperate Moist,78,119,2,Cool Temperate Moist Settlement on Plains,#4E7702,0.42241666666666666
2789,Vespa velutina,NA,"Carrer de la Granota, Mont-ras, Girona, ES",inat,3.16,41.91,1.4671771049499511,581,53,184,Warm Temperate,Dry,Cropland,Mountains,Warm Temperate Dry,141,179,80,Warm Temperate Dry Cropland on Mountains,#8DB350,0.43294583333333336
2795,Vespa velutina,BE,NA,gbif,4.57,51.36,1.0171833038330078,811,23,111,Cool Temperate,Moist,Forest,Plains,Cool Temperate Moist,1,109,0,Cool Temperate Moist Forest on Plains,#016D00,0.6162666666666666
2810,Vespa velutina,NA,"83740 La Cadière-d'Azur, France",inat,5.74,43.22,1.3581218719482422,715,197,173,Warm Temperate,Moist,Cropland,Mountains,Warm Temperate Moist,100,150,37,Warm Temperate Moist Cropland on Mountains,#649625,0.49351666666666666
2811,Vespa velutina,BE,NA,gbif,4.36,50.79,1.0074718475341795,805,101,105,Cool Temperate,Moist,Forest,Hills,Cool Temperate Moist,2,99,1,Cool Temperate Moist Forest on Hills,#026301,0.5328875
2818,Vespa velutina,NA,"6186 Gonderingen Junglinster, Luxemburg",inat,6.25,49.69,0.8899781227111816,817,317,110,Cool Temperate,Moist,Cropland,Hills,Cool Temperate Moist,33,144,30,Cool Temperate Moist Cropland on Hills,#21901E,0.4935333333333333
2842,Vespa velutina,NA,"08380 Malgrat de Mar, Barcelona, España",inat,2.74,41.65,1.5051636695861816,720,23,172,Warm Temperate,Moist,Settlement,Mountains,Warm Temperate Moist,105,89,18,Warm Temperate Moist Settlement on Mountains,#695912,0.31444583333333337
2860,Vespa velutina,NA,"Botanischer Garten Frankfurt, Siesmayerstraße 72, 60323 Frankfurt am Main, Deutschland",inat,8.66,50.13,1.0215635299682615,620,118,111,Cool Temperate,Moist,Forest,Plains,Cool Temperate Moist,1,109,0,Cool Temperate Moist Forest on Plains,#016D00,0.5671791666666667
2863,Vespa velutina,NL,NA,gbif,5.95,50.9,0.9916646003723144,781,87,108,Cool Temperate,Moist,Settlement,Hills,Cool Temperate Moist,67,109,14,Cool Temperate Moist Settlement on Hills,#436D0E,0.40978749999999997
2865,Vespa velutina,NA,"Fiume/thaon Di Revel, 16121 Genova GE, Italia",inat,8.95,44.41,1.4139930725097656,1245,71,172,Warm Temperate,Moist,Settlement,Mountains,Warm Temperate Moist,105,89,18,Warm Temperate Moist Settlement on Mountains,#695912,0.6469041666666666
2867,Vespa velutina,BE,NA,gbif,4.19,50.91,1.029301071166992,790,56,120,Cool Temperate,Moist,Settlement,Plains,Cool Temperate Moist,78,119,2,Cool Temperate Moist Settlement on Plains,#4E7702,0.47637083333333335
2869,Vespa velutina,NA,"Z.A.E. Wolser F, Bettemburg, Distrikt Luxemburg, LU",inat,6.1,49.51,0.9220864295959472,866,285,108,Cool Temperate,Moist,Settlement,Hills,Cool Temperate Moist,67,109,14,Cool Temperate Moist Settlement on Hills,#436D0E,0.5378791666666667
2884,Vespa velutina,NA,"2710 Sintra, Portugal",inat,-9.38,38.79,1.581121826171875,711,242,178,Warm Temperate,Moist,Cropland,Tablelands,Warm Temperate Moist,61,89,194,Warm Temperate Moist Cropland on Tablelands,#3D59C2,0.6525791666666666
2893,Vespa velutina,NA,"Navia, Vigo, Pontevedra, España",inat,-8.76,42.2,1.374198818206787,1695,88,172,Warm Temperate,Moist,Settlement,Mountains,Warm Temperate Moist,105,89,18,Warm Temperate Moist Settlement on Mountains,#695912,0.5873458333333333
2899,Vespa velutina,BE,NA,gbif,4.95,51.34,0.9976905822753906,802,29,116,Cool Temperate,Moist,Cropland,Plains,Cool Temperate Moist,29,153,10,Cool Temperate Moist Cropland on Plains,#1D990A,0.5048916666666666
2902,Vespa velutina,BE,NA,gbif,4.66,50.81,1.0064770698547365,782,63,105,Cool Temperate,Moist,Forest,Hills,Cool Temperate Moist,2,99,1,Cool Temperate Moist Forest on Hills,#026301,0.65625
2906,Vespa velutina,BE,NA,gbif,4.99,51.08,1.0535478591918943,777,16,116,Cool Temperate,Moist,Cropland,Plains,Cool Temperate Moist,29,153,10,Cool Temperate Moist Cropland on Plains,#1D990A,0.40994583333333334
2922,Vespa velutina,NA,"Combatentes, 4200-222 Porto, Portugal",inat,-8.6,41.16,1.4505515098571775,1231,101,172,Warm Temperate,Moist,Settlement,Mountains,Warm Temperate Moist,105,89,18,Warm Temperate Moist Settlement on Mountains,#695912,0.405125
2924,Vespa velutina,NA,"60 Frankfurt am Main-Innenstadt II, Deutschland",inat,8.65,50.12,1.0215635299682615,620,104,161,Warm Temperate,Moist,Settlement,Plains,Warm Temperate Moist,163,170,28,Warm Temperate Moist Settlement on Plains,#A3AA1C,0.5773416666666666
2947,Vespa velutina,BE,NA,gbif,4.46,50.98,1.0497979164123534,783,8,120,Cool Temperate,Moist,Settlement,Plains,Cool Temperate Moist,78,119,2,Cool Temperate Moist Settlement on Plains,#4E7702,0.42735
2953,Vespa velutina,BE,NA,gbif,3.75,51.04,1.0652593612670898,792,9,161,Warm Temperate,Moist,Settlement,Plains,Warm Temperate Moist,163,170,28,Warm Temperate Moist Settlement on Plains,#A3AA1C,0.4758291666666667
2957,Vespa velutina,NA,"Rua dos Remolares, Lisboa, Lisboa, PT",inat,-9.14,38.71,1.6865142822265624,703,27,169,Warm Temperate,Moist,Settlement,Hills,Warm Temperate Moist,136,158,52,Warm Temperate Moist Settlement on Hills,#889E34,0.34370833333333334
2960,Vespa velutina,NA,"Archanda, 48015, Vizcaya, España",inat,-2.92,43.27,1.3535219192504884,1158,75,171,Warm Temperate,Moist,Grassland,Mountains,Warm Temperate Moist,86,129,14,Warm Temperate Moist Grassland on Mountains,#56810E,0.6478416666666666
2965,Vespa velutina,NA,"17534 Ribes de Freser, Girona, Spain",inat,2.17,42.31,0.9148791313171388,930,1194,107,Cool Temperate,Moist,Grassland,Mountains,Cool Temperate Moist,26,83,0,Cool Temperate Moist Grassland on Mountains,#1A5300,0.6652375
2972,Vespa velutina,NL,NA,gbif,6.05,51.85,0.9773374557495116,766,11,116,Cool Temperate,Moist,Cropland,Plains,Cool Temperate Moist,29,153,10,Cool Temperate Moist Cropland on Plains,#1D990A,0.4983458333333333
2976,Vespa velutina,NA,"Valrico A, 4520, Portugal",inat,-8.56,40.88,1.443885612487793,1143,107,168,Warm Temperate,Moist,Cropland,Hills,Warm Temperate Moist,112,198,86,Warm Temperate Moist Cropland on Hills,#70C656,0.5800875
2983,Vespa velutina,NL,NA,gbif,5.1,52.1,0.9803396224975586,797,4,120,Cool Temperate,Moist,Settlement,Plains,Cool Temperate Moist,78,119,2,Cool Temperate Moist Settlement on Plains,#4E7702,0.5957041666666667
2986,Vespa velutina,BE,NA,gbif,4.38,51.02,1.039146900177002,785,7,116,Cool Temperate,Moist,Cropland,Plains,Cool Temperate Moist,29,153,10,Cool Temperate Moist Cropland on Plains,#1D990A,0.6509958333333333
2988,Vespa velutina,NA,"Chemin de vers-la-ville, Annot, Alpes-de-Haute-Provence",inat,6.67,43.97,0.998715591430664,897,890,176,Warm Temperate,Moist,Forest,Mountains,Warm Temperate Moist,49,105,3,Warm Temperate Moist Forest on Mountains,#316903,0.5445833333333333
3001,Vespa velutina,NA,Cessange Luxembourg,inat,6.1,49.59,0.9220864295959472,866,293,114,Cool Temperate,Moist,Grassland,Hills,Cool Temperate Moist,22,124,10,Cool Temperate Moist Grassland on Hills,#167C0A,0.5305
3015,Vespa velutina,NL,NA,gbif,4.6,52.35,0.9709492683410644,828,7,128,Cool Temperate,Moist,Grassland,Plains,Cool Temperate Moist,22,133,0,Cool Temperate Moist Grassland on Plains,#168500,0.6179041666666667
3019,Vespa velutina,NA,"4580 Gondalães, Portugal",inat,-8.33,41.23,1.3848312377929688,1346,219,173,Warm Temperate,Moist,Cropland,Mountains,Warm Temperate Moist,100,150,37,Warm Temperate Moist Cropland on Mountains,#649625,0.5943416666666667
3021,Vespa velutina,NA,"Frankfurt (Main) Schule Am Hang, 60388 Frankfurt am Main, Deutschland",inat,8.75,50.15,1.014552116394043,674,140,108,Cool Temperate,Moist,Settlement,Hills,Cool Temperate Moist,67,109,14,Cool Temperate Moist Settlement on Hills,#436D0E,0.23222916666666665
3032,Vespa velutina,BE,NA,gbif,5.04,51.03,1.056958293914795,792,29,161,Warm Temperate,Moist,Settlement,Plains,Warm Temperate Moist,163,170,28,Warm Temperate Moist Settlement on Plains,#A3AA1C,0.36770416666666667
3039,Vespa velutina,BE,NA,gbif,3.23,50.83,1.0392760276794433,754,16,161,Warm Temperate,Moist,Settlement,Plains,Warm Temperate Moist,163,170,28,Warm Temperate Moist Settlement on Plains,#A3AA1C,0.5879375
3040,Vespa velutina,NA,"Rue de Sanem, Zolwer, Distrikt Lëtzebuerg, LU",inat,5.94,49.53,0.9034072875976562,936,316,108,Cool Temperate,Moist,Settlement,Hills,Cool Temperate Moist,67,109,14,Cool Temperate Moist Settlement on Hills,#436D0E,0.49277916666666666
3044,Vespa velutina,BE,NA,gbif,3.26,50.83,1.0392760276794433,754,19,161,Warm Temperate,Moist,Settlement,Plains,Warm Temperate Moist,163,170,28,Warm Temperate Moist Settlement on Plains,#A3AA1C,0.6229458333333333
3064,Vespa velutina,BE,NA,gbif,5.45,51.02,0.9895999908447266,799,79,120,Cool Temperate,Moist,Settlement,Plains,Cool Temperate Moist,78,119,2,Cool Temperate Moist Settlement on Plains,#4E7702,0.6305708333333333
3066,Vespa velutina,BE,NA,gbif,4.92,50.8,1.0242583274841308,751,55,116,Cool Temperate,Moist,Cropland,Plains,Cool Temperate Moist,29,153,10,Cool Temperate Moist Cropland on Plains,#1D990A,0.5789791666666667
3090,Vespa velutina,BE,NA,gbif,3.79,51.2,1.0463364601135254,769,5,120,Cool Temperate,Moist,Settlement,Plains,Cool Temperate Moist,78,119,2,Cool Temperate Moist Settlement on Plains,#4E7702,0.6229875
3098,Vespa velutina,NA,"Piste cyclable 16, Moestroff, Distrikt Diekirch, LU",inat,6.24,49.87,0.8926301956176758,842,273,110,Cool Temperate,Moist,Cropland,Hills,Cool Temperate Moist,33,144,30,Cool Temperate Moist Cropland on Hills,#21901E,0.5997125
3099,Vespa velutina,BE,NA,gbif,4.46,51.16,1.039146900177002,785,16,120,Cool Temperate,Moist,Settlement,Plains,Cool Temperate Moist,78,119,2,Cool Temperate Moist Settlement on Plains,#4E7702,0.6346166666666667
3102,Vespa velutina,NA,"Antiguo, Donostia, Gipuzkoa, Spain",inat,-2.01,43.32,1.3299004554748537,1333,24,176,Warm Temperate,Moist,Forest,Mountains,Warm Temperate Moist,49,105,3,Warm Temperate Moist Forest on Mountains,#316903,0.6739916666666667
3105,Vespa velutina,BE,NA,gbif,4.48,51.23,1.0570364952087403,798,4,120,Cool Temperate,Moist,Settlement,Plains,Cool Temperate Moist,78,119,2,Cool Temperate Moist Settlement on Plains,#4E7702,0.627825
3122,Vespa velutina,BE,NA,gbif,3.76,50.95,1.0391103744506835,795,28,116,Cool Temperate,Moist,Cropland,Plains,Cool Temperate Moist,29,153,10,Cool Temperate Moist Cropland on Plains,#1D990A,0.4749916666666667
3128,Vespa velutina,NL,NA,gbif,5.65,51.8,0.9760427474975586,755,7,116,Cool Temperate,Moist,Cropland,Plains,Cool Temperate Moist,29,153,10,Cool Temperate Moist Cropland on Plains,#1D990A,0.5787083333333334
3129,Vespa velutina,NA,"30120 Pommiers, France",inat,3.62,43.94,1.1718375205993652,783,473,176,Warm Temperate,Moist,Forest,Mountains,Warm Temperate Moist,49,105,3,Warm Temperate Moist Forest on Mountains,#316903,0.462275
3130,Vespa velutina,NL,NA,gbif,5.45,51.6,0.9877718925476074,767,10,116,Cool Temperate,Moist,Cropland,Plains,Cool Temperate Moist,29,153,10,Cool Temperate Moist Cropland on Plains,#1D990A,0.41101666666666664
3134,Vespa velutina,BE,NA,gbif,4.29,51.22,1.0467052459716797,796,4,120,Cool Temperate,Moist,Settlement,Plains,Cool Temperate Moist,78,119,2,Cool Temperate Moist Settlement on Plains,#4E7702,0.4727541666666667
3137,Vespa velutina,NL,NA,gbif,4.1,51.3,1.0351354598999023,797,-5,116,Cool Temperate,Moist,Cropland,Plains,Cool Temperate Moist,29,153,10,Cool Temperate Moist Cropland on Plains,#1D990A,0.3773166666666667
3138,Vespa velutina,BE,NA,gbif,4.38,50.84,1.0497979164123534,783,68,169,Warm Temperate,Moist,Settlement,Hills,Warm Temperate Moist,136,158,52,Warm Temperate Moist Settlement on Hills,#889E34,0.622825
3148,Vespa velutina,BE,NA,gbif,4.47,51.08,1.039146900177002,785,6,116,Cool Temperate,Moist,Cropland,Plains,Cool Temperate Moist,29,153,10,Cool Temperate Moist Cropland on Plains,#1D990A,0.597325
3157,Vespa velutina,BE,NA,gbif,3.22,50.92,1.0385656356811523,780,16,120,Cool Temperate,Moist,Settlement,Plains,Cool Temperate Moist,78,119,2,Cool Temperate Moist Settlement on Plains,#4E7702,0.6672333333333333
3160,Vespa velutina,NA,"Veyrières, 81000 Albi, France",inat,2.14,43.91,1.2989093780517578,715,189,169,Warm Temperate,Moist,Settlement,Hills,Warm Temperate Moist,136,158,52,Warm Temperate Moist Settlement on Hills,#889E34,0.6827208333333333
3161,Vespa velutina,NA,"83740 La Cadière-d'Azur, France",inat,5.74,43.22,1.3581218719482422,715,197,173,Warm Temperate,Moist,Cropland,Mountains,Warm Temperate Moist,100,150,37,Warm Temperate Moist Cropland on Mountains,#649625,0.3674375
3164,Vespa velutina,NL,NA,gbif,5.4,51.3,0.9916239738464356,777,32,116,Cool Temperate,Moist,Cropland,Plains,Cool Temperate Moist,29,153,10,Cool Temperate Moist Cropland on Plains,#1D990A,0.6312583333333334
3167,Vespa velutina,CH,NA,gbif,7.6,47.58,1.0200145721435547,805,254,161,Warm Temperate,Moist,Settlement,Plains,Warm Temperate Moist,163,170,28,Warm Temperate Moist Settlement on Plains,#A3AA1C,0.5312916666666667
3171,Vespa velutina,BE,NA,gbif,3.78,51.06,1.0652593612670898,792,7,116,Cool Temperate,Moist,Cropland,Plains,Cool Temperate Moist,29,153,10,Cool Temperate Moist Cropland on Plains,#1D990A,0.35559583333333333
3178,Vespa velutina,BE,NA,gbif,4.84,50.83,1.0242583274841308,751,70,116,Cool Temperate,Moist,Cropland,Plains,Cool Temperate Moist,29,153,10,Cool Temperate Moist Cropland on Plains,#1D990A,0.5370083333333333
3185,Vespa velutina,BE,NA,gbif,4.18,51.09,1.0402281761169434,786,4,166,Warm Temperate,Moist,Forest,Plains,Warm Temperate Moist,45,158,6,Warm Temperate Moist Forest on Plains,#2D9E06,0.2491875
3188,Vespa velutina,NA,"Rue de Molsheim, Strasbourg, Grand Est, FR",inat,7.74,48.58,1.061342716217041,735,141,161,Warm Temperate,Moist,Settlement,Plains,Warm Temperate Moist,163,170,28,Warm Temperate Moist Settlement on Plains,#A3AA1C,0.460825
3190,Vespa velutina,NA,"9650 Esch-sur-Sûre, Luxembourg",inat,5.94,49.91,0.8336134910583496,929,411,105,Cool Temperate,Moist,Forest,Hills,Cool Temperate Moist,2,99,1,Cool Temperate Moist Forest on Hills,#026301,0.49441666666666667
3191,Vespa velutina,NA,"Venlo, Bremweg, 5915 GM Venlo, Nederland",inat,6.19,51.36,1.0059072494506835,734,39,111,Cool Temperate,Moist,Forest,Plains,Cool Temperate Moist,1,109,0,Cool Temperate Moist Forest on Plains,#016D00,0.5805958333333333
3195,Vespa velutina,BE,NA,gbif,4.46,51.22,1.0570364952087403,798,4,161,Warm Temperate,Moist,Settlement,Plains,Warm Temperate Moist,163,170,28,Warm Temperate Moist Settlement on Plains,#A3AA1C,0.39474583333333335
3197,Vespa velutina,BE,NA,gbif,2.68,50.89,1.004269790649414,711,20,116,Cool Temperate,Moist,Cropland,Plains,Cool Temperate Moist,29,153,10,Cool Temperate Moist Cropland on Plains,#1D990A,0.6945083333333333
3213,Vespa velutina,BE,NA,gbif,4.04,50.98,1.040187454223633,782,6,160,Warm Temperate,Moist,Cropland,Plains,Warm Temperate Moist,105,207,54,Warm Temperate Moist Cropland on Plains,#69CF36,0.3780833333333333
3216,Vespa velutina,NA,"76307 Karlsbad, Deutschland",inat,8.47,48.89,0.9595218658447264,1036,304,103,Cool Temperate,Moist,Cropland,Mountains,Cool Temperate Moist,33,102,5,Cool Temperate Moist Cropland on Mountains,#216605,0.6058250000000001
3237,Vespa velutina,NA,"Lisbon, Portugal",inat,-9.16,38.77,1.6865142822265624,703,111,169,Warm Temperate,Moist,Settlement,Hills,Warm Temperate Moist,136,158,52,Warm Temperate Moist Settlement on Hills,#889E34,0.5780916666666667
3238,Vespa velutina,NL,NA,gbif,5.45,51.45,0.9980051994323732,773,20,120,Cool Temperate,Moist,Settlement,Plains,Cool Temperate Moist,78,119,2,Cool Temperate Moist Settlement on Plains,#4E7702,0.7082958333333333
3251,Vespa velutina,NA,"67105 Schifferstadt, Deutschland",inat,8.4,49.37,1.051504135131836,669,103,160,Warm Temperate,Moist,Cropland,Plains,Warm Temperate Moist,105,207,54,Warm Temperate Moist Cropland on Plains,#69CF36,0.5616333333333333
3257,Vespa velutina,NA,"42400 Saint-Chamond, France",inat,4.51,45.46,0.9177802085876464,980,461,172,Warm Temperate,Moist,Settlement,Mountains,Warm Temperate Moist,105,89,18,Warm Temperate Moist Settlement on Mountains,#695912,0.3259333333333333
3263,Vespa velutina,NL,NA,gbif,6.1,51.35,1.005424976348877,735,25,116,Cool Temperate,Moist,Cropland,Plains,Cool Temperate Moist,29,153,10,Cool Temperate Moist Cropland on Plains,#1D990A,0.5922791666666667
3269,Vespa velutina,NA,"2670 Fanhões, Portugal",inat,-9.18,38.9,1.5595458030700684,737,243,173,Warm Temperate,Moist,Cropland,Mountains,Warm Temperate Moist,100,150,37,Warm Temperate Moist Cropland on Mountains,#649625,0.33015
3271,Vespa velutina,BE,NA,gbif,4.29,50.76,1.0301885604858398,788,52,110,Cool Temperate,Moist,Cropland,Hills,Cool Temperate Moist,33,144,30,Cool Temperate Moist Cropland on Hills,#21901E,0.490475
3273,Vespa velutina,BE,NA,gbif,5.51,50.8,0.9857937812805176,820,90,110,Cool Temperate,Moist,Cropland,Hills,Cool Temperate Moist,33,144,30,Cool Temperate Moist Cropland on Hills,#21901E,0.36971666666666664
3283,Vespa velutina,NA,"Spei, Waregem, West-Vlaanderen, BE",inat,3.44,50.89,1.0440187454223633,791,14,120,Cool Temperate,Moist,Settlement,Plains,Cool Temperate Moist,78,119,2,Cool Temperate Moist Settlement on Plains,#4E7702,0.7094958333333333
3298,Vespa velutina,NL,NA,gbif,4.65,51.75,0.9967260360717772,816,0,116,Cool Temperate,Moist,Cropland,Plains,Cool Temperate Moist,29,153,10,Cool Temperate Moist Cropland on Plains,#1D990A,0.5580041666666666
3309,Vespa velutina,NA,"60200 Compiègne, France",inat,2.84,49.42,1.0223468780517575,633,50,169,Warm Temperate,Moist,Settlement,Hills,Warm Temperate Moist,136,158,52,Warm Temperate Moist Settlement on Hills,#889E34,0.3822875
3313,Vespa velutina,BE,NA,gbif,3.21,51.21,1.029801559448242,783,5,120,Cool Temperate,Moist,Settlement,Plains,Cool Temperate Moist,78,119,2,Cool Temperate Moist Settlement on Plains,#4E7702,0.6676708333333333
3317,Vespa velutina,BE,NA,gbif,3.56,50.96,1.0466250419616698,795,9,116,Cool Temperate,Moist,Cropland,Plains,Cool Temperate Moist,29,153,10,Cool Temperate Moist Cropland on Plains,#1D990A,0.4798458333333333
3326,Vespa velutina,BE,NA,gbif,3.14,50.79,1.0312749862670898,735,18,120,Cool Temperate,Moist,Settlement,Plains,Cool Temperate Moist,78,119,2,Cool Temperate Moist Settlement on Plains,#4E7702,0.5249625
3328,Vespa velutina,NA,"Bassella, Lleida, Espanya",inat,1.3,42.02,1.1236353874206544,719,496,176,Warm Temperate,Moist,Forest,Mountains,Warm Temperate Moist,49,105,3,Warm Temperate Moist Forest on Mountains,#316903,0.42547083333333335
3332,Vespa velutina,NA,"26001 Logroño, La Rioja, España",inat,-2.44,42.47,1.2656895637512209,440,392,191,Warm Temperate,Dry,Settlement,Hills,Warm Temperate Dry,173,187,99,Warm Temperate Dry Settlement on Hills,#ADBB63,0.5388083333333333
3333,Vespa velutina,NL,NA,gbif,5.95,50.9,0.9916646003723144,781,87,108,Cool Temperate,Moist,Settlement,Hills,Cool Temperate Moist,67,109,14,Cool Temperate Moist Settlement on Hills,#436D0E,0.5782083333333333
3336,Vespa velutina,BE,NA,gbif,3.7,51.04,1.0652593612670898,792,9,120,Cool Temperate,Moist,Settlement,Plains,Cool Temperate Moist,78,119,2,Cool Temperate Moist Settlement on Plains,#4E7702,0.4999875
3346,Vespa velutina,NA,"06130 Grasse, France",inat,6.92,43.66,1.4293789863586426,851,405,173,Warm Temperate,Moist,Cropland,Mountains,Warm Temperate Moist,100,150,37,Warm Temperate Moist Cropland on Mountains,#649625,0.6292791666666666
3353,Vespa velutina,NA,"Institut Pasteur, 69007 Lyon, France",inat,4.83,45.73,1.1392176628112791,829,185,161,Warm Temperate,Moist,Settlement,Plains,Warm Temperate Moist,163,170,28,Warm Temperate Moist Settlement on Plains,#A3AA1C,0.5945083333333333
3357,Vespa velutina,NA,"Via Pantano (Incr. Via Forniccioni), 51030 Serravalle Pistoiese PT, Italia",inat,10.9,43.89,1.3806374549865723,1061,96,173,Warm Temperate,Moist,Cropland,Mountains,Warm Temperate Moist,100,150,37,Warm Temperate Moist Cropland on Mountains,#649625,0.607975
3364,Vespa velutina,NL,NA,gbif,5.75,50.9,1.0079051971435546,754,68,114,Cool Temperate,Moist,Grassland,Hills,Cool Temperate Moist,22,124,10,Cool Temperate Moist Grassland on Hills,#167C0A,0.6917166666666666
3367,Vespa velutina,NL,NA,gbif,5.2,52.1,0.9599833488464355,815,5,116,Cool Temperate,Moist,Cropland,Plains,Cool Temperate Moist,29,153,10,Cool Temperate Moist Cropland on Plains,#1D990A,0.6473708333333333
3368,Vespa velutina,NA,"55100 Lucca LU, Italia",inat,10.47,43.85,1.2429478645324707,1272,7,161,Warm Temperate,Moist,Settlement,Plains,Warm Temperate Moist,163,170,28,Warm Temperate Moist Settlement on Plains,#A3AA1C,0.6189208333333334
3371,Vespa velutina,NL,NA,gbif,5.75,51.35,0.9874812126159668,737,27,116,Cool Temperate,Moist,Cropland,Plains,Cool Temperate Moist,29,153,10,Cool Temperate Moist Cropland on Plains,#1D990A,0.66545
3389,Vespa velutina,BE,NA,gbif,3.31,51.34,1.033952713012695,766,4,120,Cool Temperate,Moist,Settlement,Plains,Cool Temperate Moist,78,119,2,Cool Temperate Moist Settlement on Plains,#4E7702,0.6337958333333333
3392,Vespa velutina,NA,"41372 Niederkrüchten-Oberkrüchten, Deutschland",inat,6.2,51.2,1.001157283782959,734,71,116,Cool Temperate,Moist,Cropland,Plains,Cool Temperate Moist,29,153,10,Cool Temperate Moist Cropland on Plains,#1D990A,0.5452416666666666
3397,Vespa velutina,BE,NA,gbif,3.93,51.18,1.0390030860900878,773,4,120,Cool Temperate,Moist,Settlement,Plains,Cool Temperate Moist,78,119,2,Cool Temperate Moist Settlement on Plains,#4E7702,0.5175541666666666
3398,Vespa velutina,NA,"Pas-de-Calais, Nord-Pas-de-Calais, FR",inat,2.84,50.33,0.9974603652954102,691,90,110,Cool Temperate,Moist,Cropland,Hills,Cool Temperate Moist,33,144,30,Cool Temperate Moist Cropland on Hills,#21901E,0.6897833333333333
3401,Vespa velutina,BE,NA,gbif,4.04,50.93,1.040187454223633,782,12,120,Cool Temperate,Moist,Settlement,Plains,Cool Temperate Moist,78,119,2,Cool Temperate Moist Settlement on Plains,#4E7702,0.4081875
3405,Vespa velutina,BE,NA,gbif,3.29,50.81,1.0392760276794433,754,30,116,Cool Temperate,Moist,Cropland,Plains,Cool Temperate Moist,29,153,10,Cool Temperate Moist Cropland on Plains,#1D990A,0.4708041666666667
3408,Vespa velutina,NA,"76 Karlsruhe-Beiertheim - Bulach, Deutschland",inat,8.38,48.98,0.9595218658447264,1036,117,166,Warm Temperate,Moist,Forest,Plains,Warm Temperate Moist,45,158,6,Warm Temperate Moist Forest on Plains,#2D9E06,0.3691375
3411,Vespa velutina,BE,NA,gbif,3.88,51.03,1.0463322639465331,779,4,160,Warm Temperate,Moist,Cropland,Plains,Warm Temperate Moist,105,207,54,Warm Temperate Moist Cropland on Plains,#69CF36,0.6049541666666667
3413,Vespa velutina,SE,NA,gbif,17.27,63.16,0.24351353645324708,619,66,97,Cool Temperate,Moist,Forest,Mountains,Cool Temperate Moist,6,64,0,Cool Temperate Moist Forest on Mountains,#064000,0.5359083333333333
3420,Vespa velutina,BE,NA,gbif,3.76,51.04,1.0652593612670898,792,8,120,Cool Temperate,Moist,Settlement,Plains,Cool Temperate Moist,78,119,2,Cool Temperate Moist Settlement on Plains,#4E7702,0.5309208333333333
3421,Vespa velutina,NA,"Rumst, 2840 Rumst, Belgium",inat,4.45,51.09,1.039146900177002,785,14,120,Cool Temperate,Moist,Settlement,Plains,Cool Temperate Moist,78,119,2,Cool Temperate Moist Settlement on Plains,#4E7702,0.5775
3425,Vespa velutina,NA,"Vlaanderen, BE",inat,4.77,50.9,1.0381396293640135,765,51,102,Cool Temperate,Moist,Cropland,Tablelands,Cool Temperate Moist,99,97,160,Cool Temperate Moist Cropland on Tablelands,#6361A0,0.6369083333333333
3436,Vespa velutina,NA,"Mairie, 38530 Chapareillan, France",inat,5.99,45.46,0.8234000205993652,1197,385,176,Warm Temperate,Moist,Forest,Mountains,Warm Temperate Moist,49,105,3,Warm Temperate Moist Forest on Mountains,#316903,0.46544583333333334
3445,Vespa velutina,NA,"17534 Ribes de Freser, Girona, Spain",inat,2.17,42.3,0.9148791313171388,930,1194,97,Cool Temperate,Moist,Forest,Mountains,Cool Temperate Moist,6,64,0,Cool Temperate Moist Forest on Mountains,#064000,0.6081208333333333
3448,Vespa velutina,NA,"30880 Laatzen, Deutschland",inat,9.82,52.27,0.9314374923706056,676,58,111,Cool Temperate,Moist,Forest,Plains,Cool Temperate Moist,1,109,0,Cool Temperate Moist Forest on Plains,#016D00,0.6206
3449,Vespa velutina,BE,NA,gbif,5.11,51.26,1.0263051986694336,792,23,116,Cool Temperate,Moist,Cropland,Plains,Cool Temperate Moist,29,153,10,Cool Temperate Moist Cropland on Plains,#1D990A,0.558
3455,Vespa velutina,BE,NA,gbif,4.92,50.84,1.0436156272888184,766,52,116,Cool Temperate,Moist,Cropland,Plains,Cool Temperate Moist,29,153,10,Cool Temperate Moist Cropland on Plains,#1D990A,0.6398208333333333
3458,Vespa velutina,BE,NA,gbif,4.44,50.82,1.0074718475341795,805,79,129,Cool Temperate,Moist,Settlement,Tablelands,Cool Temperate Moist,47,63,130,Cool Temperate Moist Settlement on Tablelands,#2F3F82,0.25530833333333336
3466,Vespa velutina,NA,"Coimbra, PT-CO, PT",inat,-8.4,40.19,1.5525750160217284,987,76,172,Warm Temperate,Moist,Settlement,Mountains,Warm Temperate Moist,105,89,18,Warm Temperate Moist Settlement on Mountains,#695912,0.4103875
3473,Vespa velutina,BE,NA,gbif,4.35,50.87,1.0497979164123534,783,34,169,Warm Temperate,Moist,Settlement,Hills,Warm Temperate Moist,136,158,52,Warm Temperate Moist Settlement on Hills,#889E34,0.5554208333333334
3475,Vespa velutina,NA,Ditzingen,inat,9.07,48.82,0.8853989601135254,740,329,108,Cool Temperate,Moist,Settlement,Hills,Cool Temperate Moist,67,109,14,Cool Temperate Moist Settlement on Hills,#436D0E,0.4441291666666667
3476,Vespa velutina,BE,NA,gbif,4.59,51.01,1.0294468879699707,777,7,111,Cool Temperate,Moist,Forest,Plains,Cool Temperate Moist,1,109,0,Cool Temperate Moist Forest on Plains,#016D00,0.5962375
3478,Vespa velutina,BE,NA,gbif,4.43,51.3,1.0570364952087403,798,6,120,Cool Temperate,Moist,Settlement,Plains,Cool Temperate Moist,78,119,2,Cool Temperate Moist Settlement on Plains,#4E7702,0.5743791666666667
3489,Vespa velutina,DE,NA,gbif,6.78,51.24,1.0587124824523926,788,42,161,Warm Temperate,Moist,Settlement,Plains,Warm Temperate Moist,163,170,28,Warm Temperate Moist Settlement on Plains,#A3AA1C,0.6409875
3496,Vespa velutina,NL,NA,gbif,4.65,51.85,0.9911375045776368,858,-1,120,Cool Temperate,Moist,Settlement,Plains,Cool Temperate Moist,78,119,2,Cool Temperate Moist Settlement on Plains,#4E7702,0.5262
3498,Vespa velutina,NL,NA,gbif,5.5,51.6,0.9889708518981932,754,10,116,Cool Temperate,Moist,Cropland,Plains,Cool Temperate Moist,29,153,10,Cool Temperate Moist Cropland on Plains,#1D990A,0.3379666666666667
3499,Vespa velutina,BE,NA,gbif,4.39,50.87,1.0497979164123534,783,41,169,Warm Temperate,Moist,Settlement,Hills,Warm Temperate Moist,136,158,52,Warm Temperate Moist Settlement on Hills,#889E34,0.6520708333333334
3501,Vespa velutina,CH,NA,gbif,7.44,46.97,0.844139575958252,1079,529,113,Cool Temperate,Moist,Settlement,Mountains,Cool Temperate Moist,61,67,0,Cool Temperate Moist Settlement on Mountains,#3D4300,0.5840625
3502,Vespa velutina,NA,"Aachen Hauptbahnhof, 52064 Aachen, Deutschland",inat,6.09,50.77,0.9450010299682616,907,169,108,Cool Temperate,Moist,Settlement,Hills,Cool Temperate Moist,67,109,14,Cool Temperate Moist Settlement on Hills,#436D0E,0.6338
3503,Vespa velutina,NA,"Rua de Mq da Costa, Setúbal, Lisboa, PT",inat,-8.9,38.52,1.669992446899414,701,-25,185,Warm Temperate,Dry,Settlement,Mountains,Warm Temperate Dry,144,124,59,Warm Temperate Dry Settlement on Mountains,#907C3B,0.5308083333333333
3511,Vespa velutina,BE,NA,gbif,4.68,51.18,1.0255916595458985,796,6,116,Cool Temperate,Moist,Cropland,Plains,Cool Temperate Moist,29,153,10,Cool Temperate Moist Cropland on Plains,#1D990A,0.7243583333333333
3516,Vespa velutina,NA,"5812 Hesperingen, Luxemburg",inat,6.15,49.57,0.9220864295959472,866,282,108,Cool Temperate,Moist,Settlement,Hills,Cool Temperate Moist,67,109,14,Cool Temperate Moist Settlement on Hills,#436D0E,0.6211416666666667
3521,Vespa velutina,NL,NA,gbif,4.55,51.5,1.0171833038330078,811,16,111,Cool Temperate,Moist,Forest,Plains,Cool Temperate Moist,1,109,0,Cool Temperate Moist Forest on Plains,#016D00,0.6468333333333334
3523,Vespa velutina,NA,"60400 Noyon, France",inat,2.99,49.58,1.0108937263488769,646,55,108,Cool Temperate,Moist,Settlement,Hills,Cool Temperate Moist,67,109,14,Cool Temperate Moist Settlement on Hills,#436D0E,0.7237458333333333
3535,Vespa velutina,NA,"Carrer Sant Jaime, 33, 25550 Bossòst, Lleida, España",inat,0.69,42.78,0.6465343952178955,1227,1069,176,Warm Temperate,Moist,Forest,Mountains,Warm Temperate Moist,49,105,3,Warm Temperate Moist Forest on Mountains,#316903,0.4694125
3536,Vespa velutina,NA,"Setúbal, Portugal",inat,-8.84,38.52,1.669992446899414,701,23,184,Warm Temperate,Dry,Cropland,Mountains,Warm Temperate Dry,141,179,80,Warm Temperate Dry Cropland on Mountains,#8DB350,0.6575124999999999
3539,Vespa velutina,BE,NA,gbif,5.81,51.15,1.0033124923706054,720,28,116,Cool Temperate,Moist,Cropland,Plains,Cool Temperate Moist,29,153,10,Cool Temperate Moist Cropland on Plains,#1D990A,0.5449875
3544,Vespa velutina,NA,"Nordrhein-Westfalen, DE",inat,7.06,50.74,1.0298375129699706,717,59,120,Cool Temperate,Moist,Settlement,Plains,Cool Temperate Moist,78,119,2,Cool Temperate Moist Settlement on Plains,#4E7702,0.265525
3547,Vespa velutina,NA,"Jardin des Plantes, 75005 Paris, France",inat,2.36,48.84,1.144812488555908,641,46,169,Warm Temperate,Moist,Settlement,Hills,Warm Temperate Moist,136,158,52,Warm Temperate Moist Settlement on Hills,#889E34,0.6361708333333334
3550,Vespa velutina,BE,NA,gbif,4.45,51.11,1.039146900177002,785,17,120,Cool Temperate,Moist,Settlement,Plains,Cool Temperate Moist,78,119,2,Cool Temperate Moist Settlement on Plains,#4E7702,0.2789291666666667
3552,Vespa velutina,NA,"Gazalbide, 01009 Vitoria-Gasteiz, Álava, España",inat,-2.69,42.86,1.092175006866455,880,513,161,Warm Temperate,Moist,Settlement,Plains,Warm Temperate Moist,163,170,28,Warm Temperate Moist Settlement on Plains,#A3AA1C,0.40989166666666665
3557,Vespa velutina,BE,NA,gbif,4.45,51.14,1.039146900177002,785,18,120,Cool Temperate,Moist,Settlement,Plains,Cool Temperate Moist,78,119,2,Cool Temperate Moist Settlement on Plains,#4E7702,0.6235416666666667
3559,Vespa velutina,ES,NA,gbif,-8.43,42.91,1.2908989906311037,1722,361,173,Warm Temperate,Moist,Cropland,Mountains,Warm Temperate Moist,100,150,37,Warm Temperate Moist Cropland on Mountains,#649625,0.5075
3565,Vespa velutina,BE,NA,gbif,4.52,51.12,1.0294468879699707,777,4,116,Cool Temperate,Moist,Cropland,Plains,Cool Temperate Moist,29,153,10,Cool Temperate Moist Cropland on Plains,#1D990A,0.6871125
3571,Vespa velutina,NL,NA,gbif,4.4,51.65,1.0125802040100098,791,-1,116,Cool Temperate,Moist,Cropland,Plains,Cool Temperate Moist,29,153,10,Cool Temperate Moist Cropland on Plains,#1D990A,0.7142833333333334
3574,Vespa velutina,BE,NA,gbif,3.74,51.18,1.0463364601135254,769,5,120,Cool Temperate,Moist,Settlement,Plains,Cool Temperate Moist,78,119,2,Cool Temperate Moist Settlement on Plains,#4E7702,0.6245625
3582,Vespa velutina,NA,"Rue de la Vaurie, Aytré, Nouvelle-Aquitaine, FR",inat,-1.1,46.15,1.283797550201416,769,11,160,Warm Temperate,Moist,Cropland,Plains,Warm Temperate Moist,105,207,54,Warm Temperate Moist Cropland on Plains,#69CF36,0.5687291666666666
3597,Vespa velutina,NA,"Bernissart, Hainaut, BE",inat,3.69,50.47,1.0056135177612304,762,25,116,Cool Temperate,Moist,Cropland,Plains,Cool Temperate Moist,29,153,10,Cool Temperate Moist Cropland on Plains,#1D990A,0.4863
3600,Vespa velutina,NA,"Georges Brassens, Paris, France",inat,2.3,48.83,1.1138312339782714,643,64,169,Warm Temperate,Moist,Settlement,Hills,Warm Temperate Moist,136,158,52,Warm Temperate Moist Settlement on Hills,#889E34,0.21234583333333334
3608,Vespa velutina,BE,NA,gbif,3.09,51.06,1.0103198051452638,773,21,116,Cool Temperate,Moist,Cropland,Plains,Cool Temperate Moist,29,153,10,Cool Temperate Moist Cropland on Plains,#1D990A,0.629275
3609,Vespa velutina,BE,NA,gbif,3.2,51.13,1.017953109741211,799,12,116,Cool Temperate,Moist,Cropland,Plains,Cool Temperate Moist,29,153,10,Cool Temperate Moist Cropland on Plains,#1D990A,0.5616333333333333
3617,Vespa velutina,BE,NA,gbif,4.06,50.79,1.018050003051758,787,40,114,Cool Temperate,Moist,Grassland,Hills,Cool Temperate Moist,22,124,10,Cool Temperate Moist Grassland on Hills,#167C0A,0.6444541666666667
3632,Vespa velutina,BE,NA,gbif,3.13,50.93,1.016388511657715,761,21,120,Cool Temperate,Moist,Settlement,Plains,Cool Temperate Moist,78,119,2,Cool Temperate Moist Settlement on Plains,#4E7702,0.6149416666666667
3641,Vespa velutina,NA,"Rue des Terres St-Denis, Haravilliers, Île-de-France, FR",inat,2.02,49.17,1.0189791679382325,676,165,110,Cool Temperate,Moist,Cropland,Hills,Cool Temperate Moist,33,144,30,Cool Temperate Moist Cropland on Hills,#21901E,0.538125
3642,Vespa velutina,DE,NA,gbif,7.67,47.72,0.7811521053314209,1405,461,103,Cool Temperate,Moist,Cropland,Mountains,Cool Temperate Moist,33,102,5,Cool Temperate Moist Cropland on Mountains,#216605,0.6529041666666666
3646,Vespa velutina,BE,NA,gbif,4.44,51.3,1.0570364952087403,798,9,120,Cool Temperate,Moist,Settlement,Plains,Cool Temperate Moist,78,119,2,Cool Temperate Moist Settlement on Plains,#4E7702,0.5399916666666666
3647,Vespa velutina,NA,"Casa Miguel, Curriño, 15318 Abegondo, La Coruña, España",inat,-8.27,43.25,1.3617420196533203,1240,72,173,Warm Temperate,Moist,Cropland,Mountains,Warm Temperate Moist,100,150,37,Warm Temperate Moist Cropland on Mountains,#649625,0.651525
3649,Vespa velutina,NA,"01013 Vitoria-Gasteiz, Álava, España",inat,-2.64,42.86,1.1061979293823243,888,514,166,Warm Temperate,Moist,Forest,Plains,Warm Temperate Moist,45,158,6,Warm Temperate Moist Forest on Plains,#2D9E06,0.5373833333333333
3652,Vespa velutina,BE,NA,gbif,4.29,50.84,1.029301071166992,790,43,108,Cool Temperate,Moist,Settlement,Hills,Cool Temperate Moist,67,109,14,Cool Temperate Moist Settlement on Hills,#436D0E,0.5312916666666667
3653,Vespa velutina,BE,NA,gbif,4.69,50.99,1.0381396293640135,765,10,116,Cool Temperate,Moist,Cropland,Plains,Cool Temperate Moist,29,153,10,Cool Temperate Moist Cropland on Plains,#1D990A,0.5461916666666666
3654,Vespa velutina,NL,NA,gbif,5.75,51,1.0079051971435546,754,32,116,Cool Temperate,Moist,Cropland,Plains,Cool Temperate Moist,29,153,10,Cool Temperate Moist Cropland on Plains,#1D990A,0.4943416666666667
3657,Vespa velutina,NA,"Barcelona, Espanya",inat,2.1,41.51,1.4473604202270507,676,156,184,Warm Temperate,Dry,Cropland,Mountains,Warm Temperate Dry,141,179,80,Warm Temperate Dry Cropland on Mountains,#8DB350,0.5540041666666666
3658,Vespa velutina,BE,NA,gbif,4.23,51.13,1.0402281761169434,786,11,120,Cool Temperate,Moist,Settlement,Plains,Cool Temperate Moist,78,119,2,Cool Temperate Moist Settlement on Plains,#4E7702,0.48497083333333335
3660,Vespa velutina,NA,"Canton de Colmar-1, France",inat,7.33,48.06,0.9235551834106446,841,181,160,Warm Temperate,Moist,Cropland,Plains,Warm Temperate Moist,105,207,54,Warm Temperate Moist Cropland on Plains,#69CF36,0.47945
3665,Vespa velutina,NA,"Grand-Rue, Montreux, VD, CH",inat,6.91,46.44,0.839759349822998,1314,564,172,Warm Temperate,Moist,Settlement,Mountains,Warm Temperate Moist,105,89,18,Warm Temperate Moist Settlement on Mountains,#695912,0.6878375
3671,Vespa velutina,NA,"64673 Zwingenberg, Deutschland",inat,8.61,49.72,1.022700023651123,684,111,113,Cool Temperate,Moist,Settlement,Mountains,Cool Temperate Moist,61,67,0,Cool Temperate Moist Settlement on Mountains,#3D4300,0.6270333333333333
3685,Vespa velutina,BE,NA,gbif,4.28,50.79,1.0301885604858398,788,26,120,Cool Temperate,Moist,Settlement,Plains,Cool Temperate Moist,78,119,2,Cool Temperate Moist Settlement on Plains,#4E7702,0.6712125
3691,Vespa velutina,NA,"Rangueil, Toulouse, France",inat,1.47,43.56,1.3110468864440918,683,169,169,Warm Temperate,Moist,Settlement,Hills,Warm Temperate Moist,136,158,52,Warm Temperate Moist Settlement on Hills,#889E34,0.6169208333333334
3698,Vespa velutina,NA,"1325 HR Almere, Nederland",inat,5.23,52.37,0.9625198364257812,797,-1,120,Cool Temperate,Moist,Settlement,Plains,Cool Temperate Moist,78,119,2,Cool Temperate Moist Settlement on Plains,#4E7702,0.3701916666666667
3704,Vespa velutina,BE,NA,gbif,4.63,51.26,1.0279624938964844,800,15,116,Cool Temperate,Moist,Cropland,Plains,Cool Temperate Moist,29,153,10,Cool Temperate Moist Cropland on Plains,#1D990A,0.5781916666666667
3705,Vespa velutina,NA,"Traverse du Château, Saint-Gilles, Occitanie, FR",inat,4.43,43.68,1.48746976852417,744,13,169,Warm Temperate,Moist,Settlement,Hills,Warm Temperate Moist,136,158,52,Warm Temperate Moist Settlement on Hills,#889E34,0.5232375
3713,Vespa velutina,NL,NA,gbif,5.35,51.4,0.9980051994323732,773,27,116,Cool Temperate,Moist,Cropland,Plains,Cool Temperate Moist,29,153,10,Cool Temperate Moist Cropland on Plains,#1D990A,0.6292958333333333
3715,Vespa velutina,NA,"Gent, 9000 Gent, België",inat,3.73,51.06,1.0652593612670898,792,8,120,Cool Temperate,Moist,Settlement,Plains,Cool Temperate Moist,78,119,2,Cool Temperate Moist Settlement on Plains,#4E7702,0.5277666666666667
3716,Vespa velutina,NA,"Harmignies, 7022 Mons, Belgique",inat,4.02,50.39,1.0019427299499513,791,61,114,Cool Temperate,Moist,Grassland,Hills,Cool Temperate Moist,22,124,10,Cool Temperate Moist Grassland on Hills,#167C0A,0.4125333333333333
3720,Vespa velutina,NA,"Passeig del Pi Forcat, Barcelona, Barcelona, ES",inat,2.09,41.42,1.5362238883972168,635,323,176,Warm Temperate,Moist,Forest,Mountains,Warm Temperate Moist,49,105,3,Warm Temperate Moist Forest on Mountains,#316903,0.49291666666666667
3725,Vespa velutina,BE,NA,gbif,4.47,50.93,1.0497979164123534,783,13,120,Cool Temperate,Moist,Settlement,Plains,Cool Temperate Moist,78,119,2,Cool Temperate Moist Settlement on Plains,#4E7702,0.6001666666666666
3728,Vespa velutina,NA,"27190 La Bonneville-sur-Iton, France",inat,1.03,49,1.0204729080200194,651,122,101,Cool Temperate,Moist,Forest,Tablelands,Cool Temperate Moist,71,89,181,Cool Temperate Moist Forest on Tablelands,#4759B5,0.49927083333333333
3736,Vespa velutina,NA,"Île-de-France, FR",inat,2.29,48.77,1.1138312339782714,643,91,169,Warm Temperate,Moist,Settlement,Hills,Warm Temperate Moist,136,158,52,Warm Temperate Moist Settlement on Hills,#889E34,0.313825
3737,Vespa velutina,BE,NA,gbif,4.72,51.08,1.0428604125976562,774,14,120,Cool Temperate,Moist,Settlement,Plains,Cool Temperate Moist,78,119,2,Cool Temperate Moist Settlement on Plains,#4E7702,0.6190666666666667
3738,Vespa velutina,BE,NA,gbif,4.88,51.19,1.02982816696167,791,18,116,Cool Temperate,Moist,Cropland,Plains,Cool Temperate Moist,29,153,10,Cool Temperate Moist Cropland on Plains,#1D990A,0.5552875
3742,Vespa velutina,NA,"X88W+3X Barrinha de Esmoriz, 4500 Espinho, Portugal",inat,-8.64,40.97,1.443885612487793,1143,12,168,Warm Temperate,Moist,Cropland,Hills,Warm Temperate Moist,112,198,86,Warm Temperate Moist Cropland on Hills,#70C656,0.40529583333333336
3753,Vespa velutina,BE,NA,gbif,5.68,50.91,1.0079051971435546,754,48,116,Cool Temperate,Moist,Cropland,Plains,Cool Temperate Moist,29,153,10,Cool Temperate Moist Cropland on Plains,#1D990A,0.5582916666666666
3766,Vespa velutina,BE,NA,gbif,4.35,51.18,1.0570364952087403,798,7,120,Cool Temperate,Moist,Settlement,Plains,Cool Temperate Moist,78,119,2,Cool Temperate Moist Settlement on Plains,#4E7702,0.7214291666666667
3779,Vespa velutina,NL,NA,gbif,5.45,51.55,0.9877718925476074,767,11,116,Cool Temperate,Moist,Cropland,Plains,Cool Temperate Moist,29,153,10,Cool Temperate Moist Cropland on Plains,#1D990A,0.35954583333333334
3781,Vespa velutina,NL,NA,gbif,5.65,51.25,0.9874073028564452,732,35,115,Cool Temperate,Moist,Shrubland,Plains,Cool Temperate Moist,26,131,0,Cool Temperate Moist Shrubland on Plains,#1A8300,0.48373333333333335
3785,Vespa velutina,BE,NA,gbif,3.93,51.15,1.0463322639465331,779,3,111,Cool Temperate,Moist,Forest,Plains,Cool Temperate Moist,1,109,0,Cool Temperate Moist Forest on Plains,#016D00,0.64435
3786,Vespa velutina,BE,NA,gbif,3.78,50.58,1.0026041984558105,772,51,116,Cool Temperate,Moist,Cropland,Plains,Cool Temperate Moist,29,153,10,Cool Temperate Moist Cropland on Plains,#1D990A,0.5254375
3800,Vespa velutina,BE,NA,gbif,3.64,50.99,1.0466250419616698,795,8,161,Warm Temperate,Moist,Settlement,Plains,Warm Temperate Moist,163,170,28,Warm Temperate Moist Settlement on Plains,#A3AA1C,0.6252458333333334
3802,Vespa velutina,NL,NA,gbif,5.55,51.45,0.9889156341552734,757,19,120,Cool Temperate,Moist,Settlement,Plains,Cool Temperate Moist,78,119,2,Cool Temperate Moist Settlement on Plains,#4E7702,0.48985833333333334
3811,Vespa velutina,NA,"Aeródromo Municipal de Seia, 6270 Santa Marinha, Portugal",inat,-7.69,40.45,1.3613958358764648,1452,460,173,Warm Temperate,Moist,Cropland,Mountains,Warm Temperate Moist,100,150,37,Warm Temperate Moist Cropland on Mountains,#649625,0.62125
3815,Vespa velutina,NA,"Kundergats, 6367 Voerendaal, Netherlands",inat,5.94,50.88,0.9916646003723144,781,121,108,Cool Temperate,Moist,Settlement,Hills,Cool Temperate Moist,67,109,14,Cool Temperate Moist Settlement on Hills,#436D0E,0.33226666666666665
3816,Vespa velutina,NL,NA,gbif,4.4,51.65,1.0125802040100098,791,-1,116,Cool Temperate,Moist,Cropland,Plains,Cool Temperate Moist,29,153,10,Cool Temperate Moist Cropland on Plains,#1D990A,0.45138333333333336
3819,Vespa velutina,NA,"Gent Halfweg, 9000 Gent, Belgium",inat,3.68,51.05,1.0652593612670898,792,7,160,Warm Temperate,Moist,Cropland,Plains,Warm Temperate Moist,105,207,54,Warm Temperate Moist Cropland on Plains,#69CF36,0.5613166666666667
3820,Vespa velutina,NL,NA,gbif,4.95,52.1,0.953907299041748,799,-2,128,Cool Temperate,Moist,Grassland,Plains,Cool Temperate Moist,22,133,0,Cool Temperate Moist Grassland on Plains,#168500,0.4303166666666667
3826,Vespa velutina,BE,NA,gbif,4.2,50.83,1.0301885604858398,788,57,116,Cool Temperate,Moist,Cropland,Plains,Cool Temperate Moist,29,153,10,Cool Temperate Moist Cropland on Plains,#1D990A,0.47995
3831,Vespa velutina,BE,NA,gbif,4.3,51.08,1.0402281761169434,786,2,116,Cool Temperate,Moist,Cropland,Plains,Cool Temperate Moist,29,153,10,Cool Temperate Moist Cropland on Plains,#1D990A,0.6454458333333333
3832,Vespa velutina,BE,NA,gbif,4.36,51.06,1.039146900177002,785,2,120,Cool Temperate,Moist,Settlement,Plains,Cool Temperate Moist,78,119,2,Cool Temperate Moist Settlement on Plains,#4E7702,0.5117708333333333
3837,Vespa velutina,BE,NA,gbif,4.95,51.33,1.02982816696167,791,25,120,Cool Temperate,Moist,Settlement,Plains,Cool Temperate Moist,78,119,2,Cool Temperate Moist Settlement on Plains,#4E7702,0.5568041666666667
3840,Vespa velutina,NA,"Paio Pires (R Eusébio Leão), 2840-078, Portugal",inat,-9.08,38.62,1.6673786163330078,687,12,161,Warm Temperate,Moist,Settlement,Plains,Warm Temperate Moist,163,170,28,Warm Temperate Moist Settlement on Plains,#A3AA1C,0.6181166666666666
3845,Vespa velutina,NA,"Montpellier, Occitanie, FR",inat,3.85,43.64,1.481810665130615,645,71,169,Warm Temperate,Moist,Settlement,Hills,Warm Temperate Moist,136,158,52,Warm Temperate Moist Settlement on Hills,#889E34,0.4522875
3858,Vespa velutina,NA,"34500 Béziers, France",inat,3.22,43.33,1.5046886444091796,566,40,190,Warm Temperate,Dry,Cropland,Hills,Warm Temperate Dry,153,217,128,Warm Temperate Dry Cropland on Hills,#99D980,0.5450416666666666
3866,Vespa velutina,BE,NA,gbif,4.11,51.23,1.0351354598999023,797,4,116,Cool Temperate,Moist,Cropland,Plains,Cool Temperate Moist,29,153,10,Cool Temperate Moist Cropland on Plains,#1D990A,0.592625
3874,Vespa velutina,BE,NA,gbif,4.45,50.92,1.0497979164123534,783,19,160,Warm Temperate,Moist,Cropland,Plains,Warm Temperate Moist,105,207,54,Warm Temperate Moist Cropland on Plains,#69CF36,0.40946666666666665
3887,Vespa velutina,NL,NA,gbif,4.75,51.55,1.0014093399047852,815,7,128,Cool Temperate,Moist,Grassland,Plains,Cool Temperate Moist,22,133,0,Cool Temperate Moist Grassland on Plains,#168500,0.5874666666666667
3912,Vespa velutina,BE,NA,gbif,3.87,50.76,1.0213645935058593,779,30,102,Cool Temperate,Moist,Cropland,Tablelands,Cool Temperate Moist,99,97,160,Cool Temperate Moist Cropland on Tablelands,#6361A0,0.6075125
3915,Vespa velutina,NA,"Coimbra, PT",inat,-8.04,40.19,1.4849458694458009,1166,483,176,Warm Temperate,Moist,Forest,Mountains,Warm Temperate Moist,49,105,3,Warm Temperate Moist Forest on Mountains,#316903,0.5825208333333334
3916,Vespa velutina,BE,NA,gbif,4.46,50.95,1.0497979164123534,783,10,116,Cool Temperate,Moist,Cropland,Plains,Cool Temperate Moist,29,153,10,Cool Temperate Moist Cropland on Plains,#1D990A,0.5842583333333333
3920,Vespa velutina,BE,NA,gbif,4.68,51.16,1.0428604125976562,774,6,116,Cool Temperate,Moist,Cropland,Plains,Cool Temperate Moist,29,153,10,Cool Temperate Moist Cropland on Plains,#1D990A,0.724575
3923,Vespa velutina,NA,"06140 Coursegoules, France",inat,7.03,43.79,1.2146843910217284,875,1120,107,Cool Temperate,Moist,Grassland,Mountains,Cool Temperate Moist,26,83,0,Cool Temperate Moist Grassland on Mountains,#1A5300,0.38448333333333334
3930,Vespa velutina,NA,1380-Champ d'Al Vau,inat,4.48,50.71,1.0074718475341795,805,90,110,Cool Temperate,Moist,Cropland,Hills,Cool Temperate Moist,33,144,30,Cool Temperate Moist Cropland on Hills,#21901E,0.4516
3931,Vespa velutina,NL,NA,gbif,5.65,51.25,0.9874073028564452,732,35,115,Cool Temperate,Moist,Shrubland,Plains,Cool Temperate Moist,26,131,0,Cool Temperate Moist Shrubland on Plains,#1A8300,0.6030708333333333
3932,Vespa velutina,BE,NA,gbif,4.55,51.35,1.0171833038330078,811,24,116,Cool Temperate,Moist,Cropland,Plains,Cool Temperate Moist,29,153,10,Cool Temperate Moist Cropland on Plains,#1D990A,0.6508958333333333
3939,Vespa velutina,NA,"Esch-sur-Alzette, LU-LU, LU",inat,6.08,49.48,0.9359707832336426,862,333,108,Cool Temperate,Moist,Settlement,Hills,Cool Temperate Moist,67,109,14,Cool Temperate Moist Settlement on Hills,#436D0E,0.6651041666666667
3945,Vespa velutina,NA,Montmoreau,inat,0.13,45.4,1.2388792037963867,893,108,169,Warm Temperate,Moist,Settlement,Hills,Warm Temperate Moist,136,158,52,Warm Temperate Moist Settlement on Hills,#889E34,0.37265
3947,Vespa velutina,NA,"42400 Saint-Chamond, France",inat,4.52,45.47,0.9177802085876464,980,406,172,Warm Temperate,Moist,Settlement,Mountains,Warm Temperate Moist,105,89,18,Warm Temperate Moist Settlement on Mountains,#695912,0.5648333333333333
3951,Vespa velutina,NA,"Rúa das Ameas, Santiago de Compostela, A Coruña, ES",inat,-8.54,42.88,1.3204468727111816,1585,275,172,Warm Temperate,Moist,Settlement,Mountains,Warm Temperate Moist,105,89,18,Warm Temperate Moist Settlement on Mountains,#695912,0.5602291666666667
3961,Vespa velutina,NA,"Vern-sur-Seiche, Bretagne, FR",inat,-1.62,48.05,1.142260456085205,737,42,161,Warm Temperate,Moist,Settlement,Plains,Warm Temperate Moist,163,170,28,Warm Temperate Moist Settlement on Plains,#A3AA1C,0.6642750000000001
3964,Vespa velutina,BE,NA,gbif,3.26,50.81,1.0392760276794433,754,30,120,Cool Temperate,Moist,Settlement,Plains,Cool Temperate Moist,78,119,2,Cool Temperate Moist Settlement on Plains,#4E7702,0.3666291666666667
3978,Vespa velutina,BE,NA,gbif,3.55,50.84,1.0466250419616698,795,23,116,Cool Temperate,Moist,Cropland,Plains,Cool Temperate Moist,29,153,10,Cool Temperate Moist Cropland on Plains,#1D990A,0.6166
3984,Vespa velutina,BE,NA,gbif,3.19,50.93,1.0385656356811523,780,17,120,Cool Temperate,Moist,Settlement,Plains,Cool Temperate Moist,78,119,2,Cool Temperate Moist Settlement on Plains,#4E7702,0.5066958333333333
3985,Vespa velutina,BE,NA,gbif,4.85,50.49,0.9631041526794434,813,138,102,Cool Temperate,Moist,Cropland,Tablelands,Cool Temperate Moist,99,97,160,Cool Temperate Moist Cropland on Tablelands,#6361A0,0.6638291666666667
3989,Vespa velutina,BE,NA,gbif,4.84,50.89,1.0436156272888184,766,61,116,Cool Temperate,Moist,Cropland,Plains,Cool Temperate Moist,29,153,10,Cool Temperate Moist Cropland on Plains,#1D990A,0.6303708333333333
3992,Vespa velutina,BE,NA,gbif,5.1,51.04,1.056958293914795,792,29,120,Cool Temperate,Moist,Settlement,Plains,Cool Temperate Moist,78,119,2,Cool Temperate Moist Settlement on Plains,#4E7702,0.5153208333333333
4005,Vespa velutina,NA,"Île de Miribel, Vaulx-en-Velin, Auvergne-Rhône-Alpes, FR",inat,4.92,45.79,1.1894624710083008,844,187,161,Warm Temperate,Moist,Settlement,Plains,Warm Temperate Moist,163,170,28,Warm Temperate Moist Settlement on Plains,#A3AA1C,0.6348541666666666
4006,Vespa velutina,NA,"Hautes-Pyrénées, Midi-Pyrénées, FR",inat,0.11,43.16,1.1360625267028808,1083,408,168,Warm Temperate,Moist,Cropland,Hills,Warm Temperate Moist,112,198,86,Warm Temperate Moist Cropland on Hills,#70C656,0.49842916666666665
4015,Vespa velutina,NA,"Route d'Arles, 30000 Nîmes, France",inat,4.37,43.82,1.48746976852417,744,27,161,Warm Temperate,Moist,Settlement,Plains,Warm Temperate Moist,163,170,28,Warm Temperate Moist Settlement on Plains,#A3AA1C,0.6180416666666667
4022,Vespa velutina,NA,"60 Frankfurt am Main-Innenstadt II, Deutschland",inat,8.66,50.12,1.0215635299682615,620,111,161,Warm Temperate,Moist,Settlement,Plains,Warm Temperate Moist,163,170,28,Warm Temperate Moist Settlement on Plains,#A3AA1C,0.4960625
4027,Vespa velutina,BE,NA,gbif,3.75,50.96,1.0391103744506835,795,29,116,Cool Temperate,Moist,Cropland,Plains,Cool Temperate Moist,29,153,10,Cool Temperate Moist Cropland on Plains,#1D990A,0.5665458333333333
4033,Vespa velutina,BE,NA,gbif,5.46,50.95,1.0172677040100098,787,51,111,Cool Temperate,Moist,Forest,Plains,Cool Temperate Moist,1,109,0,Cool Temperate Moist Forest on Plains,#016D00,0.5633041666666667
4041,Vespa velutina,BE,NA,gbif,4.19,50.84,1.029301071166992,790,54,116,Cool Temperate,Moist,Cropland,Plains,Cool Temperate Moist,29,153,10,Cool Temperate Moist Cropland on Plains,#1D990A,0.6060458333333333
4044,Vespa velutina,NA,"81360 Montredon-Labessonnié, France",inat,2.34,43.73,1.1199937820434571,818,489,173,Warm Temperate,Moist,Cropland,Mountains,Warm Temperate Moist,100,150,37,Warm Temperate Moist Cropland on Mountains,#649625,0.6360333333333333
4045,Vespa velutina,BE,NA,gbif,4.63,50.69,1.0064770698547365,782,104,101,Cool Temperate,Moist,Forest,Tablelands,Cool Temperate Moist,71,89,181,Cool Temperate Moist Forest on Tablelands,#4759B5,0.5670791666666667
4049,Vespa velutina,FR,NA,gbif,2.78,50.44,1.0122187614440918,703,52,108,Cool Temperate,Moist,Settlement,Hills,Cool Temperate Moist,67,109,14,Cool Temperate Moist Settlement on Hills,#436D0E,0.6523375
4061,Vespa velutina,BE,NA,gbif,3.12,51.3,1.0130767822265625,758,-2,128,Cool Temperate,Moist,Grassland,Plains,Cool Temperate Moist,22,133,0,Cool Temperate Moist Grassland on Plains,#168500,0.48215833333333336
4068,Vespa velutina,NA,1380-Champ d'Al Vau,inat,4.48,50.71,1.0074718475341795,805,90,110,Cool Temperate,Moist,Cropland,Hills,Cool Temperate Moist,33,144,30,Cool Temperate Moist Cropland on Hills,#21901E,0.6354083333333334
4073,Vespa velutina,NA,"45739 Oer-Erkenschwick, Deutschland",inat,7.26,51.65,0.9944573402404784,888,94,108,Cool Temperate,Moist,Settlement,Hills,Cool Temperate Moist,67,109,14,Cool Temperate Moist Settlement on Hills,#436D0E,0.48410833333333336
4077,Vespa velutina,NL,NA,gbif,5.45,51.4,0.9980051994323732,773,21,111,Cool Temperate,Moist,Forest,Plains,Cool Temperate Moist,1,109,0,Cool Temperate Moist Forest on Plains,#016D00,0.5665458333333333
4080,Vespa velutina,NA,"Pabellón Mies van der Rohe, Barcelona, Barcelona, ES",inat,2.15,41.37,1.5362238883972168,635,42,172,Warm Temperate,Moist,Settlement,Mountains,Warm Temperate Moist,105,89,18,Warm Temperate Moist Settlement on Mountains,#695912,0.5307583333333333
4084,Vespa velutina,NA,"Avenue Dutuit, Paris, Île-de-France, FR",inat,2.32,48.87,1.160487461090088,632,48,169,Warm Temperate,Moist,Settlement,Hills,Warm Temperate Moist,136,158,52,Warm Temperate Moist Settlement on Hills,#889E34,0.43014583333333334
4086,Vespa velutina,FR,NA,gbif,6.77,47.95,0.7678072929382325,1180,642,113,Cool Temperate,Moist,Settlement,Mountains,Cool Temperate Moist,61,67,0,Cool Temperate Moist Settlement on Mountains,#3D4300,0.5768875
4090,Vespa velutina,NL,NA,gbif,5.25,51.7,0.9796489715576172,776,2,128,Cool Temperate,Moist,Grassland,Plains,Cool Temperate Moist,22,133,0,Cool Temperate Moist Grassland on Plains,#168500,0.5050250000000001
4104,Vespa velutina,DE,NA,gbif,7,49.65,0.7677583217620849,1007,586,107,Cool Temperate,Moist,Grassland,Mountains,Cool Temperate Moist,26,83,0,Cool Temperate Moist Grassland on Mountains,#1A5300,0.444025
